transactionId,requestId,orderId,customerId,flashItemId,quantity,mechanism,threadName,startTime,endTime,success,errorMessage
TXN-NO_LOCK-00630,REQ-SIM-00630,SIM-NO_LOCK-00630,CUS-00630,FSI-00167,1,NO_LOCK,pool-1-thread-630,3859290830800,3860150832000,true,
TXN-NO_LOCK-00966,REQ-SIM-00966,SIM-NO_LOCK-00966,CUS-00966,FSI-00167,1,NO_LOCK,pool-1-thread-966,3859300484100,3860150828800,true,
TXN-NO_LOCK-00761,REQ-SIM-00761,SIM-NO_LOCK-00761,CUS-00761,FSI-00167,1,NO_LOCK,pool-1-thread-761,3859294504500,3860150864700,true,
TXN-NO_LOCK-00676,REQ-SIM-00676,SIM-NO_LOCK-00676,CUS-00676,FSI-00167,1,NO_LOCK,pool-1-thread-676,3859292120800,3860151165400,true,
TXN-NO_LOCK-00626,REQ-SIM-00626,SIM-NO_LOCK-00626,CUS-00626,FSI-00167,1,NO_LOCK,pool-1-thread-626,3859290676100,3860151217000,true,
TXN-NO_LOCK-00697,REQ-SIM-00697,SIM-NO_LOCK-00697,CUS-00697,FSI-00167,1,NO_LOCK,pool-1-thread-697,3859292784500,3860151121000,true,
TXN-NO_LOCK-00682,REQ-SIM-00682,SIM-NO_LOCK-00682,CUS-00682,FSI-00167,1,NO_LOCK,pool-1-thread-682,3859292342400,3860151085400,true,
TXN-NO_LOCK-00707,REQ-SIM-00707,SIM-NO_LOCK-00707,CUS-00707,FSI-00167,1,NO_LOCK,pool-1-thread-707,3859293062800,3860151328900,true,
TXN-NO_LOCK-00336,REQ-SIM-00336,SIM-NO_LOCK-00336,CUS-00336,FSI-00167,1,NO_LOCK,pool-1-thread-336,3859282906700,3860151364000,true,
TXN-NO_LOCK-00671,REQ-SIM-00671,SIM-NO_LOCK-00671,CUS-00671,FSI-00167,1,NO_LOCK,pool-1-thread-671,3859292011500,3860150968700,true,
TXN-NO_LOCK-00216,REQ-SIM-00216,SIM-NO_LOCK-00216,CUS-00216,FSI-00167,1,NO_LOCK,pool-1-thread-216,3859279339800,3860151797400,true,
TXN-NO_LOCK-01000,REQ-SIM-01000,SIM-NO_LOCK-01000,CUS-01000,FSI-00167,1,NO_LOCK,pool-1-thread-1000,3859301293600,3860151949500,true,
TXN-NO_LOCK-00918,REQ-SIM-00918,SIM-NO_LOCK-00918,CUS-00918,FSI-00167,1,NO_LOCK,pool-1-thread-918,3859299105200,3860152006500,true,
TXN-NO_LOCK-00948,REQ-SIM-00948,SIM-NO_LOCK-00948,CUS-00948,FSI-00167,1,NO_LOCK,pool-1-thread-948,3859300021200,3860152123700,true,
TXN-NO_LOCK-00690,REQ-SIM-00690,SIM-NO_LOCK-00690,CUS-00690,FSI-00167,1,NO_LOCK,pool-1-thread-690,3859292589500,3860152226000,true,
TXN-NO_LOCK-00949,REQ-SIM-00949,SIM-NO_LOCK-00949,CUS-00949,FSI-00167,1,NO_LOCK,pool-1-thread-949,3859300038800,3860152343400,true,
TXN-NO_LOCK-00655,REQ-SIM-00655,SIM-NO_LOCK-00655,CUS-00655,FSI-00167,1,NO_LOCK,pool-1-thread-655,3859291531800,3860152352000,true,
TXN-NO_LOCK-00624,REQ-SIM-00624,SIM-NO_LOCK-00624,CUS-00624,FSI-00167,1,NO_LOCK,pool-1-thread-624,3859290638500,3860152376000,true,
TXN-NO_LOCK-00645,REQ-SIM-00645,SIM-NO_LOCK-00645,CUS-00645,FSI-00167,1,NO_LOCK,pool-1-thread-645,3859291235000,3860152475800,true,
TXN-NO_LOCK-00651,REQ-SIM-00651,SIM-NO_LOCK-00651,CUS-00651,FSI-00167,1,NO_LOCK,pool-1-thread-651,3859291447000,3860152414200,true,
TXN-NO_LOCK-00930,REQ-SIM-00930,SIM-NO_LOCK-00930,CUS-00930,FSI-00167,1,NO_LOCK,pool-1-thread-930,3859299473500,3860152527100,true,
TXN-NO_LOCK-00876,REQ-SIM-00876,SIM-NO_LOCK-00876,CUS-00876,FSI-00167,1,NO_LOCK,pool-1-thread-876,3859297661300,3860152581500,true,
TXN-NO_LOCK-00712,REQ-SIM-00712,SIM-NO_LOCK-00712,CUS-00712,FSI-00167,1,NO_LOCK,pool-1-thread-712,3859293158500,3860152651300,true,
TXN-NO_LOCK-00398,REQ-SIM-00398,SIM-NO_LOCK-00398,CUS-00398,FSI-00167,1,NO_LOCK,pool-1-thread-398,3859284814400,3860152697000,true,
TXN-NO_LOCK-00954,REQ-SIM-00954,SIM-NO_LOCK-00954,CUS-00954,FSI-00167,1,NO_LOCK,pool-1-thread-954,3859300214300,3860152757100,true,
TXN-NO_LOCK-00731,REQ-SIM-00731,SIM-NO_LOCK-00731,CUS-00731,FSI-00167,1,NO_LOCK,pool-1-thread-731,3859293661300,3860152766000,true,
TXN-NO_LOCK-00759,REQ-SIM-00759,SIM-NO_LOCK-00759,CUS-00759,FSI-00167,1,NO_LOCK,pool-1-thread-759,3859294457000,3860152888400,true,
TXN-NO_LOCK-00967,REQ-SIM-00967,SIM-NO_LOCK-00967,CUS-00967,FSI-00167,1,NO_LOCK,pool-1-thread-967,3859300510500,3860152938400,true,
TXN-NO_LOCK-00683,REQ-SIM-00683,SIM-NO_LOCK-00683,CUS-00683,FSI-00167,1,NO_LOCK,pool-1-thread-683,3859292387600,3860152996400,true,
TXN-NO_LOCK-00760,REQ-SIM-00760,SIM-NO_LOCK-00760,CUS-00760,FSI-00167,1,NO_LOCK,pool-1-thread-760,3859294469400,3860153016800,true,
TXN-NO_LOCK-00924,REQ-SIM-00924,SIM-NO_LOCK-00924,CUS-00924,FSI-00167,1,NO_LOCK,pool-1-thread-924,3859299288700,3860153149700,true,
TXN-NO_LOCK-00501,REQ-SIM-00501,SIM-NO_LOCK-00501,CUS-00501,FSI-00167,1,NO_LOCK,pool-1-thread-501,3859287385300,3860153173400,true,
TXN-NO_LOCK-00330,REQ-SIM-00330,SIM-NO_LOCK-00330,CUS-00330,FSI-00167,1,NO_LOCK,pool-1-thread-330,3859282631200,3860153136400,true,
TXN-NO_LOCK-00842,REQ-SIM-00842,SIM-NO_LOCK-00842,CUS-00842,FSI-00167,1,NO_LOCK,pool-1-thread-842,3859296803900,3860153249800,true,
TXN-NO_LOCK-00926,REQ-SIM-00926,SIM-NO_LOCK-00926,CUS-00926,FSI-00167,1,NO_LOCK,pool-1-thread-926,3859299323800,3860153108900,true,
TXN-NO_LOCK-00817,REQ-SIM-00817,SIM-NO_LOCK-00817,CUS-00817,FSI-00167,1,NO_LOCK,pool-1-thread-817,3859295944000,3860153301500,true,
TXN-NO_LOCK-00680,REQ-SIM-00680,SIM-NO_LOCK-00680,CUS-00680,FSI-00167,1,NO_LOCK,pool-1-thread-680,3859292283300,3860153406800,true,
TXN-NO_LOCK-00964,REQ-SIM-00964,SIM-NO_LOCK-00964,CUS-00964,FSI-00167,1,NO_LOCK,pool-1-thread-964,3859300452600,3860153409800,true,
TXN-NO_LOCK-00691,REQ-SIM-00691,SIM-NO_LOCK-00691,CUS-00691,FSI-00167,1,NO_LOCK,pool-1-thread-691,3859292605200,3860153485100,true,
TXN-NO_LOCK-00784,REQ-SIM-00784,SIM-NO_LOCK-00784,CUS-00784,FSI-00167,1,NO_LOCK,pool-1-thread-784,3859295065800,3860153574100,true,
TXN-NO_LOCK-00736,REQ-SIM-00736,SIM-NO_LOCK-00736,CUS-00736,FSI-00167,1,NO_LOCK,pool-1-thread-736,3859293778400,3860153583600,true,
TXN-NO_LOCK-00482,REQ-SIM-00482,SIM-NO_LOCK-00482,CUS-00482,FSI-00167,1,NO_LOCK,pool-1-thread-482,3859286935400,3860153644300,true,
TXN-NO_LOCK-00892,REQ-SIM-00892,SIM-NO_LOCK-00892,CUS-00892,FSI-00167,1,NO_LOCK,pool-1-thread-892,3859298134500,3860153702100,true,
TXN-NO_LOCK-00713,REQ-SIM-00713,SIM-NO_LOCK-00713,CUS-00713,FSI-00167,1,NO_LOCK,pool-1-thread-713,3859293190400,3860153819900,true,
TXN-NO_LOCK-00737,REQ-SIM-00737,SIM-NO_LOCK-00737,CUS-00737,FSI-00167,1,NO_LOCK,pool-1-thread-737,3859293923100,3860153921400,true,
TXN-NO_LOCK-00616,REQ-SIM-00616,SIM-NO_LOCK-00616,CUS-00616,FSI-00167,1,NO_LOCK,pool-1-thread-616,3859290437800,3860153921400,true,
TXN-NO_LOCK-00994,REQ-SIM-00994,SIM-NO_LOCK-00994,CUS-00994,FSI-00167,1,NO_LOCK,pool-1-thread-994,3859301157800,3860153981000,true,
TXN-NO_LOCK-00718,REQ-SIM-00718,SIM-NO_LOCK-00718,CUS-00718,FSI-00167,1,NO_LOCK,pool-1-thread-718,3859293291600,3860153988600,true,
TXN-NO_LOCK-00696,REQ-SIM-00696,SIM-NO_LOCK-00696,CUS-00696,FSI-00167,1,NO_LOCK,pool-1-thread-696,3859292760000,3860154037100,true,
TXN-NO_LOCK-00615,REQ-SIM-00615,SIM-NO_LOCK-00615,CUS-00615,FSI-00167,1,NO_LOCK,pool-1-thread-615,3859290421700,3860154117200,true,
TXN-NO_LOCK-00693,REQ-SIM-00693,SIM-NO_LOCK-00693,CUS-00693,FSI-00167,1,NO_LOCK,pool-1-thread-693,3859292643300,3860154177200,true,
TXN-NO_LOCK-00623,REQ-SIM-00623,SIM-NO_LOCK-00623,CUS-00623,FSI-00167,1,NO_LOCK,pool-1-thread-623,3859290626500,3860154092900,true,
TXN-NO_LOCK-00827,REQ-SIM-00827,SIM-NO_LOCK-00827,CUS-00827,FSI-00167,1,NO_LOCK,pool-1-thread-827,3859296330500,3860154263000,true,
TXN-NO_LOCK-00679,REQ-SIM-00679,SIM-NO_LOCK-00679,CUS-00679,FSI-00167,1,NO_LOCK,pool-1-thread-679,3859292268300,3860154253000,true,
TXN-NO_LOCK-00650,REQ-SIM-00650,SIM-NO_LOCK-00650,CUS-00650,FSI-00167,1,NO_LOCK,pool-1-thread-650,3859291429800,3860154254300,true,
TXN-NO_LOCK-00870,REQ-SIM-00870,SIM-NO_LOCK-00870,CUS-00870,FSI-00167,1,NO_LOCK,pool-1-thread-870,3859297516400,3860154322600,true,
TXN-NO_LOCK-00723,REQ-SIM-00723,SIM-NO_LOCK-00723,CUS-00723,FSI-00167,1,NO_LOCK,pool-1-thread-723,3859293489500,3860154440500,true,
TXN-NO_LOCK-00672,REQ-SIM-00672,SIM-NO_LOCK-00672,CUS-00672,FSI-00167,1,NO_LOCK,pool-1-thread-672,3859292027700,3860154472000,true,
TXN-NO_LOCK-00282,REQ-SIM-00282,SIM-NO_LOCK-00282,CUS-00282,FSI-00167,1,NO_LOCK,pool-1-thread-282,3859281349000,3860154529200,true,
TXN-NO_LOCK-00807,REQ-SIM-00807,SIM-NO_LOCK-00807,CUS-00807,FSI-00167,1,NO_LOCK,pool-1-thread-807,3859295741100,3860154613300,true,
TXN-NO_LOCK-00754,REQ-SIM-00754,SIM-NO_LOCK-00754,CUS-00754,FSI-00167,1,NO_LOCK,pool-1-thread-754,3859294365600,3860154665100,true,
TXN-NO_LOCK-00820,REQ-SIM-00820,SIM-NO_LOCK-00820,CUS-00820,FSI-00167,1,NO_LOCK,pool-1-thread-820,3859296110300,3860154721200,true,
TXN-NO_LOCK-00685,REQ-SIM-00685,SIM-NO_LOCK-00685,CUS-00685,FSI-00167,1,NO_LOCK,pool-1-thread-685,3859292421400,3860154842400,true,
TXN-NO_LOCK-00936,REQ-SIM-00936,SIM-NO_LOCK-00936,CUS-00936,FSI-00167,1,NO_LOCK,pool-1-thread-936,3859299690100,3860154900400,true,
TXN-NO_LOCK-00961,REQ-SIM-00961,SIM-NO_LOCK-00961,CUS-00961,FSI-00167,1,NO_LOCK,pool-1-thread-961,3859300367400,3860154871400,true,
TXN-NO_LOCK-00919,REQ-SIM-00919,SIM-NO_LOCK-00919,CUS-00919,FSI-00167,1,NO_LOCK,pool-1-thread-919,3859299123300,3860155065200,true,
TXN-NO_LOCK-00937,REQ-SIM-00937,SIM-NO_LOCK-00937,CUS-00937,FSI-00167,1,NO_LOCK,pool-1-thread-937,3859299712900,3860155103400,true,
TXN-NO_LOCK-00701,REQ-SIM-00701,SIM-NO_LOCK-00701,CUS-00701,FSI-00167,1,NO_LOCK,pool-1-thread-701,3859292879200,3860155149300,true,
TXN-NO_LOCK-00990,REQ-SIM-00990,SIM-NO_LOCK-00990,CUS-00990,FSI-00167,1,NO_LOCK,pool-1-thread-990,3859301051200,3860155131800,true,
TXN-NO_LOCK-00862,REQ-SIM-00862,SIM-NO_LOCK-00862,CUS-00862,FSI-00167,1,NO_LOCK,pool-1-thread-862,3859297359600,3860155256200,true,
TXN-NO_LOCK-00678,REQ-SIM-00678,SIM-NO_LOCK-00678,CUS-00678,FSI-00167,1,NO_LOCK,pool-1-thread-678,3859292249200,3860155457400,true,
TXN-NO_LOCK-00276,REQ-SIM-00276,SIM-NO_LOCK-00276,CUS-00276,FSI-00167,1,NO_LOCK,pool-1-thread-276,3859281220400,3860155263300,true,
TXN-NO_LOCK-00985,REQ-SIM-00985,SIM-NO_LOCK-00985,CUS-00985,FSI-00167,1,NO_LOCK,pool-1-thread-985,3859300927300,3860155608200,true,
TXN-NO_LOCK-00695,REQ-SIM-00695,SIM-NO_LOCK-00695,CUS-00695,FSI-00167,1,NO_LOCK,pool-1-thread-695,3859292743200,3860155716500,true,
TXN-NO_LOCK-00665,REQ-SIM-00665,SIM-NO_LOCK-00665,CUS-00665,FSI-00167,1,NO_LOCK,pool-1-thread-665,3859291880300,3860155828600,true,
TXN-NO_LOCK-00646,REQ-SIM-00646,SIM-NO_LOCK-00646,CUS-00646,FSI-00167,1,NO_LOCK,pool-1-thread-646,3859291294500,3860155889600,true,
TXN-NO_LOCK-00891,REQ-SIM-00891,SIM-NO_LOCK-00891,CUS-00891,FSI-00167,1,NO_LOCK,pool-1-thread-891,3859298113600,3860156054700,true,
TXN-NO_LOCK-00621,REQ-SIM-00621,SIM-NO_LOCK-00621,CUS-00621,FSI-00167,1,NO_LOCK,pool-1-thread-621,3859290590800,3860157973500,true,
TXN-NO_LOCK-00860,REQ-SIM-00860,SIM-NO_LOCK-00860,CUS-00860,FSI-00167,1,NO_LOCK,pool-1-thread-860,3859297277700,3860161795200,true,
TXN-NO_LOCK-00904,REQ-SIM-00904,SIM-NO_LOCK-00904,CUS-00904,FSI-00167,1,NO_LOCK,pool-1-thread-904,3859298435300,3860161795200,true,
TXN-NO_LOCK-00654,REQ-SIM-00654,SIM-NO_LOCK-00654,CUS-00654,FSI-00167,1,NO_LOCK,pool-1-thread-654,3859291513500,3860161913300,true,
TXN-NO_LOCK-00995,REQ-SIM-00995,SIM-NO_LOCK-00995,CUS-00995,FSI-00167,1,NO_LOCK,pool-1-thread-995,3859301194200,3860161958900,true,
TXN-NO_LOCK-00724,REQ-SIM-00724,SIM-NO_LOCK-00724,CUS-00724,FSI-00167,1,NO_LOCK,pool-1-thread-724,3859293507600,3860162033700,true,
TXN-NO_LOCK-00931,REQ-SIM-00931,SIM-NO_LOCK-00931,CUS-00931,FSI-00167,1,NO_LOCK,pool-1-thread-931,3859299514200,3860162086400,true,
TXN-NO_LOCK-00609,REQ-SIM-00609,SIM-NO_LOCK-00609,CUS-00609,FSI-00167,1,NO_LOCK,pool-1-thread-609,3859290275100,3860162149700,true,
TXN-NO_LOCK-00668,REQ-SIM-00668,SIM-NO_LOCK-00668,CUS-00668,FSI-00167,1,NO_LOCK,pool-1-thread-668,3859291935000,3860162192400,true,
TXN-NO_LOCK-00710,REQ-SIM-00710,SIM-NO_LOCK-00710,CUS-00710,FSI-00167,1,NO_LOCK,pool-1-thread-710,3859293123200,3860162226200,true,
TXN-NO_LOCK-00730,REQ-SIM-00730,SIM-NO_LOCK-00730,CUS-00730,FSI-00167,1,NO_LOCK,pool-1-thread-730,3859293642100,3860162320800,true,
TXN-NO_LOCK-00548,REQ-SIM-00548,SIM-NO_LOCK-00548,CUS-00548,FSI-00167,1,NO_LOCK,pool-1-thread-548,3859288645200,3860162326100,true,
TXN-NO_LOCK-00794,REQ-SIM-00794,SIM-NO_LOCK-00794,CUS-00794,FSI-00167,1,NO_LOCK,pool-1-thread-794,3859295272200,3860162458500,true,
TXN-NO_LOCK-00608,REQ-SIM-00608,SIM-NO_LOCK-00608,CUS-00608,FSI-00167,1,NO_LOCK,pool-1-thread-608,3859290268000,3860162464800,true,
TXN-NO_LOCK-00704,REQ-SIM-00704,SIM-NO_LOCK-00704,CUS-00704,FSI-00167,1,NO_LOCK,pool-1-thread-704,3859292931800,3860162540700,true,
TXN-NO_LOCK-00288,REQ-SIM-00288,SIM-NO_LOCK-00288,CUS-00288,FSI-00167,1,NO_LOCK,pool-1-thread-288,3859281473200,3860162637000,true,
TXN-NO_LOCK-00319,REQ-SIM-00319,SIM-NO_LOCK-00319,CUS-00319,FSI-00167,1,NO_LOCK,pool-1-thread-319,3859282354000,3860162664700,true,
TXN-NO_LOCK-00912,REQ-SIM-00912,SIM-NO_LOCK-00912,CUS-00912,FSI-00167,1,NO_LOCK,pool-1-thread-912,3859298791100,3860162733100,true,
TXN-NO_LOCK-00559,REQ-SIM-00559,SIM-NO_LOCK-00559,CUS-00559,FSI-00167,1,NO_LOCK,pool-1-thread-559,3859289006000,3860162826900,true,
TXN-NO_LOCK-00193,REQ-SIM-00193,SIM-NO_LOCK-00193,CUS-00193,FSI-00167,1,NO_LOCK,pool-1-thread-193,3859278551900,3860162871700,true,
TXN-NO_LOCK-00997,REQ-SIM-00997,SIM-NO_LOCK-00997,CUS-00997,FSI-00167,1,NO_LOCK,pool-1-thread-997,3859301242800,3860162936800,true,
TXN-NO_LOCK-00813,REQ-SIM-00813,SIM-NO_LOCK-00813,CUS-00813,FSI-00167,1,NO_LOCK,pool-1-thread-813,3859295868700,3860162998200,true,
TXN-NO_LOCK-00702,REQ-SIM-00702,SIM-NO_LOCK-00702,CUS-00702,FSI-00167,1,NO_LOCK,pool-1-thread-702,3859292893900,3860163042200,true,
TXN-NO_LOCK-00187,REQ-SIM-00187,SIM-NO_LOCK-00187,CUS-00187,FSI-00167,1,NO_LOCK,pool-1-thread-187,3859278369500,3860163095600,true,
TXN-NO_LOCK-00186,REQ-SIM-00186,SIM-NO_LOCK-00186,CUS-00186,FSI-00167,1,NO_LOCK,pool-1-thread-186,3859278353000,3860163176700,true,
TXN-NO_LOCK-00612,REQ-SIM-00612,SIM-NO_LOCK-00612,CUS-00612,FSI-00167,1,NO_LOCK,pool-1-thread-612,3859290345800,3860163187700,true,
TXN-NO_LOCK-00312,REQ-SIM-00312,SIM-NO_LOCK-00312,CUS-00312,FSI-00167,1,NO_LOCK,pool-1-thread-312,3859282223900,3860163343400,true,
TXN-NO_LOCK-00901,REQ-SIM-00901,SIM-NO_LOCK-00901,CUS-00901,FSI-00167,1,NO_LOCK,pool-1-thread-901,3859298380300,3860163351900,true,
TXN-NO_LOCK-00906,REQ-SIM-00906,SIM-NO_LOCK-00906,CUS-00906,FSI-00167,1,NO_LOCK,pool-1-thread-906,3859298478900,3860163393400,true,
TXN-NO_LOCK-00174,REQ-SIM-00174,SIM-NO_LOCK-00174,CUS-00174,FSI-00167,1,NO_LOCK,pool-1-thread-174,3859278089200,3860163420200,true,
TXN-NO_LOCK-00747,REQ-SIM-00747,SIM-NO_LOCK-00747,CUS-00747,FSI-00167,1,NO_LOCK,pool-1-thread-747,3859294191300,3860163476800,true,
TXN-NO_LOCK-00698,REQ-SIM-00698,SIM-NO_LOCK-00698,CUS-00698,FSI-00167,1,NO_LOCK,pool-1-thread-698,3859292804500,3860163528100,true,
TXN-NO_LOCK-00743,REQ-SIM-00743,SIM-NO_LOCK-00743,CUS-00743,FSI-00167,1,NO_LOCK,pool-1-thread-743,3859294115200,3860163559600,true,
TXN-NO_LOCK-00755,REQ-SIM-00755,SIM-NO_LOCK-00755,CUS-00755,FSI-00167,1,NO_LOCK,pool-1-thread-755,3859294391900,3860163633300,true,
TXN-NO_LOCK-00318,REQ-SIM-00318,SIM-NO_LOCK-00318,CUS-00318,FSI-00167,1,NO_LOCK,pool-1-thread-318,3859282334900,3860163683100,true,
TXN-NO_LOCK-00584,REQ-SIM-00584,SIM-NO_LOCK-00584,CUS-00584,FSI-00167,1,NO_LOCK,pool-1-thread-584,3859289684900,3860163737100,true,
TXN-NO_LOCK-00151,REQ-SIM-00151,SIM-NO_LOCK-00151,CUS-00151,FSI-00167,1,NO_LOCK,pool-1-thread-151,3859277596500,3860163807200,true,
TXN-NO_LOCK-00180,REQ-SIM-00180,SIM-NO_LOCK-00180,CUS-00180,FSI-00167,1,NO_LOCK,pool-1-thread-180,3859278204400,3860163844200,true,
TXN-NO_LOCK-00767,REQ-SIM-00767,SIM-NO_LOCK-00767,CUS-00767,FSI-00167,1,NO_LOCK,pool-1-thread-767,3859294642700,3860163885500,true,
TXN-NO_LOCK-00766,REQ-SIM-00766,SIM-NO_LOCK-00766,CUS-00766,FSI-00167,1,NO_LOCK,pool-1-thread-766,3859294619200,3860164008900,true,
TXN-NO_LOCK-00857,REQ-SIM-00857,SIM-NO_LOCK-00857,CUS-00857,FSI-00167,1,NO_LOCK,pool-1-thread-857,3859297226200,3860164073300,true,
TXN-NO_LOCK-00264,REQ-SIM-00264,SIM-NO_LOCK-00264,CUS-00264,FSI-00167,1,NO_LOCK,pool-1-thread-264,3859280832800,3860164117000,true,
TXN-NO_LOCK-00283,REQ-SIM-00283,SIM-NO_LOCK-00283,CUS-00283,FSI-00167,1,NO_LOCK,pool-1-thread-283,3859281373400,3860164180200,true,
TXN-NO_LOCK-00900,REQ-SIM-00900,SIM-NO_LOCK-00900,CUS-00900,FSI-00167,1,NO_LOCK,pool-1-thread-900,3859298361600,3860164295700,true,
TXN-NO_LOCK-00801,REQ-SIM-00801,SIM-NO_LOCK-00801,CUS-00801,FSI-00167,1,NO_LOCK,pool-1-thread-801,3859295590800,3860164297900,true,
TXN-NO_LOCK-00855,REQ-SIM-00855,SIM-NO_LOCK-00855,CUS-00855,FSI-00167,1,NO_LOCK,pool-1-thread-855,3859297105500,3860164392700,true,
TXN-NO_LOCK-00925,REQ-SIM-00925,SIM-NO_LOCK-00925,CUS-00925,FSI-00167,1,NO_LOCK,pool-1-thread-925,3859299307100,3860164465200,true,
TXN-NO_LOCK-00991,REQ-SIM-00991,SIM-NO_LOCK-00991,CUS-00991,FSI-00167,1,NO_LOCK,pool-1-thread-991,3859301074100,3860164481200,true,
TXN-NO_LOCK-00367,REQ-SIM-00367,SIM-NO_LOCK-00367,CUS-00367,FSI-00167,1,NO_LOCK,pool-1-thread-367,3859283985700,3860164532400,true,
TXN-NO_LOCK-00295,REQ-SIM-00295,SIM-NO_LOCK-00295,CUS-00295,FSI-00167,1,NO_LOCK,pool-1-thread-295,3859281628300,3860164579400,true,
TXN-NO_LOCK-00973,REQ-SIM-00973,SIM-NO_LOCK-00973,CUS-00973,FSI-00167,1,NO_LOCK,pool-1-thread-973,3859300640600,3860164618100,true,
TXN-NO_LOCK-00889,REQ-SIM-00889,SIM-NO_LOCK-00889,CUS-00889,FSI-00167,1,NO_LOCK,pool-1-thread-889,3859298020100,3860164736700,true,
TXN-NO_LOCK-00810,REQ-SIM-00810,SIM-NO_LOCK-00810,CUS-00810,FSI-00167,1,NO_LOCK,pool-1-thread-810,3859295806100,3860164753900,true,
TXN-NO_LOCK-00979,REQ-SIM-00979,SIM-NO_LOCK-00979,CUS-00979,FSI-00167,1,NO_LOCK,pool-1-thread-979,3859300773800,3860164796500,true,
TXN-NO_LOCK-00823,REQ-SIM-00823,SIM-NO_LOCK-00823,CUS-00823,FSI-00167,1,NO_LOCK,pool-1-thread-823,3859296198600,3860164854500,true,
TXN-NO_LOCK-00729,REQ-SIM-00729,SIM-NO_LOCK-00729,CUS-00729,FSI-00167,1,NO_LOCK,pool-1-thread-729,3859293603400,3860164922600,true,
TXN-NO_LOCK-00703,REQ-SIM-00703,SIM-NO_LOCK-00703,CUS-00703,FSI-00167,1,NO_LOCK,pool-1-thread-703,3859292912900,3860164970900,true,
TXN-NO_LOCK-00942,REQ-SIM-00942,SIM-NO_LOCK-00942,CUS-00942,FSI-00167,1,NO_LOCK,pool-1-thread-942,3859299867600,3860165018100,true,
TXN-NO_LOCK-00506,REQ-SIM-00506,SIM-NO_LOCK-00506,CUS-00506,FSI-00167,1,NO_LOCK,pool-1-thread-506,3859287570000,3860165085900,true,
TXN-NO_LOCK-00907,REQ-SIM-00907,SIM-NO_LOCK-00907,CUS-00907,FSI-00167,1,NO_LOCK,pool-1-thread-907,3859298580000,3860165133500,true,
TXN-NO_LOCK-00943,REQ-SIM-00943,SIM-NO_LOCK-00943,CUS-00943,FSI-00167,1,NO_LOCK,pool-1-thread-943,3859299883400,3860165188500,true,
TXN-NO_LOCK-00656,REQ-SIM-00656,SIM-NO_LOCK-00656,CUS-00656,FSI-00167,1,NO_LOCK,pool-1-thread-656,3859291574500,3860165254700,true,
TXN-NO_LOCK-00181,REQ-SIM-00181,SIM-NO_LOCK-00181,CUS-00181,FSI-00167,1,NO_LOCK,pool-1-thread-181,3859278221300,3860165240100,true,
TXN-NO_LOCK-00866,REQ-SIM-00866,SIM-NO_LOCK-00866,CUS-00866,FSI-00167,1,NO_LOCK,pool-1-thread-866,3859297436500,3860165334200,true,
TXN-NO_LOCK-00271,REQ-SIM-00271,SIM-NO_LOCK-00271,CUS-00271,FSI-00167,1,NO_LOCK,pool-1-thread-271,3859281063000,3860165383200,true,
TXN-NO_LOCK-00895,REQ-SIM-00895,SIM-NO_LOCK-00895,CUS-00895,FSI-00167,1,NO_LOCK,pool-1-thread-895,3859298228500,3860165432800,true,
TXN-NO_LOCK-00294,REQ-SIM-00294,SIM-NO_LOCK-00294,CUS-00294,FSI-00167,1,NO_LOCK,pool-1-thread-294,3859281611400,3860165483900,true,
TXN-NO_LOCK-00537,REQ-SIM-00537,SIM-NO_LOCK-00537,CUS-00537,FSI-00167,1,NO_LOCK,pool-1-thread-537,3859288383400,3860165515600,true,
TXN-NO_LOCK-00300,REQ-SIM-00300,SIM-NO_LOCK-00300,CUS-00300,FSI-00167,1,NO_LOCK,pool-1-thread-300,3859281852500,3860165566400,true,
TXN-NO_LOCK-00301,REQ-SIM-00301,SIM-NO_LOCK-00301,CUS-00301,FSI-00167,1,NO_LOCK,pool-1-thread-301,3859281874800,3860165655100,true,
TXN-NO_LOCK-00972,REQ-SIM-00972,SIM-NO_LOCK-00972,CUS-00972,FSI-00167,1,NO_LOCK,pool-1-thread-972,3859300610500,3860165684200,true,
TXN-NO_LOCK-00246,REQ-SIM-00246,SIM-NO_LOCK-00246,CUS-00246,FSI-00167,1,NO_LOCK,pool-1-thread-246,3859280355400,3860165747900,true,
TXN-NO_LOCK-00475,REQ-SIM-00475,SIM-NO_LOCK-00475,CUS-00475,FSI-00167,1,NO_LOCK,pool-1-thread-475,3859286795900,3860165809400,true,
TXN-NO_LOCK-00864,REQ-SIM-00864,SIM-NO_LOCK-00864,CUS-00864,FSI-00167,1,NO_LOCK,pool-1-thread-864,3859297406300,3860165827100,true,
TXN-NO_LOCK-00686,REQ-SIM-00686,SIM-NO_LOCK-00686,CUS-00686,FSI-00167,1,NO_LOCK,pool-1-thread-686,3859292434900,3860165863000,true,
TXN-NO_LOCK-00509,REQ-SIM-00509,SIM-NO_LOCK-00509,CUS-00509,FSI-00167,1,NO_LOCK,pool-1-thread-509,3859287721900,3860165926500,true,
TXN-NO_LOCK-00749,REQ-SIM-00749,SIM-NO_LOCK-00749,CUS-00749,FSI-00167,1,NO_LOCK,pool-1-thread-749,3859294285500,3860165966300,true,
TXN-NO_LOCK-00748,REQ-SIM-00748,SIM-NO_LOCK-00748,CUS-00748,FSI-00167,1,NO_LOCK,pool-1-thread-748,3859294234000,3860166051400,true,
TXN-NO_LOCK-00543,REQ-SIM-00543,SIM-NO_LOCK-00543,CUS-00543,FSI-00167,1,NO_LOCK,pool-1-thread-543,3859288495400,3860166091200,true,
TXN-NO_LOCK-00872,REQ-SIM-00872,SIM-NO_LOCK-00872,CUS-00872,FSI-00167,1,NO_LOCK,pool-1-thread-872,3859297558400,3860166147900,true,
TXN-NO_LOCK-00578,REQ-SIM-00578,SIM-NO_LOCK-00578,CUS-00578,FSI-00167,1,NO_LOCK,pool-1-thread-578,3859289560300,3860166207200,true,
TXN-NO_LOCK-00585,REQ-SIM-00585,SIM-NO_LOCK-00585,CUS-00585,FSI-00167,1,NO_LOCK,pool-1-thread-585,3859289704000,3860166241800,true,
TXN-NO_LOCK-00554,REQ-SIM-00554,SIM-NO_LOCK-00554,CUS-00554,FSI-00167,1,NO_LOCK,pool-1-thread-554,3859288869300,3860166274200,true,
TXN-NO_LOCK-00579,REQ-SIM-00579,SIM-NO_LOCK-00579,CUS-00579,FSI-00167,1,NO_LOCK,pool-1-thread-579,3859289582700,3860166312200,true,
TXN-NO_LOCK-00411,REQ-SIM-00411,SIM-NO_LOCK-00411,CUS-00411,FSI-00167,1,NO_LOCK,pool-1-thread-411,3859285089000,3860166405600,true,
TXN-NO_LOCK-00873,REQ-SIM-00873,SIM-NO_LOCK-00873,CUS-00873,FSI-00167,1,NO_LOCK,pool-1-thread-873,3859297583300,3860166450400,true,
TXN-NO_LOCK-00878,REQ-SIM-00878,SIM-NO_LOCK-00878,CUS-00878,FSI-00167,1,NO_LOCK,pool-1-thread-878,3859297698800,3860166484000,true,
TXN-NO_LOCK-00495,REQ-SIM-00495,SIM-NO_LOCK-00495,CUS-00495,FSI-00167,1,NO_LOCK,pool-1-thread-495,3859287245300,3860166554400,true,
TXN-NO_LOCK-00783,REQ-SIM-00783,SIM-NO_LOCK-00783,CUS-00783,FSI-00167,1,NO_LOCK,pool-1-thread-783,3859295034500,3860166611600,true,
TXN-NO_LOCK-00614,REQ-SIM-00614,SIM-NO_LOCK-00614,CUS-00614,FSI-00167,1,NO_LOCK,pool-1-thread-614,3859290404000,3860166638700,true,
TXN-NO_LOCK-00572,REQ-SIM-00572,SIM-NO_LOCK-00572,CUS-00572,FSI-00167,1,NO_LOCK,pool-1-thread-572,3859289486100,3860166686600,true,
TXN-NO_LOCK-00591,REQ-SIM-00591,SIM-NO_LOCK-00591,CUS-00591,FSI-00167,1,NO_LOCK,pool-1-thread-591,3859289882000,3860166744300,true,
TXN-NO_LOCK-00639,REQ-SIM-00639,SIM-NO_LOCK-00639,CUS-00639,FSI-00167,1,NO_LOCK,pool-1-thread-639,3859291114000,3860166772600,true,
TXN-NO_LOCK-00573,REQ-SIM-00573,SIM-NO_LOCK-00573,CUS-00573,FSI-00167,1,NO_LOCK,pool-1-thread-573,3859289396400,3860166996900,true,
TXN-NO_LOCK-00567,REQ-SIM-00567,SIM-NO_LOCK-00567,CUS-00567,FSI-00167,1,NO_LOCK,pool-1-thread-567,3859289203100,3860166917100,true,
TXN-NO_LOCK-00470,REQ-SIM-00470,SIM-NO_LOCK-00470,CUS-00470,FSI-00167,1,NO_LOCK,pool-1-thread-470,3859286662700,3860167052100,true,
TXN-NO_LOCK-00518,REQ-SIM-00518,SIM-NO_LOCK-00518,CUS-00518,FSI-00167,1,NO_LOCK,pool-1-thread-518,3859287942700,3860167086400,true,
TXN-NO_LOCK-00734,REQ-SIM-00734,SIM-NO_LOCK-00734,CUS-00734,FSI-00167,1,NO_LOCK,pool-1-thread-734,3859293723300,3860167136700,true,
TXN-NO_LOCK-00669,REQ-SIM-00669,SIM-NO_LOCK-00669,CUS-00669,FSI-00167,1,NO_LOCK,pool-1-thread-669,3859291952300,3860167180200,true,
TXN-NO_LOCK-00888,REQ-SIM-00888,SIM-NO_LOCK-00888,CUS-00888,FSI-00167,1,NO_LOCK,pool-1-thread-888,3859298002800,3860167211300,true,
TXN-NO_LOCK-00883,REQ-SIM-00883,SIM-NO_LOCK-00883,CUS-00883,FSI-00167,1,NO_LOCK,pool-1-thread-883,3859297820400,3860167318000,true,
TXN-NO_LOCK-00894,REQ-SIM-00894,SIM-NO_LOCK-00894,CUS-00894,FSI-00167,1,NO_LOCK,pool-1-thread-894,3859298188500,3860167385600,true,
TXN-NO_LOCK-00235,REQ-SIM-00235,SIM-NO_LOCK-00235,CUS-00235,FSI-00167,1,NO_LOCK,pool-1-thread-235,3859280163800,3860167414400,true,
TXN-NO_LOCK-00865,REQ-SIM-00865,SIM-NO_LOCK-00865,CUS-00865,FSI-00167,1,NO_LOCK,pool-1-thread-865,3859297421700,3860167469300,true,
TXN-NO_LOCK-00853,REQ-SIM-00853,SIM-NO_LOCK-00853,CUS-00853,FSI-00167,1,NO_LOCK,pool-1-thread-853,3859297087200,3860167469200,true,
TXN-NO_LOCK-00566,REQ-SIM-00566,SIM-NO_LOCK-00566,CUS-00566,FSI-00167,1,NO_LOCK,pool-1-thread-566,3859289186800,3860167551100,true,
TXN-NO_LOCK-00871,REQ-SIM-00871,SIM-NO_LOCK-00871,CUS-00871,FSI-00167,1,NO_LOCK,pool-1-thread-871,3859297527500,3860167600000,true,
TXN-NO_LOCK-00391,REQ-SIM-00391,SIM-NO_LOCK-00391,CUS-00391,FSI-00167,1,NO_LOCK,pool-1-thread-391,3859284625100,3860167663400,true,
TXN-NO_LOCK-00728,REQ-SIM-00728,SIM-NO_LOCK-00728,CUS-00728,FSI-00167,1,NO_LOCK,pool-1-thread-728,3859293583600,3860167731100,true,
TXN-NO_LOCK-00765,REQ-SIM-00765,SIM-NO_LOCK-00765,CUS-00765,FSI-00167,1,NO_LOCK,pool-1-thread-765,3859294570300,3860167788700,true,
TXN-NO_LOCK-00824,REQ-SIM-00824,SIM-NO_LOCK-00824,CUS-00824,FSI-00167,1,NO_LOCK,pool-1-thread-824,3859296226100,3860167828800,true,
TXN-NO_LOCK-00831,REQ-SIM-00831,SIM-NO_LOCK-00831,CUS-00831,FSI-00167,1,NO_LOCK,pool-1-thread-831,3859296465000,3860167895100,true,
TXN-NO_LOCK-00782,REQ-SIM-00782,SIM-NO_LOCK-00782,CUS-00782,FSI-00167,1,NO_LOCK,pool-1-thread-782,3859294998500,3860167942200,true,
TXN-NO_LOCK-00818,REQ-SIM-00818,SIM-NO_LOCK-00818,CUS-00818,FSI-00167,1,NO_LOCK,pool-1-thread-818,3859296019900,3860167986800,true,
TXN-NO_LOCK-00882,REQ-SIM-00882,SIM-NO_LOCK-00882,CUS-00882,FSI-00167,1,NO_LOCK,pool-1-thread-882,3859297795800,3860168071000,true,
TXN-NO_LOCK-00540,REQ-SIM-00540,SIM-NO_LOCK-00540,CUS-00540,FSI-00167,1,NO_LOCK,pool-1-thread-540,3859288431100,3860168062200,true,
TXN-NO_LOCK-00789,REQ-SIM-00789,SIM-NO_LOCK-00789,CUS-00789,FSI-00167,1,NO_LOCK,pool-1-thread-789,3859295176200,3860168157600,true,
TXN-NO_LOCK-00852,REQ-SIM-00852,SIM-NO_LOCK-00852,CUS-00852,FSI-00167,1,NO_LOCK,pool-1-thread-852,3859297070700,3860168205100,true,
TXN-NO_LOCK-00800,REQ-SIM-00800,SIM-NO_LOCK-00800,CUS-00800,FSI-00167,1,NO_LOCK,pool-1-thread-800,3859295573200,3860168323500,true,
TXN-NO_LOCK-00644,REQ-SIM-00644,SIM-NO_LOCK-00644,CUS-00644,FSI-00167,1,NO_LOCK,pool-1-thread-644,3859291216700,3860168323200,true,
TXN-NO_LOCK-00594,REQ-SIM-00594,SIM-NO_LOCK-00594,CUS-00594,FSI-00167,1,NO_LOCK,pool-1-thread-594,3859289937600,3860168394500,true,
TXN-NO_LOCK-00452,REQ-SIM-00452,SIM-NO_LOCK-00452,CUS-00452,FSI-00167,1,NO_LOCK,pool-1-thread-452,3859286195000,3860168441300,true,
TXN-NO_LOCK-00764,REQ-SIM-00764,SIM-NO_LOCK-00764,CUS-00764,FSI-00167,1,NO_LOCK,pool-1-thread-764,3859294552400,3860168481200,true,
TXN-NO_LOCK-00846,REQ-SIM-00846,SIM-NO_LOCK-00846,CUS-00846,FSI-00167,1,NO_LOCK,pool-1-thread-846,3859296903400,3860168559800,true,
TXN-NO_LOCK-00618,REQ-SIM-00618,SIM-NO_LOCK-00618,CUS-00618,FSI-00167,1,NO_LOCK,pool-1-thread-618,3859290475600,3860168612600,true,
TXN-NO_LOCK-00753,REQ-SIM-00753,SIM-NO_LOCK-00753,CUS-00753,FSI-00167,1,NO_LOCK,pool-1-thread-753,3859294352700,3860168705800,true,
TXN-NO_LOCK-00835,REQ-SIM-00835,SIM-NO_LOCK-00835,CUS-00835,FSI-00167,1,NO_LOCK,pool-1-thread-835,3859296596100,3860168740800,true,
TXN-NO_LOCK-00795,REQ-SIM-00795,SIM-NO_LOCK-00795,CUS-00795,FSI-00167,1,NO_LOCK,pool-1-thread-795,3859295291600,3860168785100,true,
TXN-NO_LOCK-00841,REQ-SIM-00841,SIM-NO_LOCK-00841,CUS-00841,FSI-00167,1,NO_LOCK,pool-1-thread-841,3859296765200,3860168901500,true,
TXN-NO_LOCK-00525,REQ-SIM-00525,SIM-NO_LOCK-00525,CUS-00525,FSI-00167,1,NO_LOCK,pool-1-thread-525,3859288114000,3860168958800,true,
TXN-NO_LOCK-00834,REQ-SIM-00834,SIM-NO_LOCK-00834,CUS-00834,FSI-00167,1,NO_LOCK,pool-1-thread-834,3859296508900,3860168975200,true,
TXN-NO_LOCK-00771,REQ-SIM-00771,SIM-NO_LOCK-00771,CUS-00771,FSI-00167,1,NO_LOCK,pool-1-thread-771,3859294716800,3860169060500,true,
TXN-NO_LOCK-00775,REQ-SIM-00775,SIM-NO_LOCK-00775,CUS-00775,FSI-00167,1,NO_LOCK,pool-1-thread-775,3859294820500,3860169140100,true,
TXN-NO_LOCK-00722,REQ-SIM-00722,SIM-NO_LOCK-00722,CUS-00722,FSI-00167,1,NO_LOCK,pool-1-thread-722,3859293471600,3860169208900,true,
TXN-NO_LOCK-00780,REQ-SIM-00780,SIM-NO_LOCK-00780,CUS-00780,FSI-00167,1,NO_LOCK,pool-1-thread-780,3859294966000,3860169237100,true,
TXN-NO_LOCK-00828,REQ-SIM-00828,SIM-NO_LOCK-00828,CUS-00828,FSI-00167,1,NO_LOCK,pool-1-thread-828,3859296348700,3860169291400,true,
TXN-NO_LOCK-00859,REQ-SIM-00859,SIM-NO_LOCK-00859,CUS-00859,FSI-00167,1,NO_LOCK,pool-1-thread-859,3859297262200,3860169400400,true,
TXN-NO_LOCK-00877,REQ-SIM-00877,SIM-NO_LOCK-00877,CUS-00877,FSI-00167,1,NO_LOCK,pool-1-thread-877,3859297677700,3860169451000,true,
TXN-NO_LOCK-00913,REQ-SIM-00913,SIM-NO_LOCK-00913,CUS-00913,FSI-00167,1,NO_LOCK,pool-1-thread-913,3859298809500,3860169523200,true,
TXN-NO_LOCK-00769,REQ-SIM-00769,SIM-NO_LOCK-00769,CUS-00769,FSI-00167,1,NO_LOCK,pool-1-thread-769,3859294679600,3860169482600,true,
TXN-NO_LOCK-00816,REQ-SIM-00816,SIM-NO_LOCK-00816,CUS-00816,FSI-00167,1,NO_LOCK,pool-1-thread-816,3859295932200,3860169574600,true,
TXN-NO_LOCK-00774,REQ-SIM-00774,SIM-NO_LOCK-00774,CUS-00774,FSI-00167,1,NO_LOCK,pool-1-thread-774,3859294789300,3860169651700,true,
TXN-NO_LOCK-00781,REQ-SIM-00781,SIM-NO_LOCK-00781,CUS-00781,FSI-00167,1,NO_LOCK,pool-1-thread-781,3859294981600,3860169722900,true,
TXN-NO_LOCK-00530,REQ-SIM-00530,SIM-NO_LOCK-00530,CUS-00530,FSI-00167,1,NO_LOCK,pool-1-thread-530,3859288219000,3860169822700,true,
TXN-NO_LOCK-00570,REQ-SIM-00570,SIM-NO_LOCK-00570,CUS-00570,FSI-00167,1,NO_LOCK,pool-1-thread-570,3859289336300,3860169909400,true,
TXN-NO_LOCK-00858,REQ-SIM-00858,SIM-NO_LOCK-00858,CUS-00858,FSI-00167,1,NO_LOCK,pool-1-thread-858,3859297245400,3860169964500,true,
TXN-NO_LOCK-00633,REQ-SIM-00633,SIM-NO_LOCK-00633,CUS-00633,FSI-00167,1,NO_LOCK,pool-1-thread-633,3859290904500,3860170025100,true,
TXN-NO_LOCK-00793,REQ-SIM-00793,SIM-NO_LOCK-00793,CUS-00793,FSI-00167,1,NO_LOCK,pool-1-thread-793,3859295255800,3860170102900,true,
TXN-NO_LOCK-00788,REQ-SIM-00788,SIM-NO_LOCK-00788,CUS-00788,FSI-00167,1,NO_LOCK,pool-1-thread-788,3859295149000,3860170119300,true,
TXN-NO_LOCK-00776,REQ-SIM-00776,SIM-NO_LOCK-00776,CUS-00776,FSI-00167,1,NO_LOCK,pool-1-thread-776,3859294849700,3860170165800,true,
TXN-NO_LOCK-00829,REQ-SIM-00829,SIM-NO_LOCK-00829,CUS-00829,FSI-00167,1,NO_LOCK,pool-1-thread-829,3859296366500,3860170226700,true,
TXN-NO_LOCK-00792,REQ-SIM-00792,SIM-NO_LOCK-00792,CUS-00792,FSI-00167,1,NO_LOCK,pool-1-thread-792,3859295229500,3860170279000,true,
TXN-NO_LOCK-00564,REQ-SIM-00564,SIM-NO_LOCK-00564,CUS-00564,FSI-00167,1,NO_LOCK,pool-1-thread-564,3859289153200,3860170321500,true,
TXN-NO_LOCK-00927,REQ-SIM-00927,SIM-NO_LOCK-00927,CUS-00927,FSI-00167,1,NO_LOCK,pool-1-thread-927,3859299496400,3860170373800,true,
TXN-NO_LOCK-00770,REQ-SIM-00770,SIM-NO_LOCK-00770,CUS-00770,FSI-00167,1,NO_LOCK,pool-1-thread-770,3859294698500,3860170475600,true,
TXN-NO_LOCK-00812,REQ-SIM-00812,SIM-NO_LOCK-00812,CUS-00812,FSI-00167,1,NO_LOCK,pool-1-thread-812,3859295937600,3860170478900,true,
TXN-NO_LOCK-00804,REQ-SIM-00804,SIM-NO_LOCK-00804,CUS-00804,FSI-00167,1,NO_LOCK,pool-1-thread-804,3859295688700,3860170556500,true,
TXN-NO_LOCK-00561,REQ-SIM-00561,SIM-NO_LOCK-00561,CUS-00561,FSI-00167,1,NO_LOCK,pool-1-thread-561,3859289025800,3860170591400,true,
TXN-NO_LOCK-00762,REQ-SIM-00762,SIM-NO_LOCK-00762,CUS-00762,FSI-00167,1,NO_LOCK,pool-1-thread-762,3859294518000,3860170630400,true,
TXN-NO_LOCK-00735,REQ-SIM-00735,SIM-NO_LOCK-00735,CUS-00735,FSI-00167,1,NO_LOCK,pool-1-thread-735,3859293739300,3860170698700,true,
TXN-NO_LOCK-00822,REQ-SIM-00822,SIM-NO_LOCK-00822,CUS-00822,FSI-00167,1,NO_LOCK,pool-1-thread-822,3859296162300,3860170790600,true,
TXN-NO_LOCK-00447,REQ-SIM-00447,SIM-NO_LOCK-00447,CUS-00447,FSI-00167,1,NO_LOCK,pool-1-thread-447,3859285991700,3860170822500,true,
TXN-NO_LOCK-00555,REQ-SIM-00555,SIM-NO_LOCK-00555,CUS-00555,FSI-00167,1,NO_LOCK,pool-1-thread-555,3859288917100,3860170867500,true,
TXN-NO_LOCK-00576,REQ-SIM-00576,SIM-NO_LOCK-00576,CUS-00576,FSI-00167,1,NO_LOCK,pool-1-thread-576,3859289518200,3860170944800,true,
TXN-NO_LOCK-00582,REQ-SIM-00582,SIM-NO_LOCK-00582,CUS-00582,FSI-00167,1,NO_LOCK,pool-1-thread-582,3859289650800,3860171059000,true,
TXN-NO_LOCK-00799,REQ-SIM-00799,SIM-NO_LOCK-00799,CUS-00799,FSI-00167,1,NO_LOCK,pool-1-thread-799,3859295552100,3860171097500,true,
TXN-NO_LOCK-00741,REQ-SIM-00741,SIM-NO_LOCK-00741,CUS-00741,FSI-00167,1,NO_LOCK,pool-1-thread-741,3859294054200,3860171106900,true,
TXN-NO_LOCK-00811,REQ-SIM-00811,SIM-NO_LOCK-00811,CUS-00811,FSI-00167,1,NO_LOCK,pool-1-thread-811,3859295817700,3860171157300,true,
TXN-NO_LOCK-00542,REQ-SIM-00542,SIM-NO_LOCK-00542,CUS-00542,FSI-00167,1,NO_LOCK,pool-1-thread-542,3859288477100,3860171245300,true,
TXN-NO_LOCK-00751,REQ-SIM-00751,SIM-NO_LOCK-00751,CUS-00751,FSI-00167,1,NO_LOCK,pool-1-thread-751,3859294301700,3860171290000,true,
TXN-NO_LOCK-00597,REQ-SIM-00597,SIM-NO_LOCK-00597,CUS-00597,FSI-00167,1,NO_LOCK,pool-1-thread-597,3859290007800,3860171374500,true,
TXN-NO_LOCK-00768,REQ-SIM-00768,SIM-NO_LOCK-00768,CUS-00768,FSI-00167,1,NO_LOCK,pool-1-thread-768,3859294664900,3860171388300,true,
TXN-NO_LOCK-00805,REQ-SIM-00805,SIM-NO_LOCK-00805,CUS-00805,FSI-00167,1,NO_LOCK,pool-1-thread-805,3859295703400,3860171443800,true,
TXN-NO_LOCK-00590,REQ-SIM-00590,SIM-NO_LOCK-00590,CUS-00590,FSI-00167,1,NO_LOCK,pool-1-thread-590,3859289866000,3860171503700,true,
TXN-NO_LOCK-00806,REQ-SIM-00806,SIM-NO_LOCK-00806,CUS-00806,FSI-00167,1,NO_LOCK,pool-1-thread-806,3859295722800,3860171584800,true,
TXN-NO_LOCK-00641,REQ-SIM-00641,SIM-NO_LOCK-00641,CUS-00641,FSI-00167,1,NO_LOCK,pool-1-thread-641,3859291151000,3860171605500,true,
TXN-NO_LOCK-00629,REQ-SIM-00629,SIM-NO_LOCK-00629,CUS-00629,FSI-00167,1,NO_LOCK,pool-1-thread-629,3859290814500,3860171695600,true,
TXN-NO_LOCK-00744,REQ-SIM-00744,SIM-NO_LOCK-00744,CUS-00744,FSI-00167,1,NO_LOCK,pool-1-thread-744,3859294130900,3860171721700,true,
TXN-NO_LOCK-00490,REQ-SIM-00490,SIM-NO_LOCK-00490,CUS-00490,FSI-00167,1,NO_LOCK,pool-1-thread-490,3859287130000,3860171844900,true,
TXN-NO_LOCK-00750,REQ-SIM-00750,SIM-NO_LOCK-00750,CUS-00750,FSI-00167,1,NO_LOCK,pool-1-thread-750,3859294252600,3860171872700,true,
TXN-NO_LOCK-00485,REQ-SIM-00485,SIM-NO_LOCK-00485,CUS-00485,FSI-00167,1,NO_LOCK,pool-1-thread-485,3859287017000,3860171958200,true,
TXN-NO_LOCK-00558,REQ-SIM-00558,SIM-NO_LOCK-00558,CUS-00558,FSI-00167,1,NO_LOCK,pool-1-thread-558,3859288969200,3860172037300,true,
TXN-NO_LOCK-00463,REQ-SIM-00463,SIM-NO_LOCK-00463,CUS-00463,FSI-00167,1,NO_LOCK,pool-1-thread-463,3859286505000,3860172058100,true,
TXN-NO_LOCK-00524,REQ-SIM-00524,SIM-NO_LOCK-00524,CUS-00524,FSI-00167,1,NO_LOCK,pool-1-thread-524,3859288094500,3860172120100,true,
TXN-NO_LOCK-00516,REQ-SIM-00516,SIM-NO_LOCK-00516,CUS-00516,FSI-00167,1,NO_LOCK,pool-1-thread-516,3859287905300,3860172193300,true,
TXN-NO_LOCK-00355,REQ-SIM-00355,SIM-NO_LOCK-00355,CUS-00355,FSI-00167,1,NO_LOCK,pool-1-thread-355,3859283371600,3860172235100,true,
TXN-NO_LOCK-00376,REQ-SIM-00376,SIM-NO_LOCK-00376,CUS-00376,FSI-00167,1,NO_LOCK,pool-1-thread-376,3859284278500,3860172263400,true,
TXN-NO_LOCK-00984,REQ-SIM-00984,SIM-NO_LOCK-00984,CUS-00984,FSI-00167,1,NO_LOCK,pool-1-thread-984,3859300911800,3860172317600,true,
TXN-NO_LOCK-00699,REQ-SIM-00699,SIM-NO_LOCK-00699,CUS-00699,FSI-00167,1,NO_LOCK,pool-1-thread-699,3859292823400,3860172398300,true,
TXN-NO_LOCK-00752,REQ-SIM-00752,SIM-NO_LOCK-00752,CUS-00752,FSI-00167,1,NO_LOCK,pool-1-thread-752,3859294320600,3860172448300,true,
TXN-NO_LOCK-00787,REQ-SIM-00787,SIM-NO_LOCK-00787,CUS-00787,FSI-00167,1,NO_LOCK,pool-1-thread-787,3859295127500,3860172501900,true,
TXN-NO_LOCK-00706,REQ-SIM-00706,SIM-NO_LOCK-00706,CUS-00706,FSI-00167,1,NO_LOCK,pool-1-thread-706,3859293030400,3860172533900,true,
TXN-NO_LOCK-00714,REQ-SIM-00714,SIM-NO_LOCK-00714,CUS-00714,FSI-00167,1,NO_LOCK,pool-1-thread-714,3859293206000,3860172597000,true,
TXN-NO_LOCK-00628,REQ-SIM-00628,SIM-NO_LOCK-00628,CUS-00628,FSI-00167,1,NO_LOCK,pool-1-thread-628,3859290796400,3860172693300,true,
TXN-NO_LOCK-00252,REQ-SIM-00252,SIM-NO_LOCK-00252,CUS-00252,FSI-00167,1,NO_LOCK,pool-1-thread-252,3859280516200,3860172755300,true,
TXN-NO_LOCK-00763,REQ-SIM-00763,SIM-NO_LOCK-00763,CUS-00763,FSI-00167,1,NO_LOCK,pool-1-thread-763,3859294536800,3860172835500,true,
TXN-NO_LOCK-00700,REQ-SIM-00700,SIM-NO_LOCK-00700,CUS-00700,FSI-00167,1,NO_LOCK,pool-1-thread-700,3859292839400,3860172903400,true,
TXN-NO_LOCK-00725,REQ-SIM-00725,SIM-NO_LOCK-00725,CUS-00725,FSI-00167,1,NO_LOCK,pool-1-thread-725,3859293536800,3860173079000,true,
TXN-NO_LOCK-00756,REQ-SIM-00756,SIM-NO_LOCK-00756,CUS-00756,FSI-00167,1,NO_LOCK,pool-1-thread-756,3859294399400,3860173026000,true,
TXN-NO_LOCK-00593,REQ-SIM-00593,SIM-NO_LOCK-00593,CUS-00593,FSI-00167,1,NO_LOCK,pool-1-thread-593,3859289923500,3860173173400,true,
TXN-NO_LOCK-00361,REQ-SIM-00361,SIM-NO_LOCK-00361,CUS-00361,FSI-00167,1,NO_LOCK,pool-1-thread-361,3859283809600,3860173271500,true,
TXN-NO_LOCK-00757,REQ-SIM-00757,SIM-NO_LOCK-00757,CUS-00757,FSI-00167,1,NO_LOCK,pool-1-thread-757,3859294418600,3860173313600,true,
TXN-NO_LOCK-00592,REQ-SIM-00592,SIM-NO_LOCK-00592,CUS-00592,FSI-00167,1,NO_LOCK,pool-1-thread-592,3859289901100,3860173353400,true,
TXN-NO_LOCK-00502,REQ-SIM-00502,SIM-NO_LOCK-00502,CUS-00502,FSI-00167,1,NO_LOCK,pool-1-thread-502,3859287471200,3860173353500,true,
TXN-NO_LOCK-00547,REQ-SIM-00547,SIM-NO_LOCK-00547,CUS-00547,FSI-00167,1,NO_LOCK,pool-1-thread-547,3859288572900,3860173526700,true,
TXN-NO_LOCK-00426,REQ-SIM-00426,SIM-NO_LOCK-00426,CUS-00426,FSI-00167,1,NO_LOCK,pool-1-thread-426,3859285534100,3860173494800,true,
TXN-NO_LOCK-00450,REQ-SIM-00450,SIM-NO_LOCK-00450,CUS-00450,FSI-00167,1,NO_LOCK,pool-1-thread-450,3859286139700,3860173590300,true,
TXN-NO_LOCK-00719,REQ-SIM-00719,SIM-NO_LOCK-00719,CUS-00719,FSI-00167,1,NO_LOCK,pool-1-thread-719,3859293402600,3860173604700,true,
TXN-NO_LOCK-00415,REQ-SIM-00415,SIM-NO_LOCK-00415,CUS-00415,FSI-00167,1,NO_LOCK,pool-1-thread-415,3859285229900,3860173678900,true,
TXN-NO_LOCK-00496,REQ-SIM-00496,SIM-NO_LOCK-00496,CUS-00496,FSI-00167,1,NO_LOCK,pool-1-thread-496,3859287277000,3860173747400,true,
TXN-NO_LOCK-00708,REQ-SIM-00708,SIM-NO_LOCK-00708,CUS-00708,FSI-00167,1,NO_LOCK,pool-1-thread-708,3859293077900,3860173811200,true,
TXN-NO_LOCK-00745,REQ-SIM-00745,SIM-NO_LOCK-00745,CUS-00745,FSI-00167,1,NO_LOCK,pool-1-thread-745,3859294142800,3860173953500,true,
TXN-NO_LOCK-00677,REQ-SIM-00677,SIM-NO_LOCK-00677,CUS-00677,FSI-00167,1,NO_LOCK,pool-1-thread-677,3859292234200,3860174050700,true,
TXN-NO_LOCK-00479,REQ-SIM-00479,SIM-NO_LOCK-00479,CUS-00479,FSI-00167,1,NO_LOCK,pool-1-thread-479,3859286883100,3860173955700,true,
TXN-NO_LOCK-00377,REQ-SIM-00377,SIM-NO_LOCK-00377,CUS-00377,FSI-00167,1,NO_LOCK,pool-1-thread-377,3859284310500,3860174378400,true,
TXN-NO_LOCK-00493,REQ-SIM-00493,SIM-NO_LOCK-00493,CUS-00493,FSI-00167,1,NO_LOCK,pool-1-thread-493,3859287206300,3860174417900,true,
TXN-NO_LOCK-00658,REQ-SIM-00658,SIM-NO_LOCK-00658,CUS-00658,FSI-00167,1,NO_LOCK,pool-1-thread-658,3859291666000,3860174583800,true,
TXN-NO_LOCK-00634,REQ-SIM-00634,SIM-NO_LOCK-00634,CUS-00634,FSI-00167,1,NO_LOCK,pool-1-thread-634,3859290924200,3860174644800,true,
TXN-NO_LOCK-00474,REQ-SIM-00474,SIM-NO_LOCK-00474,CUS-00474,FSI-00167,1,NO_LOCK,pool-1-thread-474,3859286756700,3860174662600,true,
TXN-NO_LOCK-00772,REQ-SIM-00772,SIM-NO_LOCK-00772,CUS-00772,FSI-00167,1,NO_LOCK,pool-1-thread-772,3859294750200,3860174711700,true,
TXN-NO_LOCK-00366,REQ-SIM-00366,SIM-NO_LOCK-00366,CUS-00366,FSI-00167,1,NO_LOCK,pool-1-thread-366,3859283967200,3860174759800,true,
TXN-NO_LOCK-00433,REQ-SIM-00433,SIM-NO_LOCK-00433,CUS-00433,FSI-00167,1,NO_LOCK,pool-1-thread-433,3859285711700,3860174819100,true,
TXN-NO_LOCK-00689,REQ-SIM-00689,SIM-NO_LOCK-00689,CUS-00689,FSI-00167,1,NO_LOCK,pool-1-thread-689,3859292569300,3860175017400,true,
TXN-NO_LOCK-00487,REQ-SIM-00487,SIM-NO_LOCK-00487,CUS-00487,FSI-00167,1,NO_LOCK,pool-1-thread-487,3859287082400,3860175110800,true,
TXN-NO_LOCK-00439,REQ-SIM-00439,SIM-NO_LOCK-00439,CUS-00439,FSI-00167,1,NO_LOCK,pool-1-thread-439,3859285823900,3860175118500,true,
TXN-NO_LOCK-00742,REQ-SIM-00742,SIM-NO_LOCK-00742,CUS-00742,FSI-00167,1,NO_LOCK,pool-1-thread-742,3859294098500,3860175150800,true,
TXN-NO_LOCK-00526,REQ-SIM-00526,SIM-NO_LOCK-00526,CUS-00526,FSI-00167,1,NO_LOCK,pool-1-thread-526,3859288137100,3860175272700,true,
TXN-NO_LOCK-00709,REQ-SIM-00709,SIM-NO_LOCK-00709,CUS-00709,FSI-00167,1,NO_LOCK,pool-1-thread-709,3859293094600,3860175334600,true,
TXN-NO_LOCK-00978,REQ-SIM-00978,SIM-NO_LOCK-00978,CUS-00978,FSI-00167,1,NO_LOCK,pool-1-thread-978,3859300754000,3860175415000,true,
TXN-NO_LOCK-00409,REQ-SIM-00409,SIM-NO_LOCK-00409,CUS-00409,FSI-00167,1,NO_LOCK,pool-1-thread-409,3859285058400,3860175479100,true,
TXN-NO_LOCK-00565,REQ-SIM-00565,SIM-NO_LOCK-00565,CUS-00565,FSI-00167,1,NO_LOCK,pool-1-thread-565,3859289169000,3860175566000,true,
TXN-NO_LOCK-00552,REQ-SIM-00552,SIM-NO_LOCK-00552,CUS-00552,FSI-00167,1,NO_LOCK,pool-1-thread-552,3859288802800,3860175715200,true,
TXN-NO_LOCK-00738,REQ-SIM-00738,SIM-NO_LOCK-00738,CUS-00738,FSI-00167,1,NO_LOCK,pool-1-thread-738,3859293944900,3860175799700,true,
TXN-NO_LOCK-00402,REQ-SIM-00402,SIM-NO_LOCK-00402,CUS-00402,FSI-00167,1,NO_LOCK,pool-1-thread-402,3859284899000,3860175865000,true,
TXN-NO_LOCK-00420,REQ-SIM-00420,SIM-NO_LOCK-00420,CUS-00420,FSI-00167,1,NO_LOCK,pool-1-thread-420,3859285410200,3860175976300,true,
TXN-NO_LOCK-00414,REQ-SIM-00414,SIM-NO_LOCK-00414,CUS-00414,FSI-00167,1,NO_LOCK,pool-1-thread-414,3859285211000,3860175980200,true,
TXN-NO_LOCK-00720,REQ-SIM-00720,SIM-NO_LOCK-00720,CUS-00720,FSI-00167,1,NO_LOCK,pool-1-thread-720,3859293422300,3860176170600,true,
TXN-NO_LOCK-00673,REQ-SIM-00673,SIM-NO_LOCK-00673,CUS-00673,FSI-00167,1,NO_LOCK,pool-1-thread-673,3859292043700,3860176221200,true,
TXN-NO_LOCK-00480,REQ-SIM-00480,SIM-NO_LOCK-00480,CUS-00480,FSI-00167,1,NO_LOCK,pool-1-thread-480,3859286900200,3860176175900,true,
TXN-NO_LOCK-00739,REQ-SIM-00739,SIM-NO_LOCK-00739,CUS-00739,FSI-00167,1,NO_LOCK,pool-1-thread-739,3859293957000,3860176254900,true,
TXN-NO_LOCK-00469,REQ-SIM-00469,SIM-NO_LOCK-00469,CUS-00469,FSI-00167,1,NO_LOCK,pool-1-thread-469,3859286648600,3860176304100,true,
TXN-NO_LOCK-00648,REQ-SIM-00648,SIM-NO_LOCK-00648,CUS-00648,FSI-00167,1,NO_LOCK,pool-1-thread-648,3859291376600,3860176368300,true,
TXN-NO_LOCK-00522,REQ-SIM-00522,SIM-NO_LOCK-00522,CUS-00522,FSI-00167,1,NO_LOCK,pool-1-thread-522,3859288053000,3860176416400,true,
TXN-NO_LOCK-00595,REQ-SIM-00595,SIM-NO_LOCK-00595,CUS-00595,FSI-00167,1,NO_LOCK,pool-1-thread-595,3859289950700,3860176485700,true,
TXN-NO_LOCK-00444,REQ-SIM-00444,SIM-NO_LOCK-00444,CUS-00444,FSI-00167,1,NO_LOCK,pool-1-thread-444,3859285937000,3860176581600,true,
TXN-NO_LOCK-00715,REQ-SIM-00715,SIM-NO_LOCK-00715,CUS-00715,FSI-00167,1,NO_LOCK,pool-1-thread-715,3859293238600,3860176588300,true,
TXN-NO_LOCK-00373,REQ-SIM-00373,SIM-NO_LOCK-00373,CUS-00373,FSI-00167,1,NO_LOCK,pool-1-thread-373,3859284186000,3860176609200,true,
TXN-NO_LOCK-00727,REQ-SIM-00727,SIM-NO_LOCK-00727,CUS-00727,FSI-00167,1,NO_LOCK,pool-1-thread-727,3859293564300,3860176770100,true,
TXN-NO_LOCK-00583,REQ-SIM-00583,SIM-NO_LOCK-00583,CUS-00583,FSI-00167,1,NO_LOCK,pool-1-thread-583,3859289667500,3860176797600,true,
TXN-NO_LOCK-00732,REQ-SIM-00732,SIM-NO_LOCK-00732,CUS-00732,FSI-00167,1,NO_LOCK,pool-1-thread-732,3859293683100,3860176849500,true,
TXN-NO_LOCK-00541,REQ-SIM-00541,SIM-NO_LOCK-00541,CUS-00541,FSI-00167,1,NO_LOCK,pool-1-thread-541,3859288443900,3860176818200,true,
TXN-NO_LOCK-00354,REQ-SIM-00354,SIM-NO_LOCK-00354,CUS-00354,FSI-00167,1,NO_LOCK,pool-1-thread-354,3859283351900,3860176928200,true,
TXN-NO_LOCK-00601,REQ-SIM-00601,SIM-NO_LOCK-00601,CUS-00601,FSI-00167,1,NO_LOCK,pool-1-thread-601,3859290072600,3860177012300,true,
TXN-NO_LOCK-00642,REQ-SIM-00642,SIM-NO_LOCK-00642,CUS-00642,FSI-00167,1,NO_LOCK,pool-1-thread-642,3859291170300,3860177097600,true,
TXN-NO_LOCK-00385,REQ-SIM-00385,SIM-NO_LOCK-00385,CUS-00385,FSI-00167,1,NO_LOCK,pool-1-thread-385,3859284486200,3860177135200,true,
TXN-NO_LOCK-00589,REQ-SIM-00589,SIM-NO_LOCK-00589,CUS-00589,FSI-00167,1,NO_LOCK,pool-1-thread-589,3859289786200,3860177193400,true,
TXN-NO_LOCK-00613,REQ-SIM-00613,SIM-NO_LOCK-00613,CUS-00613,FSI-00167,1,NO_LOCK,pool-1-thread-613,3859290372700,3860177212700,true,
TXN-NO_LOCK-00607,REQ-SIM-00607,SIM-NO_LOCK-00607,CUS-00607,FSI-00167,1,NO_LOCK,pool-1-thread-607,3859290220200,3860177265700,true,
TXN-NO_LOCK-00468,REQ-SIM-00468,SIM-NO_LOCK-00468,CUS-00468,FSI-00167,1,NO_LOCK,pool-1-thread-468,3859286628100,3860177349700,true,
TXN-NO_LOCK-00528,REQ-SIM-00528,SIM-NO_LOCK-00528,CUS-00528,FSI-00167,1,NO_LOCK,pool-1-thread-528,3859288190400,3860177420600,true,
TXN-NO_LOCK-00348,REQ-SIM-00348,SIM-NO_LOCK-00348,CUS-00348,FSI-00167,1,NO_LOCK,pool-1-thread-348,3859283189700,3860177477300,true,
TXN-NO_LOCK-00456,REQ-SIM-00456,SIM-NO_LOCK-00456,CUS-00456,FSI-00167,1,NO_LOCK,pool-1-thread-456,3859286321200,3860177595800,true,
TXN-NO_LOCK-00139,REQ-SIM-00139,SIM-NO_LOCK-00139,CUS-00139,FSI-00167,1,NO_LOCK,pool-1-thread-139,3859277319900,3860177603600,true,
TXN-NO_LOCK-00445,REQ-SIM-00445,SIM-NO_LOCK-00445,CUS-00445,FSI-00167,1,NO_LOCK,pool-1-thread-445,3859285954000,3860177655400,true,
TXN-NO_LOCK-00505,REQ-SIM-00505,SIM-NO_LOCK-00505,CUS-00505,FSI-00167,1,NO_LOCK,pool-1-thread-505,3859287553600,3860177796900,true,
TXN-NO_LOCK-00457,REQ-SIM-00457,SIM-NO_LOCK-00457,CUS-00457,FSI-00167,1,NO_LOCK,pool-1-thread-457,3859286334300,3860177724900,true,
TXN-NO_LOCK-00462,REQ-SIM-00462,SIM-NO_LOCK-00462,CUS-00462,FSI-00167,1,NO_LOCK,pool-1-thread-462,3859286490400,3860177847100,true,
TXN-NO_LOCK-00492,REQ-SIM-00492,SIM-NO_LOCK-00492,CUS-00492,FSI-00167,1,NO_LOCK,pool-1-thread-492,3859287191700,3860177870900,true,
TXN-NO_LOCK-00577,REQ-SIM-00577,SIM-NO_LOCK-00577,CUS-00577,FSI-00167,1,NO_LOCK,pool-1-thread-577,3859289529900,3860178024800,true,
TXN-NO_LOCK-00571,REQ-SIM-00571,SIM-NO_LOCK-00571,CUS-00571,FSI-00167,1,NO_LOCK,pool-1-thread-571,3859289353900,3860178043000,true,
TXN-NO_LOCK-00438,REQ-SIM-00438,SIM-NO_LOCK-00438,CUS-00438,FSI-00167,1,NO_LOCK,pool-1-thread-438,3859285797900,3860178053100,true,
TXN-NO_LOCK-00553,REQ-SIM-00553,SIM-NO_LOCK-00553,CUS-00553,FSI-00167,1,NO_LOCK,pool-1-thread-553,3859288850600,3860178123600,true,
TXN-NO_LOCK-00499,REQ-SIM-00499,SIM-NO_LOCK-00499,CUS-00499,FSI-00167,1,NO_LOCK,pool-1-thread-499,3859287355200,3860178190000,true,
TXN-NO_LOCK-00379,REQ-SIM-00379,SIM-NO_LOCK-00379,CUS-00379,FSI-00167,1,NO_LOCK,pool-1-thread-379,3859284350200,3860178302900,true,
TXN-NO_LOCK-00721,REQ-SIM-00721,SIM-NO_LOCK-00721,CUS-00721,FSI-00167,1,NO_LOCK,pool-1-thread-721,3859293454700,3860178328300,true,
TXN-NO_LOCK-00684,REQ-SIM-00684,SIM-NO_LOCK-00684,CUS-00684,FSI-00167,1,NO_LOCK,pool-1-thread-684,3859292404300,3860178400000,true,
TXN-NO_LOCK-00265,REQ-SIM-00265,SIM-NO_LOCK-00265,CUS-00265,FSI-00167,1,NO_LOCK,pool-1-thread-265,3859280873100,3860178454700,true,
TXN-NO_LOCK-00955,REQ-SIM-00955,SIM-NO_LOCK-00955,CUS-00955,FSI-00167,1,NO_LOCK,pool-1-thread-955,3859300232600,3860178498600,true,
TXN-NO_LOCK-00517,REQ-SIM-00517,SIM-NO_LOCK-00517,CUS-00517,FSI-00167,1,NO_LOCK,pool-1-thread-517,3859287923800,3860178607300,true,
TXN-NO_LOCK-00529,REQ-SIM-00529,SIM-NO_LOCK-00529,CUS-00529,FSI-00167,1,NO_LOCK,pool-1-thread-529,3859288202600,3860178677300,true,
TXN-NO_LOCK-00606,REQ-SIM-00606,SIM-NO_LOCK-00606,CUS-00606,FSI-00167,1,NO_LOCK,pool-1-thread-606,3859290239300,3860178718600,true,
TXN-NO_LOCK-00534,REQ-SIM-00534,SIM-NO_LOCK-00534,CUS-00534,FSI-00167,1,NO_LOCK,pool-1-thread-534,3859288305400,3860178784300,true,
TXN-NO_LOCK-00432,REQ-SIM-00432,SIM-NO_LOCK-00432,CUS-00432,FSI-00167,1,NO_LOCK,pool-1-thread-432,3859285692500,3860178893600,true,
TXN-NO_LOCK-00403,REQ-SIM-00403,SIM-NO_LOCK-00403,CUS-00403,FSI-00167,1,NO_LOCK,pool-1-thread-403,3859284915100,3860178984700,true,
TXN-NO_LOCK-00666,REQ-SIM-00666,SIM-NO_LOCK-00666,CUS-00666,FSI-00167,1,NO_LOCK,pool-1-thread-666,3859291899100,3860178996700,true,
TXN-NO_LOCK-00503,REQ-SIM-00503,SIM-NO_LOCK-00503,CUS-00503,FSI-00167,1,NO_LOCK,pool-1-thread-503,3859287513500,3860179054500,true,
TXN-NO_LOCK-00649,REQ-SIM-00649,SIM-NO_LOCK-00649,CUS-00649,FSI-00167,1,NO_LOCK,pool-1-thread-649,3859291392600,3860179089500,true,
TXN-NO_LOCK-00523,REQ-SIM-00523,SIM-NO_LOCK-00523,CUS-00523,FSI-00167,1,NO_LOCK,pool-1-thread-523,3859288071700,3860179145300,true,
TXN-NO_LOCK-00625,REQ-SIM-00625,SIM-NO_LOCK-00625,CUS-00625,FSI-00167,1,NO_LOCK,pool-1-thread-625,3859290656500,3860179210500,true,
TXN-NO_LOCK-00390,REQ-SIM-00390,SIM-NO_LOCK-00390,CUS-00390,FSI-00167,1,NO_LOCK,pool-1-thread-390,3859284570000,3860179298100,true,
TXN-NO_LOCK-00486,REQ-SIM-00486,SIM-NO_LOCK-00486,CUS-00486,FSI-00167,1,NO_LOCK,pool-1-thread-486,3859287057200,3860179302800,true,
TXN-NO_LOCK-00637,REQ-SIM-00637,SIM-NO_LOCK-00637,CUS-00637,FSI-00167,1,NO_LOCK,pool-1-thread-637,3859291006700,3860179342300,true,
TXN-NO_LOCK-00427,REQ-SIM-00427,SIM-NO_LOCK-00427,CUS-00427,FSI-00167,1,NO_LOCK,pool-1-thread-427,3859285546900,3860179399400,true,
TXN-NO_LOCK-00733,REQ-SIM-00733,SIM-NO_LOCK-00733,CUS-00733,FSI-00167,1,NO_LOCK,pool-1-thread-733,3859293695500,3860179429100,true,
TXN-NO_LOCK-00372,REQ-SIM-00372,SIM-NO_LOCK-00372,CUS-00372,FSI-00167,1,NO_LOCK,pool-1-thread-372,3859284130000,3860179478400,true,
TXN-NO_LOCK-00337,REQ-SIM-00337,SIM-NO_LOCK-00337,CUS-00337,FSI-00167,1,NO_LOCK,pool-1-thread-337,3859282929200,3860179581900,true,
TXN-NO_LOCK-00588,REQ-SIM-00588,SIM-NO_LOCK-00588,CUS-00588,FSI-00167,1,NO_LOCK,pool-1-thread-588,3859289756500,3860179593800,true,
TXN-NO_LOCK-00546,REQ-SIM-00546,SIM-NO_LOCK-00546,CUS-00546,FSI-00167,1,NO_LOCK,pool-1-thread-546,3859288557800,3860179684900,true,
TXN-NO_LOCK-00622,REQ-SIM-00622,SIM-NO_LOCK-00622,CUS-00622,FSI-00167,1,NO_LOCK,pool-1-thread-622,3859290609200,3860179747400,true,
TXN-NO_LOCK-00643,REQ-SIM-00643,SIM-NO_LOCK-00643,CUS-00643,FSI-00167,1,NO_LOCK,pool-1-thread-643,3859291187500,3860179778100,true,
TXN-NO_LOCK-00635,REQ-SIM-00635,SIM-NO_LOCK-00635,CUS-00635,FSI-00167,1,NO_LOCK,pool-1-thread-635,3859290974400,3860179831700,true,
TXN-NO_LOCK-00512,REQ-SIM-00512,SIM-NO_LOCK-00512,CUS-00512,FSI-00167,1,NO_LOCK,pool-1-thread-512,3859287817600,3860179969500,true,
TXN-NO_LOCK-00667,REQ-SIM-00667,SIM-NO_LOCK-00667,CUS-00667,FSI-00167,1,NO_LOCK,pool-1-thread-667,3859291915700,3860180040100,true,
TXN-NO_LOCK-00726,REQ-SIM-00726,SIM-NO_LOCK-00726,CUS-00726,FSI-00167,1,NO_LOCK,pool-1-thread-726,3859293553000,3860180195600,true,
TXN-NO_LOCK-00798,REQ-SIM-00798,SIM-NO_LOCK-00798,CUS-00798,FSI-00167,1,NO_LOCK,pool-1-thread-798,3859295534500,3860180195600,true,
TXN-NO_LOCK-00600,REQ-SIM-00600,SIM-NO_LOCK-00600,CUS-00600,FSI-00167,1,NO_LOCK,pool-1-thread-600,3859290057300,3860180225000,true,
TXN-NO_LOCK-00511,REQ-SIM-00511,SIM-NO_LOCK-00511,CUS-00511,FSI-00167,1,NO_LOCK,pool-1-thread-511,3859287780500,3860180305500,true,
TXN-NO_LOCK-00504,REQ-SIM-00504,SIM-NO_LOCK-00504,CUS-00504,FSI-00167,1,NO_LOCK,pool-1-thread-504,3859287533900,3860180355400,true,
TXN-NO_LOCK-00535,REQ-SIM-00535,SIM-NO_LOCK-00535,CUS-00535,FSI-00167,1,NO_LOCK,pool-1-thread-535,3859288323900,3860180420000,true,
TXN-NO_LOCK-00510,REQ-SIM-00510,SIM-NO_LOCK-00510,CUS-00510,FSI-00167,1,NO_LOCK,pool-1-thread-510,3859287753900,3860180495100,true,
TXN-NO_LOCK-00619,REQ-SIM-00619,SIM-NO_LOCK-00619,CUS-00619,FSI-00167,1,NO_LOCK,pool-1-thread-619,3859290493900,3860180636700,true,
TXN-NO_LOCK-00378,REQ-SIM-00378,SIM-NO_LOCK-00378,CUS-00378,FSI-00167,1,NO_LOCK,pool-1-thread-378,3859284326000,3860180678300,true,
TXN-NO_LOCK-00549,REQ-SIM-00549,SIM-NO_LOCK-00549,CUS-00549,FSI-00167,1,NO_LOCK,pool-1-thread-549,3859288704500,3860180782400,true,
TXN-NO_LOCK-00349,REQ-SIM-00349,SIM-NO_LOCK-00349,CUS-00349,FSI-00167,1,NO_LOCK,pool-1-thread-349,3859283210200,3860180787500,true,
TXN-NO_LOCK-00234,REQ-SIM-00234,SIM-NO_LOCK-00234,CUS-00234,FSI-00167,1,NO_LOCK,pool-1-thread-234,3859280146800,3860180844100,true,
TXN-NO_LOCK-00996,REQ-SIM-00996,SIM-NO_LOCK-00996,CUS-00996,FSI-00167,1,NO_LOCK,pool-1-thread-996,3859301211800,3860180909900,true,
TXN-NO_LOCK-00515,REQ-SIM-00515,SIM-NO_LOCK-00515,CUS-00515,FSI-00167,1,NO_LOCK,pool-1-thread-515,3859287888900,3860180954000,true,
TXN-NO_LOCK-00313,REQ-SIM-00313,SIM-NO_LOCK-00313,CUS-00313,FSI-00167,1,NO_LOCK,pool-1-thread-313,3859282239200,3860181038300,true,
TXN-NO_LOCK-00662,REQ-SIM-00662,SIM-NO_LOCK-00662,CUS-00662,FSI-00167,1,NO_LOCK,pool-1-thread-662,3859291760200,3860181080900,true,
TXN-NO_LOCK-00508,REQ-SIM-00508,SIM-NO_LOCK-00508,CUS-00508,FSI-00167,1,NO_LOCK,pool-1-thread-508,3859287641600,3860181122400,true,
TXN-NO_LOCK-00241,REQ-SIM-00241,SIM-NO_LOCK-00241,CUS-00241,FSI-00167,1,NO_LOCK,pool-1-thread-241,3859280287300,3860181225900,true,
TXN-NO_LOCK-00498,REQ-SIM-00498,SIM-NO_LOCK-00498,CUS-00498,FSI-00167,1,NO_LOCK,pool-1-thread-498,3859287336800,3860181257300,true,
TXN-NO_LOCK-00431,REQ-SIM-00431,SIM-NO_LOCK-00431,CUS-00431,FSI-00167,1,NO_LOCK,pool-1-thread-431,3859285671600,3860181306400,true,
TXN-NO_LOCK-00675,REQ-SIM-00675,SIM-NO_LOCK-00675,CUS-00675,FSI-00167,1,NO_LOCK,pool-1-thread-675,3859292083200,3860181389400,true,
TXN-NO_LOCK-00384,REQ-SIM-00384,SIM-NO_LOCK-00384,CUS-00384,FSI-00167,1,NO_LOCK,pool-1-thread-384,3859284468100,3860181441000,true,
TXN-NO_LOCK-00307,REQ-SIM-00307,SIM-NO_LOCK-00307,CUS-00307,FSI-00167,1,NO_LOCK,pool-1-thread-307,3859282047800,3860181482500,true,
TXN-NO_LOCK-00481,REQ-SIM-00481,SIM-NO_LOCK-00481,CUS-00481,FSI-00167,1,NO_LOCK,pool-1-thread-481,3859286917600,3860181571600,true,
TXN-NO_LOCK-00228,REQ-SIM-00228,SIM-NO_LOCK-00228,CUS-00228,FSI-00167,1,NO_LOCK,pool-1-thread-228,3859279748200,3860181635300,true,
TXN-NO_LOCK-00661,REQ-SIM-00661,SIM-NO_LOCK-00661,CUS-00661,FSI-00167,1,NO_LOCK,pool-1-thread-661,3859291740600,3860181727300,true,
TXN-NO_LOCK-00408,REQ-SIM-00408,SIM-NO_LOCK-00408,CUS-00408,FSI-00167,1,NO_LOCK,pool-1-thread-408,3859285040700,3860181727300,true,
TXN-NO_LOCK-00740,REQ-SIM-00740,SIM-NO_LOCK-00740,CUS-00740,FSI-00167,1,NO_LOCK,pool-1-thread-740,3859293975600,3860181824500,true,
TXN-NO_LOCK-00980,REQ-SIM-00980,SIM-NO_LOCK-00980,CUS-00980,FSI-00167,1,NO_LOCK,pool-1-thread-980,3859300790500,3860181896600,true,
TXN-NO_LOCK-00360,REQ-SIM-00360,SIM-NO_LOCK-00360,CUS-00360,FSI-00167,1,NO_LOCK,pool-1-thread-360,3859283684600,3860181992200,true,
TXN-NO_LOCK-00674,REQ-SIM-00674,SIM-NO_LOCK-00674,CUS-00674,FSI-00167,1,NO_LOCK,pool-1-thread-674,3859292063700,3860182036900,true,
TXN-NO_LOCK-00993,REQ-SIM-00993,SIM-NO_LOCK-00993,CUS-00993,FSI-00167,1,NO_LOCK,pool-1-thread-993,3859301121900,3860182113000,true,
TXN-NO_LOCK-00987,REQ-SIM-00987,SIM-NO_LOCK-00987,CUS-00987,FSI-00167,1,NO_LOCK,pool-1-thread-987,3859300970800,3860182162800,true,
TXN-NO_LOCK-00981,REQ-SIM-00981,SIM-NO_LOCK-00981,CUS-00981,FSI-00167,1,NO_LOCK,pool-1-thread-981,3859300811100,3860182233700,true,
TXN-NO_LOCK-00986,REQ-SIM-00986,SIM-NO_LOCK-00986,CUS-00986,FSI-00167,1,NO_LOCK,pool-1-thread-986,3859300955800,3860182303700,true,
TXN-NO_LOCK-00580,REQ-SIM-00580,SIM-NO_LOCK-00580,CUS-00580,FSI-00167,1,NO_LOCK,pool-1-thread-580,3859289613000,3860182356600,true,
TXN-NO_LOCK-00562,REQ-SIM-00562,SIM-NO_LOCK-00562,CUS-00562,FSI-00167,1,NO_LOCK,pool-1-thread-562,3859289041000,3860182471100,true,
TXN-NO_LOCK-00563,REQ-SIM-00563,SIM-NO_LOCK-00563,CUS-00563,FSI-00167,1,NO_LOCK,pool-1-thread-563,3859289137600,3860182518100,true,
TXN-NO_LOCK-00938,REQ-SIM-00938,SIM-NO_LOCK-00938,CUS-00938,FSI-00167,1,NO_LOCK,pool-1-thread-938,3859299731900,3860182555100,true,
TXN-NO_LOCK-00150,REQ-SIM-00150,SIM-NO_LOCK-00150,CUS-00150,FSI-00167,1,NO_LOCK,pool-1-thread-150,3859277574600,3860182609900,true,
TXN-NO_LOCK-00957,REQ-SIM-00957,SIM-NO_LOCK-00957,CUS-00957,FSI-00167,1,NO_LOCK,pool-1-thread-957,3859300286300,3860182717300,true,
TXN-NO_LOCK-00277,REQ-SIM-00277,SIM-NO_LOCK-00277,CUS-00277,FSI-00167,1,NO_LOCK,pool-1-thread-277,3859281232400,3860182734200,true,
TXN-NO_LOCK-00950,REQ-SIM-00950,SIM-NO_LOCK-00950,CUS-00950,FSI-00167,1,NO_LOCK,pool-1-thread-950,3859300067900,3860182813900,true,
TXN-NO_LOCK-00962,REQ-SIM-00962,SIM-NO_LOCK-00962,CUS-00962,FSI-00167,1,NO_LOCK,pool-1-thread-962,3859300386100,3860182910700,true,
TXN-NO_LOCK-00890,REQ-SIM-00890,SIM-NO_LOCK-00890,CUS-00890,FSI-00167,1,NO_LOCK,pool-1-thread-890,3859298039400,3860182972000,true,
TXN-NO_LOCK-00557,REQ-SIM-00557,SIM-NO_LOCK-00557,CUS-00557,FSI-00167,1,NO_LOCK,pool-1-thread-557,3859288952200,3860182991800,true,
TXN-NO_LOCK-00568,REQ-SIM-00568,SIM-NO_LOCK-00568,CUS-00568,FSI-00167,1,NO_LOCK,pool-1-thread-568,3859289249800,3860183087900,true,
TXN-NO_LOCK-00974,REQ-SIM-00974,SIM-NO_LOCK-00974,CUS-00974,FSI-00167,1,NO_LOCK,pool-1-thread-974,3859300656400,3860183094200,true,
TXN-NO_LOCK-00688,REQ-SIM-00688,SIM-NO_LOCK-00688,CUS-00688,FSI-00167,1,NO_LOCK,pool-1-thread-688,3859292464600,3860183173600,true,
TXN-NO_LOCK-00975,REQ-SIM-00975,SIM-NO_LOCK-00975,CUS-00975,FSI-00167,1,NO_LOCK,pool-1-thread-975,3859300680000,3860183244300,true,
TXN-NO_LOCK-00908,REQ-SIM-00908,SIM-NO_LOCK-00908,CUS-00908,FSI-00167,1,NO_LOCK,pool-1-thread-908,3859298626200,3860183303800,true,
TXN-NO_LOCK-00221,REQ-SIM-00221,SIM-NO_LOCK-00221,CUS-00221,FSI-00167,1,NO_LOCK,pool-1-thread-221,3859279518100,3860183379300,true,
TXN-NO_LOCK-00914,REQ-SIM-00914,SIM-NO_LOCK-00914,CUS-00914,FSI-00167,1,NO_LOCK,pool-1-thread-914,3859298828600,3860183423000,true,
TXN-NO_LOCK-00861,REQ-SIM-00861,SIM-NO_LOCK-00861,CUS-00861,FSI-00167,1,NO_LOCK,pool-1-thread-861,3859297342600,3860183541200,true,
TXN-NO_LOCK-00933,REQ-SIM-00933,SIM-NO_LOCK-00933,CUS-00933,FSI-00167,1,NO_LOCK,pool-1-thread-933,3859299633800,3860183528000,true,
TXN-NO_LOCK-00921,REQ-SIM-00921,SIM-NO_LOCK-00921,CUS-00921,FSI-00167,1,NO_LOCK,pool-1-thread-921,3859299195300,3860183592200,true,
TXN-NO_LOCK-00944,REQ-SIM-00944,SIM-NO_LOCK-00944,CUS-00944,FSI-00167,1,NO_LOCK,pool-1-thread-944,3859299901800,3860183645600,true,
TXN-NO_LOCK-00347,REQ-SIM-00347,SIM-NO_LOCK-00347,CUS-00347,FSI-00167,1,NO_LOCK,pool-1-thread-347,3859283124800,3860183697400,true,
TXN-NO_LOCK-00602,REQ-SIM-00602,SIM-NO_LOCK-00602,CUS-00602,FSI-00167,1,NO_LOCK,pool-1-thread-602,3859290108300,3860183754700,true,
TXN-NO_LOCK-00604,REQ-SIM-00604,SIM-NO_LOCK-00604,CUS-00604,FSI-00167,1,NO_LOCK,pool-1-thread-604,3859290184900,3860183826900,true,
TXN-NO_LOCK-00932,REQ-SIM-00932,SIM-NO_LOCK-00932,CUS-00932,FSI-00167,1,NO_LOCK,pool-1-thread-932,3859299593800,3860183858100,true,
TXN-NO_LOCK-00867,REQ-SIM-00867,SIM-NO_LOCK-00867,CUS-00867,FSI-00167,1,NO_LOCK,pool-1-thread-867,3859297451300,3860183915100,true,
TXN-NO_LOCK-00843,REQ-SIM-00843,SIM-NO_LOCK-00843,CUS-00843,FSI-00167,1,NO_LOCK,pool-1-thread-843,3859296848200,3860184017900,true,
TXN-NO_LOCK-00963,REQ-SIM-00963,SIM-NO_LOCK-00963,CUS-00963,FSI-00167,1,NO_LOCK,pool-1-thread-963,3859300397800,3860184021400,true,
TXN-NO_LOCK-00915,REQ-SIM-00915,SIM-NO_LOCK-00915,CUS-00915,FSI-00167,1,NO_LOCK,pool-1-thread-915,3859298904900,3860184082800,true,
TXN-NO_LOCK-00538,REQ-SIM-00538,SIM-NO_LOCK-00538,CUS-00538,FSI-00167,1,NO_LOCK,pool-1-thread-538,3859288398100,3860184126800,true,
TXN-NO_LOCK-00836,REQ-SIM-00836,SIM-NO_LOCK-00836,CUS-00836,FSI-00167,1,NO_LOCK,pool-1-thread-836,3859296615000,3860184225400,true,
TXN-NO_LOCK-00413,REQ-SIM-00413,SIM-NO_LOCK-00413,CUS-00413,FSI-00167,1,NO_LOCK,pool-1-thread-413,3859285195500,3860184261200,true,
TXN-NO_LOCK-00544,REQ-SIM-00544,SIM-NO_LOCK-00544,CUS-00544,FSI-00167,1,NO_LOCK,pool-1-thread-544,3859288518700,3860184308000,true,
TXN-NO_LOCK-00830,REQ-SIM-00830,SIM-NO_LOCK-00830,CUS-00830,FSI-00167,1,NO_LOCK,pool-1-thread-830,3859296447800,3860184384600,true,
TXN-NO_LOCK-00968,REQ-SIM-00968,SIM-NO_LOCK-00968,CUS-00968,FSI-00167,1,NO_LOCK,pool-1-thread-968,3859300527000,3860184440100,true,
TXN-NO_LOCK-00663,REQ-SIM-00663,SIM-NO_LOCK-00663,CUS-00663,FSI-00167,1,NO_LOCK,pool-1-thread-663,3859291773900,3860184500500,true,
TXN-NO_LOCK-00951,REQ-SIM-00951,SIM-NO_LOCK-00951,CUS-00951,FSI-00167,1,NO_LOCK,pool-1-thread-951,3859300086400,3860184533400,true,
TXN-NO_LOCK-00920,REQ-SIM-00920,SIM-NO_LOCK-00920,CUS-00920,FSI-00167,1,NO_LOCK,pool-1-thread-920,3859299179400,3860184592200,true,
TXN-NO_LOCK-00879,REQ-SIM-00879,SIM-NO_LOCK-00879,CUS-00879,FSI-00167,1,NO_LOCK,pool-1-thread-879,3859297744000,3860184659500,true,
TXN-NO_LOCK-00545,REQ-SIM-00545,SIM-NO_LOCK-00545,CUS-00545,FSI-00167,1,NO_LOCK,pool-1-thread-545,3859288538400,3860184716900,true,
TXN-NO_LOCK-00681,REQ-SIM-00681,SIM-NO_LOCK-00681,CUS-00681,FSI-00167,1,NO_LOCK,pool-1-thread-681,3859292302100,3860184773700,true,
TXN-NO_LOCK-00909,REQ-SIM-00909,SIM-NO_LOCK-00909,CUS-00909,FSI-00167,1,NO_LOCK,pool-1-thread-909,3859298651100,3860184874100,true,
TXN-NO_LOCK-00854,REQ-SIM-00854,SIM-NO_LOCK-00854,CUS-00854,FSI-00167,1,NO_LOCK,pool-1-thread-854,3859297192700,3860184874100,true,
TXN-NO_LOCK-00849,REQ-SIM-00849,SIM-NO_LOCK-00849,CUS-00849,FSI-00167,1,NO_LOCK,pool-1-thread-849,3859296983500,3860184963600,true,
TXN-NO_LOCK-00848,REQ-SIM-00848,SIM-NO_LOCK-00848,CUS-00848,FSI-00167,1,NO_LOCK,pool-1-thread-848,3859296948300,3860185095600,true,
TXN-NO_LOCK-00903,REQ-SIM-00903,SIM-NO_LOCK-00903,CUS-00903,FSI-00167,1,NO_LOCK,pool-1-thread-903,3859298415300,3860185103400,true,
TXN-NO_LOCK-00575,REQ-SIM-00575,SIM-NO_LOCK-00575,CUS-00575,FSI-00167,1,NO_LOCK,pool-1-thread-575,3859289505300,3860185134600,true,
TXN-NO_LOCK-00632,REQ-SIM-00632,SIM-NO_LOCK-00632,CUS-00632,FSI-00167,1,NO_LOCK,pool-1-thread-632,3859290892200,3860185212200,true,
TXN-NO_LOCK-00466,REQ-SIM-00466,SIM-NO_LOCK-00466,CUS-00466,FSI-00167,1,NO_LOCK,pool-1-thread-466,3859286599600,3860185239600,true,
TXN-NO_LOCK-00556,REQ-SIM-00556,SIM-NO_LOCK-00556,CUS-00556,FSI-00167,1,NO_LOCK,pool-1-thread-556,3859288933800,3860185285800,true,
TXN-NO_LOCK-00365,REQ-SIM-00365,SIM-NO_LOCK-00365,CUS-00365,FSI-00167,1,NO_LOCK,pool-1-thread-365,3859283950300,3860185349100,true,
TXN-NO_LOCK-00550,REQ-SIM-00550,SIM-NO_LOCK-00550,CUS-00550,FSI-00167,1,NO_LOCK,pool-1-thread-550,3859288721900,3860185480900,true,
TXN-NO_LOCK-00352,REQ-SIM-00352,SIM-NO_LOCK-00352,CUS-00352,FSI-00167,1,NO_LOCK,pool-1-thread-352,3859283300700,3860185478800,true,
TXN-NO_LOCK-00455,REQ-SIM-00455,SIM-NO_LOCK-00455,CUS-00455,FSI-00167,1,NO_LOCK,pool-1-thread-455,3859286306700,3860185509300,true,
TXN-NO_LOCK-00478,REQ-SIM-00478,SIM-NO_LOCK-00478,CUS-00478,FSI-00167,1,NO_LOCK,pool-1-thread-478,3859286833100,3860185630900,true,
TXN-NO_LOCK-00610,REQ-SIM-00610,SIM-NO_LOCK-00610,CUS-00610,FSI-00167,1,NO_LOCK,pool-1-thread-610,3859290294100,3860185630800,true,
TXN-NO_LOCK-00472,REQ-SIM-00472,SIM-NO_LOCK-00472,CUS-00472,FSI-00167,1,NO_LOCK,pool-1-thread-472,3859286723300,3860185715500,true,
TXN-NO_LOCK-00551,REQ-SIM-00551,SIM-NO_LOCK-00551,CUS-00551,FSI-00167,1,NO_LOCK,pool-1-thread-551,3859288775100,3860185766900,true,
TXN-NO_LOCK-00184,REQ-SIM-00184,SIM-NO_LOCK-00184,CUS-00184,FSI-00167,1,NO_LOCK,pool-1-thread-184,3859278303100,3860185852500,true,
TXN-NO_LOCK-00430,REQ-SIM-00430,SIM-NO_LOCK-00430,CUS-00430,FSI-00167,1,NO_LOCK,pool-1-thread-430,3859285602900,3860185881000,true,
TXN-NO_LOCK-00599,REQ-SIM-00599,SIM-NO_LOCK-00599,CUS-00599,FSI-00167,1,NO_LOCK,pool-1-thread-599,3859290040200,3860185946300,true,
TXN-NO_LOCK-00473,REQ-SIM-00473,SIM-NO_LOCK-00473,CUS-00473,FSI-00167,1,NO_LOCK,pool-1-thread-473,3859286739200,3860186059900,true,
TXN-NO_LOCK-00586,REQ-SIM-00586,SIM-NO_LOCK-00586,CUS-00586,FSI-00167,1,NO_LOCK,pool-1-thread-586,3859289721100,3860186068200,true,
TXN-NO_LOCK-00358,REQ-SIM-00358,SIM-NO_LOCK-00358,CUS-00358,FSI-00167,1,NO_LOCK,pool-1-thread-358,3859283465200,3860186098800,true,
TXN-NO_LOCK-00617,REQ-SIM-00617,SIM-NO_LOCK-00617,CUS-00617,FSI-00167,1,NO_LOCK,pool-1-thread-617,3859290455800,3860186148200,true,
TXN-NO_LOCK-00448,REQ-SIM-00448,SIM-NO_LOCK-00448,CUS-00448,FSI-00167,1,NO_LOCK,pool-1-thread-448,3859286097800,3860186193300,true,
TXN-NO_LOCK-00581,REQ-SIM-00581,SIM-NO_LOCK-00581,CUS-00581,FSI-00167,1,NO_LOCK,pool-1-thread-581,3859289629500,3860186220900,true,
TXN-NO_LOCK-00694,REQ-SIM-00694,SIM-NO_LOCK-00694,CUS-00694,FSI-00167,1,NO_LOCK,pool-1-thread-694,3859292674100,3860186332100,true,
TXN-NO_LOCK-00383,REQ-SIM-00383,SIM-NO_LOCK-00383,CUS-00383,FSI-00167,1,NO_LOCK,pool-1-thread-383,3859284443700,3860186332200,true,
TXN-NO_LOCK-00449,REQ-SIM-00449,SIM-NO_LOCK-00449,CUS-00449,FSI-00167,1,NO_LOCK,pool-1-thread-449,3859286126400,3860186395800,true,
TXN-NO_LOCK-00539,REQ-SIM-00539,SIM-NO_LOCK-00539,CUS-00539,FSI-00167,1,NO_LOCK,pool-1-thread-539,3859288411600,3860186482800,true,
TXN-NO_LOCK-00521,REQ-SIM-00521,SIM-NO_LOCK-00521,CUS-00521,FSI-00167,1,NO_LOCK,pool-1-thread-521,3859288035000,3860186548300,true,
TXN-NO_LOCK-00476,REQ-SIM-00476,SIM-NO_LOCK-00476,CUS-00476,FSI-00167,1,NO_LOCK,pool-1-thread-476,3859286776500,3860186638000,true,
TXN-NO_LOCK-00298,REQ-SIM-00298,SIM-NO_LOCK-00298,CUS-00298,FSI-00167,1,NO_LOCK,pool-1-thread-298,3859281771900,3860186648000,true,
TXN-NO_LOCK-00388,REQ-SIM-00388,SIM-NO_LOCK-00388,CUS-00388,FSI-00167,1,NO_LOCK,pool-1-thread-388,3859284539900,3860186735200,true,
TXN-NO_LOCK-00443,REQ-SIM-00443,SIM-NO_LOCK-00443,CUS-00443,FSI-00167,1,NO_LOCK,pool-1-thread-443,3859285917700,3860186779700,true,
TXN-NO_LOCK-00956,REQ-SIM-00956,SIM-NO_LOCK-00956,CUS-00956,FSI-00167,1,NO_LOCK,pool-1-thread-956,3859300271000,3860186869300,true,
TXN-NO_LOCK-00353,REQ-SIM-00353,SIM-NO_LOCK-00353,CUS-00353,FSI-00167,1,NO_LOCK,pool-1-thread-353,3859283336400,3860186916500,true,
TXN-NO_LOCK-00896,REQ-SIM-00896,SIM-NO_LOCK-00896,CUS-00896,FSI-00167,1,NO_LOCK,pool-1-thread-896,3859298248300,3860187095800,true,
TXN-NO_LOCK-00620,REQ-SIM-00620,SIM-NO_LOCK-00620,CUS-00620,FSI-00167,1,NO_LOCK,pool-1-thread-620,3859290561700,3860187105700,true,
TXN-NO_LOCK-00970,REQ-SIM-00970,SIM-NO_LOCK-00970,CUS-00970,FSI-00167,1,NO_LOCK,pool-1-thread-970,3859300569500,3860187120300,true,
TXN-NO_LOCK-00328,REQ-SIM-00328,SIM-NO_LOCK-00328,CUS-00328,FSI-00167,1,NO_LOCK,pool-1-thread-328,3859282586000,3860187185800,true,
TXN-NO_LOCK-00238,REQ-SIM-00238,SIM-NO_LOCK-00238,CUS-00238,FSI-00167,1,NO_LOCK,pool-1-thread-238,3859280021500,3860187259600,true,
TXN-NO_LOCK-00419,REQ-SIM-00419,SIM-NO_LOCK-00419,CUS-00419,FSI-00167,1,NO_LOCK,pool-1-thread-419,3859285392300,3860187286500,true,
TXN-NO_LOCK-00885,REQ-SIM-00885,SIM-NO_LOCK-00885,CUS-00885,FSI-00167,1,NO_LOCK,pool-1-thread-885,3859297849200,3860187314300,true,
TXN-NO_LOCK-00208,REQ-SIM-00208,SIM-NO_LOCK-00208,CUS-00208,FSI-00167,1,NO_LOCK,pool-1-thread-208,3859279081700,3860187395200,true,
TXN-NO_LOCK-00839,REQ-SIM-00839,SIM-NO_LOCK-00839,CUS-00839,FSI-00167,1,NO_LOCK,pool-1-thread-839,3859296708100,3860187455500,true,
TXN-NO_LOCK-00902,REQ-SIM-00902,SIM-NO_LOCK-00902,CUS-00902,FSI-00167,1,NO_LOCK,pool-1-thread-902,3859298399000,3860187495100,true,
TXN-NO_LOCK-00323,REQ-SIM-00323,SIM-NO_LOCK-00323,CUS-00323,FSI-00167,1,NO_LOCK,pool-1-thread-323,3859282498300,3860187546100,true,
TXN-NO_LOCK-00533,REQ-SIM-00533,SIM-NO_LOCK-00533,CUS-00533,FSI-00167,1,NO_LOCK,pool-1-thread-533,3859288283200,3860187637000,true,
TXN-NO_LOCK-00638,REQ-SIM-00638,SIM-NO_LOCK-00638,CUS-00638,FSI-00167,1,NO_LOCK,pool-1-thread-638,3859291025500,3860187709300,true,
TXN-NO_LOCK-00598,REQ-SIM-00598,SIM-NO_LOCK-00598,CUS-00598,FSI-00167,1,NO_LOCK,pool-1-thread-598,3859290026700,3860187759200,true,
TXN-NO_LOCK-00471,REQ-SIM-00471,SIM-NO_LOCK-00471,CUS-00471,FSI-00167,1,NO_LOCK,pool-1-thread-471,3859286690000,3860187822100,true,
TXN-NO_LOCK-00497,REQ-SIM-00497,SIM-NO_LOCK-00497,CUS-00497,FSI-00167,1,NO_LOCK,pool-1-thread-497,3859287322500,3860187904100,true,
TXN-NO_LOCK-00412,REQ-SIM-00412,SIM-NO_LOCK-00412,CUS-00412,FSI-00167,1,NO_LOCK,pool-1-thread-412,3859285132400,3860187937500,true,
TXN-NO_LOCK-00209,REQ-SIM-00209,SIM-NO_LOCK-00209,CUS-00209,FSI-00167,1,NO_LOCK,pool-1-thread-209,3859279111500,3860188015400,true,
TXN-NO_LOCK-00424,REQ-SIM-00424,SIM-NO_LOCK-00424,CUS-00424,FSI-00167,1,NO_LOCK,pool-1-thread-424,3859285475900,3860188085400,true,
TXN-NO_LOCK-00791,REQ-SIM-00791,SIM-NO_LOCK-00791,CUS-00791,FSI-00167,1,NO_LOCK,pool-1-thread-791,3859295211600,3860188152800,true,
TXN-NO_LOCK-00406,REQ-SIM-00406,SIM-NO_LOCK-00406,CUS-00406,FSI-00167,1,NO_LOCK,pool-1-thread-406,3859284980700,3860188244000,true,
TXN-NO_LOCK-00340,REQ-SIM-00340,SIM-NO_LOCK-00340,CUS-00340,FSI-00167,1,NO_LOCK,pool-1-thread-340,3859282988200,3860188330300,true,
TXN-NO_LOCK-00491,REQ-SIM-00491,SIM-NO_LOCK-00491,CUS-00491,FSI-00167,1,NO_LOCK,pool-1-thread-491,3859287154100,3860188328900,true,
TXN-NO_LOCK-00603,REQ-SIM-00603,SIM-NO_LOCK-00603,CUS-00603,FSI-00167,1,NO_LOCK,pool-1-thread-603,3859290127200,3860188358300,true,
TXN-NO_LOCK-00527,REQ-SIM-00527,SIM-NO_LOCK-00527,CUS-00527,FSI-00167,1,NO_LOCK,pool-1-thread-527,3859288171200,3860188440200,true,
TXN-NO_LOCK-00251,REQ-SIM-00251,SIM-NO_LOCK-00251,CUS-00251,FSI-00167,1,NO_LOCK,pool-1-thread-251,3859280400500,3860188473400,true,
TXN-NO_LOCK-00400,REQ-SIM-00400,SIM-NO_LOCK-00400,CUS-00400,FSI-00167,1,NO_LOCK,pool-1-thread-400,3859284841400,3860188595300,true,
TXN-NO_LOCK-00596,REQ-SIM-00596,SIM-NO_LOCK-00596,CUS-00596,FSI-00167,1,NO_LOCK,pool-1-thread-596,3859289991600,3860188636800,true,
TXN-NO_LOCK-00560,REQ-SIM-00560,SIM-NO_LOCK-00560,CUS-00560,FSI-00167,1,NO_LOCK,pool-1-thread-560,3859288990600,3860188674300,true,
TXN-NO_LOCK-00536,REQ-SIM-00536,SIM-NO_LOCK-00536,CUS-00536,FSI-00167,1,NO_LOCK,pool-1-thread-536,3859288363900,3860188751400,true,
TXN-NO_LOCK-00389,REQ-SIM-00389,SIM-NO_LOCK-00389,CUS-00389,FSI-00167,1,NO_LOCK,pool-1-thread-389,3859284550900,3860188798700,true,
TXN-NO_LOCK-00335,REQ-SIM-00335,SIM-NO_LOCK-00335,CUS-00335,FSI-00167,1,NO_LOCK,pool-1-thread-335,3859282891300,3860188845200,true,
TXN-NO_LOCK-00178,REQ-SIM-00178,SIM-NO_LOCK-00178,CUS-00178,FSI-00167,1,NO_LOCK,pool-1-thread-178,3859278171700,3860188916200,true,
TXN-NO_LOCK-00489,REQ-SIM-00489,SIM-NO_LOCK-00489,CUS-00489,FSI-00167,1,NO_LOCK,pool-1-thread-489,3859287111700,3860188973800,true,
TXN-NO_LOCK-00507,REQ-SIM-00507,SIM-NO_LOCK-00507,CUS-00507,FSI-00167,1,NO_LOCK,pool-1-thread-507,3859287592300,3860189075900,true,
TXN-NO_LOCK-00441,REQ-SIM-00441,SIM-NO_LOCK-00441,CUS-00441,FSI-00167,1,NO_LOCK,pool-1-thread-441,3859285874200,3860189101700,true,
TXN-NO_LOCK-00627,REQ-SIM-00627,SIM-NO_LOCK-00627,CUS-00627,FSI-00167,1,NO_LOCK,pool-1-thread-627,3859290776900,3860189145100,true,
TXN-NO_LOCK-00483,REQ-SIM-00483,SIM-NO_LOCK-00483,CUS-00483,FSI-00167,1,NO_LOCK,pool-1-thread-483,3859286957600,3860189209800,true,
TXN-NO_LOCK-00370,REQ-SIM-00370,SIM-NO_LOCK-00370,CUS-00370,FSI-00167,1,NO_LOCK,pool-1-thread-370,3859284056700,3860189306600,true,
TXN-NO_LOCK-00341,REQ-SIM-00341,SIM-NO_LOCK-00341,CUS-00341,FSI-00167,1,NO_LOCK,pool-1-thread-341,3859283006800,3860189311500,true,
TXN-NO_LOCK-00922,REQ-SIM-00922,SIM-NO_LOCK-00922,CUS-00922,FSI-00167,1,NO_LOCK,pool-1-thread-922,3859299218300,3860189371800,true,
TXN-NO_LOCK-00477,REQ-SIM-00477,SIM-NO_LOCK-00477,CUS-00477,FSI-00167,1,NO_LOCK,pool-1-thread-477,3859286817600,3860189432900,true,
TXN-NO_LOCK-00257,REQ-SIM-00257,SIM-NO_LOCK-00257,CUS-00257,FSI-00167,1,NO_LOCK,pool-1-thread-257,3859280634500,3860189492200,true,
TXN-NO_LOCK-00263,REQ-SIM-00263,SIM-NO_LOCK-00263,CUS-00263,FSI-00167,1,NO_LOCK,pool-1-thread-263,3859280814500,3860189554800,true,
TXN-NO_LOCK-00453,REQ-SIM-00453,SIM-NO_LOCK-00453,CUS-00453,FSI-00167,1,NO_LOCK,pool-1-thread-453,3859286233000,3860189613600,true,
TXN-NO_LOCK-00494,REQ-SIM-00494,SIM-NO_LOCK-00494,CUS-00494,FSI-00167,1,NO_LOCK,pool-1-thread-494,3859287225000,3860189668700,true,
TXN-NO_LOCK-00286,REQ-SIM-00286,SIM-NO_LOCK-00286,CUS-00286,FSI-00167,1,NO_LOCK,pool-1-thread-286,3859281441700,3860189745400,true,
TXN-NO_LOCK-00160,REQ-SIM-00160,SIM-NO_LOCK-00160,CUS-00160,FSI-00167,1,NO_LOCK,pool-1-thread-160,3859277806600,3860189786100,true,
TXN-NO_LOCK-00531,REQ-SIM-00531,SIM-NO_LOCK-00531,CUS-00531,FSI-00167,1,NO_LOCK,pool-1-thread-531,3859288235300,3860189837400,true,
TXN-NO_LOCK-00401,REQ-SIM-00401,SIM-NO_LOCK-00401,CUS-00401,FSI-00167,1,NO_LOCK,pool-1-thread-401,3859284878300,3860189897900,true,
TXN-NO_LOCK-00484,REQ-SIM-00484,SIM-NO_LOCK-00484,CUS-00484,FSI-00167,1,NO_LOCK,pool-1-thread-484,3859286976300,3860189964800,true,
TXN-NO_LOCK-00395,REQ-SIM-00395,SIM-NO_LOCK-00395,CUS-00395,FSI-00167,1,NO_LOCK,pool-1-thread-395,3859284712900,3860190033500,true,
TXN-NO_LOCK-00569,REQ-SIM-00569,SIM-NO_LOCK-00569,CUS-00569,FSI-00167,1,NO_LOCK,pool-1-thread-569,3859289310600,3860190094300,true,
TXN-NO_LOCK-00514,REQ-SIM-00514,SIM-NO_LOCK-00514,CUS-00514,FSI-00167,1,NO_LOCK,pool-1-thread-514,3859287835800,3860190170700,true,
TXN-NO_LOCK-00574,REQ-SIM-00574,SIM-NO_LOCK-00574,CUS-00574,FSI-00167,1,NO_LOCK,pool-1-thread-574,3859289422100,3860190189900,true,
TXN-NO_LOCK-00435,REQ-SIM-00435,SIM-NO_LOCK-00435,CUS-00435,FSI-00167,1,NO_LOCK,pool-1-thread-435,3859285746700,3860190272500,true,
TXN-NO_LOCK-00425,REQ-SIM-00425,SIM-NO_LOCK-00425,CUS-00425,FSI-00167,1,NO_LOCK,pool-1-thread-425,3859285510400,3860190372100,true,
TXN-NO_LOCK-00465,REQ-SIM-00465,SIM-NO_LOCK-00465,CUS-00465,FSI-00167,1,NO_LOCK,pool-1-thread-465,3859286582800,3860190368100,true,
TXN-NO_LOCK-00458,REQ-SIM-00458,SIM-NO_LOCK-00458,CUS-00458,FSI-00167,1,NO_LOCK,pool-1-thread-458,3859286359800,3860190435700,true,
TXN-NO_LOCK-00203,REQ-SIM-00203,SIM-NO_LOCK-00203,CUS-00203,FSI-00167,1,NO_LOCK,pool-1-thread-203,3859278935900,3860190527500,true,
TXN-NO_LOCK-00446,REQ-SIM-00446,SIM-NO_LOCK-00446,CUS-00446,FSI-00167,1,NO_LOCK,pool-1-thread-446,3859285971000,3860190571600,true,
TXN-NO_LOCK-00459,REQ-SIM-00459,SIM-NO_LOCK-00459,CUS-00459,FSI-00167,1,NO_LOCK,pool-1-thread-459,3859286433600,3860190613400,true,
TXN-NO_LOCK-00464,REQ-SIM-00464,SIM-NO_LOCK-00464,CUS-00464,FSI-00167,1,NO_LOCK,pool-1-thread-464,3859286549200,3860190660900,true,
TXN-NO_LOCK-00429,REQ-SIM-00429,SIM-NO_LOCK-00429,CUS-00429,FSI-00167,1,NO_LOCK,pool-1-thread-429,3859285574100,3860190757500,true,
TXN-NO_LOCK-00977,REQ-SIM-00977,SIM-NO_LOCK-00977,CUS-00977,FSI-00167,1,NO_LOCK,pool-1-thread-977,3859300737100,3860190794900,true,
TXN-NO_LOCK-00359,REQ-SIM-00359,SIM-NO_LOCK-00359,CUS-00359,FSI-00167,1,NO_LOCK,pool-1-thread-359,3859283668200,3860190870900,true,
TXN-NO_LOCK-00422,REQ-SIM-00422,SIM-NO_LOCK-00422,CUS-00422,FSI-00167,1,NO_LOCK,pool-1-thread-422,3859285443900,3860190904600,true,
TXN-NO_LOCK-00382,REQ-SIM-00382,SIM-NO_LOCK-00382,CUS-00382,FSI-00167,1,NO_LOCK,pool-1-thread-382,3859284429000,3860190971600,true,
TXN-NO_LOCK-00988,REQ-SIM-00988,SIM-NO_LOCK-00988,CUS-00988,FSI-00167,1,NO_LOCK,pool-1-thread-988,3859300987900,3860191050200,true,
TXN-NO_LOCK-00670,REQ-SIM-00670,SIM-NO_LOCK-00670,CUS-00670,FSI-00167,1,NO_LOCK,pool-1-thread-670,3859291982700,3860191082900,true,
TXN-NO_LOCK-00364,REQ-SIM-00364,SIM-NO_LOCK-00364,CUS-00364,FSI-00167,1,NO_LOCK,pool-1-thread-364,3859283921600,3860191146100,true,
TXN-NO_LOCK-00394,REQ-SIM-00394,SIM-NO_LOCK-00394,CUS-00394,FSI-00167,1,NO_LOCK,pool-1-thread-394,3859284693300,3860191197700,true,
TXN-NO_LOCK-00407,REQ-SIM-00407,SIM-NO_LOCK-00407,CUS-00407,FSI-00167,1,NO_LOCK,pool-1-thread-407,3859284996600,3860191255100,true,
TXN-NO_LOCK-00989,REQ-SIM-00989,SIM-NO_LOCK-00989,CUS-00989,FSI-00167,1,NO_LOCK,pool-1-thread-989,3859301032100,3860191320300,true,
TXN-NO_LOCK-00647,REQ-SIM-00647,SIM-NO_LOCK-00647,CUS-00647,FSI-00167,1,NO_LOCK,pool-1-thread-647,3859291357700,3860191465800,true,
TXN-NO_LOCK-00244,REQ-SIM-00244,SIM-NO_LOCK-00244,CUS-00244,FSI-00167,1,NO_LOCK,pool-1-thread-244,3859280206400,3860191497800,true,
TXN-NO_LOCK-00280,REQ-SIM-00280,SIM-NO_LOCK-00280,CUS-00280,FSI-00167,1,NO_LOCK,pool-1-thread-280,3859281294300,3860191541100,true,
TXN-NO_LOCK-00652,REQ-SIM-00652,SIM-NO_LOCK-00652,CUS-00652,FSI-00167,1,NO_LOCK,pool-1-thread-652,3859291468400,3860191602400,true,
TXN-NO_LOCK-00664,REQ-SIM-00664,SIM-NO_LOCK-00664,CUS-00664,FSI-00167,1,NO_LOCK,pool-1-thread-664,3859291801400,3860191683900,true,
TXN-NO_LOCK-00273,REQ-SIM-00273,SIM-NO_LOCK-00273,CUS-00273,FSI-00167,1,NO_LOCK,pool-1-thread-273,3859281100000,3860191784800,true,
TXN-NO_LOCK-00356,REQ-SIM-00356,SIM-NO_LOCK-00356,CUS-00356,FSI-00167,1,NO_LOCK,pool-1-thread-356,3859283391100,3860191784900,true,
TXN-NO_LOCK-00434,REQ-SIM-00434,SIM-NO_LOCK-00434,CUS-00434,FSI-00167,1,NO_LOCK,pool-1-thread-434,3859285727900,3860191846700,true,
TXN-NO_LOCK-00386,REQ-SIM-00386,SIM-NO_LOCK-00386,CUS-00386,FSI-00167,1,NO_LOCK,pool-1-thread-386,3859284505100,3860191922700,true,
TXN-NO_LOCK-00935,REQ-SIM-00935,SIM-NO_LOCK-00935,CUS-00935,FSI-00167,1,NO_LOCK,pool-1-thread-935,3859299671100,3860192030200,true,
TXN-NO_LOCK-00959,REQ-SIM-00959,SIM-NO_LOCK-00959,CUS-00959,FSI-00167,1,NO_LOCK,pool-1-thread-959,3859300332000,3860192039400,true,
TXN-NO_LOCK-00659,REQ-SIM-00659,SIM-NO_LOCK-00659,CUS-00659,FSI-00167,1,NO_LOCK,pool-1-thread-659,3859291696300,3860192113200,true,
TXN-NO_LOCK-00381,REQ-SIM-00381,SIM-NO_LOCK-00381,CUS-00381,FSI-00167,1,NO_LOCK,pool-1-thread-381,3859284406400,3860192228000,true,
TXN-NO_LOCK-00640,REQ-SIM-00640,SIM-NO_LOCK-00640,CUS-00640,FSI-00167,1,NO_LOCK,pool-1-thread-640,3859291132800,3860192239200,true,
TXN-NO_LOCK-00350,REQ-SIM-00350,SIM-NO_LOCK-00350,CUS-00350,FSI-00167,1,NO_LOCK,pool-1-thread-350,3859283244600,3860192372400,true,
TXN-NO_LOCK-00368,REQ-SIM-00368,SIM-NO_LOCK-00368,CUS-00368,FSI-00167,1,NO_LOCK,pool-1-thread-368,3859284003900,3860192380800,true,
TXN-NO_LOCK-00405,REQ-SIM-00405,SIM-NO_LOCK-00405,CUS-00405,FSI-00167,1,NO_LOCK,pool-1-thread-405,3859284959000,3860192439600,true,
TXN-NO_LOCK-00983,REQ-SIM-00983,SIM-NO_LOCK-00983,CUS-00983,FSI-00167,1,NO_LOCK,pool-1-thread-983,3859300894800,3860192491500,true,
TXN-NO_LOCK-00976,REQ-SIM-00976,SIM-NO_LOCK-00976,CUS-00976,FSI-00167,1,NO_LOCK,pool-1-thread-976,3859300719400,3860192607600,true,
TXN-NO_LOCK-00374,REQ-SIM-00374,SIM-NO_LOCK-00374,CUS-00374,FSI-00167,1,NO_LOCK,pool-1-thread-374,3859284178700,3860192660800,true,
TXN-NO_LOCK-00393,REQ-SIM-00393,SIM-NO_LOCK-00393,CUS-00393,FSI-00167,1,NO_LOCK,pool-1-thread-393,3859284673500,3860192673400,true,
TXN-NO_LOCK-00965,REQ-SIM-00965,SIM-NO_LOCK-00965,CUS-00965,FSI-00167,1,NO_LOCK,pool-1-thread-965,3859300466700,3860192796400,true,
TXN-NO_LOCK-00375,REQ-SIM-00375,SIM-NO_LOCK-00375,CUS-00375,FSI-00167,1,NO_LOCK,pool-1-thread-375,3859284193900,3860192852200,true,
TXN-NO_LOCK-00653,REQ-SIM-00653,SIM-NO_LOCK-00653,CUS-00653,FSI-00167,1,NO_LOCK,pool-1-thread-653,3859291495900,3860192852200,true,
TXN-NO_LOCK-00363,REQ-SIM-00363,SIM-NO_LOCK-00363,CUS-00363,FSI-00167,1,NO_LOCK,pool-1-thread-363,3859283859500,3860192923700,true,
TXN-NO_LOCK-00417,REQ-SIM-00417,SIM-NO_LOCK-00417,CUS-00417,FSI-00167,1,NO_LOCK,pool-1-thread-417,3859285259300,3860192980400,true,
TXN-NO_LOCK-00423,REQ-SIM-00423,SIM-NO_LOCK-00423,CUS-00423,FSI-00167,1,NO_LOCK,pool-1-thread-423,3859285457700,3860193048600,true,
TXN-NO_LOCK-00911,REQ-SIM-00911,SIM-NO_LOCK-00911,CUS-00911,FSI-00167,1,NO_LOCK,pool-1-thread-911,3859298759400,3860193103200,true,
TXN-NO_LOCK-00952,REQ-SIM-00952,SIM-NO_LOCK-00952,CUS-00952,FSI-00167,1,NO_LOCK,pool-1-thread-952,3859300104000,3860193149300,true,
TXN-NO_LOCK-00934,REQ-SIM-00934,SIM-NO_LOCK-00934,CUS-00934,FSI-00167,1,NO_LOCK,pool-1-thread-934,3859299656000,3860193218200,true,
TXN-NO_LOCK-00940,REQ-SIM-00940,SIM-NO_LOCK-00940,CUS-00940,FSI-00167,1,NO_LOCK,pool-1-thread-940,3859299784000,3860193288700,true,
TXN-NO_LOCK-00947,REQ-SIM-00947,SIM-NO_LOCK-00947,CUS-00947,FSI-00167,1,NO_LOCK,pool-1-thread-947,3859299997800,3860193347000,true,
TXN-NO_LOCK-00971,REQ-SIM-00971,SIM-NO_LOCK-00971,CUS-00971,FSI-00167,1,NO_LOCK,pool-1-thread-971,3859300591100,3860193415600,true,
TXN-NO_LOCK-00953,REQ-SIM-00953,SIM-NO_LOCK-00953,CUS-00953,FSI-00167,1,NO_LOCK,pool-1-thread-953,3859300197300,3860193485900,true,
TXN-NO_LOCK-00380,REQ-SIM-00380,SIM-NO_LOCK-00380,CUS-00380,FSI-00167,1,NO_LOCK,pool-1-thread-380,3859284367400,3860193531800,true,
TXN-NO_LOCK-00220,REQ-SIM-00220,SIM-NO_LOCK-00220,CUS-00220,FSI-00167,1,NO_LOCK,pool-1-thread-220,3859279453400,3860193602100,true,
TXN-NO_LOCK-00404,REQ-SIM-00404,SIM-NO_LOCK-00404,CUS-00404,FSI-00167,1,NO_LOCK,pool-1-thread-404,3859284948600,3860193681600,true,
TXN-NO_LOCK-00357,REQ-SIM-00357,SIM-NO_LOCK-00357,CUS-00357,FSI-00167,1,NO_LOCK,pool-1-thread-357,3859283443800,3860193735300,true,
TXN-NO_LOCK-00392,REQ-SIM-00392,SIM-NO_LOCK-00392,CUS-00392,FSI-00167,1,NO_LOCK,pool-1-thread-392,3859284657800,3860193768600,true,
TXN-NO_LOCK-00869,REQ-SIM-00869,SIM-NO_LOCK-00869,CUS-00869,FSI-00167,1,NO_LOCK,pool-1-thread-869,3859297502700,3860193811200,true,
TXN-NO_LOCK-00399,REQ-SIM-00399,SIM-NO_LOCK-00399,CUS-00399,FSI-00167,1,NO_LOCK,pool-1-thread-399,3859284826200,3860193911600,true,
TXN-NO_LOCK-00428,REQ-SIM-00428,SIM-NO_LOCK-00428,CUS-00428,FSI-00167,1,NO_LOCK,pool-1-thread-428,3859285561700,3860193926700,true,
TXN-NO_LOCK-00899,REQ-SIM-00899,SIM-NO_LOCK-00899,CUS-00899,FSI-00167,1,NO_LOCK,pool-1-thread-899,3859298328500,3860194007200,true,
TXN-NO_LOCK-00362,REQ-SIM-00362,SIM-NO_LOCK-00362,CUS-00362,FSI-00167,1,NO_LOCK,pool-1-thread-362,3859283827400,3860194060200,true,
TXN-NO_LOCK-00887,REQ-SIM-00887,SIM-NO_LOCK-00887,CUS-00887,FSI-00167,1,NO_LOCK,pool-1-thread-887,3859297980700,3860194157800,true,
TXN-NO_LOCK-00982,REQ-SIM-00982,SIM-NO_LOCK-00982,CUS-00982,FSI-00167,1,NO_LOCK,pool-1-thread-982,3859300826600,3860194158800,true,
TXN-NO_LOCK-00880,REQ-SIM-00880,SIM-NO_LOCK-00880,CUS-00880,FSI-00167,1,NO_LOCK,pool-1-thread-880,3859297764100,3860194210200,true,
TXN-NO_LOCK-00261,REQ-SIM-00261,SIM-NO_LOCK-00261,CUS-00261,FSI-00167,1,NO_LOCK,pool-1-thread-261,3859280706100,3860194293000,true,
TXN-NO_LOCK-00266,REQ-SIM-00266,SIM-NO_LOCK-00266,CUS-00266,FSI-00167,1,NO_LOCK,pool-1-thread-266,3859280895000,3860194346800,true,
TXN-NO_LOCK-00254,REQ-SIM-00254,SIM-NO_LOCK-00254,CUS-00254,FSI-00167,1,NO_LOCK,pool-1-thread-254,3859280581300,3860194403300,true,
TXN-NO_LOCK-00886,REQ-SIM-00886,SIM-NO_LOCK-00886,CUS-00886,FSI-00167,1,NO_LOCK,pool-1-thread-886,3859297941400,3860194499500,true,
TXN-NO_LOCK-00303,REQ-SIM-00303,SIM-NO_LOCK-00303,CUS-00303,FSI-00167,1,NO_LOCK,pool-1-thread-303,3859281929200,3860194497800,true,
TXN-NO_LOCK-00875,REQ-SIM-00875,SIM-NO_LOCK-00875,CUS-00875,FSI-00167,1,NO_LOCK,pool-1-thread-875,3859297644900,3860194569100,true,
TXN-NO_LOCK-00850,REQ-SIM-00850,SIM-NO_LOCK-00850,CUS-00850,FSI-00167,1,NO_LOCK,pool-1-thread-850,3859297035500,3860194617400,true,
TXN-NO_LOCK-00297,REQ-SIM-00297,SIM-NO_LOCK-00297,CUS-00297,FSI-00167,1,NO_LOCK,pool-1-thread-297,3859281755600,3860194685600,true,
TXN-NO_LOCK-00893,REQ-SIM-00893,SIM-NO_LOCK-00893,CUS-00893,FSI-00167,1,NO_LOCK,pool-1-thread-893,3859298158800,3860194711000,true,
TXN-NO_LOCK-00278,REQ-SIM-00278,SIM-NO_LOCK-00278,CUS-00278,FSI-00167,1,NO_LOCK,pool-1-thread-278,3859281252500,3860194775600,true,
TXN-NO_LOCK-00387,REQ-SIM-00387,SIM-NO_LOCK-00387,CUS-00387,FSI-00167,1,NO_LOCK,pool-1-thread-387,3859284522700,3860194837500,true,
TXN-NO_LOCK-00369,REQ-SIM-00369,SIM-NO_LOCK-00369,CUS-00369,FSI-00167,1,NO_LOCK,pool-1-thread-369,3859284027300,3860194880300,true,
TXN-NO_LOCK-00881,REQ-SIM-00881,SIM-NO_LOCK-00881,CUS-00881,FSI-00167,1,NO_LOCK,pool-1-thread-881,3859297777900,3860194970000,true,
TXN-NO_LOCK-00868,REQ-SIM-00868,SIM-NO_LOCK-00868,CUS-00868,FSI-00167,1,NO_LOCK,pool-1-thread-868,3859297487800,3860194978700,true,
TXN-NO_LOCK-00201,REQ-SIM-00201,SIM-NO_LOCK-00201,CUS-00201,FSI-00167,1,NO_LOCK,pool-1-thread-201,3859278812400,3860195037700,true,
TXN-NO_LOCK-00500,REQ-SIM-00500,SIM-NO_LOCK-00500,CUS-00500,FSI-00167,1,NO_LOCK,pool-1-thread-500,3859287373100,3860195094900,true,
TXN-NO_LOCK-00941,REQ-SIM-00941,SIM-NO_LOCK-00941,CUS-00941,FSI-00167,1,NO_LOCK,pool-1-thread-941,3859299841700,3860195130100,true,
TXN-NO_LOCK-00884,REQ-SIM-00884,SIM-NO_LOCK-00884,CUS-00884,FSI-00167,1,NO_LOCK,pool-1-thread-884,3859297838400,3860195219800,true,
TXN-NO_LOCK-00255,REQ-SIM-00255,SIM-NO_LOCK-00255,CUS-00255,FSI-00167,1,NO_LOCK,pool-1-thread-255,3859280600600,3860195248700,true,
TXN-NO_LOCK-00416,REQ-SIM-00416,SIM-NO_LOCK-00416,CUS-00416,FSI-00167,1,NO_LOCK,pool-1-thread-416,3859285241700,3860195302100,true,
TXN-NO_LOCK-00291,REQ-SIM-00291,SIM-NO_LOCK-00291,CUS-00291,FSI-00167,1,NO_LOCK,pool-1-thread-291,3859281538300,3860195369400,true,
TXN-NO_LOCK-00338,REQ-SIM-00338,SIM-NO_LOCK-00338,CUS-00338,FSI-00167,1,NO_LOCK,pool-1-thread-338,3859282948700,3860195408300,true,
TXN-NO_LOCK-00929,REQ-SIM-00929,SIM-NO_LOCK-00929,CUS-00929,FSI-00167,1,NO_LOCK,pool-1-thread-929,3859299562100,3860195505300,true,
TXN-NO_LOCK-00267,REQ-SIM-00267,SIM-NO_LOCK-00267,CUS-00267,FSI-00167,1,NO_LOCK,pool-1-thread-267,3859280916700,3860195561300,true,
TXN-NO_LOCK-00945,REQ-SIM-00945,SIM-NO_LOCK-00945,CUS-00945,FSI-00167,1,NO_LOCK,pool-1-thread-945,3859299921500,3860195602200,true,
TXN-NO_LOCK-00410,REQ-SIM-00410,SIM-NO_LOCK-00410,CUS-00410,FSI-00167,1,NO_LOCK,pool-1-thread-410,3859285074500,3860195645500,true,
TXN-NO_LOCK-00826,REQ-SIM-00826,SIM-NO_LOCK-00826,CUS-00826,FSI-00167,1,NO_LOCK,pool-1-thread-826,3859296317100,3860195732100,true,
TXN-NO_LOCK-00898,REQ-SIM-00898,SIM-NO_LOCK-00898,CUS-00898,FSI-00167,1,NO_LOCK,pool-1-thread-898,3859298277200,3860195836600,true,
TXN-NO_LOCK-00923,REQ-SIM-00923,SIM-NO_LOCK-00923,CUS-00923,FSI-00167,1,NO_LOCK,pool-1-thread-923,3859299269800,3860195842100,true,
TXN-NO_LOCK-00874,REQ-SIM-00874,SIM-NO_LOCK-00874,CUS-00874,FSI-00167,1,NO_LOCK,pool-1-thread-874,3859297626900,3860195900800,true,
TXN-NO_LOCK-00260,REQ-SIM-00260,SIM-NO_LOCK-00260,CUS-00260,FSI-00167,1,NO_LOCK,pool-1-thread-260,3859280689900,3860195962100,true,
TXN-NO_LOCK-00339,REQ-SIM-00339,SIM-NO_LOCK-00339,CUS-00339,FSI-00167,1,NO_LOCK,pool-1-thread-339,3859282967700,3860196019400,true,
TXN-NO_LOCK-00840,REQ-SIM-00840,SIM-NO_LOCK-00840,CUS-00840,FSI-00167,1,NO_LOCK,pool-1-thread-840,3859296726800,3860196073800,true,
TXN-NO_LOCK-00821,REQ-SIM-00821,SIM-NO_LOCK-00821,CUS-00821,FSI-00167,1,NO_LOCK,pool-1-thread-821,3859296144000,3860196129400,true,
TXN-NO_LOCK-00513,REQ-SIM-00513,SIM-NO_LOCK-00513,CUS-00513,FSI-00167,1,NO_LOCK,pool-1-thread-513,3859287799800,3860196178900,true,
TXN-NO_LOCK-00660,REQ-SIM-00660,SIM-NO_LOCK-00660,CUS-00660,FSI-00167,1,NO_LOCK,pool-1-thread-660,3859291726500,3860196233600,true,
TXN-NO_LOCK-00716,REQ-SIM-00716,SIM-NO_LOCK-00716,CUS-00716,FSI-00167,1,NO_LOCK,pool-1-thread-716,3859293257400,3860196358300,true,
TXN-NO_LOCK-00796,REQ-SIM-00796,SIM-NO_LOCK-00796,CUS-00796,FSI-00167,1,NO_LOCK,pool-1-thread-796,3859295452500,3860196356300,true,
TXN-NO_LOCK-00946,REQ-SIM-00946,SIM-NO_LOCK-00946,CUS-00946,FSI-00167,1,NO_LOCK,pool-1-thread-946,3859299939500,3860196432000,true,
TXN-NO_LOCK-00797,REQ-SIM-00797,SIM-NO_LOCK-00797,CUS-00797,FSI-00167,1,NO_LOCK,pool-1-thread-797,3859295516400,3860196507500,true,
TXN-NO_LOCK-00803,REQ-SIM-00803,SIM-NO_LOCK-00803,CUS-00803,FSI-00167,1,NO_LOCK,pool-1-thread-803,3859295669700,3860196549900,true,
TXN-NO_LOCK-00905,REQ-SIM-00905,SIM-NO_LOCK-00905,CUS-00905,FSI-00167,1,NO_LOCK,pool-1-thread-905,3859298563300,3860196591500,true,
TXN-NO_LOCK-00290,REQ-SIM-00290,SIM-NO_LOCK-00290,CUS-00290,FSI-00167,1,NO_LOCK,pool-1-thread-290,3859281523800,3860196698200,true,
TXN-NO_LOCK-00421,REQ-SIM-00421,SIM-NO_LOCK-00421,CUS-00421,FSI-00167,1,NO_LOCK,pool-1-thread-421,3859285424600,3860196741900,true,
TXN-NO_LOCK-00746,REQ-SIM-00746,SIM-NO_LOCK-00746,CUS-00746,FSI-00167,1,NO_LOCK,pool-1-thread-746,3859294168100,3860196812800,true,
TXN-NO_LOCK-00999,REQ-SIM-00999,SIM-NO_LOCK-00999,CUS-00999,FSI-00167,1,NO_LOCK,pool-1-thread-999,3859301283200,3860196857100,true,
TXN-NO_LOCK-00758,REQ-SIM-00758,SIM-NO_LOCK-00758,CUS-00758,FSI-00167,1,NO_LOCK,pool-1-thread-758,3859294443000,3860196911000,true,
TXN-NO_LOCK-00692,REQ-SIM-00692,SIM-NO_LOCK-00692,CUS-00692,FSI-00167,1,NO_LOCK,pool-1-thread-692,3859292625700,3860196960200,true,
TXN-NO_LOCK-00687,REQ-SIM-00687,SIM-NO_LOCK-00687,CUS-00687,FSI-00167,1,NO_LOCK,pool-1-thread-687,3859292446100,3860197005400,true,
TXN-NO_LOCK-00611,REQ-SIM-00611,SIM-NO_LOCK-00611,CUS-00611,FSI-00167,1,NO_LOCK,pool-1-thread-611,3859290309800,3860197067200,true,
TXN-NO_LOCK-00717,REQ-SIM-00717,SIM-NO_LOCK-00717,CUS-00717,FSI-00167,1,NO_LOCK,pool-1-thread-717,3859293272700,3860197123500,true,
TXN-NO_LOCK-00779,REQ-SIM-00779,SIM-NO_LOCK-00779,CUS-00779,FSI-00167,1,NO_LOCK,pool-1-thread-779,3859294946000,3860197228000,true,
TXN-NO_LOCK-00296,REQ-SIM-00296,SIM-NO_LOCK-00296,CUS-00296,FSI-00167,1,NO_LOCK,pool-1-thread-296,3859281715100,3860197236400,true,
TXN-NO_LOCK-00851,REQ-SIM-00851,SIM-NO_LOCK-00851,CUS-00851,FSI-00167,1,NO_LOCK,pool-1-thread-851,3859297055200,3860197297300,true,
TXN-NO_LOCK-00163,REQ-SIM-00163,SIM-NO_LOCK-00163,CUS-00163,FSI-00167,1,NO_LOCK,pool-1-thread-163,3859277862700,3860197366300,true,
TXN-NO_LOCK-00270,REQ-SIM-00270,SIM-NO_LOCK-00270,CUS-00270,FSI-00167,1,NO_LOCK,pool-1-thread-270,3859281021900,3860197402800,true,
TXN-NO_LOCK-00437,REQ-SIM-00437,SIM-NO_LOCK-00437,CUS-00437,FSI-00167,1,NO_LOCK,pool-1-thread-437,3859285780000,3860197484000,true,
TXN-NO_LOCK-00958,REQ-SIM-00958,SIM-NO_LOCK-00958,CUS-00958,FSI-00167,1,NO_LOCK,pool-1-thread-958,3859300307800,3860197562000,true,
TXN-NO_LOCK-00790,REQ-SIM-00790,SIM-NO_LOCK-00790,CUS-00790,FSI-00167,1,NO_LOCK,pool-1-thread-790,3859295182100,3860197569900,true,
TXN-NO_LOCK-00657,REQ-SIM-00657,SIM-NO_LOCK-00657,CUS-00657,FSI-00167,1,NO_LOCK,pool-1-thread-657,3859291643800,3860197618100,true,
TXN-NO_LOCK-00777,REQ-SIM-00777,SIM-NO_LOCK-00777,CUS-00777,FSI-00167,1,NO_LOCK,pool-1-thread-777,3859294861500,3860197697400,true,
TXN-NO_LOCK-00897,REQ-SIM-00897,SIM-NO_LOCK-00897,CUS-00897,FSI-00167,1,NO_LOCK,pool-1-thread-897,3859298264500,3860197741900,true,
TXN-NO_LOCK-00371,REQ-SIM-00371,SIM-NO_LOCK-00371,CUS-00371,FSI-00167,1,NO_LOCK,pool-1-thread-371,3859284112100,3860197788700,true,
TXN-NO_LOCK-00856,REQ-SIM-00856,SIM-NO_LOCK-00856,CUS-00856,FSI-00167,1,NO_LOCK,pool-1-thread-856,3859297211800,3860197857800,true,
TXN-NO_LOCK-00838,REQ-SIM-00838,SIM-NO_LOCK-00838,CUS-00838,FSI-00167,1,NO_LOCK,pool-1-thread-838,3859296692100,3860197880200,true,
TXN-NO_LOCK-00418,REQ-SIM-00418,SIM-NO_LOCK-00418,CUS-00418,FSI-00167,1,NO_LOCK,pool-1-thread-418,3859285295700,3860197954000,true,
TXN-NO_LOCK-00532,REQ-SIM-00532,SIM-NO_LOCK-00532,CUS-00532,FSI-00167,1,NO_LOCK,pool-1-thread-532,3859288249900,3860198053100,true,
TXN-NO_LOCK-00436,REQ-SIM-00436,SIM-NO_LOCK-00436,CUS-00436,FSI-00167,1,NO_LOCK,pool-1-thread-436,3859285764800,3860198072100,true,
TXN-NO_LOCK-00960,REQ-SIM-00960,SIM-NO_LOCK-00960,CUS-00960,FSI-00167,1,NO_LOCK,pool-1-thread-960,3859300350100,3860198147100,true,
TXN-NO_LOCK-00289,REQ-SIM-00289,SIM-NO_LOCK-00289,CUS-00289,FSI-00167,1,NO_LOCK,pool-1-thread-289,3859281491800,3860198197300,true,
TXN-NO_LOCK-00454,REQ-SIM-00454,SIM-NO_LOCK-00454,CUS-00454,FSI-00167,1,NO_LOCK,pool-1-thread-454,3859286272000,3860198225600,true,
TXN-NO_LOCK-00992,REQ-SIM-00992,SIM-NO_LOCK-00992,CUS-00992,FSI-00167,1,NO_LOCK,pool-1-thread-992,3859301103700,3860198333300,true,
TXN-NO_LOCK-00809,REQ-SIM-00809,SIM-NO_LOCK-00809,CUS-00809,FSI-00167,1,NO_LOCK,pool-1-thread-809,3859295789500,3860198334900,true,
TXN-NO_LOCK-00636,REQ-SIM-00636,SIM-NO_LOCK-00636,CUS-00636,FSI-00167,1,NO_LOCK,pool-1-thread-636,3859290992600,3860198404900,true,
TXN-NO_LOCK-00815,REQ-SIM-00815,SIM-NO_LOCK-00815,CUS-00815,FSI-00167,1,NO_LOCK,pool-1-thread-815,3859295908900,3860198522300,true,
TXN-NO_LOCK-00785,REQ-SIM-00785,SIM-NO_LOCK-00785,CUS-00785,FSI-00167,1,NO_LOCK,pool-1-thread-785,3859295082600,3860198592800,true,
TXN-NO_LOCK-00832,REQ-SIM-00832,SIM-NO_LOCK-00832,CUS-00832,FSI-00167,1,NO_LOCK,pool-1-thread-832,3859296481900,3860198597300,true,
TXN-NO_LOCK-00440,REQ-SIM-00440,SIM-NO_LOCK-00440,CUS-00440,FSI-00167,1,NO_LOCK,pool-1-thread-440,3859285842700,3860198671700,true,
TXN-NO_LOCK-00778,REQ-SIM-00778,SIM-NO_LOCK-00778,CUS-00778,FSI-00167,1,NO_LOCK,pool-1-thread-778,3859294886000,3860198750400,true,
TXN-NO_LOCK-00773,REQ-SIM-00773,SIM-NO_LOCK-00773,CUS-00773,FSI-00167,1,NO_LOCK,pool-1-thread-773,3859294767200,3860198805600,true,
TXN-NO_LOCK-00998,REQ-SIM-00998,SIM-NO_LOCK-00998,CUS-00998,FSI-00167,1,NO_LOCK,pool-1-thread-998,3859301258400,3860198869300,true,
TXN-NO_LOCK-00837,REQ-SIM-00837,SIM-NO_LOCK-00837,CUS-00837,FSI-00167,1,NO_LOCK,pool-1-thread-837,3859296673600,3860198925800,true,
TXN-NO_LOCK-00519,REQ-SIM-00519,SIM-NO_LOCK-00519,CUS-00519,FSI-00167,1,NO_LOCK,pool-1-thread-519,3859287963300,3860199022500,true,
TXN-NO_LOCK-00969,REQ-SIM-00969,SIM-NO_LOCK-00969,CUS-00969,FSI-00167,1,NO_LOCK,pool-1-thread-969,3859300544000,3860199053300,true,
TXN-NO_LOCK-00845,REQ-SIM-00845,SIM-NO_LOCK-00845,CUS-00845,FSI-00167,1,NO_LOCK,pool-1-thread-845,3859296885700,3860199163900,true,
TXN-NO_LOCK-00833,REQ-SIM-00833,SIM-NO_LOCK-00833,CUS-00833,FSI-00167,1,NO_LOCK,pool-1-thread-833,3859296494000,3860199164800,true,
TXN-NO_LOCK-00587,REQ-SIM-00587,SIM-NO_LOCK-00587,CUS-00587,FSI-00167,1,NO_LOCK,pool-1-thread-587,3859289741900,3860199203200,true,
TXN-NO_LOCK-00939,REQ-SIM-00939,SIM-NO_LOCK-00939,CUS-00939,FSI-00167,1,NO_LOCK,pool-1-thread-939,3859299764800,3860199297600,true,
TXN-NO_LOCK-00814,REQ-SIM-00814,SIM-NO_LOCK-00814,CUS-00814,FSI-00167,1,NO_LOCK,pool-1-thread-814,3859295891200,3860199308100,true,
TXN-NO_LOCK-00488,REQ-SIM-00488,SIM-NO_LOCK-00488,CUS-00488,FSI-00167,1,NO_LOCK,pool-1-thread-488,3859287099500,3860199382400,true,
TXN-NO_LOCK-00808,REQ-SIM-00808,SIM-NO_LOCK-00808,CUS-00808,FSI-00167,1,NO_LOCK,pool-1-thread-808,3859295765300,3860199431700,true,
TXN-NO_LOCK-00825,REQ-SIM-00825,SIM-NO_LOCK-00825,CUS-00825,FSI-00167,1,NO_LOCK,pool-1-thread-825,3859296292000,3860199533400,true,
TXN-NO_LOCK-00442,REQ-SIM-00442,SIM-NO_LOCK-00442,CUS-00442,FSI-00167,1,NO_LOCK,pool-1-thread-442,3859285899100,3860199568000,true,
TXN-NO_LOCK-00802,REQ-SIM-00802,SIM-NO_LOCK-00802,CUS-00802,FSI-00167,1,NO_LOCK,pool-1-thread-802,3859295645900,3860199617600,true,
TXN-NO_LOCK-00520,REQ-SIM-00520,SIM-NO_LOCK-00520,CUS-00520,FSI-00167,1,NO_LOCK,pool-1-thread-520,3859287978400,3860199676700,true,
TXN-NO_LOCK-00863,REQ-SIM-00863,SIM-NO_LOCK-00863,CUS-00863,FSI-00167,1,NO_LOCK,pool-1-thread-863,3859297387900,3860199731300,true,
TXN-NO_LOCK-00847,REQ-SIM-00847,SIM-NO_LOCK-00847,CUS-00847,FSI-00167,1,NO_LOCK,pool-1-thread-847,3859296921000,3860199808600,true,
TXN-NO_LOCK-00928,REQ-SIM-00928,SIM-NO_LOCK-00928,CUS-00928,FSI-00167,1,NO_LOCK,pool-1-thread-928,3859299442500,3860199846700,true,
TXN-NO_LOCK-00705,REQ-SIM-00705,SIM-NO_LOCK-00705,CUS-00705,FSI-00167,1,NO_LOCK,pool-1-thread-705,3859292966500,3860199905300,true,
TXN-NO_LOCK-00467,REQ-SIM-00467,SIM-NO_LOCK-00467,CUS-00467,FSI-00167,1,NO_LOCK,pool-1-thread-467,3859286611600,3860199987400,true,
TXN-NO_LOCK-00461,REQ-SIM-00461,SIM-NO_LOCK-00461,CUS-00461,FSI-00167,1,NO_LOCK,pool-1-thread-461,3859286473000,3860200054300,true,
TXN-NO_LOCK-00910,REQ-SIM-00910,SIM-NO_LOCK-00910,CUS-00910,FSI-00167,1,NO_LOCK,pool-1-thread-910,3859298667300,3860200100900,true,
TXN-NO_LOCK-00711,REQ-SIM-00711,SIM-NO_LOCK-00711,CUS-00711,FSI-00167,1,NO_LOCK,pool-1-thread-711,3859293140700,3860200183500,true,
TXN-NO_LOCK-00306,REQ-SIM-00306,SIM-NO_LOCK-00306,CUS-00306,FSI-00167,1,NO_LOCK,pool-1-thread-306,3859282030700,3860200266200,true,
TXN-NO_LOCK-00819,REQ-SIM-00819,SIM-NO_LOCK-00819,CUS-00819,FSI-00167,1,NO_LOCK,pool-1-thread-819,3859296094600,3860200304500,true,
TXN-NO_LOCK-00786,REQ-SIM-00786,SIM-NO_LOCK-00786,CUS-00786,FSI-00167,1,NO_LOCK,pool-1-thread-786,3859295114100,3860200339500,true,
TXN-NO_LOCK-00844,REQ-SIM-00844,SIM-NO_LOCK-00844,CUS-00844,FSI-00167,1,NO_LOCK,pool-1-thread-844,3859296867300,3860200399800,true,
TXN-NO_LOCK-00396,REQ-SIM-00396,SIM-NO_LOCK-00396,CUS-00396,FSI-00167,1,NO_LOCK,pool-1-thread-396,3859284783500,3860200459100,true,
TXN-NO_LOCK-00631,REQ-SIM-00631,SIM-NO_LOCK-00631,CUS-00631,FSI-00167,1,NO_LOCK,pool-1-thread-631,3859290848300,3860200519200,true,
TXN-NO_LOCK-00451,REQ-SIM-00451,SIM-NO_LOCK-00451,CUS-00451,FSI-00167,1,NO_LOCK,pool-1-thread-451,3859286173100,3860200574100,true,
TXN-NO_LOCK-00605,REQ-SIM-00605,SIM-NO_LOCK-00605,CUS-00605,FSI-00167,1,NO_LOCK,pool-1-thread-605,3859290203000,3860200623400,true,
TXN-NO_LOCK-00190,REQ-SIM-00190,SIM-NO_LOCK-00190,CUS-00190,FSI-00167,1,NO_LOCK,pool-1-thread-190,3859278463300,3860200709400,true,
TXN-NO_LOCK-00460,REQ-SIM-00460,SIM-NO_LOCK-00460,CUS-00460,FSI-00167,1,NO_LOCK,pool-1-thread-460,3859286451400,3860200721400,true,
TXN-NO_LOCK-00081,REQ-SIM-00081,SIM-NO_LOCK-00081,CUS-00081,FSI-00167,1,NO_LOCK,pool-1-thread-81,3859274433000,3860200826300,true,
TXN-NO_LOCK-00258,REQ-SIM-00258,SIM-NO_LOCK-00258,CUS-00258,FSI-00167,1,NO_LOCK,pool-1-thread-258,3859280650900,3860200837100,true,
TXN-NO_LOCK-00326,REQ-SIM-00326,SIM-NO_LOCK-00326,CUS-00326,FSI-00167,1,NO_LOCK,pool-1-thread-326,3859282547100,3860200882000,true,
TXN-NO_LOCK-00171,REQ-SIM-00171,SIM-NO_LOCK-00171,CUS-00171,FSI-00167,1,NO_LOCK,pool-1-thread-171,3859278021300,3860200946900,true,
TXN-NO_LOCK-00200,REQ-SIM-00200,SIM-NO_LOCK-00200,CUS-00200,FSI-00167,1,NO_LOCK,pool-1-thread-200,3859278793600,3860201010500,true,
TXN-NO_LOCK-00247,REQ-SIM-00247,SIM-NO_LOCK-00247,CUS-00247,FSI-00167,1,NO_LOCK,pool-1-thread-247,3859280496700,3860201070600,true,
TXN-NO_LOCK-00213,REQ-SIM-00213,SIM-NO_LOCK-00213,CUS-00213,FSI-00167,1,NO_LOCK,pool-1-thread-213,3859279280700,3860201118200,true,
TXN-NO_LOCK-00917,REQ-SIM-00917,SIM-NO_LOCK-00917,CUS-00917,FSI-00167,1,NO_LOCK,pool-1-thread-917,3859299087600,3860201159800,true,
TXN-NO_LOCK-00397,REQ-SIM-00397,SIM-NO_LOCK-00397,CUS-00397,FSI-00167,1,NO_LOCK,pool-1-thread-397,3859284772100,3860201235100,true,
TXN-NO_LOCK-00010,REQ-SIM-00010,SIM-NO_LOCK-00010,CUS-00010,FSI-00167,1,NO_LOCK,pool-1-thread-10,3859272888700,3860201283400,true,
TXN-NO_LOCK-00214,REQ-SIM-00214,SIM-NO_LOCK-00214,CUS-00214,FSI-00167,1,NO_LOCK,pool-1-thread-214,3859279302900,3860201374200,true,
TXN-NO_LOCK-00916,REQ-SIM-00916,SIM-NO_LOCK-00916,CUS-00916,FSI-00167,1,NO_LOCK,pool-1-thread-916,3859299038600,3860201380000,true,
TXN-NO_LOCK-00046,REQ-SIM-00046,SIM-NO_LOCK-00046,CUS-00046,FSI-00167,1,NO_LOCK,pool-1-thread-46,3859273556900,3860201429600,true,
TXN-NO_LOCK-00253,REQ-SIM-00253,SIM-NO_LOCK-00253,CUS-00253,FSI-00167,1,NO_LOCK,pool-1-thread-253,3859280542000,3860201480400,true,
TXN-NO_LOCK-00091,REQ-SIM-00091,SIM-NO_LOCK-00091,CUS-00091,FSI-00167,1,NO_LOCK,pool-1-thread-91,3859275169400,3860201542400,true,
TXN-NO_LOCK-00135,REQ-SIM-00135,SIM-NO_LOCK-00135,CUS-00135,FSI-00167,1,NO_LOCK,pool-1-thread-135,3859277236800,3860201599800,true,
TXN-NO_LOCK-00274,REQ-SIM-00274,SIM-NO_LOCK-00274,CUS-00274,FSI-00167,1,NO_LOCK,pool-1-thread-274,3859281085100,3860201690100,true,
TXN-NO_LOCK-00192,REQ-SIM-00192,SIM-NO_LOCK-00192,CUS-00192,FSI-00167,1,NO_LOCK,pool-1-thread-192,3859278525200,3860201731100,true,
TXN-NO_LOCK-00175,REQ-SIM-00175,SIM-NO_LOCK-00175,CUS-00175,FSI-00167,1,NO_LOCK,pool-1-thread-175,3859278100100,3860201805200,true,
TXN-NO_LOCK-00199,REQ-SIM-00199,SIM-NO_LOCK-00199,CUS-00199,FSI-00167,1,NO_LOCK,pool-1-thread-199,3859278774300,3860201838100,true,
TXN-NO_LOCK-00017,REQ-SIM-00017,SIM-NO_LOCK-00017,CUS-00017,FSI-00167,1,NO_LOCK,pool-1-thread-17,3859273008900,3860201888400,true,
TXN-NO_LOCK-00103,REQ-SIM-00103,SIM-NO_LOCK-00103,CUS-00103,FSI-00167,1,NO_LOCK,pool-1-thread-103,3859276025600,3860201969600,true,
TXN-NO_LOCK-00089,REQ-SIM-00089,SIM-NO_LOCK-00089,CUS-00089,FSI-00167,1,NO_LOCK,pool-1-thread-89,3859275113800,3860202001400,true,
TXN-NO_LOCK-00011,REQ-SIM-00011,SIM-NO_LOCK-00011,CUS-00011,FSI-00167,1,NO_LOCK,pool-1-thread-11,3859272909800,3860202055300,true,
TXN-NO_LOCK-00316,REQ-SIM-00316,SIM-NO_LOCK-00316,CUS-00316,FSI-00167,1,NO_LOCK,pool-1-thread-316,3859282301900,3860202126700,true,
TXN-NO_LOCK-00284,REQ-SIM-00284,SIM-NO_LOCK-00284,CUS-00284,FSI-00167,1,NO_LOCK,pool-1-thread-284,3859281394100,3860202180000,true,
TXN-NO_LOCK-00232,REQ-SIM-00232,SIM-NO_LOCK-00232,CUS-00232,FSI-00167,1,NO_LOCK,pool-1-thread-232,3859279882700,3860202231400,true,
TXN-NO_LOCK-00226,REQ-SIM-00226,SIM-NO_LOCK-00226,CUS-00226,FSI-00167,1,NO_LOCK,pool-1-thread-226,3859279698800,3860202300300,true,
TXN-NO_LOCK-00106,REQ-SIM-00106,SIM-NO_LOCK-00106,CUS-00106,FSI-00167,1,NO_LOCK,pool-1-thread-106,3859276273400,3860202340400,true,
TXN-NO_LOCK-00250,REQ-SIM-00250,SIM-NO_LOCK-00250,CUS-00250,FSI-00167,1,NO_LOCK,pool-1-thread-250,3859280473000,3860202392200,true,
TXN-NO_LOCK-00136,REQ-SIM-00136,SIM-NO_LOCK-00136,CUS-00136,FSI-00167,1,NO_LOCK,pool-1-thread-136,3859277258900,3860202465800,true,
TXN-NO_LOCK-00026,REQ-SIM-00026,SIM-NO_LOCK-00026,CUS-00026,FSI-00167,1,NO_LOCK,pool-1-thread-26,3859273254600,3860202497300,true,
TXN-NO_LOCK-00122,REQ-SIM-00122,SIM-NO_LOCK-00122,CUS-00122,FSI-00167,1,NO_LOCK,pool-1-thread-122,3859276855300,3860202548200,true,
TXN-NO_LOCK-00054,REQ-SIM-00054,SIM-NO_LOCK-00054,CUS-00054,FSI-00167,1,NO_LOCK,pool-1-thread-54,3859273671600,3860202628600,true,
TXN-NO_LOCK-00343,REQ-SIM-00343,SIM-NO_LOCK-00343,CUS-00343,FSI-00167,1,NO_LOCK,pool-1-thread-343,3859283043300,3860202660500,true,
TXN-NO_LOCK-00033,REQ-SIM-00033,SIM-NO_LOCK-00033,CUS-00033,FSI-00167,1,NO_LOCK,pool-1-thread-33,3859273316100,3860202722500,true,
TXN-NO_LOCK-00070,REQ-SIM-00070,SIM-NO_LOCK-00070,CUS-00070,FSI-00167,1,NO_LOCK,pool-1-thread-70,3859273926200,3860202807500,true,
TXN-NO_LOCK-00034,REQ-SIM-00034,SIM-NO_LOCK-00034,CUS-00034,FSI-00167,1,NO_LOCK,pool-1-thread-34,3859273328000,3860202801100,true,
TXN-NO_LOCK-00069,REQ-SIM-00069,SIM-NO_LOCK-00069,CUS-00069,FSI-00167,1,NO_LOCK,pool-1-thread-69,3859273906400,3860202854700,true,
TXN-NO_LOCK-00063,REQ-SIM-00063,SIM-NO_LOCK-00063,CUS-00063,FSI-00167,1,NO_LOCK,pool-1-thread-63,3859273970200,3860202934300,true,
TXN-NO_LOCK-00143,REQ-SIM-00143,SIM-NO_LOCK-00143,CUS-00143,FSI-00167,1,NO_LOCK,pool-1-thread-143,3859277434200,3860203004000,true,
TXN-NO_LOCK-00087,REQ-SIM-00087,SIM-NO_LOCK-00087,CUS-00087,FSI-00167,1,NO_LOCK,pool-1-thread-87,3859274908200,3860203053900,true,
TXN-NO_LOCK-00320,REQ-SIM-00320,SIM-NO_LOCK-00320,CUS-00320,FSI-00167,1,NO_LOCK,pool-1-thread-320,3859282373300,3860203109500,true,
TXN-NO_LOCK-00006,REQ-SIM-00006,SIM-NO_LOCK-00006,CUS-00006,FSI-00167,1,NO_LOCK,pool-1-thread-6,3859272851000,3860203197400,true,
TXN-NO_LOCK-00223,REQ-SIM-00223,SIM-NO_LOCK-00223,CUS-00223,FSI-00167,1,NO_LOCK,pool-1-thread-223,3859279555000,3860203217700,true,
TXN-NO_LOCK-00218,REQ-SIM-00218,SIM-NO_LOCK-00218,CUS-00218,FSI-00167,1,NO_LOCK,pool-1-thread-218,3859279473700,3860203288800,true,
TXN-NO_LOCK-00025,REQ-SIM-00025,SIM-NO_LOCK-00025,CUS-00025,FSI-00167,1,NO_LOCK,pool-1-thread-25,3859273238000,3860203345300,true,
TXN-NO_LOCK-00004,REQ-SIM-00004,SIM-NO_LOCK-00004,CUS-00004,FSI-00167,1,NO_LOCK,pool-1-thread-4,3859272812900,3860203424000,true,
TXN-NO_LOCK-00242,REQ-SIM-00242,SIM-NO_LOCK-00242,CUS-00242,FSI-00167,1,NO_LOCK,pool-1-thread-242,3859280223800,3860203471000,true,
TXN-NO_LOCK-00014,REQ-SIM-00014,SIM-NO_LOCK-00014,CUS-00014,FSI-00167,1,NO_LOCK,pool-1-thread-14,3859273088300,3860203474500,true,
TXN-NO_LOCK-00191,REQ-SIM-00191,SIM-NO_LOCK-00191,CUS-00191,FSI-00167,1,NO_LOCK,pool-1-thread-191,3859278507700,3860203506100,true,
TXN-NO_LOCK-00093,REQ-SIM-00093,SIM-NO_LOCK-00093,CUS-00093,FSI-00167,1,NO_LOCK,pool-1-thread-93,3859275324100,3860203569600,true,
TXN-NO_LOCK-00179,REQ-SIM-00179,SIM-NO_LOCK-00179,CUS-00179,FSI-00167,1,NO_LOCK,pool-1-thread-179,3859278185100,3860203612900,true,
TXN-NO_LOCK-00068,REQ-SIM-00068,SIM-NO_LOCK-00068,CUS-00068,FSI-00167,1,NO_LOCK,pool-1-thread-68,3859273886800,3860203704200,true,
TXN-NO_LOCK-00137,REQ-SIM-00137,SIM-NO_LOCK-00137,CUS-00137,FSI-00167,1,NO_LOCK,pool-1-thread-137,3859277275000,3860203779900,true,
TXN-NO_LOCK-00168,REQ-SIM-00168,SIM-NO_LOCK-00168,CUS-00168,FSI-00167,1,NO_LOCK,pool-1-thread-168,3859277963200,3860203838200,true,
TXN-NO_LOCK-00078,REQ-SIM-00078,SIM-NO_LOCK-00078,CUS-00078,FSI-00167,1,NO_LOCK,pool-1-thread-78,3859274249200,3860203943000,true,
TXN-NO_LOCK-00126,REQ-SIM-00126,SIM-NO_LOCK-00126,CUS-00126,FSI-00167,1,NO_LOCK,pool-1-thread-126,3859276990100,3860204017500,true,
TXN-NO_LOCK-00204,REQ-SIM-00204,SIM-NO_LOCK-00204,CUS-00204,FSI-00167,1,NO_LOCK,pool-1-thread-204,3859278955600,3860204101900,true,
TXN-NO_LOCK-00040,REQ-SIM-00040,SIM-NO_LOCK-00040,CUS-00040,FSI-00167,1,NO_LOCK,pool-1-thread-40,3859273461000,3860204113100,true,
TXN-NO_LOCK-00262,REQ-SIM-00262,SIM-NO_LOCK-00262,CUS-00262,FSI-00167,1,NO_LOCK,pool-1-thread-262,3859280767100,3860204234100,true,
TXN-NO_LOCK-00344,REQ-SIM-00344,SIM-NO_LOCK-00344,CUS-00344,FSI-00167,1,NO_LOCK,pool-1-thread-344,3859283060600,3860204247700,true,
TXN-NO_LOCK-00164,REQ-SIM-00164,SIM-NO_LOCK-00164,CUS-00164,FSI-00167,1,NO_LOCK,pool-1-thread-164,3859277877800,3860204280800,true,
TXN-NO_LOCK-00346,REQ-SIM-00346,SIM-NO_LOCK-00346,CUS-00346,FSI-00167,1,NO_LOCK,pool-1-thread-346,3859283112400,3860204417400,true,
TXN-NO_LOCK-00322,REQ-SIM-00322,SIM-NO_LOCK-00322,CUS-00322,FSI-00167,1,NO_LOCK,pool-1-thread-322,3859282425300,3860204454700,true,
TXN-NO_LOCK-00227,REQ-SIM-00227,SIM-NO_LOCK-00227,CUS-00227,FSI-00167,1,NO_LOCK,pool-1-thread-227,3859279724500,3860204460500,true,
TXN-NO_LOCK-00107,REQ-SIM-00107,SIM-NO_LOCK-00107,CUS-00107,FSI-00167,1,NO_LOCK,pool-1-thread-107,3859276294900,3860204604300,true,
TXN-NO_LOCK-00052,REQ-SIM-00052,SIM-NO_LOCK-00052,CUS-00052,FSI-00167,1,NO_LOCK,pool-1-thread-52,3859273867000,3860204649900,true,
TXN-NO_LOCK-00138,REQ-SIM-00138,SIM-NO_LOCK-00138,CUS-00138,FSI-00167,1,NO_LOCK,pool-1-thread-138,3859277300500,3860204684900,true,
TXN-NO_LOCK-00062,REQ-SIM-00062,SIM-NO_LOCK-00062,CUS-00062,FSI-00167,1,NO_LOCK,pool-1-thread-62,3859273546200,3860204820500,true,
TXN-NO_LOCK-00324,REQ-SIM-00324,SIM-NO_LOCK-00324,CUS-00324,FSI-00167,1,NO_LOCK,pool-1-thread-324,3859282517700,3860204854800,true,
TXN-NO_LOCK-00056,REQ-SIM-00056,SIM-NO_LOCK-00056,CUS-00056,FSI-00167,1,NO_LOCK,pool-1-thread-56,3859273707600,3860204902800,true,
TXN-NO_LOCK-00245,REQ-SIM-00245,SIM-NO_LOCK-00245,CUS-00245,FSI-00167,1,NO_LOCK,pool-1-thread-245,3859280335700,3860204953300,true,
TXN-NO_LOCK-00161,REQ-SIM-00161,SIM-NO_LOCK-00161,CUS-00161,FSI-00167,1,NO_LOCK,pool-1-thread-161,3859277826800,3860205068200,true,
TXN-NO_LOCK-00082,REQ-SIM-00082,SIM-NO_LOCK-00082,CUS-00082,FSI-00167,1,NO_LOCK,pool-1-thread-82,3859274284600,3860205069000,true,
TXN-NO_LOCK-00085,REQ-SIM-00085,SIM-NO_LOCK-00085,CUS-00085,FSI-00167,1,NO_LOCK,pool-1-thread-85,3859274375600,3860205137000,true,
TXN-NO_LOCK-00141,REQ-SIM-00141,SIM-NO_LOCK-00141,CUS-00141,FSI-00167,1,NO_LOCK,pool-1-thread-141,3859277347700,3860205206600,true,
TXN-NO_LOCK-00058,REQ-SIM-00058,SIM-NO_LOCK-00058,CUS-00058,FSI-00167,1,NO_LOCK,pool-1-thread-58,3859273736500,3860205306900,true,
TXN-NO_LOCK-00021,REQ-SIM-00021,SIM-NO_LOCK-00021,CUS-00021,FSI-00167,1,NO_LOCK,pool-1-thread-21,3859273148800,3860205317100,true,
TXN-NO_LOCK-00240,REQ-SIM-00240,SIM-NO_LOCK-00240,CUS-00240,FSI-00167,1,NO_LOCK,pool-1-thread-240,3859280185200,3860205382600,true,
TXN-NO_LOCK-00112,REQ-SIM-00112,SIM-NO_LOCK-00112,CUS-00112,FSI-00167,1,NO_LOCK,pool-1-thread-112,3859276479500,3860205427500,true,
TXN-NO_LOCK-00259,REQ-SIM-00259,SIM-NO_LOCK-00259,CUS-00259,FSI-00167,1,NO_LOCK,pool-1-thread-259,3859280672600,3860205534200,true,
TXN-NO_LOCK-00287,REQ-SIM-00287,SIM-NO_LOCK-00287,CUS-00287,FSI-00167,1,NO_LOCK,pool-1-thread-287,3859281453700,3860205552300,true,
TXN-NO_LOCK-00222,REQ-SIM-00222,SIM-NO_LOCK-00222,CUS-00222,FSI-00167,1,NO_LOCK,pool-1-thread-222,3859279537000,3860205569600,true,
TXN-NO_LOCK-00173,REQ-SIM-00173,SIM-NO_LOCK-00173,CUS-00173,FSI-00167,1,NO_LOCK,pool-1-thread-173,3859278072400,3860205603500,true,
TXN-NO_LOCK-00064,REQ-SIM-00064,SIM-NO_LOCK-00064,CUS-00064,FSI-00167,1,NO_LOCK,pool-1-thread-64,3859273820300,3860205711600,true,
TXN-NO_LOCK-00248,REQ-SIM-00248,SIM-NO_LOCK-00248,CUS-00248,FSI-00167,1,NO_LOCK,pool-1-thread-248,3859280371300,3860205721700,true,
TXN-NO_LOCK-00015,REQ-SIM-00015,SIM-NO_LOCK-00015,CUS-00015,FSI-00167,1,NO_LOCK,pool-1-thread-15,3859272980200,3860205795300,true,
TXN-NO_LOCK-00119,REQ-SIM-00119,SIM-NO_LOCK-00119,CUS-00119,FSI-00167,1,NO_LOCK,pool-1-thread-119,3859276764200,3860205887000,true,
TXN-NO_LOCK-00309,REQ-SIM-00309,SIM-NO_LOCK-00309,CUS-00309,FSI-00167,1,NO_LOCK,pool-1-thread-309,3859282093200,3860205886300,true,
TXN-NO_LOCK-00042,REQ-SIM-00042,SIM-NO_LOCK-00042,CUS-00042,FSI-00167,1,NO_LOCK,pool-1-thread-42,3859273505500,3860205929600,true,
TXN-NO_LOCK-00076,REQ-SIM-00076,SIM-NO_LOCK-00076,CUS-00076,FSI-00167,1,NO_LOCK,pool-1-thread-76,3859274805300,3860205974900,true,
TXN-NO_LOCK-00074,REQ-SIM-00074,SIM-NO_LOCK-00074,CUS-00074,FSI-00167,1,NO_LOCK,pool-1-thread-74,3859273986700,3860206019700,true,
TXN-NO_LOCK-00197,REQ-SIM-00197,SIM-NO_LOCK-00197,CUS-00197,FSI-00167,1,NO_LOCK,pool-1-thread-197,3859278737500,3860206113300,true,
TXN-NO_LOCK-00114,REQ-SIM-00114,SIM-NO_LOCK-00114,CUS-00114,FSI-00167,1,NO_LOCK,pool-1-thread-114,3859276560200,3860206116000,true,
TXN-NO_LOCK-00127,REQ-SIM-00127,SIM-NO_LOCK-00127,CUS-00127,FSI-00167,1,NO_LOCK,pool-1-thread-127,3859277052900,3860206167200,true,
TXN-NO_LOCK-00029,REQ-SIM-00029,SIM-NO_LOCK-00029,CUS-00029,FSI-00167,1,NO_LOCK,pool-1-thread-29,3859273267300,3860206214900,true,
TXN-NO_LOCK-00108,REQ-SIM-00108,SIM-NO_LOCK-00108,CUS-00108,FSI-00167,1,NO_LOCK,pool-1-thread-108,3859276312200,3860206333100,true,
TXN-NO_LOCK-00149,REQ-SIM-00149,SIM-NO_LOCK-00149,CUS-00149,FSI-00167,1,NO_LOCK,pool-1-thread-149,3859277553900,3860206342300,true,
TXN-NO_LOCK-00272,REQ-SIM-00272,SIM-NO_LOCK-00272,CUS-00272,FSI-00167,1,NO_LOCK,pool-1-thread-272,3859281043100,3860206412900,true,
TXN-NO_LOCK-00145,REQ-SIM-00145,SIM-NO_LOCK-00145,CUS-00145,FSI-00167,1,NO_LOCK,pool-1-thread-145,3859277470500,3860206485600,true,
TXN-NO_LOCK-00088,REQ-SIM-00088,SIM-NO_LOCK-00088,CUS-00088,FSI-00167,1,NO_LOCK,pool-1-thread-88,3859274967000,3860206550600,true,
TXN-NO_LOCK-00345,REQ-SIM-00345,SIM-NO_LOCK-00345,CUS-00345,FSI-00167,1,NO_LOCK,pool-1-thread-345,3859283095900,3860206616500,true,
TXN-NO_LOCK-00027,REQ-SIM-00027,SIM-NO_LOCK-00027,CUS-00027,FSI-00167,1,NO_LOCK,pool-1-thread-27,3859273290800,3860206712700,true,
TXN-NO_LOCK-00075,REQ-SIM-00075,SIM-NO_LOCK-00075,CUS-00075,FSI-00167,1,NO_LOCK,pool-1-thread-75,3859274000400,3860206719900,true,
TXN-NO_LOCK-00269,REQ-SIM-00269,SIM-NO_LOCK-00269,CUS-00269,FSI-00167,1,NO_LOCK,pool-1-thread-269,3859281004000,3860206783400,true,
TXN-NO_LOCK-00111,REQ-SIM-00111,SIM-NO_LOCK-00111,CUS-00111,FSI-00167,1,NO_LOCK,pool-1-thread-111,3859276421500,3860206839500,true,
TXN-NO_LOCK-00012,REQ-SIM-00012,SIM-NO_LOCK-00012,CUS-00012,FSI-00167,1,NO_LOCK,pool-1-thread-12,3859272923500,3860206875600,true,
TXN-NO_LOCK-00098,REQ-SIM-00098,SIM-NO_LOCK-00098,CUS-00098,FSI-00167,1,NO_LOCK,pool-1-thread-98,3859275664200,3860206939400,true,
TXN-NO_LOCK-00039,REQ-SIM-00039,SIM-NO_LOCK-00039,CUS-00039,FSI-00167,1,NO_LOCK,pool-1-thread-39,3859273494400,3860207003400,true,
TXN-NO_LOCK-00095,REQ-SIM-00095,SIM-NO_LOCK-00095,CUS-00095,FSI-00167,1,NO_LOCK,pool-1-thread-95,3859275597800,3860207042700,true,
TXN-NO_LOCK-00329,REQ-SIM-00329,SIM-NO_LOCK-00329,CUS-00329,FSI-00167,1,NO_LOCK,pool-1-thread-329,3859282615600,3860207089800,true,
TXN-NO_LOCK-00167,REQ-SIM-00167,SIM-NO_LOCK-00167,CUS-00167,FSI-00167,1,NO_LOCK,pool-1-thread-167,3859277949200,3860207127200,true,
TXN-NO_LOCK-00205,REQ-SIM-00205,SIM-NO_LOCK-00205,CUS-00205,FSI-00167,1,NO_LOCK,pool-1-thread-205,3859278976600,3860207169000,true,
TXN-NO_LOCK-00131,REQ-SIM-00131,SIM-NO_LOCK-00131,CUS-00131,FSI-00167,1,NO_LOCK,pool-1-thread-131,3859277149500,3860207197200,true,
TXN-NO_LOCK-00331,REQ-SIM-00331,SIM-NO_LOCK-00331,CUS-00331,FSI-00167,1,NO_LOCK,pool-1-thread-331,3859282689800,3860207283400,true,
TXN-NO_LOCK-00038,REQ-SIM-00038,SIM-NO_LOCK-00038,CUS-00038,FSI-00167,1,NO_LOCK,pool-1-thread-38,3859273725000,3860207324300,true,
TXN-NO_LOCK-00176,REQ-SIM-00176,SIM-NO_LOCK-00176,CUS-00176,FSI-00167,1,NO_LOCK,pool-1-thread-176,3859278126300,3860207380600,true,
TXN-NO_LOCK-00036,REQ-SIM-00036,SIM-NO_LOCK-00036,CUS-00036,FSI-00167,1,NO_LOCK,pool-1-thread-36,3859273383300,3860207454600,true,
TXN-NO_LOCK-00023,REQ-SIM-00023,SIM-NO_LOCK-00023,CUS-00023,FSI-00167,1,NO_LOCK,pool-1-thread-23,3859273204900,3860207462600,true,
TXN-NO_LOCK-00100,REQ-SIM-00100,SIM-NO_LOCK-00100,CUS-00100,FSI-00167,1,NO_LOCK,pool-1-thread-100,3859275879200,3860207516100,true,
TXN-NO_LOCK-00055,REQ-SIM-00055,SIM-NO_LOCK-00055,CUS-00055,FSI-00167,1,NO_LOCK,pool-1-thread-55,3859273692900,3860207557600,true,
TXN-NO_LOCK-00202,REQ-SIM-00202,SIM-NO_LOCK-00202,CUS-00202,FSI-00167,1,NO_LOCK,pool-1-thread-202,3859278852100,3860207584900,true,
TXN-NO_LOCK-00140,REQ-SIM-00140,SIM-NO_LOCK-00140,CUS-00140,FSI-00167,1,NO_LOCK,pool-1-thread-140,3859277335500,3860207636200,true,
TXN-NO_LOCK-00129,REQ-SIM-00129,SIM-NO_LOCK-00129,CUS-00129,FSI-00167,1,NO_LOCK,pool-1-thread-129,3859277090200,3860207667600,true,
TXN-NO_LOCK-00351,REQ-SIM-00351,SIM-NO_LOCK-00351,CUS-00351,FSI-00167,1,NO_LOCK,pool-1-thread-351,3859283266100,3860207703900,true,
TXN-NO_LOCK-00097,REQ-SIM-00097,SIM-NO_LOCK-00097,CUS-00097,FSI-00167,1,NO_LOCK,pool-1-thread-97,3859275707700,3860207745700,true,
TXN-NO_LOCK-00090,REQ-SIM-00090,SIM-NO_LOCK-00090,CUS-00090,FSI-00167,1,NO_LOCK,pool-1-thread-90,3859275131000,3860207800100,true,
TXN-NO_LOCK-00198,REQ-SIM-00198,SIM-NO_LOCK-00198,CUS-00198,FSI-00167,1,NO_LOCK,pool-1-thread-198,3859278755900,3860207831600,true,
TXN-NO_LOCK-00109,REQ-SIM-00109,SIM-NO_LOCK-00109,CUS-00109,FSI-00167,1,NO_LOCK,pool-1-thread-109,3859276332700,3860207877700,true,
TXN-NO_LOCK-00009,REQ-SIM-00009,SIM-NO_LOCK-00009,CUS-00009,FSI-00167,1,NO_LOCK,pool-1-thread-9,3859272871900,3860207961500,true,
TXN-NO_LOCK-00215,REQ-SIM-00215,SIM-NO_LOCK-00215,CUS-00215,FSI-00167,1,NO_LOCK,pool-1-thread-215,3859279319500,3860208017400,true,
TXN-NO_LOCK-00016,REQ-SIM-00016,SIM-NO_LOCK-00016,CUS-00016,FSI-00167,1,NO_LOCK,pool-1-thread-16,3859272995600,3860208059400,true,
TXN-NO_LOCK-00243,REQ-SIM-00243,SIM-NO_LOCK-00243,CUS-00243,FSI-00167,1,NO_LOCK,pool-1-thread-243,3859280241900,3860208096200,true,
TXN-NO_LOCK-00043,REQ-SIM-00043,SIM-NO_LOCK-00043,CUS-00043,FSI-00167,1,NO_LOCK,pool-1-thread-43,3859273519300,3860208132400,true,
TXN-NO_LOCK-00003,REQ-SIM-00003,SIM-NO_LOCK-00003,CUS-00003,FSI-00167,1,NO_LOCK,pool-1-thread-3,3859272791500,3860208243200,true,
TXN-NO_LOCK-00117,REQ-SIM-00117,SIM-NO_LOCK-00117,CUS-00117,FSI-00167,1,NO_LOCK,pool-1-thread-117,3859276719500,3860208290200,true,
TXN-NO_LOCK-00292,REQ-SIM-00292,SIM-NO_LOCK-00292,CUS-00292,FSI-00167,1,NO_LOCK,pool-1-thread-292,3859281555200,3860208304000,true,
TXN-NO_LOCK-00101,REQ-SIM-00101,SIM-NO_LOCK-00101,CUS-00101,FSI-00167,1,NO_LOCK,pool-1-thread-101,3859275929600,3860208346600,true,
TXN-NO_LOCK-00102,REQ-SIM-00102,SIM-NO_LOCK-00102,CUS-00102,FSI-00167,1,NO_LOCK,pool-1-thread-102,3859275948500,3860208400900,true,
TXN-NO_LOCK-00188,REQ-SIM-00188,SIM-NO_LOCK-00188,CUS-00188,FSI-00167,1,NO_LOCK,pool-1-thread-188,3859278392100,3860208455600,true,
TXN-NO_LOCK-00001,REQ-SIM-00001,SIM-NO_LOCK-00001,CUS-00001,FSI-00167,1,NO_LOCK,pool-1-thread-1,3859272763400,3860208514000,true,
TXN-NO_LOCK-00018,REQ-SIM-00018,SIM-NO_LOCK-00018,CUS-00018,FSI-00167,1,NO_LOCK,pool-1-thread-18,3859273029100,3860208558500,true,
TXN-NO_LOCK-00275,REQ-SIM-00275,SIM-NO_LOCK-00275,CUS-00275,FSI-00167,1,NO_LOCK,pool-1-thread-275,3859281181700,3860208620200,true,
TXN-NO_LOCK-00299,REQ-SIM-00299,SIM-NO_LOCK-00299,CUS-00299,FSI-00167,1,NO_LOCK,pool-1-thread-299,3859281833200,3860208665400,true,
TXN-NO_LOCK-00084,REQ-SIM-00084,SIM-NO_LOCK-00084,CUS-00084,FSI-00167,1,NO_LOCK,pool-1-thread-84,3859274552200,3860208717700,true,
TXN-NO_LOCK-00210,REQ-SIM-00210,SIM-NO_LOCK-00210,CUS-00210,FSI-00167,1,NO_LOCK,pool-1-thread-210,3859279131300,3860208814700,true,
TXN-NO_LOCK-00077,REQ-SIM-00077,SIM-NO_LOCK-00077,CUS-00077,FSI-00167,1,NO_LOCK,pool-1-thread-77,3859274022100,3860208810000,true,
TXN-NO_LOCK-00325,REQ-SIM-00325,SIM-NO_LOCK-00325,CUS-00325,FSI-00167,1,NO_LOCK,pool-1-thread-325,3859282531100,3860208901200,true,
TXN-NO_LOCK-00169,REQ-SIM-00169,SIM-NO_LOCK-00169,CUS-00169,FSI-00167,1,NO_LOCK,pool-1-thread-169,3859277983900,3860208943900,true,
TXN-NO_LOCK-00132,REQ-SIM-00132,SIM-NO_LOCK-00132,CUS-00132,FSI-00167,1,NO_LOCK,pool-1-thread-132,3859277184000,3860208991900,true,
TXN-NO_LOCK-00185,REQ-SIM-00185,SIM-NO_LOCK-00185,CUS-00185,FSI-00167,1,NO_LOCK,pool-1-thread-185,3859278335100,3860209046500,true,
TXN-NO_LOCK-00153,REQ-SIM-00153,SIM-NO_LOCK-00153,CUS-00153,FSI-00167,1,NO_LOCK,pool-1-thread-153,3859277637000,3860209090000,true,
TXN-NO_LOCK-00183,REQ-SIM-00183,SIM-NO_LOCK-00183,CUS-00183,FSI-00167,1,NO_LOCK,pool-1-thread-183,3859278264300,3860209181900,true,
TXN-NO_LOCK-00156,REQ-SIM-00156,SIM-NO_LOCK-00156,CUS-00156,FSI-00167,1,NO_LOCK,pool-1-thread-156,3859277721400,3860209236500,true,
TXN-NO_LOCK-00022,REQ-SIM-00022,SIM-NO_LOCK-00022,CUS-00022,FSI-00167,1,NO_LOCK,pool-1-thread-22,3859273169800,3860209281300,true,
TXN-NO_LOCK-00035,REQ-SIM-00035,SIM-NO_LOCK-00035,CUS-00035,FSI-00167,1,NO_LOCK,pool-1-thread-35,3859273361700,3860209338000,true,
TXN-NO_LOCK-00060,REQ-SIM-00060,SIM-NO_LOCK-00060,CUS-00060,FSI-00167,1,NO_LOCK,pool-1-thread-60,3859273760300,3860209430100,true,
TXN-NO_LOCK-00314,REQ-SIM-00314,SIM-NO_LOCK-00314,CUS-00314,FSI-00167,1,NO_LOCK,pool-1-thread-314,3859282255700,3860209438600,true,
TXN-NO_LOCK-00121,REQ-SIM-00121,SIM-NO_LOCK-00121,CUS-00121,FSI-00167,1,NO_LOCK,pool-1-thread-121,3859276803900,3860209546100,true,
TXN-NO_LOCK-00147,REQ-SIM-00147,SIM-NO_LOCK-00147,CUS-00147,FSI-00167,1,NO_LOCK,pool-1-thread-147,3859277500900,3860209557100,true,
TXN-NO_LOCK-00249,REQ-SIM-00249,SIM-NO_LOCK-00249,CUS-00249,FSI-00167,1,NO_LOCK,pool-1-thread-249,3859280418100,3860209594100,true,
TXN-NO_LOCK-00053,REQ-SIM-00053,SIM-NO_LOCK-00053,CUS-00053,FSI-00167,1,NO_LOCK,pool-1-thread-53,3859273657400,3860209635300,true,
TXN-NO_LOCK-00206,REQ-SIM-00206,SIM-NO_LOCK-00206,CUS-00206,FSI-00167,1,NO_LOCK,pool-1-thread-206,3859279032700,3860209673900,true,
TXN-NO_LOCK-00224,REQ-SIM-00224,SIM-NO_LOCK-00224,CUS-00224,FSI-00167,1,NO_LOCK,pool-1-thread-224,3859279592600,3860209724800,true,
TXN-NO_LOCK-00047,REQ-SIM-00047,SIM-NO_LOCK-00047,CUS-00047,FSI-00167,1,NO_LOCK,pool-1-thread-47,3859273567700,3860209757400,true,
TXN-NO_LOCK-00194,REQ-SIM-00194,SIM-NO_LOCK-00194,CUS-00194,FSI-00167,1,NO_LOCK,pool-1-thread-194,3859278571700,3860209793100,true,
TXN-NO_LOCK-00231,REQ-SIM-00231,SIM-NO_LOCK-00231,CUS-00231,FSI-00167,1,NO_LOCK,pool-1-thread-231,3859279864200,3860209848500,true,
TXN-NO_LOCK-00050,REQ-SIM-00050,SIM-NO_LOCK-00050,CUS-00050,FSI-00167,1,NO_LOCK,pool-1-thread-50,3859273610200,3860209892900,true,
TXN-NO_LOCK-00031,REQ-SIM-00031,SIM-NO_LOCK-00031,CUS-00031,FSI-00167,1,NO_LOCK,pool-1-thread-31,3859273398800,3860209929600,true,
TXN-NO_LOCK-00279,REQ-SIM-00279,SIM-NO_LOCK-00279,CUS-00279,FSI-00167,1,NO_LOCK,pool-1-thread-279,3859281271900,3860209974000,true,
TXN-NO_LOCK-00099,REQ-SIM-00099,SIM-NO_LOCK-00099,CUS-00099,FSI-00167,1,NO_LOCK,pool-1-thread-99,3859275758500,3860210019400,true,
TXN-NO_LOCK-00308,REQ-SIM-00308,SIM-NO_LOCK-00308,CUS-00308,FSI-00167,1,NO_LOCK,pool-1-thread-308,3859282062700,3860210068200,true,
TXN-NO_LOCK-00148,REQ-SIM-00148,SIM-NO_LOCK-00148,CUS-00148,FSI-00167,1,NO_LOCK,pool-1-thread-148,3859277519300,3860210119300,true,
TXN-NO_LOCK-00158,REQ-SIM-00158,SIM-NO_LOCK-00158,CUS-00158,FSI-00167,1,NO_LOCK,pool-1-thread-158,3859277771300,3860210180300,true,
TXN-NO_LOCK-00268,REQ-SIM-00268,SIM-NO_LOCK-00268,CUS-00268,FSI-00167,1,NO_LOCK,pool-1-thread-268,3859280936100,3860210234800,true,
TXN-NO_LOCK-00230,REQ-SIM-00230,SIM-NO_LOCK-00230,CUS-00230,FSI-00167,1,NO_LOCK,pool-1-thread-230,3859279816200,3860210277300,true,
TXN-NO_LOCK-00239,REQ-SIM-00239,SIM-NO_LOCK-00239,CUS-00239,FSI-00167,1,NO_LOCK,pool-1-thread-239,3859280129300,3860210322800,true,
TXN-NO_LOCK-00002,REQ-SIM-00002,SIM-NO_LOCK-00002,CUS-00002,FSI-00167,1,NO_LOCK,pool-1-thread-2,3859272776400,3860210359600,true,
TXN-NO_LOCK-00334,REQ-SIM-00334,SIM-NO_LOCK-00334,CUS-00334,FSI-00167,1,NO_LOCK,pool-1-thread-334,3859282823200,3860210449600,true,
TXN-NO_LOCK-00049,REQ-SIM-00049,SIM-NO_LOCK-00049,CUS-00049,FSI-00167,1,NO_LOCK,pool-1-thread-49,3859273592000,3860210478600,true,
TXN-NO_LOCK-00008,REQ-SIM-00008,SIM-NO_LOCK-00008,CUS-00008,FSI-00167,1,NO_LOCK,pool-1-thread-8,3859272965300,3860210488300,true,
TXN-NO_LOCK-00083,REQ-SIM-00083,SIM-NO_LOCK-00083,CUS-00083,FSI-00167,1,NO_LOCK,pool-1-thread-83,3859274267400,3860210558700,true,
TXN-NO_LOCK-00125,REQ-SIM-00125,SIM-NO_LOCK-00125,CUS-00125,FSI-00167,1,NO_LOCK,pool-1-thread-125,3859276939600,3860210592900,true,
TXN-NO_LOCK-00110,REQ-SIM-00110,SIM-NO_LOCK-00110,CUS-00110,FSI-00167,1,NO_LOCK,pool-1-thread-110,3859276400300,3860210649400,true,
TXN-NO_LOCK-00019,REQ-SIM-00019,SIM-NO_LOCK-00019,CUS-00019,FSI-00167,1,NO_LOCK,pool-1-thread-19,3859273109200,3860210739200,true,
TXN-NO_LOCK-00005,REQ-SIM-00005,SIM-NO_LOCK-00005,CUS-00005,FSI-00167,1,NO_LOCK,pool-1-thread-5,3859272833900,3860210740400,true,
TXN-NO_LOCK-00124,REQ-SIM-00124,SIM-NO_LOCK-00124,CUS-00124,FSI-00167,1,NO_LOCK,pool-1-thread-124,3859276913000,3860210851800,true,
TXN-NO_LOCK-00305,REQ-SIM-00305,SIM-NO_LOCK-00305,CUS-00305,FSI-00167,1,NO_LOCK,pool-1-thread-305,3859282013000,3860210891600,true,
TXN-NO_LOCK-00212,REQ-SIM-00212,SIM-NO_LOCK-00212,CUS-00212,FSI-00167,1,NO_LOCK,pool-1-thread-212,3859279178400,3860210892800,true,
TXN-NO_LOCK-00128,REQ-SIM-00128,SIM-NO_LOCK-00128,CUS-00128,FSI-00167,1,NO_LOCK,pool-1-thread-128,3859277072100,3860210949200,true,
TXN-NO_LOCK-00182,REQ-SIM-00182,SIM-NO_LOCK-00182,CUS-00182,FSI-00167,1,NO_LOCK,pool-1-thread-182,3859278253000,3860210988300,true,
TXN-NO_LOCK-00152,REQ-SIM-00152,SIM-NO_LOCK-00152,CUS-00152,FSI-00167,1,NO_LOCK,pool-1-thread-152,3859277618100,3860211036300,true,
TXN-NO_LOCK-00059,REQ-SIM-00059,SIM-NO_LOCK-00059,CUS-00059,FSI-00167,1,NO_LOCK,pool-1-thread-59,3859273748500,3860211112100,true,
TXN-NO_LOCK-00092,REQ-SIM-00092,SIM-NO_LOCK-00092,CUS-00092,FSI-00167,1,NO_LOCK,pool-1-thread-92,3859275189300,3860211116800,true,
TXN-NO_LOCK-00142,REQ-SIM-00142,SIM-NO_LOCK-00142,CUS-00142,FSI-00167,1,NO_LOCK,pool-1-thread-142,3859277384000,3860211160900,true,
TXN-NO_LOCK-00196,REQ-SIM-00196,SIM-NO_LOCK-00196,CUS-00196,FSI-00167,1,NO_LOCK,pool-1-thread-196,3859278692600,3860211200600,true,
TXN-NO_LOCK-00332,REQ-SIM-00332,SIM-NO_LOCK-00332,CUS-00332,FSI-00167,1,NO_LOCK,pool-1-thread-332,3859282720300,3860211272300,true,
TXN-NO_LOCK-00285,REQ-SIM-00285,SIM-NO_LOCK-00285,CUS-00285,FSI-00167,1,NO_LOCK,pool-1-thread-285,3859281427100,3860211332100,true,
TXN-NO_LOCK-00236,REQ-SIM-00236,SIM-NO_LOCK-00236,CUS-00236,FSI-00167,1,NO_LOCK,pool-1-thread-236,3859279944800,3860211374600,true,
TXN-NO_LOCK-00310,REQ-SIM-00310,SIM-NO_LOCK-00310,CUS-00310,FSI-00167,1,NO_LOCK,pool-1-thread-310,3859282137400,3860211411600,true,
TXN-NO_LOCK-00104,REQ-SIM-00104,SIM-NO_LOCK-00104,CUS-00104,FSI-00167,1,NO_LOCK,pool-1-thread-104,3859276093600,3860211451300,true,
TXN-NO_LOCK-00086,REQ-SIM-00086,SIM-NO_LOCK-00086,CUS-00086,FSI-00167,1,NO_LOCK,pool-1-thread-86,3859274786700,3860211518700,true,
TXN-NO_LOCK-00155,REQ-SIM-00155,SIM-NO_LOCK-00155,CUS-00155,FSI-00167,1,NO_LOCK,pool-1-thread-155,3859277701900,3860211555900,true,
TXN-NO_LOCK-00154,REQ-SIM-00154,SIM-NO_LOCK-00154,CUS-00154,FSI-00167,1,NO_LOCK,pool-1-thread-154,3859277657600,3860211608200,true,
TXN-NO_LOCK-00032,REQ-SIM-00032,SIM-NO_LOCK-00032,CUS-00032,FSI-00167,1,NO_LOCK,pool-1-thread-32,3859273415400,3860211681400,true,
TXN-NO_LOCK-00105,REQ-SIM-00105,SIM-NO_LOCK-00105,CUS-00105,FSI-00167,1,NO_LOCK,pool-1-thread-105,3859276254800,3860211725300,true,
TXN-NO_LOCK-00007,REQ-SIM-00007,SIM-NO_LOCK-00007,CUS-00007,FSI-00167,1,NO_LOCK,pool-1-thread-7,3859272945700,3860211750100,true,
TXN-NO_LOCK-00113,REQ-SIM-00113,SIM-NO_LOCK-00113,CUS-00113,FSI-00167,1,NO_LOCK,pool-1-thread-113,3859276541200,3860211789800,true,
TXN-NO_LOCK-00118,REQ-SIM-00118,SIM-NO_LOCK-00118,CUS-00118,FSI-00167,1,NO_LOCK,pool-1-thread-118,3859276735200,3860211816200,true,
TXN-NO_LOCK-00057,REQ-SIM-00057,SIM-NO_LOCK-00057,CUS-00057,FSI-00167,1,NO_LOCK,pool-1-thread-57,3859273450100,3860211854200,true,
TXN-NO_LOCK-00317,REQ-SIM-00317,SIM-NO_LOCK-00317,CUS-00317,FSI-00167,1,NO_LOCK,pool-1-thread-317,3859282318500,3860211881000,true,
TXN-NO_LOCK-00044,REQ-SIM-00044,SIM-NO_LOCK-00044,CUS-00044,FSI-00167,1,NO_LOCK,pool-1-thread-44,3859273530800,3860211917200,true,
TXN-NO_LOCK-00233,REQ-SIM-00233,SIM-NO_LOCK-00233,CUS-00233,FSI-00167,1,NO_LOCK,pool-1-thread-233,3859279924200,3860211974500,true,
TXN-NO_LOCK-00037,REQ-SIM-00037,SIM-NO_LOCK-00037,CUS-00037,FSI-00167,1,NO_LOCK,pool-1-thread-37,3859273429900,3860212046200,true,
TXN-NO_LOCK-00189,REQ-SIM-00189,SIM-NO_LOCK-00189,CUS-00189,FSI-00167,1,NO_LOCK,pool-1-thread-189,3859278444800,3860212057600,true,
TXN-NO_LOCK-00013,REQ-SIM-00013,SIM-NO_LOCK-00013,CUS-00013,FSI-00167,1,NO_LOCK,pool-1-thread-13,3859273064600,3860212094600,true,
TXN-NO_LOCK-00079,REQ-SIM-00079,SIM-NO_LOCK-00079,CUS-00079,FSI-00167,1,NO_LOCK,pool-1-thread-79,3859274412700,3860212168200,true,
TXN-NO_LOCK-00130,REQ-SIM-00130,SIM-NO_LOCK-00130,CUS-00130,FSI-00167,1,NO_LOCK,pool-1-thread-130,3859277106400,3860212180200,true,
TXN-NO_LOCK-00080,REQ-SIM-00080,SIM-NO_LOCK-00080,CUS-00080,FSI-00167,1,NO_LOCK,pool-1-thread-80,3859274676200,3860212232900,true,
TXN-NO_LOCK-00256,REQ-SIM-00256,SIM-NO_LOCK-00256,CUS-00256,FSI-00167,1,NO_LOCK,pool-1-thread-256,3859280616500,3860212260300,true,
TXN-NO_LOCK-00172,REQ-SIM-00172,SIM-NO_LOCK-00172,CUS-00172,FSI-00167,1,NO_LOCK,pool-1-thread-172,3859278045000,3860212299000,true,
TXN-NO_LOCK-00166,REQ-SIM-00166,SIM-NO_LOCK-00166,CUS-00166,FSI-00167,1,NO_LOCK,pool-1-thread-166,3859277932400,3860212362300,true,
TXN-NO_LOCK-00067,REQ-SIM-00067,SIM-NO_LOCK-00067,CUS-00067,FSI-00167,1,NO_LOCK,pool-1-thread-67,3859273669500,3860212394900,true,
TXN-NO_LOCK-00281,REQ-SIM-00281,SIM-NO_LOCK-00281,CUS-00281,FSI-00167,1,NO_LOCK,pool-1-thread-281,3859281316800,3860212457000,true,
TXN-NO_LOCK-00293,REQ-SIM-00293,SIM-NO_LOCK-00293,CUS-00293,FSI-00167,1,NO_LOCK,pool-1-thread-293,3859281596800,3860212497100,true,
TXN-NO_LOCK-00304,REQ-SIM-00304,SIM-NO_LOCK-00304,CUS-00304,FSI-00167,1,NO_LOCK,pool-1-thread-304,3859281988800,3860212531800,true,
TXN-NO_LOCK-00094,REQ-SIM-00094,SIM-NO_LOCK-00094,CUS-00094,FSI-00167,1,NO_LOCK,pool-1-thread-94,3859275542100,3860212551700,true,
TXN-NO_LOCK-00311,REQ-SIM-00311,SIM-NO_LOCK-00311,CUS-00311,FSI-00167,1,NO_LOCK,pool-1-thread-311,3859282202100,3860212616800,true,
TXN-NO_LOCK-00061,REQ-SIM-00061,SIM-NO_LOCK-00061,CUS-00061,FSI-00167,1,NO_LOCK,pool-1-thread-61,3859273780300,3860212652900,true,
TXN-NO_LOCK-00073,REQ-SIM-00073,SIM-NO_LOCK-00073,CUS-00073,FSI-00167,1,NO_LOCK,pool-1-thread-73,3859273957600,3860212683800,true,
TXN-NO_LOCK-00020,REQ-SIM-00020,SIM-NO_LOCK-00020,CUS-00020,FSI-00167,1,NO_LOCK,pool-1-thread-20,3859273133000,3860212727900,true,
TXN-NO_LOCK-00115,REQ-SIM-00115,SIM-NO_LOCK-00115,CUS-00115,FSI-00167,1,NO_LOCK,pool-1-thread-115,3859276577800,3860212760800,true,
TXN-NO_LOCK-00096,REQ-SIM-00096,SIM-NO_LOCK-00096,CUS-00096,FSI-00167,1,NO_LOCK,pool-1-thread-96,3859275619800,3860212799800,true,
TXN-NO_LOCK-00144,REQ-SIM-00144,SIM-NO_LOCK-00144,CUS-00144,FSI-00167,1,NO_LOCK,pool-1-thread-144,3859277452200,3860212822800,true,
TXN-NO_LOCK-00116,REQ-SIM-00116,SIM-NO_LOCK-00116,CUS-00116,FSI-00167,1,NO_LOCK,pool-1-thread-116,3859276700900,3860212871600,true,
TXN-NO_LOCK-00229,REQ-SIM-00229,SIM-NO_LOCK-00229,CUS-00229,FSI-00167,1,NO_LOCK,pool-1-thread-229,3859279771400,3860212951700,true,
TXN-NO_LOCK-00051,REQ-SIM-00051,SIM-NO_LOCK-00051,CUS-00051,FSI-00167,1,NO_LOCK,pool-1-thread-51,3859273619300,3860212963100,true,
TXN-NO_LOCK-00045,REQ-SIM-00045,SIM-NO_LOCK-00045,CUS-00045,FSI-00167,1,NO_LOCK,pool-1-thread-45,3859273794500,3860212990300,true,
TXN-NO_LOCK-00157,REQ-SIM-00157,SIM-NO_LOCK-00157,CUS-00157,FSI-00167,1,NO_LOCK,pool-1-thread-157,3859277735900,3860213046000,true,
TXN-NO_LOCK-00120,REQ-SIM-00120,SIM-NO_LOCK-00120,CUS-00120,FSI-00167,1,NO_LOCK,pool-1-thread-120,3859276782300,3860213106700,true,
TXN-NO_LOCK-00342,REQ-SIM-00342,SIM-NO_LOCK-00342,CUS-00342,FSI-00167,1,NO_LOCK,pool-1-thread-342,3859283025000,3860213147900,true,
TXN-NO_LOCK-00028,REQ-SIM-00028,SIM-NO_LOCK-00028,CUS-00028,FSI-00167,1,NO_LOCK,pool-1-thread-28,3859273304800,3860213190200,true,
TXN-NO_LOCK-00211,REQ-SIM-00211,SIM-NO_LOCK-00211,CUS-00211,FSI-00167,1,NO_LOCK,pool-1-thread-211,3859279195500,3860213249800,true,
TXN-NO_LOCK-00133,REQ-SIM-00133,SIM-NO_LOCK-00133,CUS-00133,FSI-00167,1,NO_LOCK,pool-1-thread-133,3859277204700,3860213291600,true,
TXN-NO_LOCK-00217,REQ-SIM-00217,SIM-NO_LOCK-00217,CUS-00217,FSI-00167,1,NO_LOCK,pool-1-thread-217,3859279365100,3860213361500,true,
TXN-NO_LOCK-00162,REQ-SIM-00162,SIM-NO_LOCK-00162,CUS-00162,FSI-00167,1,NO_LOCK,pool-1-thread-162,3859277844700,3860213417500,true,
TXN-NO_LOCK-00030,REQ-SIM-00030,SIM-NO_LOCK-00030,CUS-00030,FSI-00167,1,NO_LOCK,pool-1-thread-30,3859273279800,3860213466600,true,
TXN-NO_LOCK-00065,REQ-SIM-00065,SIM-NO_LOCK-00065,CUS-00065,FSI-00167,1,NO_LOCK,pool-1-thread-65,3859273832200,3860213511800,true,
TXN-NO_LOCK-00225,REQ-SIM-00225,SIM-NO_LOCK-00225,CUS-00225,FSI-00167,1,NO_LOCK,pool-1-thread-225,3859279679700,3860213609600,true,
TXN-NO_LOCK-00219,REQ-SIM-00219,SIM-NO_LOCK-00219,CUS-00219,FSI-00167,1,NO_LOCK,pool-1-thread-219,3859279381700,3860213633100,true,
TXN-NO_LOCK-00302,REQ-SIM-00302,SIM-NO_LOCK-00302,CUS-00302,FSI-00167,1,NO_LOCK,pool-1-thread-302,3859281909200,3860213659000,true,
TXN-NO_LOCK-00066,REQ-SIM-00066,SIM-NO_LOCK-00066,CUS-00066,FSI-00167,1,NO_LOCK,pool-1-thread-66,3859273844100,3860213694300,true,
TXN-NO_LOCK-00177,REQ-SIM-00177,SIM-NO_LOCK-00177,CUS-00177,FSI-00167,1,NO_LOCK,pool-1-thread-177,3859278154200,3860213755800,true,
TXN-NO_LOCK-00024,REQ-SIM-00024,SIM-NO_LOCK-00024,CUS-00024,FSI-00167,1,NO_LOCK,pool-1-thread-24,3859273222400,3860213849000,true,
TXN-NO_LOCK-00072,REQ-SIM-00072,SIM-NO_LOCK-00072,CUS-00072,FSI-00167,1,NO_LOCK,pool-1-thread-72,3859273806300,3860213854700,true,
TXN-NO_LOCK-00237,REQ-SIM-00237,SIM-NO_LOCK-00237,CUS-00237,FSI-00167,1,NO_LOCK,pool-1-thread-237,3859280005000,3860213901600,true,
TXN-NO_LOCK-00048,REQ-SIM-00048,SIM-NO_LOCK-00048,CUS-00048,FSI-00167,1,NO_LOCK,pool-1-thread-48,3859273581000,3860213938100,true,
TXN-NO_LOCK-00321,REQ-SIM-00321,SIM-NO_LOCK-00321,CUS-00321,FSI-00167,1,NO_LOCK,pool-1-thread-321,3859282392400,3860213999300,true,
TXN-NO_LOCK-00170,REQ-SIM-00170,SIM-NO_LOCK-00170,CUS-00170,FSI-00167,1,NO_LOCK,pool-1-thread-170,3859278002500,3860214049400,true,
TXN-NO_LOCK-00041,REQ-SIM-00041,SIM-NO_LOCK-00041,CUS-00041,FSI-00167,1,NO_LOCK,pool-1-thread-41,3859273477700,3860214130900,true,
TXN-NO_LOCK-00071,REQ-SIM-00071,SIM-NO_LOCK-00071,CUS-00071,FSI-00167,1,NO_LOCK,pool-1-thread-71,3859273943600,3860214142300,true,
TXN-NO_LOCK-00207,REQ-SIM-00207,SIM-NO_LOCK-00207,CUS-00207,FSI-00167,1,NO_LOCK,pool-1-thread-207,3859279065600,3860214179200,true,
TXN-NO_LOCK-00333,REQ-SIM-00333,SIM-NO_LOCK-00333,CUS-00333,FSI-00167,1,NO_LOCK,pool-1-thread-333,3859282750100,3860214263000,true,
TXN-NO_LOCK-00146,REQ-SIM-00146,SIM-NO_LOCK-00146,CUS-00146,FSI-00167,1,NO_LOCK,pool-1-thread-146,3859277487500,3860214266000,true,
TXN-NO_LOCK-00165,REQ-SIM-00165,SIM-NO_LOCK-00165,CUS-00165,FSI-00167,1,NO_LOCK,pool-1-thread-165,3859277897700,3860214349600,true,
TXN-NO_LOCK-00159,REQ-SIM-00159,SIM-NO_LOCK-00159,CUS-00159,FSI-00167,1,NO_LOCK,pool-1-thread-159,3859277785400,3860214394500,true,
TXN-NO_LOCK-00315,REQ-SIM-00315,SIM-NO_LOCK-00315,CUS-00315,FSI-00167,1,NO_LOCK,pool-1-thread-315,3859282280800,3860214472000,true,
TXN-NO_LOCK-00134,REQ-SIM-00134,SIM-NO_LOCK-00134,CUS-00134,FSI-00167,1,NO_LOCK,pool-1-thread-134,3859277221300,3860214485100,true,
TXN-NO_LOCK-00123,REQ-SIM-00123,SIM-NO_LOCK-00123,CUS-00123,FSI-00167,1,NO_LOCK,pool-1-thread-123,3859276896500,3860214545900,true,
TXN-NO_LOCK-00195,REQ-SIM-00195,SIM-NO_LOCK-00195,CUS-00195,FSI-00167,1,NO_LOCK,pool-1-thread-195,3859278585600,3860214579500,true,
TXN-NO_LOCK-00327,REQ-SIM-00327,SIM-NO_LOCK-00327,CUS-00327,FSI-00167,1,NO_LOCK,pool-1-thread-327,3859282567600,3860214595600,true,
TXN-FILE_LOCK-00210,REQ-SIM-00210,-,CUS-00210,FSI-00167,1,FILE_LOCK,pool-2-thread-210,3860370230600,3860399894100,false,
TXN-FILE_LOCK-00125,REQ-SIM-00125,-,CUS-00125,FSI-00167,1,FILE_LOCK,pool-2-thread-125,3860368285000,3860402746100,false,
TXN-FILE_LOCK-00254,REQ-SIM-00254,-,CUS-00254,FSI-00167,1,FILE_LOCK,pool-2-thread-254,3860371188300,3860403654200,false,
TXN-FILE_LOCK-00110,REQ-SIM-00110,-,CUS-00110,FSI-00167,1,FILE_LOCK,pool-2-thread-110,3860367876000,3860404325200,false,
TXN-FILE_LOCK-00181,REQ-SIM-00181,-,CUS-00181,FSI-00167,1,FILE_LOCK,pool-2-thread-181,3860369591600,3860404614700,false,
TXN-FILE_LOCK-00245,REQ-SIM-00245,-,CUS-00245,FSI-00167,1,FILE_LOCK,pool-2-thread-245,3860370985100,3860404717600,false,
TXN-FILE_LOCK-00151,REQ-SIM-00151,-,CUS-00151,FSI-00167,1,FILE_LOCK,pool-2-thread-151,3860368932900,3860404834100,false,
TXN-FILE_LOCK-00264,REQ-SIM-00264,-,CUS-00264,FSI-00167,1,FILE_LOCK,pool-2-thread-264,3860371476500,3860404946000,false,
TXN-FILE_LOCK-00131,REQ-SIM-00131,-,CUS-00131,FSI-00167,1,FILE_LOCK,pool-2-thread-131,3860368475100,3860404983400,false,
TXN-FILE_LOCK-00146,REQ-SIM-00146,-,CUS-00146,FSI-00167,1,FILE_LOCK,pool-2-thread-146,3860368747300,3860405060200,false,
TXN-FILE_LOCK-00262,REQ-SIM-00262,-,CUS-00262,FSI-00167,1,FILE_LOCK,pool-2-thread-262,3860371354400,3860405092400,false,
TXN-FILE_LOCK-00105,REQ-SIM-00105,-,CUS-00105,FSI-00167,1,FILE_LOCK,pool-2-thread-105,3860367717200,3860405163600,false,
TXN-FILE_LOCK-00141,REQ-SIM-00141,-,CUS-00141,FSI-00167,1,FILE_LOCK,pool-2-thread-141,3860368638900,3860405245000,false,
TXN-FILE_LOCK-00256,REQ-SIM-00256,-,CUS-00256,FSI-00167,1,FILE_LOCK,pool-2-thread-256,3860371231400,3860405302300,false,
TXN-FILE_LOCK-00265,REQ-SIM-00265,-,CUS-00265,FSI-00167,1,FILE_LOCK,pool-2-thread-265,3860371485500,3860405295000,false,
TXN-FILE_LOCK-00271,REQ-SIM-00271,-,CUS-00271,FSI-00167,1,FILE_LOCK,pool-2-thread-271,3860371648200,3860405355800,false,
TXN-FILE_LOCK-00253,REQ-SIM-00253,-,CUS-00253,FSI-00167,1,FILE_LOCK,pool-2-thread-253,3860371177600,3860405382400,false,
TXN-FILE_LOCK-00268,REQ-SIM-00268,-,CUS-00268,FSI-00167,1,FILE_LOCK,pool-2-thread-268,3860371540500,3860405462400,false,
TXN-FILE_LOCK-00258,REQ-SIM-00258,-,CUS-00258,FSI-00167,1,FILE_LOCK,pool-2-thread-258,3860371306500,3860405444200,false,
TXN-FILE_LOCK-00126,REQ-SIM-00126,-,CUS-00126,FSI-00167,1,FILE_LOCK,pool-2-thread-126,3860368299100,3860405536000,false,
TXN-FILE_LOCK-00243,REQ-SIM-00243,-,CUS-00243,FSI-00167,1,FILE_LOCK,pool-2-thread-243,3860370939800,3860405661700,false,
TXN-FILE_LOCK-00269,REQ-SIM-00269,-,CUS-00269,FSI-00167,1,FILE_LOCK,pool-2-thread-269,3860371619500,3860405874200,false,
TXN-FILE_LOCK-00241,REQ-SIM-00241,-,CUS-00241,FSI-00167,1,FILE_LOCK,pool-2-thread-241,3860370933100,3860406170700,false,
TXN-FILE_LOCK-00223,REQ-SIM-00223,-,CUS-00223,FSI-00167,1,FILE_LOCK,pool-2-thread-223,3860370462000,3860406192800,false,
TXN-FILE_LOCK-00187,REQ-SIM-00187,-,CUS-00187,FSI-00167,1,FILE_LOCK,pool-2-thread-187,3860369724400,3860406379300,false,
TXN-FILE_LOCK-00217,REQ-SIM-00217,-,CUS-00217,FSI-00167,1,FILE_LOCK,pool-2-thread-217,3860370362200,3860406552800,false,
TXN-FILE_LOCK-00180,REQ-SIM-00180,-,CUS-00180,FSI-00167,1,FILE_LOCK,pool-2-thread-180,3860369527000,3860406762500,false,
TXN-FILE_LOCK-00270,REQ-SIM-00270,-,CUS-00270,FSI-00167,1,FILE_LOCK,pool-2-thread-270,3860371632000,3860406964500,false,
TXN-FILE_LOCK-00248,REQ-SIM-00248,-,CUS-00248,FSI-00167,1,FILE_LOCK,pool-2-thread-248,3860371024000,3860407033500,false,
TXN-FILE_LOCK-00216,REQ-SIM-00216,-,CUS-00216,FSI-00167,1,FILE_LOCK,pool-2-thread-216,3860370351900,3860407110400,false,
TXN-FILE_LOCK-00156,REQ-SIM-00156,-,CUS-00156,FSI-00167,1,FILE_LOCK,pool-2-thread-156,3860368959000,3860407144500,false,
TXN-FILE_LOCK-00101,REQ-SIM-00101,-,CUS-00101,FSI-00167,1,FILE_LOCK,pool-2-thread-101,3860367661100,3860407327100,false,
TXN-FILE_LOCK-00277,REQ-SIM-00277,-,CUS-00277,FSI-00167,1,FILE_LOCK,pool-2-thread-277,3860371785400,3860407415700,false,
TXN-FILE_LOCK-00060,REQ-SIM-00060,-,CUS-00060,FSI-00167,1,FILE_LOCK,pool-2-thread-60,3860366699800,3860407431500,false,
TXN-FILE_LOCK-00049,REQ-SIM-00049,-,CUS-00049,FSI-00167,1,FILE_LOCK,pool-2-thread-49,3860366399400,3860407535600,false,
TXN-FILE_LOCK-00043,REQ-SIM-00043,-,CUS-00043,FSI-00167,1,FILE_LOCK,pool-2-thread-43,3860366323000,3860407578400,false,
TXN-FILE_LOCK-00192,REQ-SIM-00192,-,CUS-00192,FSI-00167,1,FILE_LOCK,pool-2-thread-192,3860369823900,3860407652500,false,
TXN-FILE_LOCK-00031,REQ-SIM-00031,-,CUS-00031,FSI-00167,1,FILE_LOCK,pool-2-thread-31,3860366102300,3860407831700,false,
TXN-FILE_LOCK-00115,REQ-SIM-00115,-,CUS-00115,FSI-00167,1,FILE_LOCK,pool-2-thread-115,3860368055100,3860407744700,false,
TXN-FILE_LOCK-00084,REQ-SIM-00084,-,CUS-00084,FSI-00167,1,FILE_LOCK,pool-2-thread-84,3860367324300,3860407947200,false,
TXN-FILE_LOCK-00097,REQ-SIM-00097,-,CUS-00097,FSI-00167,1,FILE_LOCK,pool-2-thread-97,3860367608600,3860408046600,false,
TXN-FILE_LOCK-00093,REQ-SIM-00093,-,CUS-00093,FSI-00167,1,FILE_LOCK,pool-2-thread-93,3860367504700,3860408078300,false,
TXN-FILE_LOCK-00092,REQ-SIM-00092,-,CUS-00092,FSI-00167,1,FILE_LOCK,pool-2-thread-92,3860367493600,3860408094500,false,
TXN-FILE_LOCK-00278,REQ-SIM-00278,-,CUS-00278,FSI-00167,1,FILE_LOCK,pool-2-thread-278,3860371852900,3860408155100,false,
TXN-FILE_LOCK-00276,REQ-SIM-00276,-,CUS-00276,FSI-00167,1,FILE_LOCK,pool-2-thread-276,3860371765300,3860408287100,false,
TXN-FILE_LOCK-00272,REQ-SIM-00272,-,CUS-00272,FSI-00167,1,FILE_LOCK,pool-2-thread-272,3860371660200,3860408241100,false,
TXN-FILE_LOCK-00007,REQ-SIM-00007,-,CUS-00007,FSI-00167,1,FILE_LOCK,pool-2-thread-7,3860365499400,3860408338200,false,
TXN-FILE_LOCK-00246,REQ-SIM-00246,-,CUS-00246,FSI-00167,1,FILE_LOCK,pool-2-thread-246,3860370976200,3860408454100,false,
TXN-FILE_LOCK-00275,REQ-SIM-00275,-,CUS-00275,FSI-00167,1,FILE_LOCK,pool-2-thread-275,3860371712100,3860408588400,false,
TXN-FILE_LOCK-00274,REQ-SIM-00274,-,CUS-00274,FSI-00167,1,FILE_LOCK,pool-2-thread-274,3860371686600,3860408632600,false,
TXN-FILE_LOCK-00132,REQ-SIM-00132,-,CUS-00132,FSI-00167,1,FILE_LOCK,pool-2-thread-132,3860368488000,3860408731600,false,
TXN-FILE_LOCK-00150,REQ-SIM-00150,-,CUS-00150,FSI-00167,1,FILE_LOCK,pool-2-thread-150,3860368809300,3860408759400,false,
TXN-FILE_LOCK-00161,REQ-SIM-00161,-,CUS-00161,FSI-00167,1,FILE_LOCK,pool-2-thread-161,3860369055100,3860408814100,false,
TXN-FILE_LOCK-00247,REQ-SIM-00247,-,CUS-00247,FSI-00167,1,FILE_LOCK,pool-2-thread-247,3860371010000,3860408896400,false,
TXN-FILE_LOCK-00072,REQ-SIM-00072,-,CUS-00072,FSI-00167,1,FILE_LOCK,pool-2-thread-72,3860366978300,3860408934000,false,
TXN-FILE_LOCK-00100,REQ-SIM-00100,-,CUS-00100,FSI-00167,1,FILE_LOCK,pool-2-thread-100,3860367648300,3860409043600,false,
TXN-FILE_LOCK-00163,REQ-SIM-00163,-,CUS-00163,FSI-00167,1,FILE_LOCK,pool-2-thread-163,3860369115200,3860409098800,false,
TXN-FILE_LOCK-00073,REQ-SIM-00073,-,CUS-00073,FSI-00167,1,FILE_LOCK,pool-2-thread-73,3860367029500,3860409177800,false,
TXN-FILE_LOCK-00112,REQ-SIM-00112,-,CUS-00112,FSI-00167,1,FILE_LOCK,pool-2-thread-112,3860367949100,3860409250200,false,
TXN-FILE_LOCK-00066,REQ-SIM-00066,-,CUS-00066,FSI-00167,1,FILE_LOCK,pool-2-thread-66,3860366856400,3860409261200,false,
TXN-FILE_LOCK-00162,REQ-SIM-00162,-,CUS-00162,FSI-00167,1,FILE_LOCK,pool-2-thread-162,3860369100700,3860409240700,false,
TXN-FILE_LOCK-00108,REQ-SIM-00108,-,CUS-00108,FSI-00167,1,FILE_LOCK,pool-2-thread-108,3860367816900,3860409299000,false,
TXN-FILE_LOCK-00094,REQ-SIM-00094,-,CUS-00094,FSI-00167,1,FILE_LOCK,pool-2-thread-94,3860367579400,3860409251100,false,
TXN-FILE_LOCK-00184,REQ-SIM-00184,-,CUS-00184,FSI-00167,1,FILE_LOCK,pool-2-thread-184,3860369625900,3860409397300,false,
TXN-FILE_LOCK-00124,REQ-SIM-00124,-,CUS-00124,FSI-00167,1,FILE_LOCK,pool-2-thread-124,3860368275000,3860409427600,false,
TXN-FILE_LOCK-00237,REQ-SIM-00237,-,CUS-00237,FSI-00167,1,FILE_LOCK,pool-2-thread-237,3860370794700,3860409448200,false,
TXN-FILE_LOCK-00211,REQ-SIM-00211,-,CUS-00211,FSI-00167,1,FILE_LOCK,pool-2-thread-211,3860370240100,3860409494300,false,
TXN-FILE_LOCK-00279,REQ-SIM-00279,-,CUS-00279,FSI-00167,1,FILE_LOCK,pool-2-thread-279,3860371878400,3860409532500,false,
TXN-FILE_LOCK-00157,REQ-SIM-00157,-,CUS-00157,FSI-00167,1,FILE_LOCK,pool-2-thread-157,3860368978500,3860409573300,false,
TXN-FILE_LOCK-00055,REQ-SIM-00055,-,CUS-00055,FSI-00167,1,FILE_LOCK,pool-2-thread-55,3860366523200,3860409623700,false,
TXN-FILE_LOCK-00242,REQ-SIM-00242,-,CUS-00242,FSI-00167,1,FILE_LOCK,pool-2-thread-242,3860370953900,3860409722400,false,
TXN-FILE_LOCK-00194,REQ-SIM-00194,-,CUS-00194,FSI-00167,1,FILE_LOCK,pool-2-thread-194,3860369848200,3860409902600,false,
TXN-FILE_LOCK-00228,REQ-SIM-00228,-,CUS-00228,FSI-00167,1,FILE_LOCK,pool-2-thread-228,3860370600600,3860409927000,false,
TXN-FILE_LOCK-00168,REQ-SIM-00168,-,CUS-00168,FSI-00167,1,FILE_LOCK,pool-2-thread-168,3860369270500,3860409976600,false,
TXN-FILE_LOCK-00095,REQ-SIM-00095,-,CUS-00095,FSI-00167,1,FILE_LOCK,pool-2-thread-95,3860367567500,3860410084600,false,
TXN-FILE_LOCK-00113,REQ-SIM-00113,-,CUS-00113,FSI-00167,1,FILE_LOCK,pool-2-thread-113,3860367964500,3860410123700,false,
TXN-FILE_LOCK-00042,REQ-SIM-00042,-,CUS-00042,FSI-00167,1,FILE_LOCK,pool-2-thread-42,3860366310100,3860410200900,false,
TXN-FILE_LOCK-00250,REQ-SIM-00250,-,CUS-00250,FSI-00167,1,FILE_LOCK,pool-2-thread-250,3860371057400,3860410305100,false,
TXN-FILE_LOCK-00087,REQ-SIM-00087,-,CUS-00087,FSI-00167,1,FILE_LOCK,pool-2-thread-87,3860367389600,3860410809000,false,
TXN-FILE_LOCK-00273,REQ-SIM-00273,-,CUS-00273,FSI-00167,1,FILE_LOCK,pool-2-thread-273,3860371669100,3860410989300,false,
TXN-FILE_LOCK-00057,REQ-SIM-00057,-,CUS-00057,FSI-00167,1,FILE_LOCK,pool-2-thread-57,3860366640200,3860411303700,false,
TXN-FILE_LOCK-00133,REQ-SIM-00133,-,CUS-00133,FSI-00167,1,FILE_LOCK,pool-2-thread-133,3860368538400,3860411395900,false,
TXN-FILE_LOCK-00067,REQ-SIM-00067,-,CUS-00067,FSI-00167,1,FILE_LOCK,pool-2-thread-67,3860366895100,3860411555300,false,
TXN-FILE_LOCK-00222,REQ-SIM-00222,-,CUS-00222,FSI-00167,1,FILE_LOCK,pool-2-thread-222,3860370447000,3860411601000,false,
TXN-FILE_LOCK-00251,REQ-SIM-00251,-,CUS-00251,FSI-00167,1,FILE_LOCK,pool-2-thread-251,3860371103200,3860411718800,false,
TXN-FILE_LOCK-00106,REQ-SIM-00106,-,CUS-00106,FSI-00167,1,FILE_LOCK,pool-2-thread-106,3860367733700,3860411747000,false,
TXN-FILE_LOCK-00061,REQ-SIM-00061,-,CUS-00061,FSI-00167,1,FILE_LOCK,pool-2-thread-61,3860366721200,3860411753000,false,
TXN-FILE_LOCK-00282,REQ-SIM-00282,-,CUS-00282,FSI-00167,1,FILE_LOCK,pool-2-thread-282,3860371974800,3860412234600,false,
TXN-FILE_LOCK-00213,REQ-SIM-00213,-,CUS-00213,FSI-00167,1,FILE_LOCK,pool-2-thread-213,3860370266100,3860412231200,false,
TXN-FILE_LOCK-00252,REQ-SIM-00252,-,CUS-00252,FSI-00167,1,FILE_LOCK,pool-2-thread-252,3860371143900,3860412264000,false,
TXN-FILE_LOCK-00099,REQ-SIM-00099,-,CUS-00099,FSI-00167,1,FILE_LOCK,pool-2-thread-99,3860367634800,3860412291400,false,
TXN-FILE_LOCK-00234,REQ-SIM-00234,-,CUS-00234,FSI-00167,1,FILE_LOCK,pool-2-thread-234,3860370761600,3860412226500,false,
TXN-FILE_LOCK-00013,REQ-SIM-00013,-,CUS-00013,FSI-00167,1,FILE_LOCK,pool-2-thread-13,3860365606500,3860412355900,false,
TXN-FILE_LOCK-00024,REQ-SIM-00024,-,CUS-00024,FSI-00167,1,FILE_LOCK,pool-2-thread-24,3860365970900,3860412399900,false,
TXN-FILE_LOCK-00019,REQ-SIM-00019,-,CUS-00019,FSI-00167,1,FILE_LOCK,pool-2-thread-19,3860365863100,3860412442500,false,
TXN-FILE_LOCK-00036,REQ-SIM-00036,-,CUS-00036,FSI-00167,1,FILE_LOCK,pool-2-thread-36,3860366198600,3860412454900,false,
TXN-FILE_LOCK-00229,REQ-SIM-00229,-,CUS-00229,FSI-00167,1,FILE_LOCK,pool-2-thread-229,3860370611500,3860412462200,false,
TXN-FILE_LOCK-00169,REQ-SIM-00169,-,CUS-00169,FSI-00167,1,FILE_LOCK,pool-2-thread-169,3860369301400,3860412397400,false,
TXN-FILE_LOCK-00137,REQ-SIM-00137,-,CUS-00137,FSI-00167,1,FILE_LOCK,pool-2-thread-137,3860368593600,3860412478400,false,
TXN-FILE_LOCK-00118,REQ-SIM-00118,-,CUS-00118,FSI-00167,1,FILE_LOCK,pool-2-thread-118,3860368096200,3860412518200,false,
TXN-FILE_LOCK-00039,REQ-SIM-00039,-,CUS-00039,FSI-00167,1,FILE_LOCK,pool-2-thread-39,3860366248200,3860412559200,false,
TXN-FILE_LOCK-00261,REQ-SIM-00261,-,CUS-00261,FSI-00167,1,FILE_LOCK,pool-2-thread-261,3860371344100,3860412586100,false,
TXN-FILE_LOCK-00152,REQ-SIM-00152,-,CUS-00152,FSI-00167,1,FILE_LOCK,pool-2-thread-152,3860368835900,3860412646500,false,
TXN-FILE_LOCK-00068,REQ-SIM-00068,-,CUS-00068,FSI-00167,1,FILE_LOCK,pool-2-thread-68,3860366915400,3860412640700,false,
TXN-FILE_LOCK-00198,REQ-SIM-00198,-,CUS-00198,FSI-00167,1,FILE_LOCK,pool-2-thread-198,3860369910800,3860412660500,false,
TXN-FILE_LOCK-00147,REQ-SIM-00147,-,CUS-00147,FSI-00167,1,FILE_LOCK,pool-2-thread-147,3860368761500,3860412726900,false,
TXN-FILE_LOCK-00140,REQ-SIM-00140,-,CUS-00140,FSI-00167,1,FILE_LOCK,pool-2-thread-140,3860368624100,3860412794400,false,
TXN-FILE_LOCK-00127,REQ-SIM-00127,-,CUS-00127,FSI-00167,1,FILE_LOCK,pool-2-thread-127,3860368309300,3860412800800,false,
TXN-FILE_LOCK-00158,REQ-SIM-00158,-,CUS-00158,FSI-00167,1,FILE_LOCK,pool-2-thread-158,3860368992700,3860412765400,false,
TXN-FILE_LOCK-00259,REQ-SIM-00259,-,CUS-00259,FSI-00167,1,FILE_LOCK,pool-2-thread-259,3860371317400,3860412833200,false,
TXN-FILE_LOCK-00030,REQ-SIM-00030,-,CUS-00030,FSI-00167,1,FILE_LOCK,pool-2-thread-30,3860366087600,3860412833200,false,
TXN-FILE_LOCK-00145,REQ-SIM-00145,-,CUS-00145,FSI-00167,1,FILE_LOCK,pool-2-thread-145,3860368734100,3860412831000,false,
TXN-FILE_LOCK-00027,REQ-SIM-00027,-,CUS-00027,FSI-00167,1,FILE_LOCK,pool-2-thread-27,3860366030600,3860412865700,false,
TXN-FILE_LOCK-00281,REQ-SIM-00281,-,CUS-00281,FSI-00167,1,FILE_LOCK,pool-2-thread-281,3860371962100,3860412891000,false,
TXN-FILE_LOCK-00174,REQ-SIM-00174,-,CUS-00174,FSI-00167,1,FILE_LOCK,pool-2-thread-174,3860369398400,3860413055000,false,
TXN-FILE_LOCK-00086,REQ-SIM-00086,-,CUS-00086,FSI-00167,1,FILE_LOCK,pool-2-thread-86,3860367337200,3860413078000,false,
TXN-FILE_LOCK-00109,REQ-SIM-00109,-,CUS-00109,FSI-00167,1,FILE_LOCK,pool-2-thread-109,3860367849700,3860413165200,false,
TXN-FILE_LOCK-00301,REQ-SIM-00301,-,CUS-00301,FSI-00167,1,FILE_LOCK,pool-2-thread-301,3860372377200,3860413269400,false,
TXN-FILE_LOCK-00231,REQ-SIM-00231,-,CUS-00231,FSI-00167,1,FILE_LOCK,pool-2-thread-231,3860370634500,3860413277600,false,
TXN-FILE_LOCK-00292,REQ-SIM-00292,-,CUS-00292,FSI-00167,1,FILE_LOCK,pool-2-thread-292,3860372135200,3860412878500,false,
TXN-FILE_LOCK-00287,REQ-SIM-00287,-,CUS-00287,FSI-00167,1,FILE_LOCK,pool-2-thread-287,3860372078400,3860412878700,false,
TXN-FILE_LOCK-00288,REQ-SIM-00288,-,CUS-00288,FSI-00167,1,FILE_LOCK,pool-2-thread-288,3860372090800,3860413121900,false,
TXN-FILE_LOCK-00114,REQ-SIM-00114,-,CUS-00114,FSI-00167,1,FILE_LOCK,pool-2-thread-114,3860367978600,3860413392900,false,
TXN-FILE_LOCK-00289,REQ-SIM-00289,-,CUS-00289,FSI-00167,1,FILE_LOCK,pool-2-thread-289,3860372101900,3860413446600,false,
TXN-FILE_LOCK-00303,REQ-SIM-00303,-,CUS-00303,FSI-00167,1,FILE_LOCK,pool-2-thread-303,3860372411900,3860413557300,false,
TXN-FILE_LOCK-00306,REQ-SIM-00306,-,CUS-00306,FSI-00167,1,FILE_LOCK,pool-2-thread-306,3860372478700,3860413655100,false,
TXN-FILE_LOCK-00219,REQ-SIM-00219,-,CUS-00219,FSI-00167,1,FILE_LOCK,pool-2-thread-219,3860370387000,3860413213400,false,
TXN-FILE_LOCK-00201,REQ-SIM-00201,-,CUS-00201,FSI-00167,1,FILE_LOCK,pool-2-thread-201,3860370074200,3860413868900,false,
TXN-FILE_LOCK-00224,REQ-SIM-00224,-,CUS-00224,FSI-00167,1,FILE_LOCK,pool-2-thread-224,3860370476200,3860414563000,false,
TXN-FILE_LOCK-00236,REQ-SIM-00236,-,CUS-00236,FSI-00167,1,FILE_LOCK,pool-2-thread-236,3860370785100,3860414650100,false,
TXN-FILE_LOCK-00120,REQ-SIM-00120,-,CUS-00120,FSI-00167,1,FILE_LOCK,pool-2-thread-120,3860368190700,3860414648700,false,
TXN-FILE_LOCK-00005,REQ-SIM-00005,-,CUS-00005,FSI-00167,1,FILE_LOCK,pool-2-thread-5,3860365469900,3860414823900,false,
TXN-FILE_LOCK-00233,REQ-SIM-00233,-,CUS-00233,FSI-00167,1,FILE_LOCK,pool-2-thread-233,3860370734500,3860415092200,false,
TXN-FILE_LOCK-00088,REQ-SIM-00088,-,CUS-00088,FSI-00167,1,FILE_LOCK,pool-2-thread-88,3860367346500,3860411552400,false,
TXN-FILE_LOCK-00054,REQ-SIM-00054,-,CUS-00054,FSI-00167,1,FILE_LOCK,pool-2-thread-54,3860366510900,3860415486900,false,
TXN-FILE_LOCK-00166,REQ-SIM-00166,-,CUS-00166,FSI-00167,1,FILE_LOCK,pool-2-thread-166,3860369213200,3860415676300,false,
TXN-FILE_LOCK-00143,REQ-SIM-00143,-,CUS-00143,FSI-00167,1,FILE_LOCK,pool-2-thread-143,3860368668200,3860415647600,false,
TXN-FILE_LOCK-00022,REQ-SIM-00022,-,CUS-00022,FSI-00167,1,FILE_LOCK,pool-2-thread-22,3860365941000,3860415708700,false,
TXN-FILE_LOCK-00107,REQ-SIM-00107,-,CUS-00107,FSI-00167,1,FILE_LOCK,pool-2-thread-107,3860367805500,3860415746400,false,
TXN-FILE_LOCK-00041,REQ-SIM-00041,-,CUS-00041,FSI-00167,1,FILE_LOCK,pool-2-thread-41,3860366296800,3860415793800,false,
TXN-FILE_LOCK-00304,REQ-SIM-00304,-,CUS-00304,FSI-00167,1,FILE_LOCK,pool-2-thread-304,3860372449900,3860415841400,false,
TXN-FILE_LOCK-00139,REQ-SIM-00139,-,CUS-00139,FSI-00167,1,FILE_LOCK,pool-2-thread-139,3860368627900,3860417046000,false,
TXN-FILE_LOCK-00193,REQ-SIM-00193,-,CUS-00193,FSI-00167,1,FILE_LOCK,pool-2-thread-193,3860369833200,3860424333100,false,
TXN-FILE_LOCK-00075,REQ-SIM-00075,-,CUS-00075,FSI-00167,1,FILE_LOCK,pool-2-thread-75,3860367078100,3860434254300,false,
TXN-FILE_LOCK-00204,REQ-SIM-00204,-,CUS-00204,FSI-00167,1,FILE_LOCK,pool-2-thread-204,3860370115900,3860440383700,false,
TXN-FILE_LOCK-00325,REQ-SIM-00325,-,CUS-00325,FSI-00167,1,FILE_LOCK,pool-2-thread-325,3860372905700,3860440420300,false,
TXN-FILE_LOCK-00103,REQ-SIM-00103,-,CUS-00103,FSI-00167,1,FILE_LOCK,pool-2-thread-103,3860367768300,3860440414900,false,
TXN-FILE_LOCK-00321,REQ-SIM-00321,-,CUS-00321,FSI-00167,1,FILE_LOCK,pool-2-thread-321,3860372814500,3860440439400,false,
TXN-FILE_LOCK-00130,REQ-SIM-00130,-,CUS-00130,FSI-00167,1,FILE_LOCK,pool-2-thread-130,3860368440100,3860440452600,false,
TXN-FILE_LOCK-00186,REQ-SIM-00186,-,CUS-00186,FSI-00167,1,FILE_LOCK,pool-2-thread-186,3860369650000,3860440494500,false,
TXN-FILE_LOCK-00089,REQ-SIM-00089,-,CUS-00089,FSI-00167,1,FILE_LOCK,pool-2-thread-89,3860367367800,3860440516000,false,
TXN-FILE_LOCK-00334,REQ-SIM-00334,-,CUS-00334,FSI-00167,1,FILE_LOCK,pool-2-thread-334,3860373089000,3860440523600,false,
TXN-FILE_LOCK-00199,REQ-SIM-00199,-,CUS-00199,FSI-00167,1,FILE_LOCK,pool-2-thread-199,3860369996300,3860440519500,false,
TXN-FILE_LOCK-00076,REQ-SIM-00076,-,CUS-00076,FSI-00167,1,FILE_LOCK,pool-2-thread-76,3860367091400,3860440532800,false,
TXN-FILE_LOCK-00082,REQ-SIM-00082,-,CUS-00082,FSI-00167,1,FILE_LOCK,pool-2-thread-82,3860367258500,3860440546300,false,
TXN-FILE_LOCK-00048,REQ-SIM-00048,-,CUS-00048,FSI-00167,1,FILE_LOCK,pool-2-thread-48,3860366388500,3860440558300,false,
TXN-FILE_LOCK-00353,REQ-SIM-00353,-,CUS-00353,FSI-00167,1,FILE_LOCK,pool-2-thread-353,3860373577700,3860440583000,false,
TXN-FILE_LOCK-00205,REQ-SIM-00205,-,CUS-00205,FSI-00167,1,FILE_LOCK,pool-2-thread-205,3860370157500,3860440594100,false,
TXN-FILE_LOCK-00345,REQ-SIM-00345,-,CUS-00345,FSI-00167,1,FILE_LOCK,pool-2-thread-345,3860373348800,3860440590400,false,
TXN-FILE_LOCK-00348,REQ-SIM-00348,-,CUS-00348,FSI-00167,1,FILE_LOCK,pool-2-thread-348,3860373406400,3860440612600,false,
TXN-FILE_LOCK-00283,REQ-SIM-00283,-,CUS-00283,FSI-00167,1,FILE_LOCK,pool-2-thread-283,3860372010900,3860440632500,false,
TXN-FILE_LOCK-00354,REQ-SIM-00354,-,CUS-00354,FSI-00167,1,FILE_LOCK,pool-2-thread-354,3860373590200,3860440646600,false,
TXN-FILE_LOCK-00356,REQ-SIM-00356,-,CUS-00356,FSI-00167,1,FILE_LOCK,pool-2-thread-356,3860373628400,3860440655700,false,
TXN-FILE_LOCK-00336,REQ-SIM-00336,-,CUS-00336,FSI-00167,1,FILE_LOCK,pool-2-thread-336,3860373116700,3860440669200,false,
TXN-FILE_LOCK-00359,REQ-SIM-00359,-,CUS-00359,FSI-00167,1,FILE_LOCK,pool-2-thread-359,3860373672700,3860440683600,false,
TXN-FILE_LOCK-00361,REQ-SIM-00361,-,CUS-00361,FSI-00167,1,FILE_LOCK,pool-2-thread-361,3860373730000,3860440720500,false,
TXN-FILE_LOCK-00369,REQ-SIM-00369,-,CUS-00369,FSI-00167,1,FILE_LOCK,pool-2-thread-369,3860373909800,3860440725300,false,
TXN-FILE_LOCK-00071,REQ-SIM-00071,-,CUS-00071,FSI-00167,1,FILE_LOCK,pool-2-thread-71,3860366964800,3860440730400,false,
TXN-FILE_LOCK-00083,REQ-SIM-00083,-,CUS-00083,FSI-00167,1,FILE_LOCK,pool-2-thread-83,3860367299900,3860440758800,false,
TXN-FILE_LOCK-00374,REQ-SIM-00374,-,CUS-00374,FSI-00167,1,FILE_LOCK,pool-2-thread-374,3860373988200,3860440780800,false,
TXN-FILE_LOCK-00370,REQ-SIM-00370,-,CUS-00370,FSI-00167,1,FILE_LOCK,pool-2-thread-370,3860373921600,3860440788900,false,
TXN-FILE_LOCK-00378,REQ-SIM-00378,-,CUS-00378,FSI-00167,1,FILE_LOCK,pool-2-thread-378,3860374069700,3860440813800,false,
TXN-FILE_LOCK-00197,REQ-SIM-00197,-,CUS-00197,FSI-00167,1,FILE_LOCK,pool-2-thread-197,3860369893600,3860440833500,false,
TXN-FILE_LOCK-00380,REQ-SIM-00380,-,CUS-00380,FSI-00167,1,FILE_LOCK,pool-2-thread-380,3860374104400,3860440846100,false,
TXN-FILE_LOCK-00138,REQ-SIM-00138,-,CUS-00138,FSI-00167,1,FILE_LOCK,pool-2-thread-138,3860368603100,3860440853500,false,
TXN-FILE_LOCK-00377,REQ-SIM-00377,-,CUS-00377,FSI-00167,1,FILE_LOCK,pool-2-thread-377,3860374045800,3860440864100,false,
TXN-FILE_LOCK-00074,REQ-SIM-00074,-,CUS-00074,FSI-00167,1,FILE_LOCK,pool-2-thread-74,3860367043600,3860440844300,false,
TXN-FILE_LOCK-00260,REQ-SIM-00260,-,CUS-00260,FSI-00167,1,FILE_LOCK,pool-2-thread-260,3860371332900,3860440922400,false,
TXN-FILE_LOCK-00203,REQ-SIM-00203,-,CUS-00203,FSI-00167,1,FILE_LOCK,pool-2-thread-203,3860370075300,3860440939500,false,
TXN-FILE_LOCK-00006,REQ-SIM-00006,-,CUS-00006,FSI-00167,1,FILE_LOCK,pool-2-thread-6,3860365485600,3860440944700,false,
TXN-FILE_LOCK-00202,REQ-SIM-00202,-,CUS-00202,FSI-00167,1,FILE_LOCK,pool-2-thread-202,3860370051600,3860440968600,false,
TXN-FILE_LOCK-00215,REQ-SIM-00215,-,CUS-00215,FSI-00167,1,FILE_LOCK,pool-2-thread-215,3860370336800,3860440984600,false,
TXN-FILE_LOCK-00200,REQ-SIM-00200,-,CUS-00200,FSI-00167,1,FILE_LOCK,pool-2-thread-200,3860370011100,3860441011000,false,
TXN-FILE_LOCK-00188,REQ-SIM-00188,-,CUS-00188,FSI-00167,1,FILE_LOCK,pool-2-thread-188,3860369736000,3860441015900,false,
TXN-FILE_LOCK-00069,REQ-SIM-00069,-,CUS-00069,FSI-00167,1,FILE_LOCK,pool-2-thread-69,3860366930200,3860441042000,false,
TXN-FILE_LOCK-00078,REQ-SIM-00078,-,CUS-00078,FSI-00167,1,FILE_LOCK,pool-2-thread-78,3860367165200,3860441061400,false,
TXN-FILE_LOCK-00214,REQ-SIM-00214,-,CUS-00214,FSI-00167,1,FILE_LOCK,pool-2-thread-214,3860370299000,3860441079200,false,
TXN-FILE_LOCK-00190,REQ-SIM-00190,-,CUS-00190,FSI-00167,1,FILE_LOCK,pool-2-thread-190,3860369762200,3860441092700,false,
TXN-FILE_LOCK-00389,REQ-SIM-00389,-,CUS-00389,FSI-00167,1,FILE_LOCK,pool-2-thread-389,3860374248300,3860441114200,false,
TXN-FILE_LOCK-00172,REQ-SIM-00172,-,CUS-00172,FSI-00167,1,FILE_LOCK,pool-2-thread-172,3860369348100,3860441140900,false,
TXN-FILE_LOCK-00173,REQ-SIM-00173,-,CUS-00173,FSI-00167,1,FILE_LOCK,pool-2-thread-173,3860369385200,3860441150600,false,
TXN-FILE_LOCK-00388,REQ-SIM-00388,-,CUS-00388,FSI-00167,1,FILE_LOCK,pool-2-thread-388,3860374238000,3860441180200,false,
TXN-FILE_LOCK-00070,REQ-SIM-00070,-,CUS-00070,FSI-00167,1,FILE_LOCK,pool-2-thread-70,3860366942400,3860441185000,false,
TXN-FILE_LOCK-00179,REQ-SIM-00179,-,CUS-00179,FSI-00167,1,FILE_LOCK,pool-2-thread-179,3860369516500,3860441212200,false,
TXN-FILE_LOCK-00227,REQ-SIM-00227,-,CUS-00227,FSI-00167,1,FILE_LOCK,pool-2-thread-227,3860370551900,3860441232900,false,
TXN-FILE_LOCK-00058,REQ-SIM-00058,-,CUS-00058,FSI-00167,1,FILE_LOCK,pool-2-thread-58,3860366660100,3860441251000,false,
TXN-FILE_LOCK-00064,REQ-SIM-00064,-,CUS-00064,FSI-00167,1,FILE_LOCK,pool-2-thread-64,3860366841200,3860441274100,false,
TXN-FILE_LOCK-00391,REQ-SIM-00391,-,CUS-00391,FSI-00167,1,FILE_LOCK,pool-2-thread-391,3860374370500,3860441301500,false,
TXN-FILE_LOCK-00182,REQ-SIM-00182,-,CUS-00182,FSI-00167,1,FILE_LOCK,pool-2-thread-182,3860369603100,3860441303300,false,
TXN-FILE_LOCK-00409,REQ-SIM-00409,-,CUS-00409,FSI-00167,1,FILE_LOCK,pool-2-thread-409,3860374853500,3860441318000,false,
TXN-FILE_LOCK-00399,REQ-SIM-00399,-,CUS-00399,FSI-00167,1,FILE_LOCK,pool-2-thread-399,3860374566100,3860441333700,false,
TXN-FILE_LOCK-00183,REQ-SIM-00183,-,CUS-00183,FSI-00167,1,FILE_LOCK,pool-2-thread-183,3860369613800,3860441352800,false,
TXN-FILE_LOCK-00284,REQ-SIM-00284,-,CUS-00284,FSI-00167,1,FILE_LOCK,pool-2-thread-284,3860372021100,3860441371400,false,
TXN-FILE_LOCK-00056,REQ-SIM-00056,-,CUS-00056,FSI-00167,1,FILE_LOCK,pool-2-thread-56,3860366533400,3860441385300,false,
TXN-FILE_LOCK-00421,REQ-SIM-00421,-,CUS-00421,FSI-00167,1,FILE_LOCK,pool-2-thread-421,3860375245500,3860441410700,false,
TXN-FILE_LOCK-00410,REQ-SIM-00410,-,CUS-00410,FSI-00167,1,FILE_LOCK,pool-2-thread-410,3860374866200,3860441435100,false,
TXN-FILE_LOCK-00220,REQ-SIM-00220,-,CUS-00220,FSI-00167,1,FILE_LOCK,pool-2-thread-220,3860370412900,3860441452100,false,
TXN-FILE_LOCK-00420,REQ-SIM-00420,-,CUS-00420,FSI-00167,1,FILE_LOCK,pool-2-thread-420,3860375232600,3860441470700,false,
TXN-FILE_LOCK-00432,REQ-SIM-00432,-,CUS-00432,FSI-00167,1,FILE_LOCK,pool-2-thread-432,3860375448800,3860441484400,false,
TXN-FILE_LOCK-00433,REQ-SIM-00433,-,CUS-00433,FSI-00167,1,FILE_LOCK,pool-2-thread-433,3860375499800,3860441511800,false,
TXN-FILE_LOCK-00438,REQ-SIM-00438,-,CUS-00438,FSI-00167,1,FILE_LOCK,pool-2-thread-438,3860375565000,3860441540400,false,
TXN-FILE_LOCK-00423,REQ-SIM-00423,-,CUS-00423,FSI-00167,1,FILE_LOCK,pool-2-thread-423,3860375299600,3860441567500,false,
TXN-FILE_LOCK-00413,REQ-SIM-00413,-,CUS-00413,FSI-00167,1,FILE_LOCK,pool-2-thread-413,3860375003300,3860441593800,false,
TXN-FILE_LOCK-00437,REQ-SIM-00437,-,CUS-00437,FSI-00167,1,FILE_LOCK,pool-2-thread-437,3860375552400,3860441616700,false,
TXN-FILE_LOCK-00412,REQ-SIM-00412,-,CUS-00412,FSI-00167,1,FILE_LOCK,pool-2-thread-412,3860374946200,3860441639900,false,
TXN-FILE_LOCK-00440,REQ-SIM-00440,-,CUS-00440,FSI-00167,1,FILE_LOCK,pool-2-thread-440,3860375597400,3860441671400,false,
TXN-FILE_LOCK-00417,REQ-SIM-00417,-,CUS-00417,FSI-00167,1,FILE_LOCK,pool-2-thread-417,3860375055400,3860441694000,false,
TXN-FILE_LOCK-00506,REQ-SIM-00506,-,CUS-00506,FSI-00167,1,FILE_LOCK,pool-2-thread-506,3860377217000,3860441748000,false,
TXN-FILE_LOCK-00501,REQ-SIM-00501,-,CUS-00501,FSI-00167,1,FILE_LOCK,pool-2-thread-501,3860377118200,3860441771400,false,
TXN-FILE_LOCK-00249,REQ-SIM-00249,-,CUS-00249,FSI-00167,1,FILE_LOCK,pool-2-thread-249,3860371034700,3860441777700,false,
TXN-FILE_LOCK-00195,REQ-SIM-00195,-,CUS-00195,FSI-00167,1,FILE_LOCK,pool-2-thread-195,3860369863800,3860441823500,false,
TXN-FILE_LOCK-00458,REQ-SIM-00458,-,CUS-00458,FSI-00167,1,FILE_LOCK,pool-2-thread-458,3860376001400,3860441823000,false,
TXN-FILE_LOCK-00523,REQ-SIM-00523,-,CUS-00523,FSI-00167,1,FILE_LOCK,pool-2-thread-523,3860377940600,3860441860000,false,
TXN-FILE_LOCK-00519,REQ-SIM-00519,-,CUS-00519,FSI-00167,1,FILE_LOCK,pool-2-thread-519,3860377684700,3860441903600,false,
TXN-FILE_LOCK-00529,REQ-SIM-00529,-,CUS-00529,FSI-00167,1,FILE_LOCK,pool-2-thread-529,3860378194700,3860441889300,false,
TXN-FILE_LOCK-00171,REQ-SIM-00171,-,CUS-00171,FSI-00167,1,FILE_LOCK,pool-2-thread-171,3860369325400,3860441949500,false,
TXN-FILE_LOCK-00538,REQ-SIM-00538,-,CUS-00538,FSI-00167,1,FILE_LOCK,pool-2-thread-538,3860378621000,3860441978400,false,
TXN-FILE_LOCK-00539,REQ-SIM-00539,-,CUS-00539,FSI-00167,1,FILE_LOCK,pool-2-thread-539,3860378631100,3860441991000,false,
TXN-FILE_LOCK-00545,REQ-SIM-00545,-,CUS-00545,FSI-00167,1,FILE_LOCK,pool-2-thread-545,3860378919700,3860442006300,false,
TXN-FILE_LOCK-00176,REQ-SIM-00176,-,CUS-00176,FSI-00167,1,FILE_LOCK,pool-2-thread-176,3860369442800,3860442019900,false,
TXN-FILE_LOCK-00037,REQ-SIM-00037,-,CUS-00037,FSI-00167,1,FILE_LOCK,pool-2-thread-37,3860366215100,3860442032000,false,
TXN-FILE_LOCK-00446,REQ-SIM-00446,-,CUS-00446,FSI-00167,1,FILE_LOCK,pool-2-thread-446,3860375724300,3860442035400,false,
TXN-FILE_LOCK-00535,REQ-SIM-00535,-,CUS-00535,FSI-00167,1,FILE_LOCK,pool-2-thread-535,3860378447700,3860442036600,false,
TXN-FILE_LOCK-00528,REQ-SIM-00528,-,CUS-00528,FSI-00167,1,FILE_LOCK,pool-2-thread-528,3860378182900,3860442057000,false,
TXN-FILE_LOCK-00534,REQ-SIM-00534,-,CUS-00534,FSI-00167,1,FILE_LOCK,pool-2-thread-534,3860378435000,3860442075600,false,
TXN-FILE_LOCK-00553,REQ-SIM-00553,-,CUS-00553,FSI-00167,1,FILE_LOCK,pool-2-thread-553,3860379500800,3860442099400,false,
TXN-FILE_LOCK-00546,REQ-SIM-00546,-,CUS-00546,FSI-00167,1,FILE_LOCK,pool-2-thread-546,3860378941700,3860442109800,false,
TXN-FILE_LOCK-00552,REQ-SIM-00552,-,CUS-00552,FSI-00167,1,FILE_LOCK,pool-2-thread-552,3860379490300,3860442125700,false,
TXN-FILE_LOCK-00556,REQ-SIM-00556,-,CUS-00556,FSI-00167,1,FILE_LOCK,pool-2-thread-556,3860379939000,3860442177800,false,
TXN-FILE_LOCK-00541,REQ-SIM-00541,-,CUS-00541,FSI-00167,1,FILE_LOCK,pool-2-thread-541,3860378686300,3860442203500,false,
TXN-FILE_LOCK-00452,REQ-SIM-00452,-,CUS-00452,FSI-00167,1,FILE_LOCK,pool-2-thread-452,3860375837800,3860442222500,false,
TXN-FILE_LOCK-00550,REQ-SIM-00550,-,CUS-00550,FSI-00167,1,FILE_LOCK,pool-2-thread-550,3860379310700,3860442236000,false,
TXN-FILE_LOCK-00549,REQ-SIM-00549,-,CUS-00549,FSI-00167,1,FILE_LOCK,pool-2-thread-549,3860379230800,3860442265500,false,
TXN-FILE_LOCK-00543,REQ-SIM-00543,-,CUS-00543,FSI-00167,1,FILE_LOCK,pool-2-thread-543,3860378751500,3860442246700,false,
TXN-FILE_LOCK-00164,REQ-SIM-00164,-,CUS-00164,FSI-00167,1,FILE_LOCK,pool-2-thread-164,3860369129500,3860442273000,false,
TXN-FILE_LOCK-00096,REQ-SIM-00096,-,CUS-00096,FSI-00167,1,FILE_LOCK,pool-2-thread-96,3860367574200,3860442293400,false,
TXN-FILE_LOCK-00080,REQ-SIM-00080,-,CUS-00080,FSI-00167,1,FILE_LOCK,pool-2-thread-80,3860367193900,3860442301200,false,
TXN-FILE_LOCK-00578,REQ-SIM-00578,-,CUS-00578,FSI-00167,1,FILE_LOCK,pool-2-thread-578,3860380627900,3860442311700,false,
TXN-FILE_LOCK-00586,REQ-SIM-00586,-,CUS-00586,FSI-00167,1,FILE_LOCK,pool-2-thread-586,3860380828000,3860442368700,false,
TXN-FILE_LOCK-00159,REQ-SIM-00159,-,CUS-00159,FSI-00167,1,FILE_LOCK,pool-2-thread-159,3860369036300,3860442396300,false,
TXN-FILE_LOCK-00567,REQ-SIM-00567,-,CUS-00567,FSI-00167,1,FILE_LOCK,pool-2-thread-567,3860380367100,3860442411900,false,
TXN-FILE_LOCK-00189,REQ-SIM-00189,-,CUS-00189,FSI-00167,1,FILE_LOCK,pool-2-thread-189,3860369748600,3860442392500,false,
TXN-FILE_LOCK-00612,REQ-SIM-00612,-,CUS-00612,FSI-00167,1,FILE_LOCK,pool-2-thread-612,3860381651400,3860442446900,false,
TXN-FILE_LOCK-00045,REQ-SIM-00045,-,CUS-00045,FSI-00167,1,FILE_LOCK,pool-2-thread-45,3860366347600,3860442479200,false,
TXN-FILE_LOCK-00226,REQ-SIM-00226,-,CUS-00226,FSI-00167,1,FILE_LOCK,pool-2-thread-226,3860370539900,3860442489400,false,
TXN-FILE_LOCK-00047,REQ-SIM-00047,-,CUS-00047,FSI-00167,1,FILE_LOCK,pool-2-thread-47,3860366373600,3860442508600,false,
TXN-FILE_LOCK-00240,REQ-SIM-00240,-,CUS-00240,FSI-00167,1,FILE_LOCK,pool-2-thread-240,3860370834800,3860442539800,false,
TXN-FILE_LOCK-00059,REQ-SIM-00059,-,CUS-00059,FSI-00167,1,FILE_LOCK,pool-2-thread-59,3860366684100,3860442603900,false,
TXN-FILE_LOCK-00573,REQ-SIM-00573,-,CUS-00573,FSI-00167,1,FILE_LOCK,pool-2-thread-573,3860380497600,3860442582300,false,
TXN-FILE_LOCK-00232,REQ-SIM-00232,-,CUS-00232,FSI-00167,1,FILE_LOCK,pool-2-thread-232,3860370659800,3860442627400,false,
TXN-FILE_LOCK-00606,REQ-SIM-00606,-,CUS-00606,FSI-00167,1,FILE_LOCK,pool-2-thread-606,3860381540500,3860442596500,false,
TXN-FILE_LOCK-00607,REQ-SIM-00607,-,CUS-00607,FSI-00167,1,FILE_LOCK,pool-2-thread-607,3860381552400,3860442636100,false,
TXN-FILE_LOCK-00509,REQ-SIM-00509,-,CUS-00509,FSI-00167,1,FILE_LOCK,pool-2-thread-509,3860377391700,3860442667000,false,
TXN-FILE_LOCK-00611,REQ-SIM-00611,-,CUS-00611,FSI-00167,1,FILE_LOCK,pool-2-thread-611,3860381640200,3860442607500,false,
TXN-FILE_LOCK-00079,REQ-SIM-00079,-,CUS-00079,FSI-00167,1,FILE_LOCK,pool-2-thread-79,3860367175200,3860442692400,false,
TXN-FILE_LOCK-00572,REQ-SIM-00572,-,CUS-00572,FSI-00167,1,FILE_LOCK,pool-2-thread-572,3860380439000,3860442674900,false,
TXN-FILE_LOCK-00235,REQ-SIM-00235,-,CUS-00235,FSI-00167,1,FILE_LOCK,pool-2-thread-235,3860370773000,3860442711800,false,
TXN-FILE_LOCK-00052,REQ-SIM-00052,-,CUS-00052,FSI-00167,1,FILE_LOCK,pool-2-thread-52,3860366478300,3860442748300,false,
TXN-FILE_LOCK-00032,REQ-SIM-00032,-,CUS-00032,FSI-00167,1,FILE_LOCK,pool-2-thread-32,3860366134500,3860442759600,false,
TXN-FILE_LOCK-00153,REQ-SIM-00153,-,CUS-00153,FSI-00167,1,FILE_LOCK,pool-2-thread-153,3860368857700,3860442732900,false,
TXN-FILE_LOCK-00135,REQ-SIM-00135,-,CUS-00135,FSI-00167,1,FILE_LOCK,pool-2-thread-135,3860368553400,3860442783100,false,
TXN-FILE_LOCK-00165,REQ-SIM-00165,-,CUS-00165,FSI-00167,1,FILE_LOCK,pool-2-thread-165,3860369140000,3860442815200,false,
TXN-FILE_LOCK-00051,REQ-SIM-00051,-,CUS-00051,FSI-00167,1,FILE_LOCK,pool-2-thread-51,3860366464000,3860442815200,false,
TXN-FILE_LOCK-00239,REQ-SIM-00239,-,CUS-00239,FSI-00167,1,FILE_LOCK,pool-2-thread-239,3860370846900,3860442848800,false,
TXN-FILE_LOCK-00603,REQ-SIM-00603,-,CUS-00603,FSI-00167,1,FILE_LOCK,pool-2-thread-603,3860381471100,3860442867400,false,
TXN-FILE_LOCK-00026,REQ-SIM-00026,-,CUS-00026,FSI-00167,1,FILE_LOCK,pool-2-thread-26,3860366004700,3860442881400,false,
TXN-FILE_LOCK-00040,REQ-SIM-00040,-,CUS-00040,FSI-00167,1,FILE_LOCK,pool-2-thread-40,3860366263400,3860442927000,false,
TXN-FILE_LOCK-00142,REQ-SIM-00142,-,CUS-00142,FSI-00167,1,FILE_LOCK,pool-2-thread-142,3860368652800,3860442944200,false,
TXN-FILE_LOCK-00038,REQ-SIM-00038,-,CUS-00038,FSI-00167,1,FILE_LOCK,pool-2-thread-38,3860366232600,3860443004800,false,
TXN-FILE_LOCK-00117,REQ-SIM-00117,-,CUS-00117,FSI-00167,1,FILE_LOCK,pool-2-thread-117,3860368081100,3860443014800,false,
TXN-FILE_LOCK-00111,REQ-SIM-00111,-,CUS-00111,FSI-00167,1,FILE_LOCK,pool-2-thread-111,3860367933400,3860442978200,false,
TXN-FILE_LOCK-00033,REQ-SIM-00033,-,CUS-00033,FSI-00167,1,FILE_LOCK,pool-2-thread-33,3860366150300,3860443028600,false,
TXN-FILE_LOCK-00123,REQ-SIM-00123,-,CUS-00123,FSI-00167,1,FILE_LOCK,pool-2-thread-123,3860368263500,3860443051100,false,
TXN-FILE_LOCK-00178,REQ-SIM-00178,-,CUS-00178,FSI-00167,1,FILE_LOCK,pool-2-thread-178,3860369494000,3860443086900,false,
TXN-FILE_LOCK-00238,REQ-SIM-00238,-,CUS-00238,FSI-00167,1,FILE_LOCK,pool-2-thread-238,3860370813200,3860443121000,false,
TXN-FILE_LOCK-00098,REQ-SIM-00098,-,CUS-00098,FSI-00167,1,FILE_LOCK,pool-2-thread-98,3860367620700,3860443165100,false,
TXN-FILE_LOCK-00160,REQ-SIM-00160,-,CUS-00160,FSI-00167,1,FILE_LOCK,pool-2-thread-160,3860369045000,3860443096300,false,
TXN-FILE_LOCK-00015,REQ-SIM-00015,-,CUS-00015,FSI-00167,1,FILE_LOCK,pool-2-thread-15,3860365770500,3860443176200,false,
TXN-FILE_LOCK-00091,REQ-SIM-00091,-,CUS-00091,FSI-00167,1,FILE_LOCK,pool-2-thread-91,3860367482200,3860443201200,false,
TXN-FILE_LOCK-00002,REQ-SIM-00002,-,CUS-00002,FSI-00167,1,FILE_LOCK,pool-2-thread-2,3860365429100,3860443219900,false,
TXN-FILE_LOCK-00008,REQ-SIM-00008,-,CUS-00008,FSI-00167,1,FILE_LOCK,pool-2-thread-8,3860365516800,3860443230500,false,
TXN-FILE_LOCK-00014,REQ-SIM-00014,-,CUS-00014,FSI-00167,1,FILE_LOCK,pool-2-thread-14,3860365621700,3860443265000,false,
TXN-FILE_LOCK-00062,REQ-SIM-00062,-,CUS-00062,FSI-00167,1,FILE_LOCK,pool-2-thread-62,3860366729700,3860443277800,false,
TXN-FILE_LOCK-00155,REQ-SIM-00155,-,CUS-00155,FSI-00167,1,FILE_LOCK,pool-2-thread-155,3860368884700,3860443308000,false,
TXN-FILE_LOCK-00154,REQ-SIM-00154,-,CUS-00154,FSI-00167,1,FILE_LOCK,pool-2-thread-154,3860368872400,3860443322700,false,
TXN-FILE_LOCK-00063,REQ-SIM-00063,-,CUS-00063,FSI-00167,1,FILE_LOCK,pool-2-thread-63,3860366825300,3860443342600,false,
TXN-FILE_LOCK-00170,REQ-SIM-00170,-,CUS-00170,FSI-00167,1,FILE_LOCK,pool-2-thread-170,3860369312900,3860443362200,false,
TXN-FILE_LOCK-00122,REQ-SIM-00122,-,CUS-00122,FSI-00167,1,FILE_LOCK,pool-2-thread-122,3860368234300,3860443251200,false,
TXN-FILE_LOCK-00050,REQ-SIM-00050,-,CUS-00050,FSI-00167,1,FILE_LOCK,pool-2-thread-50,3860366427900,3860443385300,false,
TXN-FILE_LOCK-00009,REQ-SIM-00009,-,CUS-00009,FSI-00167,1,FILE_LOCK,pool-2-thread-9,3860365533300,3860443408100,false,
TXN-FILE_LOCK-00119,REQ-SIM-00119,-,CUS-00119,FSI-00167,1,FILE_LOCK,pool-2-thread-119,3860368178400,3860443419400,false,
TXN-FILE_LOCK-00148,REQ-SIM-00148,-,CUS-00148,FSI-00167,1,FILE_LOCK,pool-2-thread-148,3860368775500,3860443434500,false,
TXN-FILE_LOCK-00085,REQ-SIM-00085,-,CUS-00085,FSI-00167,1,FILE_LOCK,pool-2-thread-85,3860367378200,3860443445600,false,
TXN-FILE_LOCK-00285,REQ-SIM-00285,-,CUS-00285,FSI-00167,1,FILE_LOCK,pool-2-thread-285,3860372030100,3860443461600,false,
TXN-FILE_LOCK-00209,REQ-SIM-00209,-,CUS-00209,FSI-00167,1,FILE_LOCK,pool-2-thread-209,3860370219900,3860443508200,false,
TXN-FILE_LOCK-00001,REQ-SIM-00001,-,CUS-00001,FSI-00167,1,FILE_LOCK,pool-2-thread-1,3860365416900,3860443517000,false,
TXN-FILE_LOCK-00167,REQ-SIM-00167,-,CUS-00167,FSI-00167,1,FILE_LOCK,pool-2-thread-167,3860369179200,3860443543000,false,
TXN-FILE_LOCK-00116,REQ-SIM-00116,-,CUS-00116,FSI-00167,1,FILE_LOCK,pool-2-thread-116,3860368068700,3860443560700,false,
TXN-FILE_LOCK-00003,REQ-SIM-00003,-,CUS-00003,FSI-00167,1,FILE_LOCK,pool-2-thread-3,3860365443400,3860443579400,false,
TXN-FILE_LOCK-00044,REQ-SIM-00044,-,CUS-00044,FSI-00167,1,FILE_LOCK,pool-2-thread-44,3860366333200,3860443602600,false,
TXN-FILE_LOCK-00149,REQ-SIM-00149,-,CUS-00149,FSI-00167,1,FILE_LOCK,pool-2-thread-149,3860368798700,3860443618000,false,
TXN-FILE_LOCK-00104,REQ-SIM-00104,-,CUS-00104,FSI-00167,1,FILE_LOCK,pool-2-thread-104,3860367676800,3860443640100,false,
TXN-FILE_LOCK-00185,REQ-SIM-00185,-,CUS-00185,FSI-00167,1,FILE_LOCK,pool-2-thread-185,3860369638500,3860443661400,false,
TXN-FILE_LOCK-00090,REQ-SIM-00090,-,CUS-00090,FSI-00167,1,FILE_LOCK,pool-2-thread-90,3860367455500,3860443670900,false,
TXN-FILE_LOCK-00191,REQ-SIM-00191,-,CUS-00191,FSI-00167,1,FILE_LOCK,pool-2-thread-191,3860369811000,3860443683000,false,
TXN-FILE_LOCK-00136,REQ-SIM-00136,-,CUS-00136,FSI-00167,1,FILE_LOCK,pool-2-thread-136,3860368579300,3860443693000,false,
TXN-FILE_LOCK-00206,REQ-SIM-00206,-,CUS-00206,FSI-00167,1,FILE_LOCK,pool-2-thread-206,3860370171700,3860443727700,false,
TXN-FILE_LOCK-00267,REQ-SIM-00267,-,CUS-00267,FSI-00167,1,FILE_LOCK,pool-2-thread-267,3860371506400,3860443724700,false,
TXN-FILE_LOCK-00255,REQ-SIM-00255,-,CUS-00255,FSI-00167,1,FILE_LOCK,pool-2-thread-255,3860371206600,3860443768000,false,
TXN-FILE_LOCK-00128,REQ-SIM-00128,-,CUS-00128,FSI-00167,1,FILE_LOCK,pool-2-thread-128,3860368408300,3860443795200,false,
TXN-FILE_LOCK-00020,REQ-SIM-00020,-,CUS-00020,FSI-00167,1,FILE_LOCK,pool-2-thread-20,3860365893100,3860443817600,false,
TXN-FILE_LOCK-00129,REQ-SIM-00129,-,CUS-00129,FSI-00167,1,FILE_LOCK,pool-2-thread-129,3860368426200,3860443826500,false,
TXN-FILE_LOCK-00144,REQ-SIM-00144,-,CUS-00144,FSI-00167,1,FILE_LOCK,pool-2-thread-144,3860368717100,3860443847600,false,
TXN-FILE_LOCK-00212,REQ-SIM-00212,-,CUS-00212,FSI-00167,1,FILE_LOCK,pool-2-thread-212,3860370252100,3860443862100,false,
TXN-FILE_LOCK-00012,REQ-SIM-00012,-,CUS-00012,FSI-00167,1,FILE_LOCK,pool-2-thread-12,3860365569300,3860443881100,false,
TXN-FILE_LOCK-00028,REQ-SIM-00028,-,CUS-00028,FSI-00167,1,FILE_LOCK,pool-2-thread-28,3860366046500,3860443905800,false,
TXN-FILE_LOCK-00023,REQ-SIM-00023,-,CUS-00023,FSI-00167,1,FILE_LOCK,pool-2-thread-23,3860365958500,3860443927900,false,
TXN-FILE_LOCK-00035,REQ-SIM-00035,-,CUS-00035,FSI-00167,1,FILE_LOCK,pool-2-thread-35,3860366182500,3860443940100,false,
TXN-FILE_LOCK-00016,REQ-SIM-00016,-,CUS-00016,FSI-00167,1,FILE_LOCK,pool-2-thread-16,3860365785000,3860443959300,false,
TXN-FILE_LOCK-00263,REQ-SIM-00263,-,CUS-00263,FSI-00167,1,FILE_LOCK,pool-2-thread-263,3860371407700,3860443985600,false,
TXN-FILE_LOCK-00046,REQ-SIM-00046,-,CUS-00046,FSI-00167,1,FILE_LOCK,pool-2-thread-46,3860366362200,3860443988700,false,
TXN-FILE_LOCK-00025,REQ-SIM-00025,-,CUS-00025,FSI-00167,1,FILE_LOCK,pool-2-thread-25,3860365985300,3860444018100,false,
TXN-FILE_LOCK-00081,REQ-SIM-00081,-,CUS-00081,FSI-00167,1,FILE_LOCK,pool-2-thread-81,3860367246400,3860444024100,false,
TXN-FILE_LOCK-00017,REQ-SIM-00017,-,CUS-00017,FSI-00167,1,FILE_LOCK,pool-2-thread-17,3860365806500,3860444057500,false,
TXN-FILE_LOCK-00011,REQ-SIM-00011,-,CUS-00011,FSI-00167,1,FILE_LOCK,pool-2-thread-11,3860365557500,3860444080400,false,
TXN-FILE_LOCK-00018,REQ-SIM-00018,-,CUS-00018,FSI-00167,1,FILE_LOCK,pool-2-thread-18,3860365821100,3860444109300,false,
TXN-FILE_LOCK-00034,REQ-SIM-00034,-,CUS-00034,FSI-00167,1,FILE_LOCK,pool-2-thread-34,3860366163200,3860444136000,false,
TXN-FILE_LOCK-00218,REQ-SIM-00218,-,CUS-00218,FSI-00167,1,FILE_LOCK,pool-2-thread-218,3860370375400,3860444159000,false,
TXN-FILE_LOCK-00134,REQ-SIM-00134,-,CUS-00134,FSI-00167,1,FILE_LOCK,pool-2-thread-134,3860368565000,3860444156200,false,
TXN-FILE_LOCK-00286,REQ-SIM-00286,-,CUS-00286,FSI-00167,1,FILE_LOCK,pool-2-thread-286,3860372065100,3860444181800,false,
TXN-FILE_LOCK-00175,REQ-SIM-00175,-,CUS-00175,FSI-00167,1,FILE_LOCK,pool-2-thread-175,3860369419800,3860444205500,false,
TXN-FILE_LOCK-00029,REQ-SIM-00029,-,CUS-00029,FSI-00167,1,FILE_LOCK,pool-2-thread-29,3860366071400,3860444219400,false,
TXN-FILE_LOCK-00280,REQ-SIM-00280,-,CUS-00280,FSI-00167,1,FILE_LOCK,pool-2-thread-280,3860371944200,3860444256500,false,
TXN-FILE_LOCK-00010,REQ-SIM-00010,-,CUS-00010,FSI-00167,1,FILE_LOCK,pool-2-thread-10,3860365544600,3860444277600,false,
TXN-FILE_LOCK-00065,REQ-SIM-00065,-,CUS-00065,FSI-00167,1,FILE_LOCK,pool-2-thread-65,3860366872500,3860444290700,false,
TXN-FILE_LOCK-00293,REQ-SIM-00293,-,CUS-00293,FSI-00167,1,FILE_LOCK,pool-2-thread-293,3860372233500,3860444313700,false,
TXN-FILE_LOCK-00294,REQ-SIM-00294,-,CUS-00294,FSI-00167,1,FILE_LOCK,pool-2-thread-294,3860372242500,3860444338000,false,
TXN-FILE_LOCK-00291,REQ-SIM-00291,-,CUS-00291,FSI-00167,1,FILE_LOCK,pool-2-thread-291,3860372122000,3860444377400,false,
TXN-FILE_LOCK-00290,REQ-SIM-00290,-,CUS-00290,FSI-00167,1,FILE_LOCK,pool-2-thread-290,3860372112900,3860444392000,false,
TXN-FILE_LOCK-00298,REQ-SIM-00298,-,CUS-00298,FSI-00167,1,FILE_LOCK,pool-2-thread-298,3860372295500,3860444405200,false,
TXN-FILE_LOCK-00297,REQ-SIM-00297,-,CUS-00297,FSI-00167,1,FILE_LOCK,pool-2-thread-297,3860372285400,3860444430800,false,
TXN-FILE_LOCK-00296,REQ-SIM-00296,-,CUS-00296,FSI-00167,1,FILE_LOCK,pool-2-thread-296,3860372272300,3860444439000,false,
TXN-FILE_LOCK-00299,REQ-SIM-00299,-,CUS-00299,FSI-00167,1,FILE_LOCK,pool-2-thread-299,3860372308300,3860444456900,false,
TXN-FILE_LOCK-00230,REQ-SIM-00230,-,CUS-00230,FSI-00167,1,FILE_LOCK,pool-2-thread-230,3860370623400,3860444490300,false,
TXN-FILE_LOCK-00295,REQ-SIM-00295,-,CUS-00295,FSI-00167,1,FILE_LOCK,pool-2-thread-295,3860372259500,3860444516500,false,
TXN-FILE_LOCK-00225,REQ-SIM-00225,-,CUS-00225,FSI-00167,1,FILE_LOCK,pool-2-thread-225,3860370529200,3860444580400,false,
TXN-FILE_LOCK-00300,REQ-SIM-00300,-,CUS-00300,FSI-00167,1,FILE_LOCK,pool-2-thread-300,3860372365200,3860444591000,false,
TXN-FILE_LOCK-00305,REQ-SIM-00305,-,CUS-00305,FSI-00167,1,FILE_LOCK,pool-2-thread-305,3860372464800,3860444594900,false,
TXN-FILE_LOCK-00102,REQ-SIM-00102,-,CUS-00102,FSI-00167,1,FILE_LOCK,pool-2-thread-102,3860367792400,3860444634000,false,
TXN-FILE_LOCK-00309,REQ-SIM-00309,-,CUS-00309,FSI-00167,1,FILE_LOCK,pool-2-thread-309,3860372522700,3860444648500,false,
TXN-FILE_LOCK-00207,REQ-SIM-00207,-,CUS-00207,FSI-00167,1,FILE_LOCK,pool-2-thread-207,3860370185100,3860444681500,false,
TXN-FILE_LOCK-00311,REQ-SIM-00311,-,CUS-00311,FSI-00167,1,FILE_LOCK,pool-2-thread-311,3860372587600,3860444700200,false,
TXN-FILE_LOCK-00315,REQ-SIM-00315,-,CUS-00315,FSI-00167,1,FILE_LOCK,pool-2-thread-315,3860372695300,3860444714400,false,
TXN-FILE_LOCK-00310,REQ-SIM-00310,-,CUS-00310,FSI-00167,1,FILE_LOCK,pool-2-thread-310,3860372560300,3860444735900,false,
TXN-FILE_LOCK-00302,REQ-SIM-00302,-,CUS-00302,FSI-00167,1,FILE_LOCK,pool-2-thread-302,3860372389200,3860444750000,false,
TXN-FILE_LOCK-00308,REQ-SIM-00308,-,CUS-00308,FSI-00167,1,FILE_LOCK,pool-2-thread-308,3860372512400,3860444781500,false,
TXN-FILE_LOCK-00318,REQ-SIM-00318,-,CUS-00318,FSI-00167,1,FILE_LOCK,pool-2-thread-318,3860372771900,3860444833800,false,
TXN-FILE_LOCK-00313,REQ-SIM-00313,-,CUS-00313,FSI-00167,1,FILE_LOCK,pool-2-thread-313,3860372617100,3860444845600,false,
TXN-FILE_LOCK-00322,REQ-SIM-00322,-,CUS-00322,FSI-00167,1,FILE_LOCK,pool-2-thread-322,3860372848700,3860444863500,false,
TXN-FILE_LOCK-00077,REQ-SIM-00077,-,CUS-00077,FSI-00167,1,FILE_LOCK,pool-2-thread-77,3860367114700,3860444879900,false,
TXN-FILE_LOCK-00324,REQ-SIM-00324,-,CUS-00324,FSI-00167,1,FILE_LOCK,pool-2-thread-324,3860372890900,3860444863700,false,
TXN-FILE_LOCK-00319,REQ-SIM-00319,-,CUS-00319,FSI-00167,1,FILE_LOCK,pool-2-thread-319,3860372788700,3860444921700,false,
TXN-FILE_LOCK-00307,REQ-SIM-00307,-,CUS-00307,FSI-00167,1,FILE_LOCK,pool-2-thread-307,3860372488500,3860444930100,false,
TXN-FILE_LOCK-00330,REQ-SIM-00330,-,CUS-00330,FSI-00167,1,FILE_LOCK,pool-2-thread-330,3860372990200,3860444958300,false,
TXN-FILE_LOCK-00327,REQ-SIM-00327,-,CUS-00327,FSI-00167,1,FILE_LOCK,pool-2-thread-327,3860372967000,3860445018900,false,
TXN-FILE_LOCK-00326,REQ-SIM-00326,-,CUS-00326,FSI-00167,1,FILE_LOCK,pool-2-thread-326,3860372920300,3860445015400,false,
TXN-FILE_LOCK-00331,REQ-SIM-00331,-,CUS-00331,FSI-00167,1,FILE_LOCK,pool-2-thread-331,3860373048800,3860445041300,false,
TXN-FILE_LOCK-00332,REQ-SIM-00332,-,CUS-00332,FSI-00167,1,FILE_LOCK,pool-2-thread-332,3860373062100,3860445049200,false,
TXN-FILE_LOCK-00314,REQ-SIM-00314,-,CUS-00314,FSI-00167,1,FILE_LOCK,pool-2-thread-314,3860372628600,3860445060300,false,
TXN-FILE_LOCK-00333,REQ-SIM-00333,-,CUS-00333,FSI-00167,1,FILE_LOCK,pool-2-thread-333,3860373076500,3860445084100,false,
TXN-FILE_LOCK-00121,REQ-SIM-00121,-,CUS-00121,FSI-00167,1,FILE_LOCK,pool-2-thread-121,3860368221700,3860445101500,false,
TXN-FILE_LOCK-00328,REQ-SIM-00328,-,CUS-00328,FSI-00167,1,FILE_LOCK,pool-2-thread-328,3860372941200,3860445119900,false,
TXN-FILE_LOCK-00329,REQ-SIM-00329,-,CUS-00329,FSI-00167,1,FILE_LOCK,pool-2-thread-329,3860372978100,3860445146200,false,
TXN-FILE_LOCK-00208,REQ-SIM-00208,-,CUS-00208,FSI-00167,1,FILE_LOCK,pool-2-thread-208,3860370208200,3860445170800,false,
TXN-FILE_LOCK-00338,REQ-SIM-00338,-,CUS-00338,FSI-00167,1,FILE_LOCK,pool-2-thread-338,3860373173600,3860445180500,false,
TXN-FILE_LOCK-00335,REQ-SIM-00335,-,CUS-00335,FSI-00167,1,FILE_LOCK,pool-2-thread-335,3860373101400,3860445210500,false,
TXN-FILE_LOCK-00320,REQ-SIM-00320,-,CUS-00320,FSI-00167,1,FILE_LOCK,pool-2-thread-320,3860372803500,3860445221200,false,
TXN-FILE_LOCK-00340,REQ-SIM-00340,-,CUS-00340,FSI-00167,1,FILE_LOCK,pool-2-thread-340,3860373230900,3860445229000,false,
TXN-FILE_LOCK-00337,REQ-SIM-00337,-,CUS-00337,FSI-00167,1,FILE_LOCK,pool-2-thread-337,3860373144700,3860445247500,false,
TXN-FILE_LOCK-00343,REQ-SIM-00343,-,CUS-00343,FSI-00167,1,FILE_LOCK,pool-2-thread-343,3860373322500,3860445266000,false,
TXN-FILE_LOCK-00312,REQ-SIM-00312,-,CUS-00312,FSI-00167,1,FILE_LOCK,pool-2-thread-312,3860372606200,3860445271300,false,
TXN-FILE_LOCK-00616,REQ-SIM-00616,-,CUS-00616,FSI-00167,1,FILE_LOCK,pool-2-thread-616,3860381751200,3860445330500,false,
TXN-FILE_LOCK-00316,REQ-SIM-00316,-,CUS-00316,FSI-00167,1,FILE_LOCK,pool-2-thread-316,3860372711300,3860445342000,false,
TXN-FILE_LOCK-00266,REQ-SIM-00266,-,CUS-00266,FSI-00167,1,FILE_LOCK,pool-2-thread-266,3860371494500,3860445354000,false,
TXN-FILE_LOCK-00347,REQ-SIM-00347,-,CUS-00347,FSI-00167,1,FILE_LOCK,pool-2-thread-347,3860373376200,3860445382400,false,
TXN-FILE_LOCK-00339,REQ-SIM-00339,-,CUS-00339,FSI-00167,1,FILE_LOCK,pool-2-thread-339,3860373188300,3860445392700,false,
TXN-FILE_LOCK-00341,REQ-SIM-00341,-,CUS-00341,FSI-00167,1,FILE_LOCK,pool-2-thread-341,3860373251600,3860445405100,false,
TXN-FILE_LOCK-00196,REQ-SIM-00196,-,CUS-00196,FSI-00167,1,FILE_LOCK,pool-2-thread-196,3860369875700,3860445421400,false,
TXN-FILE_LOCK-00352,REQ-SIM-00352,-,CUS-00352,FSI-00167,1,FILE_LOCK,pool-2-thread-352,3860373539300,3860445453100,false,
TXN-FILE_LOCK-00346,REQ-SIM-00346,-,CUS-00346,FSI-00167,1,FILE_LOCK,pool-2-thread-346,3860373362600,3860445460100,false,
TXN-FILE_LOCK-00349,REQ-SIM-00349,-,CUS-00349,FSI-00167,1,FILE_LOCK,pool-2-thread-349,3860373488600,3860445488200,false,
TXN-FILE_LOCK-00358,REQ-SIM-00358,-,CUS-00358,FSI-00167,1,FILE_LOCK,pool-2-thread-358,3860373655900,3860445510400,false,
TXN-FILE_LOCK-00342,REQ-SIM-00342,-,CUS-00342,FSI-00167,1,FILE_LOCK,pool-2-thread-342,3860373260800,3860445520400,false,
TXN-FILE_LOCK-00357,REQ-SIM-00357,-,CUS-00357,FSI-00167,1,FILE_LOCK,pool-2-thread-357,3860373642400,3860445531000,false,
TXN-FILE_LOCK-00355,REQ-SIM-00355,-,CUS-00355,FSI-00167,1,FILE_LOCK,pool-2-thread-355,3860373615300,3860445546100,false,
TXN-FILE_LOCK-00351,REQ-SIM-00351,-,CUS-00351,FSI-00167,1,FILE_LOCK,pool-2-thread-351,3860373525000,3860445571700,false,
TXN-FILE_LOCK-00363,REQ-SIM-00363,-,CUS-00363,FSI-00167,1,FILE_LOCK,pool-2-thread-363,3860373755300,3860445598700,false,
TXN-FILE_LOCK-00365,REQ-SIM-00365,-,CUS-00365,FSI-00167,1,FILE_LOCK,pool-2-thread-365,3860373781400,3860445621200,false,
TXN-FILE_LOCK-00617,REQ-SIM-00617,-,CUS-00617,FSI-00167,1,FILE_LOCK,pool-2-thread-617,3860381774000,3860445632500,false,
TXN-FILE_LOCK-00344,REQ-SIM-00344,-,CUS-00344,FSI-00167,1,FILE_LOCK,pool-2-thread-344,3860373334200,3860445664100,false,
TXN-FILE_LOCK-00350,REQ-SIM-00350,-,CUS-00350,FSI-00167,1,FILE_LOCK,pool-2-thread-350,3860373503600,3860445668300,false,
TXN-FILE_LOCK-00610,REQ-SIM-00610,-,CUS-00610,FSI-00167,1,FILE_LOCK,pool-2-thread-610,3860381628800,3860445691900,false,
TXN-FILE_LOCK-00604,REQ-SIM-00604,-,CUS-00604,FSI-00167,1,FILE_LOCK,pool-2-thread-604,3860381489700,3860445716800,false,
TXN-FILE_LOCK-00368,REQ-SIM-00368,-,CUS-00368,FSI-00167,1,FILE_LOCK,pool-2-thread-368,3860373895600,3860445769600,false,
TXN-FILE_LOCK-00602,REQ-SIM-00602,-,CUS-00602,FSI-00167,1,FILE_LOCK,pool-2-thread-602,3860381444900,3860445773500,false,
TXN-FILE_LOCK-00373,REQ-SIM-00373,-,CUS-00373,FSI-00167,1,FILE_LOCK,pool-2-thread-373,3860373974700,3860445797700,false,
TXN-FILE_LOCK-00360,REQ-SIM-00360,-,CUS-00360,FSI-00167,1,FILE_LOCK,pool-2-thread-360,3860373687400,3860445803600,false,
TXN-FILE_LOCK-00615,REQ-SIM-00615,-,CUS-00615,FSI-00167,1,FILE_LOCK,pool-2-thread-615,3860381845700,3860445817700,false,
TXN-FILE_LOCK-00669,REQ-SIM-00669,-,CUS-00669,FSI-00167,1,FILE_LOCK,pool-2-thread-669,3860383194400,3860445843000,false,
TXN-FILE_LOCK-00371,REQ-SIM-00371,-,CUS-00371,FSI-00167,1,FILE_LOCK,pool-2-thread-371,3860373948300,3860445859400,false,
TXN-FILE_LOCK-00670,REQ-SIM-00670,-,CUS-00670,FSI-00167,1,FILE_LOCK,pool-2-thread-670,3860383262900,3860445874600,false,
TXN-FILE_LOCK-00664,REQ-SIM-00664,-,CUS-00664,FSI-00167,1,FILE_LOCK,pool-2-thread-664,3860383132500,3860445900900,false,
TXN-FILE_LOCK-00620,REQ-SIM-00620,-,CUS-00620,FSI-00167,1,FILE_LOCK,pool-2-thread-620,3860381897100,3860445898600,false,
TXN-FILE_LOCK-00379,REQ-SIM-00379,-,CUS-00379,FSI-00167,1,FILE_LOCK,pool-2-thread-379,3860374092400,3860445918600,false,
TXN-FILE_LOCK-00381,REQ-SIM-00381,-,CUS-00381,FSI-00167,1,FILE_LOCK,pool-2-thread-381,3860374114400,3860445948600,false,
TXN-FILE_LOCK-00383,REQ-SIM-00383,-,CUS-00383,FSI-00167,1,FILE_LOCK,pool-2-thread-383,3860374167500,3860445957300,false,
TXN-FILE_LOCK-00375,REQ-SIM-00375,-,CUS-00375,FSI-00167,1,FILE_LOCK,pool-2-thread-375,3860374004400,3860445984200,false,
TXN-FILE_LOCK-00385,REQ-SIM-00385,-,CUS-00385,FSI-00167,1,FILE_LOCK,pool-2-thread-385,3860374191200,3860445992900,false,
TXN-FILE_LOCK-00387,REQ-SIM-00387,-,CUS-00387,FSI-00167,1,FILE_LOCK,pool-2-thread-387,3860374215900,3860446021400,false,
TXN-FILE_LOCK-00384,REQ-SIM-00384,-,CUS-00384,FSI-00167,1,FILE_LOCK,pool-2-thread-384,3860374178700,3860446044100,false,
TXN-FILE_LOCK-00386,REQ-SIM-00386,-,CUS-00386,FSI-00167,1,FILE_LOCK,pool-2-thread-386,3860374203400,3860446072800,false,
TXN-FILE_LOCK-00605,REQ-SIM-00605,-,CUS-00605,FSI-00167,1,FILE_LOCK,pool-2-thread-605,3860381527600,3860446125500,false,
TXN-FILE_LOCK-00177,REQ-SIM-00177,-,CUS-00177,FSI-00167,1,FILE_LOCK,pool-2-thread-177,3860369469000,3860446149400,false,
TXN-FILE_LOCK-00598,REQ-SIM-00598,-,CUS-00598,FSI-00167,1,FILE_LOCK,pool-2-thread-598,3860381211700,3860446170800,false,
TXN-FILE_LOCK-00382,REQ-SIM-00382,-,CUS-00382,FSI-00167,1,FILE_LOCK,pool-2-thread-382,3860374128300,3860446149600,false,
TXN-FILE_LOCK-00403,REQ-SIM-00403,-,CUS-00403,FSI-00167,1,FILE_LOCK,pool-2-thread-403,3860374723700,3860446194900,false,
TXN-FILE_LOCK-00392,REQ-SIM-00392,-,CUS-00392,FSI-00167,1,FILE_LOCK,pool-2-thread-392,3860374386600,3860446210000,false,
TXN-FILE_LOCK-00390,REQ-SIM-00390,-,CUS-00390,FSI-00167,1,FILE_LOCK,pool-2-thread-390,3860374261600,3860446224600,false,
TXN-FILE_LOCK-00404,REQ-SIM-00404,-,CUS-00404,FSI-00167,1,FILE_LOCK,pool-2-thread-404,3860374737900,3860446238200,false,
TXN-FILE_LOCK-00402,REQ-SIM-00402,-,CUS-00402,FSI-00167,1,FILE_LOCK,pool-2-thread-402,3860374696700,3860446265700,false,
TXN-FILE_LOCK-00362,REQ-SIM-00362,-,CUS-00362,FSI-00167,1,FILE_LOCK,pool-2-thread-362,3860373742900,3860446291500,false,
TXN-FILE_LOCK-00641,REQ-SIM-00641,-,CUS-00641,FSI-00167,1,FILE_LOCK,pool-2-thread-641,3860382347800,3860446306200,false,
TXN-FILE_LOCK-00394,REQ-SIM-00394,-,CUS-00394,FSI-00167,1,FILE_LOCK,pool-2-thread-394,3860374413300,3860446316900,false,
TXN-FILE_LOCK-00406,REQ-SIM-00406,-,CUS-00406,FSI-00167,1,FILE_LOCK,pool-2-thread-406,3860374769700,3860446333300,false,
TXN-FILE_LOCK-00395,REQ-SIM-00395,-,CUS-00395,FSI-00167,1,FILE_LOCK,pool-2-thread-395,3860374477700,3860446349100,false,
TXN-FILE_LOCK-00393,REQ-SIM-00393,-,CUS-00393,FSI-00167,1,FILE_LOCK,pool-2-thread-393,3860374398200,3860446380900,false,
TXN-FILE_LOCK-00396,REQ-SIM-00396,-,CUS-00396,FSI-00167,1,FILE_LOCK,pool-2-thread-396,3860374498700,3860446399500,false,
TXN-FILE_LOCK-00397,REQ-SIM-00397,-,CUS-00397,FSI-00167,1,FILE_LOCK,pool-2-thread-397,3860374513800,3860446425800,false,
TXN-FILE_LOCK-00053,REQ-SIM-00053,-,CUS-00053,FSI-00167,1,FILE_LOCK,pool-2-thread-53,3860366494700,3860446438100,false,
TXN-FILE_LOCK-00405,REQ-SIM-00405,-,CUS-00405,FSI-00167,1,FILE_LOCK,pool-2-thread-405,3860374749100,3860446454400,false,
TXN-FILE_LOCK-00628,REQ-SIM-00628,-,CUS-00628,FSI-00167,1,FILE_LOCK,pool-2-thread-628,3860382107700,3860446460900,false,
TXN-FILE_LOCK-00422,REQ-SIM-00422,-,CUS-00422,FSI-00167,1,FILE_LOCK,pool-2-thread-422,3860375258800,3860446483200,false,
TXN-FILE_LOCK-00408,REQ-SIM-00408,-,CUS-00408,FSI-00167,1,FILE_LOCK,pool-2-thread-408,3860374839000,3860446532900,false,
TXN-FILE_LOCK-00648,REQ-SIM-00648,-,CUS-00648,FSI-00167,1,FILE_LOCK,pool-2-thread-648,3860382471600,3860446545400,false,
TXN-FILE_LOCK-00418,REQ-SIM-00418,-,CUS-00418,FSI-00167,1,FILE_LOCK,pool-2-thread-418,3860375072200,3860446551300,false,
TXN-FILE_LOCK-00428,REQ-SIM-00428,-,CUS-00428,FSI-00167,1,FILE_LOCK,pool-2-thread-428,3860375374900,3860446571300,false,
TXN-FILE_LOCK-00407,REQ-SIM-00407,-,CUS-00407,FSI-00167,1,FILE_LOCK,pool-2-thread-407,3860374826800,3860446585900,false,
TXN-FILE_LOCK-00411,REQ-SIM-00411,-,CUS-00411,FSI-00167,1,FILE_LOCK,pool-2-thread-411,3860374919700,3860446604700,false,
TXN-FILE_LOCK-00658,REQ-SIM-00658,-,CUS-00658,FSI-00167,1,FILE_LOCK,pool-2-thread-658,3860382925100,3860446616600,false,
TXN-FILE_LOCK-00652,REQ-SIM-00652,-,CUS-00652,FSI-00167,1,FILE_LOCK,pool-2-thread-652,3860382709300,3860446630300,false,
TXN-FILE_LOCK-00441,REQ-SIM-00441,-,CUS-00441,FSI-00167,1,FILE_LOCK,pool-2-thread-441,3860375610200,3860446791500,false,
TXN-FILE_LOCK-00632,REQ-SIM-00632,-,CUS-00632,FSI-00167,1,FILE_LOCK,pool-2-thread-632,3860382199000,3860446826400,false,
TXN-FILE_LOCK-00427,REQ-SIM-00427,-,CUS-00427,FSI-00167,1,FILE_LOCK,pool-2-thread-427,3860375354100,3860446891900,false,
TXN-FILE_LOCK-00426,REQ-SIM-00426,-,CUS-00426,FSI-00167,1,FILE_LOCK,pool-2-thread-426,3860375341100,3860446896400,false,
TXN-FILE_LOCK-00661,REQ-SIM-00661,-,CUS-00661,FSI-00167,1,FILE_LOCK,pool-2-thread-661,3860382997300,3860446943700,false,
TXN-FILE_LOCK-00646,REQ-SIM-00646,-,CUS-00646,FSI-00167,1,FILE_LOCK,pool-2-thread-646,3860382430100,3860447009300,false,
TXN-FILE_LOCK-00435,REQ-SIM-00435,-,CUS-00435,FSI-00167,1,FILE_LOCK,pool-2-thread-435,3860375527600,3860447026700,false,
TXN-FILE_LOCK-00667,REQ-SIM-00667,-,CUS-00667,FSI-00167,1,FILE_LOCK,pool-2-thread-667,3860383166800,3860447030900,false,
TXN-FILE_LOCK-00425,REQ-SIM-00425,-,CUS-00425,FSI-00167,1,FILE_LOCK,pool-2-thread-425,3860375326600,3860447062200,false,
TXN-FILE_LOCK-00416,REQ-SIM-00416,-,CUS-00416,FSI-00167,1,FILE_LOCK,pool-2-thread-416,3860375042400,3860447116400,false,
TXN-FILE_LOCK-00439,REQ-SIM-00439,-,CUS-00439,FSI-00167,1,FILE_LOCK,pool-2-thread-439,3860375586900,3860447162200,false,
TXN-FILE_LOCK-00447,REQ-SIM-00447,-,CUS-00447,FSI-00167,1,FILE_LOCK,pool-2-thread-447,3860375733800,3860447186700,false,
TXN-FILE_LOCK-00656,REQ-SIM-00656,-,CUS-00656,FSI-00167,1,FILE_LOCK,pool-2-thread-656,3860382821800,3860447146100,false,
TXN-FILE_LOCK-00419,REQ-SIM-00419,-,CUS-00419,FSI-00167,1,FILE_LOCK,pool-2-thread-419,3860375105100,3860447209900,false,
TXN-FILE_LOCK-00429,REQ-SIM-00429,-,CUS-00429,FSI-00167,1,FILE_LOCK,pool-2-thread-429,3860375388400,3860447234500,false,
TXN-FILE_LOCK-00221,REQ-SIM-00221,-,CUS-00221,FSI-00167,1,FILE_LOCK,pool-2-thread-221,3860370425000,3860447254800,false,
TXN-FILE_LOCK-00631,REQ-SIM-00631,-,CUS-00631,FSI-00167,1,FILE_LOCK,pool-2-thread-631,3860382185900,3860447288700,false,
TXN-FILE_LOCK-00431,REQ-SIM-00431,-,CUS-00431,FSI-00167,1,FILE_LOCK,pool-2-thread-431,3860375471700,3860447319000,false,
TXN-FILE_LOCK-00457,REQ-SIM-00457,-,CUS-00457,FSI-00167,1,FILE_LOCK,pool-2-thread-457,3860375919000,3860447316300,false,
TXN-FILE_LOCK-00451,REQ-SIM-00451,-,CUS-00451,FSI-00167,1,FILE_LOCK,pool-2-thread-451,3860375815100,3860447380100,false,
TXN-FILE_LOCK-00455,REQ-SIM-00455,-,CUS-00455,FSI-00167,1,FILE_LOCK,pool-2-thread-455,3860375892300,3860447384400,false,
TXN-FILE_LOCK-00660,REQ-SIM-00660,-,CUS-00660,FSI-00167,1,FILE_LOCK,pool-2-thread-660,3860382986600,3860447423000,false,
TXN-FILE_LOCK-00666,REQ-SIM-00666,-,CUS-00666,FSI-00167,1,FILE_LOCK,pool-2-thread-666,3860383157500,3860447454300,false,
TXN-FILE_LOCK-00445,REQ-SIM-00445,-,CUS-00445,FSI-00167,1,FILE_LOCK,pool-2-thread-445,3860375711300,3860447468700,false,
TXN-FILE_LOCK-00651,REQ-SIM-00651,-,CUS-00651,FSI-00167,1,FILE_LOCK,pool-2-thread-651,3860382616000,3860447498800,false,
TXN-FILE_LOCK-00468,REQ-SIM-00468,-,CUS-00468,FSI-00167,1,FILE_LOCK,pool-2-thread-468,3860376245500,3860447530400,false,
TXN-FILE_LOCK-00444,REQ-SIM-00444,-,CUS-00444,FSI-00167,1,FILE_LOCK,pool-2-thread-444,3860375670300,3860447550600,false,
TXN-FILE_LOCK-00472,REQ-SIM-00472,-,CUS-00472,FSI-00167,1,FILE_LOCK,pool-2-thread-472,3860376354500,3860447555600,false,
TXN-FILE_LOCK-00450,REQ-SIM-00450,-,CUS-00450,FSI-00167,1,FILE_LOCK,pool-2-thread-450,3860375791200,3860447602000,false,
TXN-FILE_LOCK-00475,REQ-SIM-00475,-,CUS-00475,FSI-00167,1,FILE_LOCK,pool-2-thread-475,3860376399400,3860447621100,false,
TXN-FILE_LOCK-00465,REQ-SIM-00465,-,CUS-00465,FSI-00167,1,FILE_LOCK,pool-2-thread-465,3860376104100,3860447654500,false,
TXN-FILE_LOCK-00474,REQ-SIM-00474,-,CUS-00474,FSI-00167,1,FILE_LOCK,pool-2-thread-474,3860376389100,3860447683000,false,
TXN-FILE_LOCK-00466,REQ-SIM-00466,-,CUS-00466,FSI-00167,1,FILE_LOCK,pool-2-thread-466,3860376205700,3860447694900,false,
TXN-FILE_LOCK-00476,REQ-SIM-00476,-,CUS-00476,FSI-00167,1,FILE_LOCK,pool-2-thread-476,3860376413500,3860447711500,false,
TXN-FILE_LOCK-00470,REQ-SIM-00470,-,CUS-00470,FSI-00167,1,FILE_LOCK,pool-2-thread-470,3860376333400,3860447734000,false,
TXN-FILE_LOCK-00480,REQ-SIM-00480,-,CUS-00480,FSI-00167,1,FILE_LOCK,pool-2-thread-480,3860376539800,3860447751700,false,
TXN-FILE_LOCK-00478,REQ-SIM-00478,-,CUS-00478,FSI-00167,1,FILE_LOCK,pool-2-thread-478,3860376446700,3860447790800,false,
TXN-FILE_LOCK-00473,REQ-SIM-00473,-,CUS-00473,FSI-00167,1,FILE_LOCK,pool-2-thread-473,3860376375500,3860447797100,false,
TXN-FILE_LOCK-00471,REQ-SIM-00471,-,CUS-00471,FSI-00167,1,FILE_LOCK,pool-2-thread-471,3860376344700,3860447835900,false,
TXN-FILE_LOCK-00487,REQ-SIM-00487,-,CUS-00487,FSI-00167,1,FILE_LOCK,pool-2-thread-487,3860376710200,3860447928300,false,
TXN-FILE_LOCK-00481,REQ-SIM-00481,-,CUS-00481,FSI-00167,1,FILE_LOCK,pool-2-thread-481,3860376552000,3860447930200,false,
TXN-FILE_LOCK-00477,REQ-SIM-00477,-,CUS-00477,FSI-00167,1,FILE_LOCK,pool-2-thread-477,3860376432700,3860447894400,false,
TXN-FILE_LOCK-00479,REQ-SIM-00479,-,CUS-00479,FSI-00167,1,FILE_LOCK,pool-2-thread-479,3860376523900,3860447914500,false,
TXN-FILE_LOCK-00486,REQ-SIM-00486,-,CUS-00486,FSI-00167,1,FILE_LOCK,pool-2-thread-486,3860376697100,3860447961200,false,
TXN-FILE_LOCK-00489,REQ-SIM-00489,-,CUS-00489,FSI-00167,1,FILE_LOCK,pool-2-thread-489,3860376741900,3860447982000,false,
TXN-FILE_LOCK-00454,REQ-SIM-00454,-,CUS-00454,FSI-00167,1,FILE_LOCK,pool-2-thread-454,3860375870100,3860447985800,false,
TXN-FILE_LOCK-00484,REQ-SIM-00484,-,CUS-00484,FSI-00167,1,FILE_LOCK,pool-2-thread-484,3860376672900,3860448034200,false,
TXN-FILE_LOCK-00485,REQ-SIM-00485,-,CUS-00485,FSI-00167,1,FILE_LOCK,pool-2-thread-485,3860376685400,3860448040100,false,
TXN-FILE_LOCK-00499,REQ-SIM-00499,-,CUS-00499,FSI-00167,1,FILE_LOCK,pool-2-thread-499,3860376940100,3860448053600,false,
TXN-FILE_LOCK-00488,REQ-SIM-00488,-,CUS-00488,FSI-00167,1,FILE_LOCK,pool-2-thread-488,3860376723500,3860448076300,false,
TXN-FILE_LOCK-00456,REQ-SIM-00456,-,CUS-00456,FSI-00167,1,FILE_LOCK,pool-2-thread-456,3860375903700,3860448098300,false,
TXN-FILE_LOCK-00498,REQ-SIM-00498,-,CUS-00498,FSI-00167,1,FILE_LOCK,pool-2-thread-498,3860376922700,3860448109600,false,
TXN-FILE_LOCK-00492,REQ-SIM-00492,-,CUS-00492,FSI-00167,1,FILE_LOCK,pool-2-thread-492,3860376843600,3860448148800,false,
TXN-FILE_LOCK-00490,REQ-SIM-00490,-,CUS-00490,FSI-00167,1,FILE_LOCK,pool-2-thread-490,3860376765800,3860448154500,false,
TXN-FILE_LOCK-00448,REQ-SIM-00448,-,CUS-00448,FSI-00167,1,FILE_LOCK,pool-2-thread-448,3860375769500,3860448178600,false,
TXN-FILE_LOCK-00505,REQ-SIM-00505,-,CUS-00505,FSI-00167,1,FILE_LOCK,pool-2-thread-505,3860377187300,3860448201400,false,
TXN-FILE_LOCK-00496,REQ-SIM-00496,-,CUS-00496,FSI-00167,1,FILE_LOCK,pool-2-thread-496,3860376899900,3860448225200,false,
TXN-FILE_LOCK-00462,REQ-SIM-00462,-,CUS-00462,FSI-00167,1,FILE_LOCK,pool-2-thread-462,3860376061000,3860448239400,false,
TXN-FILE_LOCK-00493,REQ-SIM-00493,-,CUS-00493,FSI-00167,1,FILE_LOCK,pool-2-thread-493,3860376856700,3860448260300,false,
TXN-FILE_LOCK-00453,REQ-SIM-00453,-,CUS-00453,FSI-00167,1,FILE_LOCK,pool-2-thread-453,3860375856500,3860448274300,false,
TXN-FILE_LOCK-00502,REQ-SIM-00502,-,CUS-00502,FSI-00167,1,FILE_LOCK,pool-2-thread-502,3860377130500,3860448280400,false,
TXN-FILE_LOCK-00507,REQ-SIM-00507,-,CUS-00507,FSI-00167,1,FILE_LOCK,pool-2-thread-507,3860377230500,3860448326200,false,
TXN-FILE_LOCK-00503,REQ-SIM-00503,-,CUS-00503,FSI-00167,1,FILE_LOCK,pool-2-thread-503,3860377159200,3860448347100,false,
TXN-FILE_LOCK-00510,REQ-SIM-00510,-,CUS-00510,FSI-00167,1,FILE_LOCK,pool-2-thread-510,3860377403200,3860448403000,false,
TXN-FILE_LOCK-00483,REQ-SIM-00483,-,CUS-00483,FSI-00167,1,FILE_LOCK,pool-2-thread-483,3860376650600,3860448434300,false,
TXN-FILE_LOCK-00514,REQ-SIM-00514,-,CUS-00514,FSI-00167,1,FILE_LOCK,pool-2-thread-514,3860377526800,3860448444500,false,
TXN-FILE_LOCK-00495,REQ-SIM-00495,-,CUS-00495,FSI-00167,1,FILE_LOCK,pool-2-thread-495,3860376882600,3860448466600,false,
TXN-FILE_LOCK-00497,REQ-SIM-00497,-,CUS-00497,FSI-00167,1,FILE_LOCK,pool-2-thread-497,3860376909700,3860448484400,false,
TXN-FILE_LOCK-00517,REQ-SIM-00517,-,CUS-00517,FSI-00167,1,FILE_LOCK,pool-2-thread-517,3860377713100,3860448532100,false,
TXN-FILE_LOCK-00508,REQ-SIM-00508,-,CUS-00508,FSI-00167,1,FILE_LOCK,pool-2-thread-508,3860377282100,3860448546500,false,
TXN-FILE_LOCK-00443,REQ-SIM-00443,-,CUS-00443,FSI-00167,1,FILE_LOCK,pool-2-thread-443,3860375659100,3860448562800,false,
TXN-FILE_LOCK-00511,REQ-SIM-00511,-,CUS-00511,FSI-00167,1,FILE_LOCK,pool-2-thread-511,3860377432000,3860448592800,false,
TXN-FILE_LOCK-00469,REQ-SIM-00469,-,CUS-00469,FSI-00167,1,FILE_LOCK,pool-2-thread-469,3860376291800,3860448623500,false,
TXN-FILE_LOCK-00524,REQ-SIM-00524,-,CUS-00524,FSI-00167,1,FILE_LOCK,pool-2-thread-524,3860377952800,3860448612800,false,
TXN-FILE_LOCK-00459,REQ-SIM-00459,-,CUS-00459,FSI-00167,1,FILE_LOCK,pool-2-thread-459,3860376020800,3860448664500,false,
TXN-FILE_LOCK-00512,REQ-SIM-00512,-,CUS-00512,FSI-00167,1,FILE_LOCK,pool-2-thread-512,3860377465000,3860448675200,false,
TXN-FILE_LOCK-00518,REQ-SIM-00518,-,CUS-00518,FSI-00167,1,FILE_LOCK,pool-2-thread-518,3860377701600,3860448687800,false,
TXN-FILE_LOCK-00467,REQ-SIM-00467,-,CUS-00467,FSI-00167,1,FILE_LOCK,pool-2-thread-467,3860376231500,3860448708100,false,
TXN-FILE_LOCK-00547,REQ-SIM-00547,-,CUS-00547,FSI-00167,1,FILE_LOCK,pool-2-thread-547,3860378952700,3860448784700,false,
TXN-FILE_LOCK-00434,REQ-SIM-00434,-,CUS-00434,FSI-00167,1,FILE_LOCK,pool-2-thread-434,3860375512000,3860448811700,false,
TXN-FILE_LOCK-00558,REQ-SIM-00558,-,CUS-00558,FSI-00167,1,FILE_LOCK,pool-2-thread-558,3860380003400,3860448835600,false,
TXN-FILE_LOCK-00544,REQ-SIM-00544,-,CUS-00544,FSI-00167,1,FILE_LOCK,pool-2-thread-544,3860378840900,3860448828200,false,
TXN-FILE_LOCK-00500,REQ-SIM-00500,-,CUS-00500,FSI-00167,1,FILE_LOCK,pool-2-thread-500,3860377087000,3860448847600,false,
TXN-FILE_LOCK-00551,REQ-SIM-00551,-,CUS-00551,FSI-00167,1,FILE_LOCK,pool-2-thread-551,3860379477900,3860448880600,false,
TXN-FILE_LOCK-00513,REQ-SIM-00513,-,CUS-00513,FSI-00167,1,FILE_LOCK,pool-2-thread-513,3860377512200,3860448930000,false,
TXN-FILE_LOCK-00571,REQ-SIM-00571,-,CUS-00571,FSI-00167,1,FILE_LOCK,pool-2-thread-571,3860380429100,3860448964700,false,
TXN-FILE_LOCK-00565,REQ-SIM-00565,-,CUS-00565,FSI-00167,1,FILE_LOCK,pool-2-thread-565,3860380259200,3860448960500,false,
TXN-FILE_LOCK-00563,REQ-SIM-00563,-,CUS-00563,FSI-00167,1,FILE_LOCK,pool-2-thread-563,3860380184600,3860448976300,false,
TXN-FILE_LOCK-00560,REQ-SIM-00560,-,CUS-00560,FSI-00167,1,FILE_LOCK,pool-2-thread-560,3860380137100,3860448990200,false,
TXN-FILE_LOCK-00564,REQ-SIM-00564,-,CUS-00564,FSI-00167,1,FILE_LOCK,pool-2-thread-564,3860380207000,3860449034700,false,
TXN-FILE_LOCK-00537,REQ-SIM-00537,-,CUS-00537,FSI-00167,1,FILE_LOCK,pool-2-thread-537,3860378559200,3860449051500,false,
TXN-FILE_LOCK-00464,REQ-SIM-00464,-,CUS-00464,FSI-00167,1,FILE_LOCK,pool-2-thread-464,3860376095600,3860449076700,false,
TXN-FILE_LOCK-00577,REQ-SIM-00577,-,CUS-00577,FSI-00167,1,FILE_LOCK,pool-2-thread-577,3860380611900,3860449113500,false,
TXN-FILE_LOCK-00531,REQ-SIM-00531,-,CUS-00531,FSI-00167,1,FILE_LOCK,pool-2-thread-531,3860378329600,3860449106900,false,
TXN-FILE_LOCK-00576,REQ-SIM-00576,-,CUS-00576,FSI-00167,1,FILE_LOCK,pool-2-thread-576,3860380599100,3860449160200,false,
TXN-FILE_LOCK-00584,REQ-SIM-00584,-,CUS-00584,FSI-00167,1,FILE_LOCK,pool-2-thread-584,3860380743700,3860449188700,false,
TXN-FILE_LOCK-00579,REQ-SIM-00579,-,CUS-00579,FSI-00167,1,FILE_LOCK,pool-2-thread-579,3860380637400,3860449199900,false,
TXN-FILE_LOCK-00494,REQ-SIM-00494,-,CUS-00494,FSI-00167,1,FILE_LOCK,pool-2-thread-494,3860376871400,3860449231500,false,
TXN-FILE_LOCK-00575,REQ-SIM-00575,-,CUS-00575,FSI-00167,1,FILE_LOCK,pool-2-thread-575,3860380588500,3860449264200,false,
TXN-FILE_LOCK-00559,REQ-SIM-00559,-,CUS-00559,FSI-00167,1,FILE_LOCK,pool-2-thread-559,3860380022000,3860449302900,false,
TXN-FILE_LOCK-00594,REQ-SIM-00594,-,CUS-00594,FSI-00167,1,FILE_LOCK,pool-2-thread-594,3860381144600,3860449325600,false,
TXN-FILE_LOCK-00570,REQ-SIM-00570,-,CUS-00570,FSI-00167,1,FILE_LOCK,pool-2-thread-570,3860380417300,3860449346200,false,
TXN-FILE_LOCK-00536,REQ-SIM-00536,-,CUS-00536,FSI-00167,1,FILE_LOCK,pool-2-thread-536,3860378472200,3860449357200,false,
TXN-FILE_LOCK-00589,REQ-SIM-00589,-,CUS-00589,FSI-00167,1,FILE_LOCK,pool-2-thread-589,3860380892400,3860449379800,false,
TXN-FILE_LOCK-00574,REQ-SIM-00574,-,CUS-00574,FSI-00167,1,FILE_LOCK,pool-2-thread-574,3860380511400,3860449415200,false,
TXN-FILE_LOCK-00504,REQ-SIM-00504,-,CUS-00504,FSI-00167,1,FILE_LOCK,pool-2-thread-504,3860377171000,3860449431900,false,
TXN-FILE_LOCK-00555,REQ-SIM-00555,-,CUS-00555,FSI-00167,1,FILE_LOCK,pool-2-thread-555,3860379873600,3860449460200,false,
TXN-FILE_LOCK-00548,REQ-SIM-00548,-,CUS-00548,FSI-00167,1,FILE_LOCK,pool-2-thread-548,3860379023200,3860449492100,false,
TXN-FILE_LOCK-00587,REQ-SIM-00587,-,CUS-00587,FSI-00167,1,FILE_LOCK,pool-2-thread-587,3860380841500,3860449505000,false,
TXN-FILE_LOCK-00566,REQ-SIM-00566,-,CUS-00566,FSI-00167,1,FILE_LOCK,pool-2-thread-566,3860380292000,3860449518000,false,
TXN-FILE_LOCK-00581,REQ-SIM-00581,-,CUS-00581,FSI-00167,1,FILE_LOCK,pool-2-thread-581,3860380709200,3860449532900,false,
TXN-FILE_LOCK-00582,REQ-SIM-00582,-,CUS-00582,FSI-00167,1,FILE_LOCK,pool-2-thread-582,3860380719700,3860449549600,false,
TXN-FILE_LOCK-00491,REQ-SIM-00491,-,CUS-00491,FSI-00167,1,FILE_LOCK,pool-2-thread-491,3860376824200,3860449588800,false,
TXN-FILE_LOCK-00595,REQ-SIM-00595,-,CUS-00595,FSI-00167,1,FILE_LOCK,pool-2-thread-595,3860381155400,3860449568000,false,
TXN-FILE_LOCK-00554,REQ-SIM-00554,-,CUS-00554,FSI-00167,1,FILE_LOCK,pool-2-thread-554,3860379601700,3860449658500,false,
TXN-FILE_LOCK-00600,REQ-SIM-00600,-,CUS-00600,FSI-00167,1,FILE_LOCK,pool-2-thread-600,3860381352700,3860449672900,false,
TXN-FILE_LOCK-00585,REQ-SIM-00585,-,CUS-00585,FSI-00167,1,FILE_LOCK,pool-2-thread-585,3860380817100,3860449695400,false,
TXN-FILE_LOCK-00601,REQ-SIM-00601,-,CUS-00601,FSI-00167,1,FILE_LOCK,pool-2-thread-601,3860381442900,3860449721200,false,
TXN-FILE_LOCK-00516,REQ-SIM-00516,-,CUS-00516,FSI-00167,1,FILE_LOCK,pool-2-thread-516,3860377566700,3860449729300,false,
TXN-FILE_LOCK-00317,REQ-SIM-00317,-,CUS-00317,FSI-00167,1,FILE_LOCK,pool-2-thread-317,3860372759000,3860449758800,false,
TXN-FILE_LOCK-00597,REQ-SIM-00597,-,CUS-00597,FSI-00167,1,FILE_LOCK,pool-2-thread-597,3860381198900,3860449859400,false,
TXN-FILE_LOCK-00021,REQ-SIM-00021,-,CUS-00021,FSI-00167,1,FILE_LOCK,pool-2-thread-21,3860365927100,3860449881500,false,
TXN-FILE_LOCK-00520,REQ-SIM-00520,-,CUS-00520,FSI-00167,1,FILE_LOCK,pool-2-thread-520,3860378004200,3860449874400,false,
TXN-FILE_LOCK-00004,REQ-SIM-00004,-,CUS-00004,FSI-00167,1,FILE_LOCK,pool-2-thread-4,3860365457500,3860449924600,false,
TXN-FILE_LOCK-00244,REQ-SIM-00244,SIM-FILE_LOCK-00244,CUS-00244,FSI-00167,1,FILE_LOCK,pool-2-thread-244,3860370964400,3860449909600,true,
TXN-FILE_LOCK-00323,REQ-SIM-00323,-,CUS-00323,FSI-00167,1,FILE_LOCK,pool-2-thread-323,3860372874700,3860449992800,false,
TXN-FILE_LOCK-00257,REQ-SIM-00257,-,CUS-00257,FSI-00167,1,FILE_LOCK,pool-2-thread-257,3860371288900,3860450002900,false,
TXN-FILE_LOCK-00522,REQ-SIM-00522,-,CUS-00522,FSI-00167,1,FILE_LOCK,pool-2-thread-522,3860377906200,3860450038800,false,
TXN-FILE_LOCK-00364,REQ-SIM-00364,-,CUS-00364,FSI-00167,1,FILE_LOCK,pool-2-thread-364,3860373827700,3860450063500,false,
TXN-FILE_LOCK-00366,REQ-SIM-00366,-,CUS-00366,FSI-00167,1,FILE_LOCK,pool-2-thread-366,3860373812000,3860450090000,false,
TXN-FILE_LOCK-00530,REQ-SIM-00530,-,CUS-00530,FSI-00167,1,FILE_LOCK,pool-2-thread-530,3860378282400,3860450109000,false,
TXN-FILE_LOCK-00596,REQ-SIM-00596,-,CUS-00596,FSI-00167,1,FILE_LOCK,pool-2-thread-596,3860381183100,3860450138300,false,
TXN-FILE_LOCK-00367,REQ-SIM-00367,-,CUS-00367,FSI-00167,1,FILE_LOCK,pool-2-thread-367,3860373878200,3860450148400,false,
TXN-FILE_LOCK-00376,REQ-SIM-00376,-,CUS-00376,FSI-00167,1,FILE_LOCK,pool-2-thread-376,3860374018600,3860450172100,false,
TXN-FILE_LOCK-00643,REQ-SIM-00643,-,CUS-00643,FSI-00167,1,FILE_LOCK,pool-2-thread-643,3860382367100,3860450195800,false,
TXN-FILE_LOCK-00644,REQ-SIM-00644,-,CUS-00644,FSI-00167,1,FILE_LOCK,pool-2-thread-644,3860382393200,3860450210300,false,
TXN-FILE_LOCK-00525,REQ-SIM-00525,-,CUS-00525,FSI-00167,1,FILE_LOCK,pool-2-thread-525,3860378018700,3860450240000,false,
TXN-FILE_LOCK-00400,REQ-SIM-00400,-,CUS-00400,FSI-00167,1,FILE_LOCK,pool-2-thread-400,3860374631900,3860450265700,false,
TXN-FILE_LOCK-00630,REQ-SIM-00630,-,CUS-00630,FSI-00167,1,FILE_LOCK,pool-2-thread-630,3860382169600,3860450271100,false,
TXN-FILE_LOCK-00613,REQ-SIM-00613,-,CUS-00613,FSI-00167,1,FILE_LOCK,pool-2-thread-613,3860381662800,3860450301300,false,
TXN-FILE_LOCK-00653,REQ-SIM-00653,-,CUS-00653,FSI-00167,1,FILE_LOCK,pool-2-thread-653,3860382776500,3860450310400,false,
TXN-FILE_LOCK-00540,REQ-SIM-00540,-,CUS-00540,FSI-00167,1,FILE_LOCK,pool-2-thread-540,3860378662800,3860450332900,false,
TXN-FILE_LOCK-00398,REQ-SIM-00398,-,CUS-00398,FSI-00167,1,FILE_LOCK,pool-2-thread-398,3860374526400,3860450353400,false,
TXN-FILE_LOCK-00415,REQ-SIM-00415,-,CUS-00415,FSI-00167,1,FILE_LOCK,pool-2-thread-415,3860375028200,3860450374900,false,
TXN-FILE_LOCK-00650,REQ-SIM-00650,-,CUS-00650,FSI-00167,1,FILE_LOCK,pool-2-thread-650,3860382512300,3860450384500,false,
TXN-FILE_LOCK-00663,REQ-SIM-00663,-,CUS-00663,FSI-00167,1,FILE_LOCK,pool-2-thread-663,3860383106100,3860450413700,false,
TXN-FILE_LOCK-00401,REQ-SIM-00401,-,CUS-00401,FSI-00167,1,FILE_LOCK,pool-2-thread-401,3860374682400,3860450434200,false,
TXN-FILE_LOCK-00414,REQ-SIM-00414,-,CUS-00414,FSI-00167,1,FILE_LOCK,pool-2-thread-414,3860375017400,3860450443800,false,
TXN-FILE_LOCK-00645,REQ-SIM-00645,-,CUS-00645,FSI-00167,1,FILE_LOCK,pool-2-thread-645,3860382418100,3860450458600,false,
TXN-FILE_LOCK-00639,REQ-SIM-00639,-,CUS-00639,FSI-00167,1,FILE_LOCK,pool-2-thread-639,3860382311700,3860450480300,false,
TXN-FILE_LOCK-00424,REQ-SIM-00424,-,CUS-00424,FSI-00167,1,FILE_LOCK,pool-2-thread-424,3860375311000,3860450501400,false,
TXN-FILE_LOCK-00599,REQ-SIM-00599,-,CUS-00599,FSI-00167,1,FILE_LOCK,pool-2-thread-599,3860381334800,3860450513300,false,
TXN-FILE_LOCK-00569,REQ-SIM-00569,-,CUS-00569,FSI-00167,1,FILE_LOCK,pool-2-thread-569,3860380396700,3860450526200,false,
TXN-FILE_LOCK-00655,REQ-SIM-00655,-,CUS-00655,FSI-00167,1,FILE_LOCK,pool-2-thread-655,3860382802700,3860450561200,false,
TXN-FILE_LOCK-00640,REQ-SIM-00640,-,CUS-00640,FSI-00167,1,FILE_LOCK,pool-2-thread-640,3860382325400,3860450581400,false,
TXN-FILE_LOCK-00619,REQ-SIM-00619,-,CUS-00619,FSI-00167,1,FILE_LOCK,pool-2-thread-619,3860381800800,3860450560800,false,
TXN-FILE_LOCK-00442,REQ-SIM-00442,-,CUS-00442,FSI-00167,1,FILE_LOCK,pool-2-thread-442,3860375640300,3860450666200,false,
TXN-FILE_LOCK-00627,REQ-SIM-00627,-,CUS-00627,FSI-00167,1,FILE_LOCK,pool-2-thread-627,3860382096500,3860450668800,false,
TXN-FILE_LOCK-00463,REQ-SIM-00463,-,CUS-00463,FSI-00167,1,FILE_LOCK,pool-2-thread-463,3860376081400,3860450691500,false,
TXN-FILE_LOCK-00637,REQ-SIM-00637,-,CUS-00637,FSI-00167,1,FILE_LOCK,pool-2-thread-637,3860382287600,3860450699900,false,
TXN-FILE_LOCK-00583,REQ-SIM-00583,-,CUS-00583,FSI-00167,1,FILE_LOCK,pool-2-thread-583,3860380729700,3860450711200,false,
TXN-FILE_LOCK-00629,REQ-SIM-00629,-,CUS-00629,FSI-00167,1,FILE_LOCK,pool-2-thread-629,3860382143800,3860450724300,false,
TXN-FILE_LOCK-00430,REQ-SIM-00430,-,CUS-00430,FSI-00167,1,FILE_LOCK,pool-2-thread-430,3860375424200,3860450742500,false,
TXN-FILE_LOCK-00634,REQ-SIM-00634,-,CUS-00634,FSI-00167,1,FILE_LOCK,pool-2-thread-634,3860382223500,3860450766600,false,
TXN-FILE_LOCK-00460,REQ-SIM-00460,-,CUS-00460,FSI-00167,1,FILE_LOCK,pool-2-thread-460,3860376032400,3860450773000,false,
TXN-FILE_LOCK-00461,REQ-SIM-00461,-,CUS-00461,FSI-00167,1,FILE_LOCK,pool-2-thread-461,3860376046500,3860450793200,false,
TXN-FILE_LOCK-00647,REQ-SIM-00647,-,CUS-00647,FSI-00167,1,FILE_LOCK,pool-2-thread-647,3860382442200,3860450809200,false,
TXN-FILE_LOCK-00449,REQ-SIM-00449,-,CUS-00449,FSI-00167,1,FILE_LOCK,pool-2-thread-449,3860375778700,3860450828600,false,
TXN-FILE_LOCK-00561,REQ-SIM-00561,-,CUS-00561,FSI-00167,1,FILE_LOCK,pool-2-thread-561,3860380149700,3860450845400,false,
TXN-FILE_LOCK-00557,REQ-SIM-00557,-,CUS-00557,FSI-00167,1,FILE_LOCK,pool-2-thread-557,3860379987100,3860450865400,false,
TXN-FILE_LOCK-00542,REQ-SIM-00542,-,CUS-00542,FSI-00167,1,FILE_LOCK,pool-2-thread-542,3860378698600,3860450885200,false,
TXN-FILE_LOCK-00588,REQ-SIM-00588,-,CUS-00588,FSI-00167,1,FILE_LOCK,pool-2-thread-588,3860380878900,3860450902600,false,
TXN-FILE_LOCK-00515,REQ-SIM-00515,-,CUS-00515,FSI-00167,1,FILE_LOCK,pool-2-thread-515,3860377537000,3860450922100,false,
TXN-FILE_LOCK-00614,REQ-SIM-00614,-,CUS-00614,FSI-00167,1,FILE_LOCK,pool-2-thread-614,3860381683100,3860450937500,false,
TXN-FILE_LOCK-00482,REQ-SIM-00482,-,CUS-00482,FSI-00167,1,FILE_LOCK,pool-2-thread-482,3860376563900,3860450953300,false,
TXN-FILE_LOCK-00668,REQ-SIM-00668,-,CUS-00668,FSI-00167,1,FILE_LOCK,pool-2-thread-668,3860383240800,3860450962600,false,
TXN-FILE_LOCK-00621,REQ-SIM-00621,-,CUS-00621,FSI-00167,1,FILE_LOCK,pool-2-thread-621,3860381948400,3860450987700,false,
TXN-FILE_LOCK-00624,REQ-SIM-00624,-,CUS-00624,FSI-00167,1,FILE_LOCK,pool-2-thread-624,3860381991900,3860450997400,false,
TXN-FILE_LOCK-00635,REQ-SIM-00635,-,CUS-00635,FSI-00167,1,FILE_LOCK,pool-2-thread-635,3860382236800,3860451009600,false,
TXN-FILE_LOCK-00372,REQ-SIM-00372,-,CUS-00372,FSI-00167,1,FILE_LOCK,pool-2-thread-372,3860373963700,3860451034700,false,
TXN-FILE_LOCK-00436,REQ-SIM-00436,-,CUS-00436,FSI-00167,1,FILE_LOCK,pool-2-thread-436,3860375538400,3860451037600,false,
TXN-FILE_LOCK-00526,REQ-SIM-00526,-,CUS-00526,FSI-00167,1,FILE_LOCK,pool-2-thread-526,3860378122200,3860451061400,false,
TXN-FILE_LOCK-00591,REQ-SIM-00591,-,CUS-00591,FSI-00167,1,FILE_LOCK,pool-2-thread-591,3860381007400,3860451128800,false,
TXN-FILE_LOCK-00609,REQ-SIM-00609,SIM-FILE_LOCK-00609,CUS-00609,FSI-00167,1,FILE_LOCK,pool-2-thread-609,3860381615400,3860451208600,true,
TXN-FILE_LOCK-00521,REQ-SIM-00521,SIM-FILE_LOCK-00521,CUS-00521,FSI-00167,1,FILE_LOCK,pool-2-thread-521,3860377895000,3860451280700,true,
TXN-FILE_LOCK-00625,REQ-SIM-00625,SIM-FILE_LOCK-00625,CUS-00625,FSI-00167,1,FILE_LOCK,pool-2-thread-625,3860382002200,3860452637300,true,
TXN-FILE_LOCK-00622,REQ-SIM-00622,SIM-FILE_LOCK-00622,CUS-00622,FSI-00167,1,FILE_LOCK,pool-2-thread-622,3860381909400,3860454595600,true,
TXN-FILE_LOCK-00626,REQ-SIM-00626,SIM-FILE_LOCK-00626,CUS-00626,FSI-00167,1,FILE_LOCK,pool-2-thread-626,3860382075300,3860457285500,true,
TXN-FILE_LOCK-00642,REQ-SIM-00642,SIM-FILE_LOCK-00642,CUS-00642,FSI-00167,1,FILE_LOCK,pool-2-thread-642,3860382358500,3860459534000,true,
TXN-FILE_LOCK-00649,REQ-SIM-00649,SIM-FILE_LOCK-00649,CUS-00649,FSI-00167,1,FILE_LOCK,pool-2-thread-649,3860382495100,3860461422600,true,
TXN-FILE_LOCK-00657,REQ-SIM-00657,SIM-FILE_LOCK-00657,CUS-00657,FSI-00167,1,FILE_LOCK,pool-2-thread-657,3860382908300,3860464291700,true,
TXN-FILE_LOCK-00662,REQ-SIM-00662,SIM-FILE_LOCK-00662,CUS-00662,FSI-00167,1,FILE_LOCK,pool-2-thread-662,3860383015000,3860466977500,true,
TXN-FILE_LOCK-00665,REQ-SIM-00665,SIM-FILE_LOCK-00665,CUS-00665,FSI-00167,1,FILE_LOCK,pool-2-thread-665,3860383146400,3860468967000,true,
TXN-FILE_LOCK-00593,REQ-SIM-00593,SIM-FILE_LOCK-00593,CUS-00593,FSI-00167,1,FILE_LOCK,pool-2-thread-593,3860381130300,3860471074800,true,
TXN-FILE_LOCK-00618,REQ-SIM-00618,SIM-FILE_LOCK-00618,CUS-00618,FSI-00167,1,FILE_LOCK,pool-2-thread-618,3860381787600,3860473259800,true,
TXN-FILE_LOCK-00608,REQ-SIM-00608,SIM-FILE_LOCK-00608,CUS-00608,FSI-00167,1,FILE_LOCK,pool-2-thread-608,3860381599300,3860475883700,true,
TXN-FILE_LOCK-00676,REQ-SIM-00676,SIM-FILE_LOCK-00676,CUS-00676,FSI-00167,1,FILE_LOCK,pool-2-thread-676,3860383455100,3860496930200,true,
TXN-FILE_LOCK-00987,REQ-SIM-00987,SIM-FILE_LOCK-00987,CUS-00987,FSI-00167,1,FILE_LOCK,pool-2-thread-987,3860394235600,3860513748200,true,
TXN-FILE_LOCK-00715,REQ-SIM-00715,SIM-FILE_LOCK-00715,CUS-00715,FSI-00167,1,FILE_LOCK,pool-2-thread-715,3860384629400,3860530693300,true,
TXN-FILE_LOCK-00970,REQ-SIM-00970,SIM-FILE_LOCK-00970,CUS-00970,FSI-00167,1,FILE_LOCK,pool-2-thread-970,3860393790600,3860549137400,true,
TXN-FILE_LOCK-00679,REQ-SIM-00679,SIM-FILE_LOCK-00679,CUS-00679,FSI-00167,1,FILE_LOCK,pool-2-thread-679,3860383553600,3860566854400,true,
TXN-FILE_LOCK-00976,REQ-SIM-00976,SIM-FILE_LOCK-00976,CUS-00976,FSI-00167,1,FILE_LOCK,pool-2-thread-976,3860394007200,3860583785400,true,
TXN-FILE_LOCK-00638,REQ-SIM-00638,SIM-FILE_LOCK-00638,CUS-00638,FSI-00167,1,FILE_LOCK,pool-2-thread-638,3860382300000,3860607014400,true,
TXN-FILE_LOCK-00997,REQ-SIM-00997,SIM-FILE_LOCK-00997,CUS-00997,FSI-00167,1,FILE_LOCK,pool-2-thread-997,3860394427600,3860624254900,true,
TXN-FILE_LOCK-00568,REQ-SIM-00568,SIM-FILE_LOCK-00568,CUS-00568,FSI-00167,1,FILE_LOCK,pool-2-thread-568,3860380383100,3860648678000,true,
TXN-FILE_LOCK-00713,REQ-SIM-00713,-,CUS-00713,FSI-00167,1,FILE_LOCK,pool-2-thread-713,3860384602100,3860670369200,false,
TXN-FILE_LOCK-00580,REQ-SIM-00580,-,CUS-00580,FSI-00167,1,FILE_LOCK,pool-2-thread-580,3860380650600,3860670402200,false,
TXN-FILE_LOCK-00893,REQ-SIM-00893,-,CUS-00893,FSI-00167,1,FILE_LOCK,pool-2-thread-893,3860391608100,3860670671800,false,
TXN-FILE_LOCK-00705,REQ-SIM-00705,-,CUS-00705,FSI-00167,1,FILE_LOCK,pool-2-thread-705,3860384324200,3860670718200,false,
TXN-FILE_LOCK-00735,REQ-SIM-00735,-,CUS-00735,FSI-00167,1,FILE_LOCK,pool-2-thread-735,3860385383700,3860670734800,false,
TXN-FILE_LOCK-00728,REQ-SIM-00728,-,CUS-00728,FSI-00167,1,FILE_LOCK,pool-2-thread-728,3860385155400,3860670809300,false,
TXN-FILE_LOCK-00808,REQ-SIM-00808,-,CUS-00808,FSI-00167,1,FILE_LOCK,pool-2-thread-808,3860388001600,3860670815200,false,
TXN-FILE_LOCK-00809,REQ-SIM-00809,-,CUS-00809,FSI-00167,1,FILE_LOCK,pool-2-thread-809,3860388018800,3860670848500,false,
TXN-FILE_LOCK-00742,REQ-SIM-00742,-,CUS-00742,FSI-00167,1,FILE_LOCK,pool-2-thread-742,3860385862800,3860670847100,false,
TXN-FILE_LOCK-00764,REQ-SIM-00764,-,CUS-00764,FSI-00167,1,FILE_LOCK,pool-2-thread-764,3860386717400,3860670868600,false,
TXN-FILE_LOCK-00674,REQ-SIM-00674,-,CUS-00674,FSI-00167,1,FILE_LOCK,pool-2-thread-674,3860383357400,3860670932300,false,
TXN-FILE_LOCK-00753,REQ-SIM-00753,-,CUS-00753,FSI-00167,1,FILE_LOCK,pool-2-thread-753,3860386310800,3860670995100,false,
TXN-FILE_LOCK-00904,REQ-SIM-00904,-,CUS-00904,FSI-00167,1,FILE_LOCK,pool-2-thread-904,3860391830100,3860671049700,false,
TXN-FILE_LOCK-00887,REQ-SIM-00887,-,CUS-00887,FSI-00167,1,FILE_LOCK,pool-2-thread-887,3860391312200,3860671058500,false,
TXN-FILE_LOCK-00729,REQ-SIM-00729,-,CUS-00729,FSI-00167,1,FILE_LOCK,pool-2-thread-729,3860385172200,3860672430100,false,
TXN-FILE_LOCK-00695,REQ-SIM-00695,-,CUS-00695,FSI-00167,1,FILE_LOCK,pool-2-thread-695,3860383990700,3860672814200,false,
TXN-FILE_LOCK-00678,REQ-SIM-00678,-,CUS-00678,FSI-00167,1,FILE_LOCK,pool-2-thread-678,3860383541000,3860675193800,false,
TXN-FILE_LOCK-00761,REQ-SIM-00761,-,CUS-00761,FSI-00167,1,FILE_LOCK,pool-2-thread-761,3860386625600,3860676438900,false,
TXN-FILE_LOCK-00746,REQ-SIM-00746,-,CUS-00746,FSI-00167,1,FILE_LOCK,pool-2-thread-746,3860386034800,3860676887700,false,
TXN-FILE_LOCK-00788,REQ-SIM-00788,-,CUS-00788,FSI-00167,1,FILE_LOCK,pool-2-thread-788,3860387482000,3860677187800,false,
TXN-FILE_LOCK-00814,REQ-SIM-00814,-,CUS-00814,FSI-00167,1,FILE_LOCK,pool-2-thread-814,3860388099700,3860677391700,false,
TXN-FILE_LOCK-00723,REQ-SIM-00723,-,CUS-00723,FSI-00167,1,FILE_LOCK,pool-2-thread-723,3860384971000,3860677544400,false,
TXN-FILE_LOCK-00724,REQ-SIM-00724,-,CUS-00724,FSI-00167,1,FILE_LOCK,pool-2-thread-724,3860385019800,3860677612300,false,
TXN-FILE_LOCK-00802,REQ-SIM-00802,-,CUS-00802,FSI-00167,1,FILE_LOCK,pool-2-thread-802,3860387799200,3860677635600,false,
TXN-FILE_LOCK-00636,REQ-SIM-00636,-,CUS-00636,FSI-00167,1,FILE_LOCK,pool-2-thread-636,3860382276300,3860677709400,false,
TXN-FILE_LOCK-00684,REQ-SIM-00684,-,CUS-00684,FSI-00167,1,FILE_LOCK,pool-2-thread-684,3860383659900,3860677730600,false,
TXN-FILE_LOCK-00673,REQ-SIM-00673,-,CUS-00673,FSI-00167,1,FILE_LOCK,pool-2-thread-673,3860383324500,3860677760200,false,
TXN-FILE_LOCK-00740,REQ-SIM-00740,-,CUS-00740,FSI-00167,1,FILE_LOCK,pool-2-thread-740,3860385612000,3860677867000,false,
TXN-FILE_LOCK-00692,REQ-SIM-00692,-,CUS-00692,FSI-00167,1,FILE_LOCK,pool-2-thread-692,3860383924300,3860677898300,false,
TXN-FILE_LOCK-00675,REQ-SIM-00675,-,CUS-00675,FSI-00167,1,FILE_LOCK,pool-2-thread-675,3860383428500,3860677924000,false,
TXN-FILE_LOCK-00680,REQ-SIM-00680,-,CUS-00680,FSI-00167,1,FILE_LOCK,pool-2-thread-680,3860383566100,3860677971500,false,
TXN-FILE_LOCK-00681,REQ-SIM-00681,-,CUS-00681,FSI-00167,1,FILE_LOCK,pool-2-thread-681,3860383580200,3860677986500,false,
TXN-FILE_LOCK-00869,REQ-SIM-00869,-,CUS-00869,FSI-00167,1,FILE_LOCK,pool-2-thread-869,3860389494300,3860678020100,false,
TXN-FILE_LOCK-00920,REQ-SIM-00920,-,CUS-00920,FSI-00167,1,FILE_LOCK,pool-2-thread-920,3860392276000,3860678067300,false,
TXN-FILE_LOCK-00857,REQ-SIM-00857,-,CUS-00857,FSI-00167,1,FILE_LOCK,pool-2-thread-857,3860389183800,3860678079200,false,
TXN-FILE_LOCK-00782,REQ-SIM-00782,-,CUS-00782,FSI-00167,1,FILE_LOCK,pool-2-thread-782,3860387282800,3860678111800,false,
TXN-FILE_LOCK-00704,REQ-SIM-00704,-,CUS-00704,FSI-00167,1,FILE_LOCK,pool-2-thread-704,3860384284200,3860678144800,false,
TXN-FILE_LOCK-00975,REQ-SIM-00975,-,CUS-00975,FSI-00167,1,FILE_LOCK,pool-2-thread-975,3860393988000,3860678178500,false,
TXN-FILE_LOCK-00899,REQ-SIM-00899,-,CUS-00899,FSI-00167,1,FILE_LOCK,pool-2-thread-899,3860391694700,3860678203400,false,
TXN-FILE_LOCK-00825,REQ-SIM-00825,-,CUS-00825,FSI-00167,1,FILE_LOCK,pool-2-thread-825,3860388362800,3860678264700,false,
TXN-FILE_LOCK-00803,REQ-SIM-00803,-,CUS-00803,FSI-00167,1,FILE_LOCK,pool-2-thread-803,3860387869900,3860678269900,false,
TXN-FILE_LOCK-00831,REQ-SIM-00831,-,CUS-00831,FSI-00167,1,FILE_LOCK,pool-2-thread-831,3860388436700,3860678310800,false,
TXN-FILE_LOCK-00794,REQ-SIM-00794,-,CUS-00794,FSI-00167,1,FILE_LOCK,pool-2-thread-794,3860387635300,3860678352100,false,
TXN-FILE_LOCK-00886,REQ-SIM-00886,-,CUS-00886,FSI-00167,1,FILE_LOCK,pool-2-thread-886,3860391215000,3860678355800,false,
TXN-FILE_LOCK-00796,REQ-SIM-00796,-,CUS-00796,FSI-00167,1,FILE_LOCK,pool-2-thread-796,3860387700500,3860678379300,false,
TXN-FILE_LOCK-00677,REQ-SIM-00677,-,CUS-00677,FSI-00167,1,FILE_LOCK,pool-2-thread-677,3860383526400,3860678392700,false,
TXN-FILE_LOCK-00719,REQ-SIM-00719,-,CUS-00719,FSI-00167,1,FILE_LOCK,pool-2-thread-719,3860384853400,3860678417800,false,
TXN-FILE_LOCK-00806,REQ-SIM-00806,-,CUS-00806,FSI-00167,1,FILE_LOCK,pool-2-thread-806,3860387919500,3860678426100,false,
TXN-FILE_LOCK-00872,REQ-SIM-00872,-,CUS-00872,FSI-00167,1,FILE_LOCK,pool-2-thread-872,3860389589100,3860678437900,false,
TXN-FILE_LOCK-00807,REQ-SIM-00807,-,CUS-00807,FSI-00167,1,FILE_LOCK,pool-2-thread-807,3860387977800,3860678447500,false,
TXN-FILE_LOCK-00994,REQ-SIM-00994,-,CUS-00994,FSI-00167,1,FILE_LOCK,pool-2-thread-994,3860394361000,3860678463100,false,
TXN-FILE_LOCK-00837,REQ-SIM-00837,-,CUS-00837,FSI-00167,1,FILE_LOCK,pool-2-thread-837,3860388650000,3860678481400,false,
TXN-FILE_LOCK-00959,REQ-SIM-00959,-,CUS-00959,FSI-00167,1,FILE_LOCK,pool-2-thread-959,3860393414600,3860678498600,false,
TXN-FILE_LOCK-00854,REQ-SIM-00854,-,CUS-00854,FSI-00167,1,FILE_LOCK,pool-2-thread-854,3860389073600,3860678495600,false,
TXN-FILE_LOCK-00989,REQ-SIM-00989,-,CUS-00989,FSI-00167,1,FILE_LOCK,pool-2-thread-989,3860394290700,3860678563200,false,
TXN-FILE_LOCK-00683,REQ-SIM-00683,-,CUS-00683,FSI-00167,1,FILE_LOCK,pool-2-thread-683,3860383648300,3860678578500,false,
TXN-FILE_LOCK-00760,REQ-SIM-00760,-,CUS-00760,FSI-00167,1,FILE_LOCK,pool-2-thread-760,3860386606400,3860678589700,false,
TXN-FILE_LOCK-00905,REQ-SIM-00905,-,CUS-00905,FSI-00167,1,FILE_LOCK,pool-2-thread-905,3860391864800,3860678614200,false,
TXN-FILE_LOCK-01000,REQ-SIM-01000,-,CUS-01000,FSI-00167,1,FILE_LOCK,pool-2-thread-1000,3860394477900,3860678650400,false,
TXN-FILE_LOCK-00875,REQ-SIM-00875,-,CUS-00875,FSI-00167,1,FILE_LOCK,pool-2-thread-875,3860389702900,3860678699700,false,
TXN-FILE_LOCK-00725,REQ-SIM-00725,-,CUS-00725,FSI-00167,1,FILE_LOCK,pool-2-thread-725,3860385114200,3860678724000,false,
TXN-FILE_LOCK-00962,REQ-SIM-00962,-,CUS-00962,FSI-00167,1,FILE_LOCK,pool-2-thread-962,3860393488700,3860678694600,false,
TXN-FILE_LOCK-00983,REQ-SIM-00983,-,CUS-00983,FSI-00167,1,FILE_LOCK,pool-2-thread-983,3860394161500,3860678755800,false,
TXN-FILE_LOCK-00759,REQ-SIM-00759,-,CUS-00759,FSI-00167,1,FILE_LOCK,pool-2-thread-759,3860386487300,3860678792500,false,
TXN-FILE_LOCK-00951,REQ-SIM-00951,-,CUS-00951,FSI-00167,1,FILE_LOCK,pool-2-thread-951,3860393186900,3860678790000,false,
TXN-FILE_LOCK-00855,REQ-SIM-00855,-,CUS-00855,FSI-00167,1,FILE_LOCK,pool-2-thread-855,3860389081800,3860678820900,false,
TXN-FILE_LOCK-00789,REQ-SIM-00789,-,CUS-00789,FSI-00167,1,FILE_LOCK,pool-2-thread-789,3860387503900,3860678843500,false,
TXN-FILE_LOCK-00706,REQ-SIM-00706,-,CUS-00706,FSI-00167,1,FILE_LOCK,pool-2-thread-706,3860384391700,3860678863400,false,
TXN-FILE_LOCK-00707,REQ-SIM-00707,-,CUS-00707,FSI-00167,1,FILE_LOCK,pool-2-thread-707,3860384429300,3860678886700,false,
TXN-FILE_LOCK-00897,REQ-SIM-00897,-,CUS-00897,FSI-00167,1,FILE_LOCK,pool-2-thread-897,3860391663100,3860678907600,false,
TXN-FILE_LOCK-00755,REQ-SIM-00755,-,CUS-00755,FSI-00167,1,FILE_LOCK,pool-2-thread-755,3860386359500,3860678922300,false,
TXN-FILE_LOCK-00767,REQ-SIM-00767,-,CUS-00767,FSI-00167,1,FILE_LOCK,pool-2-thread-767,3860386927700,3860678941900,false,
TXN-FILE_LOCK-00926,REQ-SIM-00926,-,CUS-00926,FSI-00167,1,FILE_LOCK,pool-2-thread-926,3860392428900,3860678960300,false,
TXN-FILE_LOCK-00772,REQ-SIM-00772,-,CUS-00772,FSI-00167,1,FILE_LOCK,pool-2-thread-772,3860387017200,3860678981200,false,
TXN-FILE_LOCK-00953,REQ-SIM-00953,-,CUS-00953,FSI-00167,1,FILE_LOCK,pool-2-thread-953,3860393244100,3860679000400,false,
TXN-FILE_LOCK-00890,REQ-SIM-00890,-,CUS-00890,FSI-00167,1,FILE_LOCK,pool-2-thread-890,3860391390600,3860679015300,false,
TXN-FILE_LOCK-00881,REQ-SIM-00881,-,CUS-00881,FSI-00167,1,FILE_LOCK,pool-2-thread-881,3860390799000,3860679037300,false,
TXN-FILE_LOCK-00971,REQ-SIM-00971,-,CUS-00971,FSI-00167,1,FILE_LOCK,pool-2-thread-971,3860393854900,3860679053200,false,
TXN-FILE_LOCK-00833,REQ-SIM-00833,-,CUS-00833,FSI-00167,1,FILE_LOCK,pool-2-thread-833,3860388593700,3860679072100,false,
TXN-FILE_LOCK-00865,REQ-SIM-00865,-,CUS-00865,FSI-00167,1,FILE_LOCK,pool-2-thread-865,3860389345100,3860679089400,false,
TXN-FILE_LOCK-00817,REQ-SIM-00817,-,CUS-00817,FSI-00167,1,FILE_LOCK,pool-2-thread-817,3860388149200,3860679108600,false,
TXN-FILE_LOCK-00813,REQ-SIM-00813,-,CUS-00813,FSI-00167,1,FILE_LOCK,pool-2-thread-813,3860388082200,3860679123900,false,
TXN-FILE_LOCK-00933,REQ-SIM-00933,-,CUS-00933,FSI-00167,1,FILE_LOCK,pool-2-thread-933,3860392688500,3860679164300,false,
TXN-FILE_LOCK-00878,REQ-SIM-00878,-,CUS-00878,FSI-00167,1,FILE_LOCK,pool-2-thread-878,3860389800900,3860679146900,false,
TXN-FILE_LOCK-00757,REQ-SIM-00757,-,CUS-00757,FSI-00167,1,FILE_LOCK,pool-2-thread-757,3860386388700,3860679188800,false,
TXN-FILE_LOCK-00916,REQ-SIM-00916,-,CUS-00916,FSI-00167,1,FILE_LOCK,pool-2-thread-916,3860392184300,3860679206600,false,
TXN-FILE_LOCK-00862,REQ-SIM-00862,-,CUS-00862,FSI-00167,1,FILE_LOCK,pool-2-thread-862,3860389308300,3860679231600,false,
TXN-FILE_LOCK-00779,REQ-SIM-00779,-,CUS-00779,FSI-00167,1,FILE_LOCK,pool-2-thread-779,3860387209400,3860679252600,false,
TXN-FILE_LOCK-00745,REQ-SIM-00745,-,CUS-00745,FSI-00167,1,FILE_LOCK,pool-2-thread-745,3860386023200,3860679265500,false,
TXN-FILE_LOCK-00773,REQ-SIM-00773,-,CUS-00773,FSI-00167,1,FILE_LOCK,pool-2-thread-773,3860387045000,3860679285100,false,
TXN-FILE_LOCK-00874,REQ-SIM-00874,-,CUS-00874,FSI-00167,1,FILE_LOCK,pool-2-thread-874,3860389647600,3860679320700,false,
TXN-FILE_LOCK-00768,REQ-SIM-00768,-,CUS-00768,FSI-00167,1,FILE_LOCK,pool-2-thread-768,3860386940400,3860679330500,false,
TXN-FILE_LOCK-00914,REQ-SIM-00914,-,CUS-00914,FSI-00167,1,FILE_LOCK,pool-2-thread-914,3860392119300,3860679352800,false,
TXN-FILE_LOCK-00832,REQ-SIM-00832,-,CUS-00832,FSI-00167,1,FILE_LOCK,pool-2-thread-832,3860388475200,3860679373500,false,
TXN-FILE_LOCK-00884,REQ-SIM-00884,-,CUS-00884,FSI-00167,1,FILE_LOCK,pool-2-thread-884,3860390913900,3860679394600,false,
TXN-FILE_LOCK-00993,REQ-SIM-00993,-,CUS-00993,FSI-00167,1,FILE_LOCK,pool-2-thread-993,3860394349800,3860679414100,false,
TXN-FILE_LOCK-00935,REQ-SIM-00935,-,CUS-00935,FSI-00167,1,FILE_LOCK,pool-2-thread-935,3860392748600,3860679432900,false,
TXN-FILE_LOCK-00845,REQ-SIM-00845,-,CUS-00845,FSI-00167,1,FILE_LOCK,pool-2-thread-845,3860388830300,3860679452500,false,
TXN-FILE_LOCK-00909,REQ-SIM-00909,-,CUS-00909,FSI-00167,1,FILE_LOCK,pool-2-thread-909,3860391929900,3860679480000,false,
TXN-FILE_LOCK-00867,REQ-SIM-00867,-,CUS-00867,FSI-00167,1,FILE_LOCK,pool-2-thread-867,3860389380700,3860679504900,false,
TXN-FILE_LOCK-00868,REQ-SIM-00868,-,CUS-00868,FSI-00167,1,FILE_LOCK,pool-2-thread-868,3860389397000,3860679531700,false,
TXN-FILE_LOCK-00873,REQ-SIM-00873,-,CUS-00873,FSI-00167,1,FILE_LOCK,pool-2-thread-873,3860389633400,3860679548500,false,
TXN-FILE_LOCK-00700,REQ-SIM-00700,-,CUS-00700,FSI-00167,1,FILE_LOCK,pool-2-thread-700,3860384181500,3860679562700,false,
TXN-FILE_LOCK-00850,REQ-SIM-00850,-,CUS-00850,FSI-00167,1,FILE_LOCK,pool-2-thread-850,3860388989200,3860679583600,false,
TXN-FILE_LOCK-00815,REQ-SIM-00815,-,CUS-00815,FSI-00167,1,FILE_LOCK,pool-2-thread-815,3860388121300,3860679614100,false,
TXN-FILE_LOCK-00712,REQ-SIM-00712,-,CUS-00712,FSI-00167,1,FILE_LOCK,pool-2-thread-712,3860384590400,3860679620700,false,
TXN-FILE_LOCK-00827,REQ-SIM-00827,-,CUS-00827,FSI-00167,1,FILE_LOCK,pool-2-thread-827,3860388387100,3860679642300,false,
TXN-FILE_LOCK-00902,REQ-SIM-00902,-,CUS-00902,FSI-00167,1,FILE_LOCK,pool-2-thread-902,3860391805400,3860679668600,false,
TXN-FILE_LOCK-00694,REQ-SIM-00694,-,CUS-00694,FSI-00167,1,FILE_LOCK,pool-2-thread-694,3860383977800,3860679680300,false,
TXN-FILE_LOCK-00941,REQ-SIM-00941,-,CUS-00941,FSI-00167,1,FILE_LOCK,pool-2-thread-941,3860392937700,3860679701200,false,
TXN-FILE_LOCK-00843,REQ-SIM-00843,-,CUS-00843,FSI-00167,1,FILE_LOCK,pool-2-thread-843,3860388800400,3860679711300,false,
TXN-FILE_LOCK-00977,REQ-SIM-00977,-,CUS-00977,FSI-00167,1,FILE_LOCK,pool-2-thread-977,3860394021400,3860679727000,false,
TXN-FILE_LOCK-00870,REQ-SIM-00870,-,CUS-00870,FSI-00167,1,FILE_LOCK,pool-2-thread-870,3860389510100,3860679753900,false,
TXN-FILE_LOCK-00824,REQ-SIM-00824,-,CUS-00824,FSI-00167,1,FILE_LOCK,pool-2-thread-824,3860388349500,3860679775900,false,
TXN-FILE_LOCK-00911,REQ-SIM-00911,-,CUS-00911,FSI-00167,1,FILE_LOCK,pool-2-thread-911,3860392045400,3860679778900,false,
TXN-FILE_LOCK-00763,REQ-SIM-00763,-,CUS-00763,FSI-00167,1,FILE_LOCK,pool-2-thread-763,3860386653200,3860679819600,false,
TXN-FILE_LOCK-00863,REQ-SIM-00863,-,CUS-00863,FSI-00167,1,FILE_LOCK,pool-2-thread-863,3860389320600,3860679829200,false,
TXN-FILE_LOCK-00821,REQ-SIM-00821,-,CUS-00821,FSI-00167,1,FILE_LOCK,pool-2-thread-821,3860388304200,3860679865800,false,
TXN-FILE_LOCK-00891,REQ-SIM-00891,-,CUS-00891,FSI-00167,1,FILE_LOCK,pool-2-thread-891,3860391429300,3860679893300,false,
TXN-FILE_LOCK-00562,REQ-SIM-00562,-,CUS-00562,FSI-00167,1,FILE_LOCK,pool-2-thread-562,3860380171700,3860679888700,false,
TXN-FILE_LOCK-00929,REQ-SIM-00929,-,CUS-00929,FSI-00167,1,FILE_LOCK,pool-2-thread-929,3860392547700,3860679921400,false,
TXN-FILE_LOCK-00682,REQ-SIM-00682,-,CUS-00682,FSI-00167,1,FILE_LOCK,pool-2-thread-682,3860383635800,3860679933300,false,
TXN-FILE_LOCK-00785,REQ-SIM-00785,-,CUS-00785,FSI-00167,1,FILE_LOCK,pool-2-thread-785,3860387450900,3860679958200,false,
TXN-FILE_LOCK-00866,REQ-SIM-00866,-,CUS-00866,FSI-00167,1,FILE_LOCK,pool-2-thread-866,3860389364100,3860679962200,false,
TXN-FILE_LOCK-00527,REQ-SIM-00527,-,CUS-00527,FSI-00167,1,FILE_LOCK,pool-2-thread-527,3860378172600,3860680004200,false,
TXN-FILE_LOCK-00812,REQ-SIM-00812,-,CUS-00812,FSI-00167,1,FILE_LOCK,pool-2-thread-812,3860388064400,3860680041100,false,
TXN-FILE_LOCK-00842,REQ-SIM-00842,-,CUS-00842,FSI-00167,1,FILE_LOCK,pool-2-thread-842,3860388785900,3860680040800,false,
TXN-FILE_LOCK-00861,REQ-SIM-00861,-,CUS-00861,FSI-00167,1,FILE_LOCK,pool-2-thread-861,3860389297500,3860680084200,false,
TXN-FILE_LOCK-00790,REQ-SIM-00790,-,CUS-00790,FSI-00167,1,FILE_LOCK,pool-2-thread-790,3860387565600,3860680100200,false,
TXN-FILE_LOCK-00770,REQ-SIM-00770,-,CUS-00770,FSI-00167,1,FILE_LOCK,pool-2-thread-770,3860386969600,3860680118800,false,
TXN-FILE_LOCK-00934,REQ-SIM-00934,-,CUS-00934,FSI-00167,1,FILE_LOCK,pool-2-thread-934,3860392714700,3860680172800,false,
TXN-FILE_LOCK-00965,REQ-SIM-00965,-,CUS-00965,FSI-00167,1,FILE_LOCK,pool-2-thread-965,3860393535100,3860680195100,false,
TXN-FILE_LOCK-00686,REQ-SIM-00686,-,CUS-00686,FSI-00167,1,FILE_LOCK,pool-2-thread-686,3860383767500,3860680200500,false,
TXN-FILE_LOCK-00711,REQ-SIM-00711,-,CUS-00711,FSI-00167,1,FILE_LOCK,pool-2-thread-711,3860384576400,3860680234400,false,
TXN-FILE_LOCK-00671,REQ-SIM-00671,-,CUS-00671,FSI-00167,1,FILE_LOCK,pool-2-thread-671,3860383283100,3860680259600,false,
TXN-FILE_LOCK-00895,REQ-SIM-00895,-,CUS-00895,FSI-00167,1,FILE_LOCK,pool-2-thread-895,3860391632000,3860680289600,false,
TXN-FILE_LOCK-00828,REQ-SIM-00828,-,CUS-00828,FSI-00167,1,FILE_LOCK,pool-2-thread-828,3860388401100,3860680311300,false,
TXN-FILE_LOCK-00783,REQ-SIM-00783,-,CUS-00783,FSI-00167,1,FILE_LOCK,pool-2-thread-783,3860387297000,3860680330500,false,
TXN-FILE_LOCK-00731,REQ-SIM-00731,-,CUS-00731,FSI-00167,1,FILE_LOCK,pool-2-thread-731,3860385320000,3860680351400,false,
TXN-FILE_LOCK-00699,REQ-SIM-00699,-,CUS-00699,FSI-00167,1,FILE_LOCK,pool-2-thread-699,3860384163500,3860680365200,false,
TXN-FILE_LOCK-00907,REQ-SIM-00907,-,CUS-00907,FSI-00167,1,FILE_LOCK,pool-2-thread-907,3860391905100,3860680381600,false,
TXN-FILE_LOCK-00922,REQ-SIM-00922,-,CUS-00922,FSI-00167,1,FILE_LOCK,pool-2-thread-922,3860392358300,3860680404800,false,
TXN-FILE_LOCK-00716,REQ-SIM-00716,-,CUS-00716,FSI-00167,1,FILE_LOCK,pool-2-thread-716,3860384717500,3860680426100,false,
TXN-FILE_LOCK-00754,REQ-SIM-00754,-,CUS-00754,FSI-00167,1,FILE_LOCK,pool-2-thread-754,3860386347800,3860680444000,false,
TXN-FILE_LOCK-00690,REQ-SIM-00690,-,CUS-00690,FSI-00167,1,FILE_LOCK,pool-2-thread-690,3860383853400,3860680465300,false,
TXN-FILE_LOCK-00840,REQ-SIM-00840,-,CUS-00840,FSI-00167,1,FILE_LOCK,pool-2-thread-840,3860388750400,3860680482600,false,
TXN-FILE_LOCK-00730,REQ-SIM-00730,-,CUS-00730,FSI-00167,1,FILE_LOCK,pool-2-thread-730,3860385185700,3860680497800,false,
TXN-FILE_LOCK-00858,REQ-SIM-00858,-,CUS-00858,FSI-00167,1,FILE_LOCK,pool-2-thread-858,3860389198900,3860680514900,false,
TXN-FILE_LOCK-00947,REQ-SIM-00947,-,CUS-00947,FSI-00167,1,FILE_LOCK,pool-2-thread-947,3860393112900,3860680533300,false,
TXN-FILE_LOCK-00737,REQ-SIM-00737,-,CUS-00737,FSI-00167,1,FILE_LOCK,pool-2-thread-737,3860385583100,3860680560200,false,
TXN-FILE_LOCK-00693,REQ-SIM-00693,-,CUS-00693,FSI-00167,1,FILE_LOCK,pool-2-thread-693,3860383953500,3860680584500,false,
TXN-FILE_LOCK-00749,REQ-SIM-00749,-,CUS-00749,FSI-00167,1,FILE_LOCK,pool-2-thread-749,3860386157700,3860680600900,false,
TXN-FILE_LOCK-00992,REQ-SIM-00992,-,CUS-00992,FSI-00167,1,FILE_LOCK,pool-2-thread-992,3860394339100,3860680623100,false,
TXN-FILE_LOCK-00775,REQ-SIM-00775,-,CUS-00775,FSI-00167,1,FILE_LOCK,pool-2-thread-775,3860387091400,3860680624100,false,
TXN-FILE_LOCK-00981,REQ-SIM-00981,-,CUS-00981,FSI-00167,1,FILE_LOCK,pool-2-thread-981,3860394113600,3860680636300,false,
TXN-FILE_LOCK-00958,REQ-SIM-00958,-,CUS-00958,FSI-00167,1,FILE_LOCK,pool-2-thread-958,3860393404500,3860680648800,false,
TXN-FILE_LOCK-00883,REQ-SIM-00883,-,CUS-00883,FSI-00167,1,FILE_LOCK,pool-2-thread-883,3860390820100,3860680676900,false,
TXN-FILE_LOCK-00900,REQ-SIM-00900,-,CUS-00900,FSI-00167,1,FILE_LOCK,pool-2-thread-900,3860391759400,3860680704100,false,
TXN-FILE_LOCK-00918,REQ-SIM-00918,-,CUS-00918,FSI-00167,1,FILE_LOCK,pool-2-thread-918,3860392236600,3860680692800,false,
TXN-FILE_LOCK-00942,REQ-SIM-00942,-,CUS-00942,FSI-00167,1,FILE_LOCK,pool-2-thread-942,3860392952000,3860680724300,false,
TXN-FILE_LOCK-00889,REQ-SIM-00889,-,CUS-00889,FSI-00167,1,FILE_LOCK,pool-2-thread-889,3860391377700,3860680762300,false,
TXN-FILE_LOCK-00877,REQ-SIM-00877,-,CUS-00877,FSI-00167,1,FILE_LOCK,pool-2-thread-877,3860389727100,3860680786700,false,
TXN-FILE_LOCK-00919,REQ-SIM-00919,-,CUS-00919,FSI-00167,1,FILE_LOCK,pool-2-thread-919,3860392262500,3860680807000,false,
TXN-FILE_LOCK-00733,REQ-SIM-00733,-,CUS-00733,FSI-00167,1,FILE_LOCK,pool-2-thread-733,3860385348000,3860680818900,false,
TXN-FILE_LOCK-00718,REQ-SIM-00718,-,CUS-00718,FSI-00167,1,FILE_LOCK,pool-2-thread-718,3860384832300,3860680847000,false,
TXN-FILE_LOCK-00841,REQ-SIM-00841,-,CUS-00841,FSI-00167,1,FILE_LOCK,pool-2-thread-841,3860388765200,3860680879400,false,
TXN-FILE_LOCK-00986,REQ-SIM-00986,-,CUS-00986,FSI-00167,1,FILE_LOCK,pool-2-thread-986,3860394221700,3860680902800,false,
TXN-FILE_LOCK-00765,REQ-SIM-00765,-,CUS-00765,FSI-00167,1,FILE_LOCK,pool-2-thread-765,3860386728900,3860680921100,false,
TXN-FILE_LOCK-00876,REQ-SIM-00876,-,CUS-00876,FSI-00167,1,FILE_LOCK,pool-2-thread-876,3860389716400,3860680901900,false,
TXN-FILE_LOCK-00945,REQ-SIM-00945,-,CUS-00945,FSI-00167,1,FILE_LOCK,pool-2-thread-945,3860393017400,3860680943700,false,
TXN-FILE_LOCK-00978,REQ-SIM-00978,-,CUS-00978,FSI-00167,1,FILE_LOCK,pool-2-thread-978,3860394064000,3860680965700,false,
TXN-FILE_LOCK-00921,REQ-SIM-00921,-,CUS-00921,FSI-00167,1,FILE_LOCK,pool-2-thread-921,3860392296200,3860681011200,false,
TXN-FILE_LOCK-00972,REQ-SIM-00972,-,CUS-00972,FSI-00167,1,FILE_LOCK,pool-2-thread-972,3860393919200,3860680986800,false,
TXN-FILE_LOCK-00848,REQ-SIM-00848,-,CUS-00848,FSI-00167,1,FILE_LOCK,pool-2-thread-848,3860388869500,3860681041300,false,
TXN-FILE_LOCK-00901,REQ-SIM-00901,-,CUS-00901,FSI-00167,1,FILE_LOCK,pool-2-thread-901,3860391779000,3860681082900,false,
TXN-FILE_LOCK-00864,REQ-SIM-00864,-,CUS-00864,FSI-00167,1,FILE_LOCK,pool-2-thread-864,3860389332800,3860681064100,false,
TXN-FILE_LOCK-00744,REQ-SIM-00744,-,CUS-00744,FSI-00167,1,FILE_LOCK,pool-2-thread-744,3860385980900,3860681128700,false,
TXN-FILE_LOCK-00960,REQ-SIM-00960,-,CUS-00960,FSI-00167,1,FILE_LOCK,pool-2-thread-960,3860393428000,3860681136800,false,
TXN-FILE_LOCK-00823,REQ-SIM-00823,-,CUS-00823,FSI-00167,1,FILE_LOCK,pool-2-thread-823,3860388336300,3860681194500,false,
TXN-FILE_LOCK-00793,REQ-SIM-00793,-,CUS-00793,FSI-00167,1,FILE_LOCK,pool-2-thread-793,3860387617200,3860681244400,false,
TXN-FILE_LOCK-00816,REQ-SIM-00816,-,CUS-00816,FSI-00167,1,FILE_LOCK,pool-2-thread-816,3860388133500,3860681211000,false,
TXN-FILE_LOCK-00952,REQ-SIM-00952,-,CUS-00952,FSI-00167,1,FILE_LOCK,pool-2-thread-952,3860393207300,3860681266500,false,
TXN-FILE_LOCK-00734,REQ-SIM-00734,-,CUS-00734,FSI-00167,1,FILE_LOCK,pool-2-thread-734,3860385368900,3860681284600,false,
TXN-FILE_LOCK-00797,REQ-SIM-00797,-,CUS-00797,FSI-00167,1,FILE_LOCK,pool-2-thread-797,3860387722400,3860681300000,false,
TXN-FILE_LOCK-00849,REQ-SIM-00849,-,CUS-00849,FSI-00167,1,FILE_LOCK,pool-2-thread-849,3860388975000,3860681306300,false,
TXN-FILE_LOCK-00923,REQ-SIM-00923,-,CUS-00923,FSI-00167,1,FILE_LOCK,pool-2-thread-923,3860392389400,3860681350000,false,
TXN-FILE_LOCK-00726,REQ-SIM-00726,-,CUS-00726,FSI-00167,1,FILE_LOCK,pool-2-thread-726,3860385125900,3860681354800,false,
TXN-FILE_LOCK-00915,REQ-SIM-00915,-,CUS-00915,FSI-00167,1,FILE_LOCK,pool-2-thread-915,3860392172000,3860681394000,false,
TXN-FILE_LOCK-00696,REQ-SIM-00696,-,CUS-00696,FSI-00167,1,FILE_LOCK,pool-2-thread-696,3860384027200,3860681424300,false,
TXN-FILE_LOCK-00799,REQ-SIM-00799,-,CUS-00799,FSI-00167,1,FILE_LOCK,pool-2-thread-799,3860387753700,3860681423300,false,
TXN-FILE_LOCK-00798,REQ-SIM-00798,-,CUS-00798,FSI-00167,1,FILE_LOCK,pool-2-thread-798,3860387741400,3860681475400,false,
TXN-FILE_LOCK-00701,REQ-SIM-00701,-,CUS-00701,FSI-00167,1,FILE_LOCK,pool-2-thread-701,3860384226200,3860681496900,false,
TXN-FILE_LOCK-00818,REQ-SIM-00818,-,CUS-00818,FSI-00167,1,FILE_LOCK,pool-2-thread-818,3860388161900,3860681516800,false,
TXN-FILE_LOCK-00721,REQ-SIM-00721,-,CUS-00721,FSI-00167,1,FILE_LOCK,pool-2-thread-721,3860384884700,3860681537100,false,
TXN-FILE_LOCK-00896,REQ-SIM-00896,-,CUS-00896,FSI-00167,1,FILE_LOCK,pool-2-thread-896,3860391642500,3860681551100,false,
TXN-FILE_LOCK-00714,REQ-SIM-00714,-,CUS-00714,FSI-00167,1,FILE_LOCK,pool-2-thread-714,3860384613000,3860681572700,false,
TXN-FILE_LOCK-00819,REQ-SIM-00819,-,CUS-00819,FSI-00167,1,FILE_LOCK,pool-2-thread-819,3860388208100,3860681591800,false,
TXN-FILE_LOCK-00839,REQ-SIM-00839,-,CUS-00839,FSI-00167,1,FILE_LOCK,pool-2-thread-839,3860388732300,3860681605700,false,
TXN-FILE_LOCK-00689,REQ-SIM-00689,-,CUS-00689,FSI-00167,1,FILE_LOCK,pool-2-thread-689,3860383829100,3860681627500,false,
TXN-FILE_LOCK-00738,REQ-SIM-00738,-,CUS-00738,FSI-00167,1,FILE_LOCK,pool-2-thread-738,3860385485600,3860681677800,false,
TXN-FILE_LOCK-00856,REQ-SIM-00856,-,CUS-00856,FSI-00167,1,FILE_LOCK,pool-2-thread-856,3860389126500,3860681686100,false,
TXN-FILE_LOCK-00974,REQ-SIM-00974,-,CUS-00974,FSI-00167,1,FILE_LOCK,pool-2-thread-974,3860393972300,3860681760300,false,
TXN-FILE_LOCK-00739,REQ-SIM-00739,-,CUS-00739,FSI-00167,1,FILE_LOCK,pool-2-thread-739,3860385600300,3860681764100,false,
TXN-FILE_LOCK-00826,REQ-SIM-00826,-,CUS-00826,FSI-00167,1,FILE_LOCK,pool-2-thread-826,3860388374400,3860681926200,false,
TXN-FILE_LOCK-00991,REQ-SIM-00991,SIM-FILE_LOCK-00991,CUS-00991,FSI-00167,1,FILE_LOCK,pool-2-thread-991,3860394324700,3860681987100,true,
TXN-FILE_LOCK-00702,REQ-SIM-00702,-,CUS-00702,FSI-00167,1,FILE_LOCK,pool-2-thread-702,3860384254200,3860681992400,false,
TXN-FILE_LOCK-00732,REQ-SIM-00732,-,CUS-00732,FSI-00167,1,FILE_LOCK,pool-2-thread-732,3860385335700,3860681977600,false,
TXN-FILE_LOCK-00747,REQ-SIM-00747,-,CUS-00747,FSI-00167,1,FILE_LOCK,pool-2-thread-747,3860386081000,3860682030600,false,
TXN-FILE_LOCK-00710,REQ-SIM-00710,-,CUS-00710,FSI-00167,1,FILE_LOCK,pool-2-thread-710,3860384524300,3860682052000,false,
TXN-FILE_LOCK-00698,REQ-SIM-00698,-,CUS-00698,FSI-00167,1,FILE_LOCK,pool-2-thread-698,3860384148100,3860682118000,false,
TXN-FILE_LOCK-00851,REQ-SIM-00851,-,CUS-00851,FSI-00167,1,FILE_LOCK,pool-2-thread-851,3860389021400,3860682122600,false,
TXN-FILE_LOCK-00910,REQ-SIM-00910,-,CUS-00910,FSI-00167,1,FILE_LOCK,pool-2-thread-910,3860391988200,3860682142100,false,
TXN-FILE_LOCK-00784,REQ-SIM-00784,-,CUS-00784,FSI-00167,1,FILE_LOCK,pool-2-thread-784,3860387395700,3860682163600,false,
TXN-FILE_LOCK-00688,REQ-SIM-00688,-,CUS-00688,FSI-00167,1,FILE_LOCK,pool-2-thread-688,3860383804700,3860682189000,false,
TXN-FILE_LOCK-00830,REQ-SIM-00830,-,CUS-00830,FSI-00167,1,FILE_LOCK,pool-2-thread-830,3860388424100,3860682225400,false,
TXN-FILE_LOCK-00741,REQ-SIM-00741,-,CUS-00741,FSI-00167,1,FILE_LOCK,pool-2-thread-741,3860385804800,3860682293100,false,
TXN-FILE_LOCK-00786,REQ-SIM-00786,-,CUS-00786,FSI-00167,1,FILE_LOCK,pool-2-thread-786,3860387458200,3860682303300,false,
TXN-FILE_LOCK-00659,REQ-SIM-00659,-,CUS-00659,FSI-00167,1,FILE_LOCK,pool-2-thread-659,3860382979800,3860682361600,false,
TXN-FILE_LOCK-00988,REQ-SIM-00988,-,CUS-00988,FSI-00167,1,FILE_LOCK,pool-2-thread-988,3860394268000,3860682378500,false,
TXN-FILE_LOCK-00756,REQ-SIM-00756,-,CUS-00756,FSI-00167,1,FILE_LOCK,pool-2-thread-756,3860386374800,3860682393300,false,
TXN-FILE_LOCK-00908,REQ-SIM-00908,-,CUS-00908,FSI-00167,1,FILE_LOCK,pool-2-thread-908,3860391918900,3860682436400,false,
TXN-FILE_LOCK-00778,REQ-SIM-00778,-,CUS-00778,FSI-00167,1,FILE_LOCK,pool-2-thread-778,3860387131800,3860682449000,false,
TXN-FILE_LOCK-00592,REQ-SIM-00592,-,CUS-00592,FSI-00167,1,FILE_LOCK,pool-2-thread-592,3860381078100,3860682479200,false,
TXN-FILE_LOCK-00533,REQ-SIM-00533,-,CUS-00533,FSI-00167,1,FILE_LOCK,pool-2-thread-533,3860378414800,3860682416000,false,
TXN-FILE_LOCK-00880,REQ-SIM-00880,-,CUS-00880,FSI-00167,1,FILE_LOCK,pool-2-thread-880,3860390215700,3860682493900,false,
TXN-FILE_LOCK-00928,REQ-SIM-00928,-,CUS-00928,FSI-00167,1,FILE_LOCK,pool-2-thread-928,3860392456800,3860682514500,false,
TXN-FILE_LOCK-00940,REQ-SIM-00940,-,CUS-00940,FSI-00167,1,FILE_LOCK,pool-2-thread-940,3860392921400,3860682546600,false,
TXN-FILE_LOCK-00946,REQ-SIM-00946,-,CUS-00946,FSI-00167,1,FILE_LOCK,pool-2-thread-946,3860393046500,3860682570800,false,
TXN-FILE_LOCK-00752,REQ-SIM-00752,-,CUS-00752,FSI-00167,1,FILE_LOCK,pool-2-thread-752,3860386196400,3860682569900,false,
TXN-FILE_LOCK-00777,REQ-SIM-00777,-,CUS-00777,FSI-00167,1,FILE_LOCK,pool-2-thread-777,3860387117100,3860682646000,false,
TXN-FILE_LOCK-00532,REQ-SIM-00532,-,CUS-00532,FSI-00167,1,FILE_LOCK,pool-2-thread-532,3860378396200,3860682645700,false,
TXN-FILE_LOCK-00903,REQ-SIM-00903,-,CUS-00903,FSI-00167,1,FILE_LOCK,pool-2-thread-903,3860391815500,3860682664600,false,
TXN-FILE_LOCK-00748,REQ-SIM-00748,-,CUS-00748,FSI-00167,1,FILE_LOCK,pool-2-thread-748,3860386078400,3860682665700,false,
TXN-FILE_LOCK-00717,REQ-SIM-00717,-,CUS-00717,FSI-00167,1,FILE_LOCK,pool-2-thread-717,3860384816600,3860682669200,false,
TXN-FILE_LOCK-00838,REQ-SIM-00838,-,CUS-00838,FSI-00167,1,FILE_LOCK,pool-2-thread-838,3860388665300,3860682696600,false,
TXN-FILE_LOCK-00969,REQ-SIM-00969,-,CUS-00969,FSI-00167,1,FILE_LOCK,pool-2-thread-969,3860393768300,3860682718000,false,
TXN-FILE_LOCK-00743,REQ-SIM-00743,-,CUS-00743,FSI-00167,1,FILE_LOCK,pool-2-thread-743,3860385967500,3860682731300,false,
TXN-FILE_LOCK-00860,REQ-SIM-00860,-,CUS-00860,FSI-00167,1,FILE_LOCK,pool-2-thread-860,3860389246600,3860682746400,false,
TXN-FILE_LOCK-00995,REQ-SIM-00995,-,CUS-00995,FSI-00167,1,FILE_LOCK,pool-2-thread-995,3860394399900,3860682763200,false,
TXN-FILE_LOCK-00590,REQ-SIM-00590,-,CUS-00590,FSI-00167,1,FILE_LOCK,pool-2-thread-590,3860380955200,3860682790700,false,
TXN-FILE_LOCK-00781,REQ-SIM-00781,-,CUS-00781,FSI-00167,1,FILE_LOCK,pool-2-thread-781,3860387268200,3860682818700,false,
TXN-FILE_LOCK-00633,REQ-SIM-00633,-,CUS-00633,FSI-00167,1,FILE_LOCK,pool-2-thread-633,3860382209600,3860682822400,false,
TXN-FILE_LOCK-00720,REQ-SIM-00720,-,CUS-00720,FSI-00167,1,FILE_LOCK,pool-2-thread-720,3860384868300,3860682861500,false,
TXN-FILE_LOCK-00810,REQ-SIM-00810,-,CUS-00810,FSI-00167,1,FILE_LOCK,pool-2-thread-810,3860388033500,3860682895400,false,
TXN-FILE_LOCK-00776,REQ-SIM-00776,-,CUS-00776,FSI-00167,1,FILE_LOCK,pool-2-thread-776,3860387102400,3860682901200,false,
TXN-FILE_LOCK-00703,REQ-SIM-00703,-,CUS-00703,FSI-00167,1,FILE_LOCK,pool-2-thread-703,3860384267900,3860682937600,false,
TXN-FILE_LOCK-00687,REQ-SIM-00687,-,CUS-00687,FSI-00167,1,FILE_LOCK,pool-2-thread-687,3860383790300,3860682982700,false,
TXN-FILE_LOCK-00980,REQ-SIM-00980,-,CUS-00980,FSI-00167,1,FILE_LOCK,pool-2-thread-980,3860394104000,3860683054900,false,
TXN-FILE_LOCK-00956,REQ-SIM-00956,-,CUS-00956,FSI-00167,1,FILE_LOCK,pool-2-thread-956,3860393290200,3860683079700,false,
TXN-FILE_LOCK-00999,REQ-SIM-00999,-,CUS-00999,FSI-00167,1,FILE_LOCK,pool-2-thread-999,3860394450000,3860683110900,false,
TXN-FILE_LOCK-00800,REQ-SIM-00800,-,CUS-00800,FSI-00167,1,FILE_LOCK,pool-2-thread-800,3860387763700,3860683115400,false,
TXN-FILE_LOCK-00835,REQ-SIM-00835,-,CUS-00835,FSI-00167,1,FILE_LOCK,pool-2-thread-835,3860388622300,3860683191100,false,
TXN-FILE_LOCK-00968,REQ-SIM-00968,-,CUS-00968,FSI-00167,1,FILE_LOCK,pool-2-thread-968,3860393737200,3860683209900,false,
TXN-FILE_LOCK-00780,REQ-SIM-00780,-,CUS-00780,FSI-00167,1,FILE_LOCK,pool-2-thread-780,3860387239800,3860683215200,false,
TXN-FILE_LOCK-00750,REQ-SIM-00750,-,CUS-00750,FSI-00167,1,FILE_LOCK,pool-2-thread-750,3860386172000,3860683170300,false,
TXN-FILE_LOCK-00751,REQ-SIM-00751,-,CUS-00751,FSI-00167,1,FILE_LOCK,pool-2-thread-751,3860386185000,3860683249000,false,
TXN-FILE_LOCK-00925,REQ-SIM-00925,-,CUS-00925,FSI-00167,1,FILE_LOCK,pool-2-thread-925,3860392411800,3860683169300,false,
TXN-FILE_LOCK-00836,REQ-SIM-00836,-,CUS-00836,FSI-00167,1,FILE_LOCK,pool-2-thread-836,3860388637600,3860683273100,false,
TXN-FILE_LOCK-00846,REQ-SIM-00846,-,CUS-00846,FSI-00167,1,FILE_LOCK,pool-2-thread-846,3860388841000,3860683296600,false,
TXN-FILE_LOCK-00979,REQ-SIM-00979,-,CUS-00979,FSI-00167,1,FILE_LOCK,pool-2-thread-979,3860394091800,3860683306300,false,
TXN-FILE_LOCK-00852,REQ-SIM-00852,-,CUS-00852,FSI-00167,1,FILE_LOCK,pool-2-thread-852,3860389044600,3860683326400,false,
TXN-FILE_LOCK-00938,REQ-SIM-00938,-,CUS-00938,FSI-00167,1,FILE_LOCK,pool-2-thread-938,3860392891700,3860683333100,false,
TXN-FILE_LOCK-00957,REQ-SIM-00957,-,CUS-00957,FSI-00167,1,FILE_LOCK,pool-2-thread-957,3860393366100,3860683351800,false,
TXN-FILE_LOCK-00829,REQ-SIM-00829,-,CUS-00829,FSI-00167,1,FILE_LOCK,pool-2-thread-829,3860388415200,3860683413200,false,
TXN-FILE_LOCK-00939,REQ-SIM-00939,-,CUS-00939,FSI-00167,1,FILE_LOCK,pool-2-thread-939,3860392909200,3860683388800,false,
TXN-FILE_LOCK-00882,REQ-SIM-00882,-,CUS-00882,FSI-00167,1,FILE_LOCK,pool-2-thread-882,3860390809600,3860683497200,false,
TXN-FILE_LOCK-00950,REQ-SIM-00950,-,CUS-00950,FSI-00167,1,FILE_LOCK,pool-2-thread-950,3860393165400,3860683503800,false,
TXN-FILE_LOCK-00944,REQ-SIM-00944,-,CUS-00944,FSI-00167,1,FILE_LOCK,pool-2-thread-944,3860393004400,3860683532900,false,
TXN-FILE_LOCK-00932,REQ-SIM-00932,-,CUS-00932,FSI-00167,1,FILE_LOCK,pool-2-thread-932,3860392678000,3860683571400,false,
TXN-FILE_LOCK-00691,REQ-SIM-00691,-,CUS-00691,FSI-00167,1,FILE_LOCK,pool-2-thread-691,3860383864700,3860683615300,false,
TXN-FILE_LOCK-00859,REQ-SIM-00859,-,CUS-00859,FSI-00167,1,FILE_LOCK,pool-2-thread-859,3860389216700,3860683638200,false,
TXN-FILE_LOCK-00931,REQ-SIM-00931,-,CUS-00931,FSI-00167,1,FILE_LOCK,pool-2-thread-931,3860392650100,3860683626500,false,
TXN-FILE_LOCK-00913,REQ-SIM-00913,-,CUS-00913,FSI-00167,1,FILE_LOCK,pool-2-thread-913,3860392107800,3860683565800,false,
TXN-FILE_LOCK-00795,REQ-SIM-00795,-,CUS-00795,FSI-00167,1,FILE_LOCK,pool-2-thread-795,3860387656500,3860683676000,false,
TXN-FILE_LOCK-00924,REQ-SIM-00924,-,CUS-00924,FSI-00167,1,FILE_LOCK,pool-2-thread-924,3860392400300,3860683686100,false,
TXN-FILE_LOCK-00879,REQ-SIM-00879,-,CUS-00879,FSI-00167,1,FILE_LOCK,pool-2-thread-879,3860389814000,3860683728900,false,
TXN-FILE_LOCK-00927,REQ-SIM-00927,-,CUS-00927,FSI-00167,1,FILE_LOCK,pool-2-thread-927,3860392440000,3860683739700,false,
TXN-FILE_LOCK-00967,REQ-SIM-00967,-,CUS-00967,FSI-00167,1,FILE_LOCK,pool-2-thread-967,3860393707500,3860683768500,false,
TXN-FILE_LOCK-00937,REQ-SIM-00937,-,CUS-00937,FSI-00167,1,FILE_LOCK,pool-2-thread-937,3860392876200,3860683772600,false,
TXN-FILE_LOCK-00930,REQ-SIM-00930,-,CUS-00930,FSI-00167,1,FILE_LOCK,pool-2-thread-930,3860392598500,3860683743300,false,
TXN-FILE_LOCK-00936,REQ-SIM-00936,-,CUS-00936,FSI-00167,1,FILE_LOCK,pool-2-thread-936,3860392763900,3860683793400,false,
TXN-FILE_LOCK-00791,REQ-SIM-00791,-,CUS-00791,FSI-00167,1,FILE_LOCK,pool-2-thread-791,3860387586100,3860683808800,false,
TXN-FILE_LOCK-00722,REQ-SIM-00722,-,CUS-00722,FSI-00167,1,FILE_LOCK,pool-2-thread-722,3860384900000,3860683875300,false,
TXN-FILE_LOCK-00985,REQ-SIM-00985,-,CUS-00985,FSI-00167,1,FILE_LOCK,pool-2-thread-985,3860394212100,3860683889500,false,
TXN-FILE_LOCK-00917,REQ-SIM-00917,-,CUS-00917,FSI-00167,1,FILE_LOCK,pool-2-thread-917,3860392197600,3860684012900,false,
TXN-FILE_LOCK-00990,REQ-SIM-00990,-,CUS-00990,FSI-00167,1,FILE_LOCK,pool-2-thread-990,3860394343700,3860684035300,false,
TXN-FILE_LOCK-00762,REQ-SIM-00762,-,CUS-00762,FSI-00167,1,FILE_LOCK,pool-2-thread-762,3860386641400,3860684064300,false,
TXN-FILE_LOCK-00892,REQ-SIM-00892,-,CUS-00892,FSI-00167,1,FILE_LOCK,pool-2-thread-892,3860391577600,3860684075500,false,
TXN-FILE_LOCK-00654,REQ-SIM-00654,-,CUS-00654,FSI-00167,1,FILE_LOCK,pool-2-thread-654,3860382787400,3860684111300,false,
TXN-FILE_LOCK-00949,REQ-SIM-00949,-,CUS-00949,FSI-00167,1,FILE_LOCK,pool-2-thread-949,3860393149800,3860684133100,false,
TXN-FILE_LOCK-00805,REQ-SIM-00805,-,CUS-00805,FSI-00167,1,FILE_LOCK,pool-2-thread-805,3860387901600,3860684145100,false,
TXN-FILE_LOCK-00769,REQ-SIM-00769,-,CUS-00769,FSI-00167,1,FILE_LOCK,pool-2-thread-769,3860386957500,3860684156200,false,
TXN-FILE_LOCK-00948,REQ-SIM-00948,-,CUS-00948,FSI-00167,1,FILE_LOCK,pool-2-thread-948,3860393128100,3860684165200,false,
TXN-FILE_LOCK-00736,REQ-SIM-00736,-,CUS-00736,FSI-00167,1,FILE_LOCK,pool-2-thread-736,3860385498600,3860684207900,false,
TXN-FILE_LOCK-00961,REQ-SIM-00961,-,CUS-00961,FSI-00167,1,FILE_LOCK,pool-2-thread-961,3860393475800,3860684247700,false,
TXN-FILE_LOCK-00820,REQ-SIM-00820,SIM-FILE_LOCK-00820,CUS-00820,FSI-00167,1,FILE_LOCK,pool-2-thread-820,3860388267500,3860684294500,true,
TXN-FILE_LOCK-00966,REQ-SIM-00966,-,CUS-00966,FSI-00167,1,FILE_LOCK,pool-2-thread-966,3860393668300,3860684307200,false,
TXN-FILE_LOCK-00943,REQ-SIM-00943,-,CUS-00943,FSI-00167,1,FILE_LOCK,pool-2-thread-943,3860392991600,3860684328000,false,
TXN-FILE_LOCK-00708,REQ-SIM-00708,SIM-FILE_LOCK-00708,CUS-00708,FSI-00167,1,FILE_LOCK,pool-2-thread-708,3860384446000,3860684526800,true,
TXN-FILE_LOCK-00871,REQ-SIM-00871,-,CUS-00871,FSI-00167,1,FILE_LOCK,pool-2-thread-871,3860389532300,3860684584000,false,
TXN-FILE_LOCK-00844,REQ-SIM-00844,SIM-FILE_LOCK-00844,CUS-00844,FSI-00167,1,FILE_LOCK,pool-2-thread-844,3860388819200,3860684666500,true,
TXN-FILE_LOCK-00885,REQ-SIM-00885,SIM-FILE_LOCK-00885,CUS-00885,FSI-00167,1,FILE_LOCK,pool-2-thread-885,3860391024500,3860684690900,true,
TXN-FILE_LOCK-00758,REQ-SIM-00758,SIM-FILE_LOCK-00758,CUS-00758,FSI-00167,1,FILE_LOCK,pool-2-thread-758,3860386473700,3860684699800,true,
TXN-FILE_LOCK-00996,REQ-SIM-00996,-,CUS-00996,FSI-00167,1,FILE_LOCK,pool-2-thread-996,3860394412200,3860684701500,false,
TXN-FILE_LOCK-00906,REQ-SIM-00906,-,CUS-00906,FSI-00167,1,FILE_LOCK,pool-2-thread-906,3860391893000,3860684727400,false,
TXN-FILE_LOCK-00964,REQ-SIM-00964,SIM-FILE_LOCK-00964,CUS-00964,FSI-00167,1,FILE_LOCK,pool-2-thread-964,3860393522100,3860686140900,true,
TXN-FILE_LOCK-00898,REQ-SIM-00898,SIM-FILE_LOCK-00898,CUS-00898,FSI-00167,1,FILE_LOCK,pool-2-thread-898,3860391682600,3860687436300,true,
TXN-FILE_LOCK-00982,REQ-SIM-00982,SIM-FILE_LOCK-00982,CUS-00982,FSI-00167,1,FILE_LOCK,pool-2-thread-982,3860394129100,3860688620300,true,
TXN-FILE_LOCK-00787,REQ-SIM-00787,SIM-FILE_LOCK-00787,CUS-00787,FSI-00167,1,FILE_LOCK,pool-2-thread-787,3860387469600,3860689811700,true,
TXN-FILE_LOCK-00685,REQ-SIM-00685,SIM-FILE_LOCK-00685,CUS-00685,FSI-00167,1,FILE_LOCK,pool-2-thread-685,3860383671600,3860690987600,true,
TXN-FILE_LOCK-00766,REQ-SIM-00766,SIM-FILE_LOCK-00766,CUS-00766,FSI-00167,1,FILE_LOCK,pool-2-thread-766,3860386876400,3860691852600,true,
TXN-FILE_LOCK-00672,REQ-SIM-00672,SIM-FILE_LOCK-00672,CUS-00672,FSI-00167,1,FILE_LOCK,pool-2-thread-672,3860383312500,3860693054300,true,
TXN-FILE_LOCK-00727,REQ-SIM-00727,SIM-FILE_LOCK-00727,CUS-00727,FSI-00167,1,FILE_LOCK,pool-2-thread-727,3860385140600,3860694244300,true,
TXN-FILE_LOCK-00822,REQ-SIM-00822,SIM-FILE_LOCK-00822,CUS-00822,FSI-00167,1,FILE_LOCK,pool-2-thread-822,3860388325200,3860695404700,true,
TXN-FILE_LOCK-00792,REQ-SIM-00792,SIM-FILE_LOCK-00792,CUS-00792,FSI-00167,1,FILE_LOCK,pool-2-thread-792,3860387608200,3860696556100,true,
TXN-FILE_LOCK-00834,REQ-SIM-00834,SIM-FILE_LOCK-00834,CUS-00834,FSI-00167,1,FILE_LOCK,pool-2-thread-834,3860388606800,3860697856800,true,
TXN-FILE_LOCK-00771,REQ-SIM-00771,SIM-FILE_LOCK-00771,CUS-00771,FSI-00167,1,FILE_LOCK,pool-2-thread-771,3860386983500,3860699105800,true,
TXN-FILE_LOCK-00847,REQ-SIM-00847,SIM-FILE_LOCK-00847,CUS-00847,FSI-00167,1,FILE_LOCK,pool-2-thread-847,3860388855900,3860700149500,true,
TXN-FILE_LOCK-00811,REQ-SIM-00811,SIM-FILE_LOCK-00811,CUS-00811,FSI-00167,1,FILE_LOCK,pool-2-thread-811,3860388049700,3860701497600,true,
TXN-FILE_LOCK-00853,REQ-SIM-00853,SIM-FILE_LOCK-00853,CUS-00853,FSI-00167,1,FILE_LOCK,pool-2-thread-853,3860389062000,3860702579400,true,
TXN-FILE_LOCK-00888,REQ-SIM-00888,SIM-FILE_LOCK-00888,CUS-00888,FSI-00167,1,FILE_LOCK,pool-2-thread-888,3860391330700,3860703904800,true,
TXN-FILE_LOCK-00697,REQ-SIM-00697,SIM-FILE_LOCK-00697,CUS-00697,FSI-00167,1,FILE_LOCK,pool-2-thread-697,3860384124900,3860705184800,true,
TXN-FILE_LOCK-00894,REQ-SIM-00894,SIM-FILE_LOCK-00894,CUS-00894,FSI-00167,1,FILE_LOCK,pool-2-thread-894,3860391620800,3860706440000,true,
TXN-FILE_LOCK-00912,REQ-SIM-00912,SIM-FILE_LOCK-00912,CUS-00912,FSI-00167,1,FILE_LOCK,pool-2-thread-912,3860392052300,3860708169000,true,
TXN-FILE_LOCK-00801,REQ-SIM-00801,SIM-FILE_LOCK-00801,CUS-00801,FSI-00167,1,FILE_LOCK,pool-2-thread-801,3860387779100,3860709164600,true,
TXN-FILE_LOCK-00963,REQ-SIM-00963,SIM-FILE_LOCK-00963,CUS-00963,FSI-00167,1,FILE_LOCK,pool-2-thread-963,3860393504300,3860709978800,true,
TXN-FILE_LOCK-00998,REQ-SIM-00998,SIM-FILE_LOCK-00998,CUS-00998,FSI-00167,1,FILE_LOCK,pool-2-thread-998,3860394440100,3860710789000,true,
TXN-FILE_LOCK-00984,REQ-SIM-00984,SIM-FILE_LOCK-00984,CUS-00984,FSI-00167,1,FILE_LOCK,pool-2-thread-984,3860394172800,3860711614900,true,
TXN-FILE_LOCK-00954,REQ-SIM-00954,SIM-FILE_LOCK-00954,CUS-00954,FSI-00167,1,FILE_LOCK,pool-2-thread-954,3860393265500,3860712455900,true,
TXN-FILE_LOCK-00955,REQ-SIM-00955,SIM-FILE_LOCK-00955,CUS-00955,FSI-00167,1,FILE_LOCK,pool-2-thread-955,3860393276900,3860713244600,true,
TXN-FILE_LOCK-00973,REQ-SIM-00973,SIM-FILE_LOCK-00973,CUS-00973,FSI-00167,1,FILE_LOCK,pool-2-thread-973,3860393947400,3860714023000,true,
TXN-FILE_LOCK-00774,REQ-SIM-00774,SIM-FILE_LOCK-00774,CUS-00774,FSI-00167,1,FILE_LOCK,pool-2-thread-774,3860387055600,3860714926800,true,
TXN-FILE_LOCK-00804,REQ-SIM-00804,SIM-FILE_LOCK-00804,CUS-00804,FSI-00167,1,FILE_LOCK,pool-2-thread-804,3860387883400,3860716159100,true,
TXN-FILE_LOCK-00709,REQ-SIM-00709,SIM-FILE_LOCK-00709,CUS-00709,FSI-00167,1,FILE_LOCK,pool-2-thread-709,3860384513100,3860717129900,true,
TXN-FILE_LOCK-00623,REQ-SIM-00623,SIM-FILE_LOCK-00623,CUS-00623,FSI-00167,1,FILE_LOCK,pool-2-thread-623,3860381977200,3860717972500,true,
TXN-SYNCHRONIZED-00001,REQ-SIM-00001,SIM-SYNCHRONIZED-00001,CUS-00001,FSI-00167,1,SYNCHRONIZED,pool-3-thread-1,3860857079200,3860879464700,true,
TXN-SYNCHRONIZED-00002,REQ-SIM-00002,SIM-SYNCHRONIZED-00002,CUS-00002,FSI-00167,1,SYNCHRONIZED,pool-3-thread-2,3860857087700,3860899101500,true,
TXN-SYNCHRONIZED-00003,REQ-SIM-00003,SIM-SYNCHRONIZED-00003,CUS-00003,FSI-00167,1,SYNCHRONIZED,pool-3-thread-3,3860857099800,3860921648300,true,
TXN-SYNCHRONIZED-00004,REQ-SIM-00004,SIM-SYNCHRONIZED-00004,CUS-00004,FSI-00167,1,SYNCHRONIZED,pool-3-thread-4,3860857109500,3860947125700,true,
TXN-SYNCHRONIZED-00005,REQ-SIM-00005,SIM-SYNCHRONIZED-00005,CUS-00005,FSI-00167,1,SYNCHRONIZED,pool-3-thread-5,3860857125800,3861010274700,true,
TXN-SYNCHRONIZED-00006,REQ-SIM-00006,SIM-SYNCHRONIZED-00006,CUS-00006,FSI-00167,1,SYNCHRONIZED,pool-3-thread-6,3860857137800,3861042220100,true,
TXN-SYNCHRONIZED-00007,REQ-SIM-00007,SIM-SYNCHRONIZED-00007,CUS-00007,FSI-00167,1,SYNCHRONIZED,pool-3-thread-7,3860857150200,3861077566900,true,
TXN-SYNCHRONIZED-00008,REQ-SIM-00008,SIM-SYNCHRONIZED-00008,CUS-00008,FSI-00167,1,SYNCHRONIZED,pool-3-thread-8,3860857162900,3861097664700,true,
TXN-SYNCHRONIZED-00009,REQ-SIM-00009,SIM-SYNCHRONIZED-00009,CUS-00009,FSI-00167,1,SYNCHRONIZED,pool-3-thread-9,3860857176600,3861123842500,true,
TXN-SYNCHRONIZED-00010,REQ-SIM-00010,SIM-SYNCHRONIZED-00010,CUS-00010,FSI-00167,1,SYNCHRONIZED,pool-3-thread-10,3860857191500,3861147626300,true,
TXN-SYNCHRONIZED-00011,REQ-SIM-00011,SIM-SYNCHRONIZED-00011,CUS-00011,FSI-00167,1,SYNCHRONIZED,pool-3-thread-11,3860857204800,3861168652000,true,
TXN-SYNCHRONIZED-00012,REQ-SIM-00012,SIM-SYNCHRONIZED-00012,CUS-00012,FSI-00167,1,SYNCHRONIZED,pool-3-thread-12,3860857217900,3861193844000,true,
TXN-SYNCHRONIZED-00013,REQ-SIM-00013,SIM-SYNCHRONIZED-00013,CUS-00013,FSI-00167,1,SYNCHRONIZED,pool-3-thread-13,3860857228100,3861214104200,true,
TXN-SYNCHRONIZED-00014,REQ-SIM-00014,SIM-SYNCHRONIZED-00014,CUS-00014,FSI-00167,1,SYNCHRONIZED,pool-3-thread-14,3860857237200,3861231161300,true,
TXN-SYNCHRONIZED-00015,REQ-SIM-00015,SIM-SYNCHRONIZED-00015,CUS-00015,FSI-00167,1,SYNCHRONIZED,pool-3-thread-15,3860857246300,3861248697300,true,
TXN-SYNCHRONIZED-00016,REQ-SIM-00016,SIM-SYNCHRONIZED-00016,CUS-00016,FSI-00167,1,SYNCHRONIZED,pool-3-thread-16,3860857257500,3861268398000,true,
TXN-SYNCHRONIZED-00017,REQ-SIM-00017,SIM-SYNCHRONIZED-00017,CUS-00017,FSI-00167,1,SYNCHRONIZED,pool-3-thread-17,3860857267600,3861292453800,true,
TXN-SYNCHRONIZED-00018,REQ-SIM-00018,SIM-SYNCHRONIZED-00018,CUS-00018,FSI-00167,1,SYNCHRONIZED,pool-3-thread-18,3860857281200,3861311480200,true,
TXN-SYNCHRONIZED-00019,REQ-SIM-00019,SIM-SYNCHRONIZED-00019,CUS-00019,FSI-00167,1,SYNCHRONIZED,pool-3-thread-19,3860857290200,3861334560700,true,
TXN-SYNCHRONIZED-00020,REQ-SIM-00020,SIM-SYNCHRONIZED-00020,CUS-00020,FSI-00167,1,SYNCHRONIZED,pool-3-thread-20,3860857307400,3861353473100,true,
TXN-SYNCHRONIZED-00021,REQ-SIM-00021,SIM-SYNCHRONIZED-00021,CUS-00021,FSI-00167,1,SYNCHRONIZED,pool-3-thread-21,3860857318400,3861370565900,true,
TXN-SYNCHRONIZED-00022,REQ-SIM-00022,SIM-SYNCHRONIZED-00022,CUS-00022,FSI-00167,1,SYNCHRONIZED,pool-3-thread-22,3860857328000,3861390607200,true,
TXN-SYNCHRONIZED-00023,REQ-SIM-00023,SIM-SYNCHRONIZED-00023,CUS-00023,FSI-00167,1,SYNCHRONIZED,pool-3-thread-23,3860857339100,3861409835000,true,
TXN-SYNCHRONIZED-00024,REQ-SIM-00024,SIM-SYNCHRONIZED-00024,CUS-00024,FSI-00167,1,SYNCHRONIZED,pool-3-thread-24,3860857354800,3861430109800,true,
TXN-SYNCHRONIZED-00025,REQ-SIM-00025,SIM-SYNCHRONIZED-00025,CUS-00025,FSI-00167,1,SYNCHRONIZED,pool-3-thread-25,3860857364300,3861447461600,true,
TXN-SYNCHRONIZED-00027,REQ-SIM-00027,SIM-SYNCHRONIZED-00027,CUS-00027,FSI-00167,1,SYNCHRONIZED,pool-3-thread-27,3860857379700,3861465073300,true,
TXN-SYNCHRONIZED-00026,REQ-SIM-00026,SIM-SYNCHRONIZED-00026,CUS-00026,FSI-00167,1,SYNCHRONIZED,pool-3-thread-26,3860857392500,3861485461700,true,
TXN-SYNCHRONIZED-00028,REQ-SIM-00028,SIM-SYNCHRONIZED-00028,CUS-00028,FSI-00167,1,SYNCHRONIZED,pool-3-thread-28,3860857402800,3861504246000,true,
TXN-SYNCHRONIZED-00029,REQ-SIM-00029,SIM-SYNCHRONIZED-00029,CUS-00029,FSI-00167,1,SYNCHRONIZED,pool-3-thread-29,3860857415500,3861522312500,true,
TXN-SYNCHRONIZED-00030,REQ-SIM-00030,SIM-SYNCHRONIZED-00030,CUS-00030,FSI-00167,1,SYNCHRONIZED,pool-3-thread-30,3860857425000,3861539304800,true,
TXN-SYNCHRONIZED-00031,REQ-SIM-00031,SIM-SYNCHRONIZED-00031,CUS-00031,FSI-00167,1,SYNCHRONIZED,pool-3-thread-31,3860857433400,3861556750200,true,
TXN-SYNCHRONIZED-00032,REQ-SIM-00032,SIM-SYNCHRONIZED-00032,CUS-00032,FSI-00167,1,SYNCHRONIZED,pool-3-thread-32,3860857447800,3861574268000,true,
TXN-SYNCHRONIZED-00033,REQ-SIM-00033,SIM-SYNCHRONIZED-00033,CUS-00033,FSI-00167,1,SYNCHRONIZED,pool-3-thread-33,3860857455900,3861592263800,true,
TXN-SYNCHRONIZED-00034,REQ-SIM-00034,SIM-SYNCHRONIZED-00034,CUS-00034,FSI-00167,1,SYNCHRONIZED,pool-3-thread-34,3860857466100,3861609722900,true,
TXN-SYNCHRONIZED-00035,REQ-SIM-00035,SIM-SYNCHRONIZED-00035,CUS-00035,FSI-00167,1,SYNCHRONIZED,pool-3-thread-35,3860857476500,3861627447400,true,
TXN-SYNCHRONIZED-00037,REQ-SIM-00037,SIM-SYNCHRONIZED-00037,CUS-00037,FSI-00167,1,SYNCHRONIZED,pool-3-thread-37,3860857495600,3861646009900,true,
TXN-SYNCHRONIZED-00036,REQ-SIM-00036,SIM-SYNCHRONIZED-00036,CUS-00036,FSI-00167,1,SYNCHRONIZED,pool-3-thread-36,3860857485900,3861664250200,true,
TXN-SYNCHRONIZED-00038,REQ-SIM-00038,SIM-SYNCHRONIZED-00038,CUS-00038,FSI-00167,1,SYNCHRONIZED,pool-3-thread-38,3860857506500,3861682315700,true,
TXN-SYNCHRONIZED-00039,REQ-SIM-00039,SIM-SYNCHRONIZED-00039,CUS-00039,FSI-00167,1,SYNCHRONIZED,pool-3-thread-39,3860857516300,3861698872500,true,
TXN-SYNCHRONIZED-00040,REQ-SIM-00040,SIM-SYNCHRONIZED-00040,CUS-00040,FSI-00167,1,SYNCHRONIZED,pool-3-thread-40,3860857527400,3861714562600,true,
TXN-SYNCHRONIZED-00041,REQ-SIM-00041,SIM-SYNCHRONIZED-00041,CUS-00041,FSI-00167,1,SYNCHRONIZED,pool-3-thread-41,3860857536700,3861734584000,true,
TXN-SYNCHRONIZED-00042,REQ-SIM-00042,SIM-SYNCHRONIZED-00042,CUS-00042,FSI-00167,1,SYNCHRONIZED,pool-3-thread-42,3860857546300,3861752953300,true,
TXN-SYNCHRONIZED-00043,REQ-SIM-00043,SIM-SYNCHRONIZED-00043,CUS-00043,FSI-00167,1,SYNCHRONIZED,pool-3-thread-43,3860857555700,3861772266000,true,
TXN-SYNCHRONIZED-00044,REQ-SIM-00044,SIM-SYNCHRONIZED-00044,CUS-00044,FSI-00167,1,SYNCHRONIZED,pool-3-thread-44,3860857566300,3861789376100,true,
TXN-SYNCHRONIZED-00045,REQ-SIM-00045,SIM-SYNCHRONIZED-00045,CUS-00045,FSI-00167,1,SYNCHRONIZED,pool-3-thread-45,3860857579600,3861806048600,true,
TXN-SYNCHRONIZED-00046,REQ-SIM-00046,SIM-SYNCHRONIZED-00046,CUS-00046,FSI-00167,1,SYNCHRONIZED,pool-3-thread-46,3860857588800,3861828548100,true,
TXN-SYNCHRONIZED-00047,REQ-SIM-00047,SIM-SYNCHRONIZED-00047,CUS-00047,FSI-00167,1,SYNCHRONIZED,pool-3-thread-47,3860857600300,3861844993100,true,
TXN-SYNCHRONIZED-00048,REQ-SIM-00048,SIM-SYNCHRONIZED-00048,CUS-00048,FSI-00167,1,SYNCHRONIZED,pool-3-thread-48,3860857609300,3861864249600,true,
TXN-SYNCHRONIZED-00049,REQ-SIM-00049,SIM-SYNCHRONIZED-00049,CUS-00049,FSI-00167,1,SYNCHRONIZED,pool-3-thread-49,3860857618400,3861885149700,true,
TXN-SYNCHRONIZED-00050,REQ-SIM-00050,SIM-SYNCHRONIZED-00050,CUS-00050,FSI-00167,1,SYNCHRONIZED,pool-3-thread-50,3860857627800,3861908176600,true,
TXN-SYNCHRONIZED-00051,REQ-SIM-00051,SIM-SYNCHRONIZED-00051,CUS-00051,FSI-00167,1,SYNCHRONIZED,pool-3-thread-51,3860857637600,3861929005400,true,
TXN-SYNCHRONIZED-00052,REQ-SIM-00052,SIM-SYNCHRONIZED-00052,CUS-00052,FSI-00167,1,SYNCHRONIZED,pool-3-thread-52,3860857646400,3861947674800,true,
TXN-SYNCHRONIZED-00053,REQ-SIM-00053,SIM-SYNCHRONIZED-00053,CUS-00053,FSI-00167,1,SYNCHRONIZED,pool-3-thread-53,3860857656700,3861971403300,true,
TXN-SYNCHRONIZED-00054,REQ-SIM-00054,SIM-SYNCHRONIZED-00054,CUS-00054,FSI-00167,1,SYNCHRONIZED,pool-3-thread-54,3860857664400,3861989818100,true,
TXN-SYNCHRONIZED-00055,REQ-SIM-00055,SIM-SYNCHRONIZED-00055,CUS-00055,FSI-00167,1,SYNCHRONIZED,pool-3-thread-55,3860857672800,3862013810700,true,
TXN-SYNCHRONIZED-00056,REQ-SIM-00056,SIM-SYNCHRONIZED-00056,CUS-00056,FSI-00167,1,SYNCHRONIZED,pool-3-thread-56,3860857693200,3862034352100,true,
TXN-SYNCHRONIZED-00057,REQ-SIM-00057,SIM-SYNCHRONIZED-00057,CUS-00057,FSI-00167,1,SYNCHRONIZED,pool-3-thread-57,3860857702700,3862057965000,true,
TXN-SYNCHRONIZED-00058,REQ-SIM-00058,SIM-SYNCHRONIZED-00058,CUS-00058,FSI-00167,1,SYNCHRONIZED,pool-3-thread-58,3860857711700,3862083927300,true,
TXN-SYNCHRONIZED-00059,REQ-SIM-00059,SIM-SYNCHRONIZED-00059,CUS-00059,FSI-00167,1,SYNCHRONIZED,pool-3-thread-59,3860857720300,3862101297100,true,
TXN-SYNCHRONIZED-00060,REQ-SIM-00060,SIM-SYNCHRONIZED-00060,CUS-00060,FSI-00167,1,SYNCHRONIZED,pool-3-thread-60,3860857729200,3862118369500,true,
TXN-SYNCHRONIZED-00061,REQ-SIM-00061,SIM-SYNCHRONIZED-00061,CUS-00061,FSI-00167,1,SYNCHRONIZED,pool-3-thread-61,3860857744600,3862134676400,true,
TXN-SYNCHRONIZED-00062,REQ-SIM-00062,SIM-SYNCHRONIZED-00062,CUS-00062,FSI-00167,1,SYNCHRONIZED,pool-3-thread-62,3860857751700,3862152676200,true,
TXN-SYNCHRONIZED-00063,REQ-SIM-00063,SIM-SYNCHRONIZED-00063,CUS-00063,FSI-00167,1,SYNCHRONIZED,pool-3-thread-63,3860857759900,3862168119400,true,
TXN-SYNCHRONIZED-00064,REQ-SIM-00064,SIM-SYNCHRONIZED-00064,CUS-00064,FSI-00167,1,SYNCHRONIZED,pool-3-thread-64,3860857767900,3862183294000,true,
TXN-SYNCHRONIZED-00065,REQ-SIM-00065,SIM-SYNCHRONIZED-00065,CUS-00065,FSI-00167,1,SYNCHRONIZED,pool-3-thread-65,3860857776100,3862198484700,true,
TXN-SYNCHRONIZED-00066,REQ-SIM-00066,SIM-SYNCHRONIZED-00066,CUS-00066,FSI-00167,1,SYNCHRONIZED,pool-3-thread-66,3860857783700,3862215017800,true,
TXN-SYNCHRONIZED-00067,REQ-SIM-00067,SIM-SYNCHRONIZED-00067,CUS-00067,FSI-00167,1,SYNCHRONIZED,pool-3-thread-67,3860857796000,3862232930500,true,
TXN-SYNCHRONIZED-00068,REQ-SIM-00068,SIM-SYNCHRONIZED-00068,CUS-00068,FSI-00167,1,SYNCHRONIZED,pool-3-thread-68,3860857803700,3862247869600,true,
TXN-SYNCHRONIZED-00069,REQ-SIM-00069,SIM-SYNCHRONIZED-00069,CUS-00069,FSI-00167,1,SYNCHRONIZED,pool-3-thread-69,3860857812900,3862263651500,true,
TXN-SYNCHRONIZED-00070,REQ-SIM-00070,SIM-SYNCHRONIZED-00070,CUS-00070,FSI-00167,1,SYNCHRONIZED,pool-3-thread-70,3860857821500,3862280191100,true,
TXN-SYNCHRONIZED-00071,REQ-SIM-00071,SIM-SYNCHRONIZED-00071,CUS-00071,FSI-00167,1,SYNCHRONIZED,pool-3-thread-71,3860857828900,3862295806800,true,
TXN-SYNCHRONIZED-00072,REQ-SIM-00072,SIM-SYNCHRONIZED-00072,CUS-00072,FSI-00167,1,SYNCHRONIZED,pool-3-thread-72,3860857838000,3862311044500,true,
TXN-SYNCHRONIZED-00073,REQ-SIM-00073,SIM-SYNCHRONIZED-00073,CUS-00073,FSI-00167,1,SYNCHRONIZED,pool-3-thread-73,3860857849200,3862327776800,true,
TXN-SYNCHRONIZED-00074,REQ-SIM-00074,SIM-SYNCHRONIZED-00074,CUS-00074,FSI-00167,1,SYNCHRONIZED,pool-3-thread-74,3860857858000,3862343058800,true,
TXN-SYNCHRONIZED-00075,REQ-SIM-00075,SIM-SYNCHRONIZED-00075,CUS-00075,FSI-00167,1,SYNCHRONIZED,pool-3-thread-75,3860857865900,3862359054600,true,
TXN-SYNCHRONIZED-00076,REQ-SIM-00076,SIM-SYNCHRONIZED-00076,CUS-00076,FSI-00167,1,SYNCHRONIZED,pool-3-thread-76,3860857875000,3862374806500,true,
TXN-SYNCHRONIZED-00077,REQ-SIM-00077,SIM-SYNCHRONIZED-00077,CUS-00077,FSI-00167,1,SYNCHRONIZED,pool-3-thread-77,3860857883200,3862392117200,true,
TXN-SYNCHRONIZED-00078,REQ-SIM-00078,SIM-SYNCHRONIZED-00078,CUS-00078,FSI-00167,1,SYNCHRONIZED,pool-3-thread-78,3860857892100,3862410277800,true,
TXN-SYNCHRONIZED-00079,REQ-SIM-00079,SIM-SYNCHRONIZED-00079,CUS-00079,FSI-00167,1,SYNCHRONIZED,pool-3-thread-79,3860857903800,3862427526600,true,
TXN-SYNCHRONIZED-00080,REQ-SIM-00080,SIM-SYNCHRONIZED-00080,CUS-00080,FSI-00167,1,SYNCHRONIZED,pool-3-thread-80,3860857911700,3862444924100,true,
TXN-SYNCHRONIZED-00081,REQ-SIM-00081,SIM-SYNCHRONIZED-00081,CUS-00081,FSI-00167,1,SYNCHRONIZED,pool-3-thread-81,3860857920600,3862460732800,true,
TXN-SYNCHRONIZED-00082,REQ-SIM-00082,SIM-SYNCHRONIZED-00082,CUS-00082,FSI-00167,1,SYNCHRONIZED,pool-3-thread-82,3860857928100,3862476394000,true,
TXN-SYNCHRONIZED-00083,REQ-SIM-00083,SIM-SYNCHRONIZED-00083,CUS-00083,FSI-00167,1,SYNCHRONIZED,pool-3-thread-83,3860857937300,3862492350900,true,
TXN-SYNCHRONIZED-00084,REQ-SIM-00084,SIM-SYNCHRONIZED-00084,CUS-00084,FSI-00167,1,SYNCHRONIZED,pool-3-thread-84,3860857945800,3862511037800,true,
TXN-SYNCHRONIZED-00085,REQ-SIM-00085,SIM-SYNCHRONIZED-00085,CUS-00085,FSI-00167,1,SYNCHRONIZED,pool-3-thread-85,3860857956700,3862528796600,true,
TXN-SYNCHRONIZED-00086,REQ-SIM-00086,SIM-SYNCHRONIZED-00086,CUS-00086,FSI-00167,1,SYNCHRONIZED,pool-3-thread-86,3860857964300,3862545518600,true,
TXN-SYNCHRONIZED-00087,REQ-SIM-00087,SIM-SYNCHRONIZED-00087,CUS-00087,FSI-00167,1,SYNCHRONIZED,pool-3-thread-87,3860857973200,3862562264000,true,
TXN-SYNCHRONIZED-00088,REQ-SIM-00088,SIM-SYNCHRONIZED-00088,CUS-00088,FSI-00167,1,SYNCHRONIZED,pool-3-thread-88,3860857982400,3862578620800,true,
TXN-SYNCHRONIZED-00089,REQ-SIM-00089,SIM-SYNCHRONIZED-00089,CUS-00089,FSI-00167,1,SYNCHRONIZED,pool-3-thread-89,3860857992100,3862594542500,true,
TXN-SYNCHRONIZED-00090,REQ-SIM-00090,SIM-SYNCHRONIZED-00090,CUS-00090,FSI-00167,1,SYNCHRONIZED,pool-3-thread-90,3860858001900,3862610592100,true,
TXN-SYNCHRONIZED-00091,REQ-SIM-00091,SIM-SYNCHRONIZED-00091,CUS-00091,FSI-00167,1,SYNCHRONIZED,pool-3-thread-91,3860858012000,3862635274900,true,
TXN-SYNCHRONIZED-00092,REQ-SIM-00092,SIM-SYNCHRONIZED-00092,CUS-00092,FSI-00167,1,SYNCHRONIZED,pool-3-thread-92,3860858019800,3862651754400,true,
TXN-SYNCHRONIZED-00093,REQ-SIM-00093,SIM-SYNCHRONIZED-00093,CUS-00093,FSI-00167,1,SYNCHRONIZED,pool-3-thread-93,3860858027800,3862668081100,true,
TXN-SYNCHRONIZED-00094,REQ-SIM-00094,SIM-SYNCHRONIZED-00094,CUS-00094,FSI-00167,1,SYNCHRONIZED,pool-3-thread-94,3860858035400,3862683879100,true,
TXN-SYNCHRONIZED-00095,REQ-SIM-00095,SIM-SYNCHRONIZED-00095,CUS-00095,FSI-00167,1,SYNCHRONIZED,pool-3-thread-95,3860858043100,3862699929100,true,
TXN-SYNCHRONIZED-00096,REQ-SIM-00096,SIM-SYNCHRONIZED-00096,CUS-00096,FSI-00167,1,SYNCHRONIZED,pool-3-thread-96,3860858050800,3862716166900,true,
TXN-SYNCHRONIZED-00097,REQ-SIM-00097,-,CUS-00097,FSI-00167,1,SYNCHRONIZED,pool-3-thread-97,3860858058800,3862732271600,false,Hết hàng! Sản phẩm Flash Sale 'FSI-00167': yêu cầu 1; còn lại 0
TXN-SYNCHRONIZED-00098,REQ-SIM-00098,-,CUS-00098,FSI-00167,1,SYNCHRONIZED,pool-3-thread-98,3860858066300,3862732745300,false,Hết hàng! Sản phẩm Flash Sale 'FSI-00167': yêu cầu 1; còn lại 0
TXN-SYNCHRONIZED-00099,REQ-SIM-00099,-,CUS-00099,FSI-00167,1,SYNCHRONIZED,pool-3-thread-99,3860858092400,3862733132900,false,Hết hàng! Sản phẩm Flash Sale 'FSI-00167': yêu cầu 1; còn lại 0
TXN-SYNCHRONIZED-00100,REQ-SIM-00100,-,CUS-00100,FSI-00167,1,SYNCHRONIZED,pool-3-thread-100,3860858101800,3862733493900,false,Hết hàng! Sản phẩm Flash Sale 'FSI-00167': yêu cầu 1; còn lại 0
TXN-SYNCHRONIZED-00101,REQ-SIM-00101,-,CUS-00101,FSI-00167,1,SYNCHRONIZED,pool-3-thread-101,3860858110000,3862733848000,false,Hết hàng! Sản phẩm Flash Sale 'FSI-00167': yêu cầu 1; còn lại 0
TXN-SYNCHRONIZED-00102,REQ-SIM-00102,-,CUS-00102,FSI-00167,1,SYNCHRONIZED,pool-3-thread-102,3860858120200,3862734178400,false,Hết hàng! Sản phẩm Flash Sale 'FSI-00167': yêu cầu 1; còn lại 0
TXN-SYNCHRONIZED-00103,REQ-SIM-00103,-,CUS-00103,FSI-00167,1,SYNCHRONIZED,pool-3-thread-103,3860858132600,3862734516900,false,Hết hàng! Sản phẩm Flash Sale 'FSI-00167': yêu cầu 1; còn lại 0
TXN-SYNCHRONIZED-00104,REQ-SIM-00104,-,CUS-00104,FSI-00167,1,SYNCHRONIZED,pool-3-thread-104,3860858146400,3862734893400,false,Hết hàng! Sản phẩm Flash Sale 'FSI-00167': yêu cầu 1; còn lại 0
TXN-SYNCHRONIZED-00105,REQ-SIM-00105,-,CUS-00105,FSI-00167,1,SYNCHRONIZED,pool-3-thread-105,3860858162400,3862735209400,false,Hết hàng! Sản phẩm Flash Sale 'FSI-00167': yêu cầu 1; còn lại 0
TXN-SYNCHRONIZED-00106,REQ-SIM-00106,-,CUS-00106,FSI-00167,1,SYNCHRONIZED,pool-3-thread-106,3860858172900,3862735521800,false,Hết hàng! Sản phẩm Flash Sale 'FSI-00167': yêu cầu 1; còn lại 0
TXN-SYNCHRONIZED-00107,REQ-SIM-00107,-,CUS-00107,FSI-00167,1,SYNCHRONIZED,pool-3-thread-107,3860858183300,3862735870600,false,Hết hàng! Sản phẩm Flash Sale 'FSI-00167': yêu cầu 1; còn lại 0
TXN-SYNCHRONIZED-00108,REQ-SIM-00108,-,CUS-00108,FSI-00167,1,SYNCHRONIZED,pool-3-thread-108,3860858194600,3862736214300,false,Hết hàng! Sản phẩm Flash Sale 'FSI-00167': yêu cầu 1; còn lại 0
TXN-SYNCHRONIZED-00109,REQ-SIM-00109,-,CUS-00109,FSI-00167,1,SYNCHRONIZED,pool-3-thread-109,3860858203800,3862736558100,false,Hết hàng! Sản phẩm Flash Sale 'FSI-00167': yêu cầu 1; còn lại 0
TXN-SYNCHRONIZED-00110,REQ-SIM-00110,-,CUS-00110,FSI-00167,1,SYNCHRONIZED,pool-3-thread-110,3860858215700,3862736868300,false,Hết hàng! Sản phẩm Flash Sale 'FSI-00167': yêu cầu 1; còn lại 0
TXN-SYNCHRONIZED-00111,REQ-SIM-00111,-,CUS-00111,FSI-00167,1,SYNCHRONIZED,pool-3-thread-111,3860858226900,3862737194300,false,Hết hàng! Sản phẩm Flash Sale 'FSI-00167': yêu cầu 1; còn lại 0
TXN-SYNCHRONIZED-00112,REQ-SIM-00112,-,CUS-00112,FSI-00167,1,SYNCHRONIZED,pool-3-thread-112,3860858236700,3862737533000,false,Hết hàng! Sản phẩm Flash Sale 'FSI-00167': yêu cầu 1; còn lại 0
TXN-SYNCHRONIZED-00113,REQ-SIM-00113,-,CUS-00113,FSI-00167,1,SYNCHRONIZED,pool-3-thread-113,3860858250100,3862737942600,false,Hết hàng! Sản phẩm Flash Sale 'FSI-00167': yêu cầu 1; còn lại 0
TXN-SYNCHRONIZED-00114,REQ-SIM-00114,-,CUS-00114,FSI-00167,1,SYNCHRONIZED,pool-3-thread-114,3860858258400,3862738276000,false,Hết hàng! Sản phẩm Flash Sale 'FSI-00167': yêu cầu 1; còn lại 0
TXN-SYNCHRONIZED-00115,REQ-SIM-00115,-,CUS-00115,FSI-00167,1,SYNCHRONIZED,pool-3-thread-115,3860858270800,3862738588500,false,Hết hàng! Sản phẩm Flash Sale 'FSI-00167': yêu cầu 1; còn lại 0
TXN-SYNCHRONIZED-00116,REQ-SIM-00116,-,CUS-00116,FSI-00167,1,SYNCHRONIZED,pool-3-thread-116,3860858282200,3862738937600,false,Hết hàng! Sản phẩm Flash Sale 'FSI-00167': yêu cầu 1; còn lại 0
TXN-SYNCHRONIZED-00117,REQ-SIM-00117,-,CUS-00117,FSI-00167,1,SYNCHRONIZED,pool-3-thread-117,3860858291900,3862739266400,false,Hết hàng! Sản phẩm Flash Sale 'FSI-00167': yêu cầu 1; còn lại 0
TXN-SYNCHRONIZED-00118,REQ-SIM-00118,-,CUS-00118,FSI-00167,1,SYNCHRONIZED,pool-3-thread-118,3860858303600,3862739606600,false,Hết hàng! Sản phẩm Flash Sale 'FSI-00167': yêu cầu 1; còn lại 0
TXN-SYNCHRONIZED-00119,REQ-SIM-00119,-,CUS-00119,FSI-00167,1,SYNCHRONIZED,pool-3-thread-119,3860858311100,3862739940100,false,Hết hàng! Sản phẩm Flash Sale 'FSI-00167': yêu cầu 1; còn lại 0
TXN-SYNCHRONIZED-00120,REQ-SIM-00120,-,CUS-00120,FSI-00167,1,SYNCHRONIZED,pool-3-thread-120,3860858318900,3862740298600,false,Hết hàng! Sản phẩm Flash Sale 'FSI-00167': yêu cầu 1; còn lại 0
TXN-SYNCHRONIZED-00121,REQ-SIM-00121,-,CUS-00121,FSI-00167,1,SYNCHRONIZED,pool-3-thread-121,3860858326300,3862740661200,false,Hết hàng! Sản phẩm Flash Sale 'FSI-00167': yêu cầu 1; còn lại 0
TXN-SYNCHRONIZED-00122,REQ-SIM-00122,-,CUS-00122,FSI-00167,1,SYNCHRONIZED,pool-3-thread-122,3860858334400,3862740976400,false,Hết hàng! Sản phẩm Flash Sale 'FSI-00167': yêu cầu 1; còn lại 0
TXN-SYNCHRONIZED-00123,REQ-SIM-00123,-,CUS-00123,FSI-00167,1,SYNCHRONIZED,pool-3-thread-123,3860858342000,3862741330200,false,Hết hàng! Sản phẩm Flash Sale 'FSI-00167': yêu cầu 1; còn lại 0
TXN-SYNCHRONIZED-00124,REQ-SIM-00124,-,CUS-00124,FSI-00167,1,SYNCHRONIZED,pool-3-thread-124,3860858350100,3862741665000,false,Hết hàng! Sản phẩm Flash Sale 'FSI-00167': yêu cầu 1; còn lại 0
TXN-SYNCHRONIZED-00125,REQ-SIM-00125,-,CUS-00125,FSI-00167,1,SYNCHRONIZED,pool-3-thread-125,3860858359100,3862742001300,false,Hết hàng! Sản phẩm Flash Sale 'FSI-00167': yêu cầu 1; còn lại 0
TXN-SYNCHRONIZED-00127,REQ-SIM-00127,-,CUS-00127,FSI-00167,1,SYNCHRONIZED,pool-3-thread-127,3860858376300,3862742323500,false,Hết hàng! Sản phẩm Flash Sale 'FSI-00167': yêu cầu 1; còn lại 0
TXN-SYNCHRONIZED-00126,REQ-SIM-00126,-,CUS-00126,FSI-00167,1,SYNCHRONIZED,pool-3-thread-126,3860858367000,3862742642300,false,Hết hàng! Sản phẩm Flash Sale 'FSI-00167': yêu cầu 1; còn lại 0
TXN-SYNCHRONIZED-00128,REQ-SIM-00128,-,CUS-00128,FSI-00167,1,SYNCHRONIZED,pool-3-thread-128,3860858389600,3862742973700,false,Hết hàng! Sản phẩm Flash Sale 'FSI-00167': yêu cầu 1; còn lại 0
TXN-SYNCHRONIZED-00129,REQ-SIM-00129,-,CUS-00129,FSI-00167,1,SYNCHRONIZED,pool-3-thread-129,3860858405700,3862743286900,false,Hết hàng! Sản phẩm Flash Sale 'FSI-00167': yêu cầu 1; còn lại 0
TXN-SYNCHRONIZED-00130,REQ-SIM-00130,-,CUS-00130,FSI-00167,1,SYNCHRONIZED,pool-3-thread-130,3860858417400,3862743598800,false,Hết hàng! Sản phẩm Flash Sale 'FSI-00167': yêu cầu 1; còn lại 0
TXN-SYNCHRONIZED-00131,REQ-SIM-00131,-,CUS-00131,FSI-00167,1,SYNCHRONIZED,pool-3-thread-131,3860858432600,3862743905400,false,Hết hàng! Sản phẩm Flash Sale 'FSI-00167': yêu cầu 1; còn lại 0
TXN-SYNCHRONIZED-00132,REQ-SIM-00132,-,CUS-00132,FSI-00167,1,SYNCHRONIZED,pool-3-thread-132,3860858443200,3862744305100,false,Hết hàng! Sản phẩm Flash Sale 'FSI-00167': yêu cầu 1; còn lại 0
TXN-SYNCHRONIZED-00133,REQ-SIM-00133,-,CUS-00133,FSI-00167,1,SYNCHRONIZED,pool-3-thread-133,3860858457900,3862744622800,false,Hết hàng! Sản phẩm Flash Sale 'FSI-00167': yêu cầu 1; còn lại 0
TXN-SYNCHRONIZED-00134,REQ-SIM-00134,-,CUS-00134,FSI-00167,1,SYNCHRONIZED,pool-3-thread-134,3860858467100,3862744958000,false,Hết hàng! Sản phẩm Flash Sale 'FSI-00167': yêu cầu 1; còn lại 0
TXN-SYNCHRONIZED-00135,REQ-SIM-00135,-,CUS-00135,FSI-00167,1,SYNCHRONIZED,pool-3-thread-135,3860858476200,3862745298100,false,Hết hàng! Sản phẩm Flash Sale 'FSI-00167': yêu cầu 1; còn lại 0
TXN-SYNCHRONIZED-00136,REQ-SIM-00136,-,CUS-00136,FSI-00167,1,SYNCHRONIZED,pool-3-thread-136,3860858486100,3862745630000,false,Hết hàng! Sản phẩm Flash Sale 'FSI-00167': yêu cầu 1; còn lại 0
TXN-SYNCHRONIZED-00137,REQ-SIM-00137,-,CUS-00137,FSI-00167,1,SYNCHRONIZED,pool-3-thread-137,3860858494900,3862745966200,false,Hết hàng! Sản phẩm Flash Sale 'FSI-00167': yêu cầu 1; còn lại 0
TXN-SYNCHRONIZED-00138,REQ-SIM-00138,-,CUS-00138,FSI-00167,1,SYNCHRONIZED,pool-3-thread-138,3860858503700,3862746320200,false,Hết hàng! Sản phẩm Flash Sale 'FSI-00167': yêu cầu 1; còn lại 0
TXN-SYNCHRONIZED-00139,REQ-SIM-00139,-,CUS-00139,FSI-00167,1,SYNCHRONIZED,pool-3-thread-139,3860858514500,3862746633200,false,Hết hàng! Sản phẩm Flash Sale 'FSI-00167': yêu cầu 1; còn lại 0
TXN-SYNCHRONIZED-00140,REQ-SIM-00140,-,CUS-00140,FSI-00167,1,SYNCHRONIZED,pool-3-thread-140,3860858523300,3862746984100,false,Hết hàng! Sản phẩm Flash Sale 'FSI-00167': yêu cầu 1; còn lại 0
TXN-SYNCHRONIZED-00141,REQ-SIM-00141,-,CUS-00141,FSI-00167,1,SYNCHRONIZED,pool-3-thread-141,3860858534200,3862747338300,false,Hết hàng! Sản phẩm Flash Sale 'FSI-00167': yêu cầu 1; còn lại 0
TXN-SYNCHRONIZED-00142,REQ-SIM-00142,-,CUS-00142,FSI-00167,1,SYNCHRONIZED,pool-3-thread-142,3860858549100,3862747650500,false,Hết hàng! Sản phẩm Flash Sale 'FSI-00167': yêu cầu 1; còn lại 0
TXN-SYNCHRONIZED-00143,REQ-SIM-00143,-,CUS-00143,FSI-00167,1,SYNCHRONIZED,pool-3-thread-143,3860858568600,3862748012800,false,Hết hàng! Sản phẩm Flash Sale 'FSI-00167': yêu cầu 1; còn lại 0
TXN-SYNCHRONIZED-00144,REQ-SIM-00144,-,CUS-00144,FSI-00167,1,SYNCHRONIZED,pool-3-thread-144,3860858578400,3862748346800,false,Hết hàng! Sản phẩm Flash Sale 'FSI-00167': yêu cầu 1; còn lại 0
TXN-SYNCHRONIZED-00145,REQ-SIM-00145,-,CUS-00145,FSI-00167,1,SYNCHRONIZED,pool-3-thread-145,3860858590200,3862748730800,false,Hết hàng! Sản phẩm Flash Sale 'FSI-00167': yêu cầu 1; còn lại 0
TXN-SYNCHRONIZED-00146,REQ-SIM-00146,-,CUS-00146,FSI-00167,1,SYNCHRONIZED,pool-3-thread-146,3860858598000,3862749055400,false,Hết hàng! Sản phẩm Flash Sale 'FSI-00167': yêu cầu 1; còn lại 0
TXN-SYNCHRONIZED-00147,REQ-SIM-00147,-,CUS-00147,FSI-00167,1,SYNCHRONIZED,pool-3-thread-147,3860858611000,3862749401900,false,Hết hàng! Sản phẩm Flash Sale 'FSI-00167': yêu cầu 1; còn lại 0
TXN-SYNCHRONIZED-00148,REQ-SIM-00148,-,CUS-00148,FSI-00167,1,SYNCHRONIZED,pool-3-thread-148,3860858618600,3862749711600,false,Hết hàng! Sản phẩm Flash Sale 'FSI-00167': yêu cầu 1; còn lại 0
TXN-SYNCHRONIZED-00149,REQ-SIM-00149,-,CUS-00149,FSI-00167,1,SYNCHRONIZED,pool-3-thread-149,3860858627700,3862750057300,false,Hết hàng! Sản phẩm Flash Sale 'FSI-00167': yêu cầu 1; còn lại 0
TXN-SYNCHRONIZED-00150,REQ-SIM-00150,-,CUS-00150,FSI-00167,1,SYNCHRONIZED,pool-3-thread-150,3860858636100,3862750402300,false,Hết hàng! Sản phẩm Flash Sale 'FSI-00167': yêu cầu 1; còn lại 0
TXN-SYNCHRONIZED-00151,REQ-SIM-00151,-,CUS-00151,FSI-00167,1,SYNCHRONIZED,pool-3-thread-151,3860858649500,3862750747100,false,Hết hàng! Sản phẩm Flash Sale 'FSI-00167': yêu cầu 1; còn lại 0
TXN-SYNCHRONIZED-00152,REQ-SIM-00152,-,CUS-00152,FSI-00167,1,SYNCHRONIZED,pool-3-thread-152,3860858657400,3862751070500,false,Hết hàng! Sản phẩm Flash Sale 'FSI-00167': yêu cầu 1; còn lại 0
TXN-SYNCHRONIZED-00153,REQ-SIM-00153,-,CUS-00153,FSI-00167,1,SYNCHRONIZED,pool-3-thread-153,3860858669500,3862751411900,false,Hết hàng! Sản phẩm Flash Sale 'FSI-00167': yêu cầu 1; còn lại 0
TXN-SYNCHRONIZED-00154,REQ-SIM-00154,-,CUS-00154,FSI-00167,1,SYNCHRONIZED,pool-3-thread-154,3860858677300,3862751730200,false,Hết hàng! Sản phẩm Flash Sale 'FSI-00167': yêu cầu 1; còn lại 0
TXN-SYNCHRONIZED-00155,REQ-SIM-00155,-,CUS-00155,FSI-00167,1,SYNCHRONIZED,pool-3-thread-155,3860858686400,3862752071200,false,Hết hàng! Sản phẩm Flash Sale 'FSI-00167': yêu cầu 1; còn lại 0
TXN-SYNCHRONIZED-00156,REQ-SIM-00156,-,CUS-00156,FSI-00167,1,SYNCHRONIZED,pool-3-thread-156,3860858696500,3862752384200,false,Hết hàng! Sản phẩm Flash Sale 'FSI-00167': yêu cầu 1; còn lại 0
TXN-SYNCHRONIZED-00157,REQ-SIM-00157,-,CUS-00157,FSI-00167,1,SYNCHRONIZED,pool-3-thread-157,3860858704600,3862752723800,false,Hết hàng! Sản phẩm Flash Sale 'FSI-00167': yêu cầu 1; còn lại 0
TXN-SYNCHRONIZED-00158,REQ-SIM-00158,-,CUS-00158,FSI-00167,1,SYNCHRONIZED,pool-3-thread-158,3860858714600,3862753067100,false,Hết hàng! Sản phẩm Flash Sale 'FSI-00167': yêu cầu 1; còn lại 0
TXN-SYNCHRONIZED-00159,REQ-SIM-00159,-,CUS-00159,FSI-00167,1,SYNCHRONIZED,pool-3-thread-159,3860858722800,3862753415400,false,Hết hàng! Sản phẩm Flash Sale 'FSI-00167': yêu cầu 1; còn lại 0
TXN-SYNCHRONIZED-00160,REQ-SIM-00160,-,CUS-00160,FSI-00167,1,SYNCHRONIZED,pool-3-thread-160,3860858731600,3862753822500,false,Hết hàng! Sản phẩm Flash Sale 'FSI-00167': yêu cầu 1; còn lại 0
TXN-SYNCHRONIZED-00161,REQ-SIM-00161,-,CUS-00161,FSI-00167,1,SYNCHRONIZED,pool-3-thread-161,3860858739500,3862754171200,false,Hết hàng! Sản phẩm Flash Sale 'FSI-00167': yêu cầu 1; còn lại 0
TXN-SYNCHRONIZED-00162,REQ-SIM-00162,-,CUS-00162,FSI-00167,1,SYNCHRONIZED,pool-3-thread-162,3860858748700,3862754598700,false,Hết hàng! Sản phẩm Flash Sale 'FSI-00167': yêu cầu 1; còn lại 0
TXN-SYNCHRONIZED-00163,REQ-SIM-00163,-,CUS-00163,FSI-00167,1,SYNCHRONIZED,pool-3-thread-163,3860858757900,3862754963900,false,Hết hàng! Sản phẩm Flash Sale 'FSI-00167': yêu cầu 1; còn lại 0
TXN-SYNCHRONIZED-00164,REQ-SIM-00164,-,CUS-00164,FSI-00167,1,SYNCHRONIZED,pool-3-thread-164,3860858765500,3862755299500,false,Hết hàng! Sản phẩm Flash Sale 'FSI-00167': yêu cầu 1; còn lại 0
TXN-SYNCHRONIZED-00165,REQ-SIM-00165,-,CUS-00165,FSI-00167,1,SYNCHRONIZED,pool-3-thread-165,3860858780700,3862755610700,false,Hết hàng! Sản phẩm Flash Sale 'FSI-00167': yêu cầu 1; còn lại 0
TXN-SYNCHRONIZED-00166,REQ-SIM-00166,-,CUS-00166,FSI-00167,1,SYNCHRONIZED,pool-3-thread-166,3860858788100,3862755945200,false,Hết hàng! Sản phẩm Flash Sale 'FSI-00167': yêu cầu 1; còn lại 0
TXN-SYNCHRONIZED-00167,REQ-SIM-00167,-,CUS-00167,FSI-00167,1,SYNCHRONIZED,pool-3-thread-167,3860858798900,3862756265600,false,Hết hàng! Sản phẩm Flash Sale 'FSI-00167': yêu cầu 1; còn lại 0
TXN-SYNCHRONIZED-00168,REQ-SIM-00168,-,CUS-00168,FSI-00167,1,SYNCHRONIZED,pool-3-thread-168,3860858806800,3862756592500,false,Hết hàng! Sản phẩm Flash Sale 'FSI-00167': yêu cầu 1; còn lại 0
TXN-SYNCHRONIZED-00169,REQ-SIM-00169,-,CUS-00169,FSI-00167,1,SYNCHRONIZED,pool-3-thread-169,3860858816100,3862756929100,false,Hết hàng! Sản phẩm Flash Sale 'FSI-00167': yêu cầu 1; còn lại 0
TXN-SYNCHRONIZED-00171,REQ-SIM-00171,-,CUS-00171,FSI-00167,1,SYNCHRONIZED,pool-3-thread-171,3860858824200,3862757268400,false,Hết hàng! Sản phẩm Flash Sale 'FSI-00167': yêu cầu 1; còn lại 0
TXN-SYNCHRONIZED-00170,REQ-SIM-00170,-,CUS-00170,FSI-00167,1,SYNCHRONIZED,pool-3-thread-170,3860858833400,3862757593000,false,Hết hàng! Sản phẩm Flash Sale 'FSI-00167': yêu cầu 1; còn lại 0
TXN-SYNCHRONIZED-00174,REQ-SIM-00174,-,CUS-00174,FSI-00167,1,SYNCHRONIZED,pool-3-thread-174,3860858841300,3862757960400,false,Hết hàng! Sản phẩm Flash Sale 'FSI-00167': yêu cầu 1; còn lại 0
TXN-SYNCHRONIZED-00172,REQ-SIM-00172,-,CUS-00172,FSI-00167,1,SYNCHRONIZED,pool-3-thread-172,3860858850200,3862758307700,false,Hết hàng! Sản phẩm Flash Sale 'FSI-00167': yêu cầu 1; còn lại 0
TXN-SYNCHRONIZED-00175,REQ-SIM-00175,-,CUS-00175,FSI-00167,1,SYNCHRONIZED,pool-3-thread-175,3860858861200,3862758667400,false,Hết hàng! Sản phẩm Flash Sale 'FSI-00167': yêu cầu 1; còn lại 0
TXN-SYNCHRONIZED-00173,REQ-SIM-00173,-,CUS-00173,FSI-00167,1,SYNCHRONIZED,pool-3-thread-173,3860858869500,3862758989300,false,Hết hàng! Sản phẩm Flash Sale 'FSI-00167': yêu cầu 1; còn lại 0
TXN-SYNCHRONIZED-00176,REQ-SIM-00176,-,CUS-00176,FSI-00167,1,SYNCHRONIZED,pool-3-thread-176,3860858878900,3862759312100,false,Hết hàng! Sản phẩm Flash Sale 'FSI-00167': yêu cầu 1; còn lại 0
TXN-SYNCHRONIZED-00183,REQ-SIM-00183,-,CUS-00183,FSI-00167,1,SYNCHRONIZED,pool-3-thread-183,3860858886800,3862759651500,false,Hết hàng! Sản phẩm Flash Sale 'FSI-00167': yêu cầu 1; còn lại 0
TXN-SYNCHRONIZED-00178,REQ-SIM-00178,-,CUS-00178,FSI-00167,1,SYNCHRONIZED,pool-3-thread-178,3860858895800,3862760085600,false,Hết hàng! Sản phẩm Flash Sale 'FSI-00167': yêu cầu 1; còn lại 0
TXN-SYNCHRONIZED-00187,REQ-SIM-00187,-,CUS-00187,FSI-00167,1,SYNCHRONIZED,pool-3-thread-187,3860858907300,3862760409500,false,Hết hàng! Sản phẩm Flash Sale 'FSI-00167': yêu cầu 1; còn lại 0
TXN-SYNCHRONIZED-00182,REQ-SIM-00182,-,CUS-00182,FSI-00167,1,SYNCHRONIZED,pool-3-thread-182,3860858915300,3862760721800,false,Hết hàng! Sản phẩm Flash Sale 'FSI-00167': yêu cầu 1; còn lại 0
TXN-SYNCHRONIZED-00180,REQ-SIM-00180,-,CUS-00180,FSI-00167,1,SYNCHRONIZED,pool-3-thread-180,3860858924500,3862761060100,false,Hết hàng! Sản phẩm Flash Sale 'FSI-00167': yêu cầu 1; còn lại 0
TXN-SYNCHRONIZED-00181,REQ-SIM-00181,-,CUS-00181,FSI-00167,1,SYNCHRONIZED,pool-3-thread-181,3860858934600,3862761370400,false,Hết hàng! Sản phẩm Flash Sale 'FSI-00167': yêu cầu 1; còn lại 0
TXN-SYNCHRONIZED-00177,REQ-SIM-00177,-,CUS-00177,FSI-00167,1,SYNCHRONIZED,pool-3-thread-177,3860858942000,3862761690900,false,Hết hàng! Sản phẩm Flash Sale 'FSI-00167': yêu cầu 1; còn lại 0
TXN-SYNCHRONIZED-00184,REQ-SIM-00184,-,CUS-00184,FSI-00167,1,SYNCHRONIZED,pool-3-thread-184,3860858950400,3862762040600,false,Hết hàng! Sản phẩm Flash Sale 'FSI-00167': yêu cầu 1; còn lại 0
TXN-SYNCHRONIZED-00185,REQ-SIM-00185,-,CUS-00185,FSI-00167,1,SYNCHRONIZED,pool-3-thread-185,3860858959900,3862762347300,false,Hết hàng! Sản phẩm Flash Sale 'FSI-00167': yêu cầu 1; còn lại 0
TXN-SYNCHRONIZED-00186,REQ-SIM-00186,-,CUS-00186,FSI-00167,1,SYNCHRONIZED,pool-3-thread-186,3860858968400,3862762674900,false,Hết hàng! Sản phẩm Flash Sale 'FSI-00167': yêu cầu 1; còn lại 0
TXN-SYNCHRONIZED-00179,REQ-SIM-00179,-,CUS-00179,FSI-00167,1,SYNCHRONIZED,pool-3-thread-179,3860858977100,3862763023000,false,Hết hàng! Sản phẩm Flash Sale 'FSI-00167': yêu cầu 1; còn lại 0
TXN-SYNCHRONIZED-00188,REQ-SIM-00188,-,CUS-00188,FSI-00167,1,SYNCHRONIZED,pool-3-thread-188,3860858987600,3862763459700,false,Hết hàng! Sản phẩm Flash Sale 'FSI-00167': yêu cầu 1; còn lại 0
TXN-SYNCHRONIZED-00190,REQ-SIM-00190,-,CUS-00190,FSI-00167,1,SYNCHRONIZED,pool-3-thread-190,3860858995800,3862763819900,false,Hết hàng! Sản phẩm Flash Sale 'FSI-00167': yêu cầu 1; còn lại 0
TXN-SYNCHRONIZED-00196,REQ-SIM-00196,-,CUS-00196,FSI-00167,1,SYNCHRONIZED,pool-3-thread-196,3860859005100,3862764190900,false,Hết hàng! Sản phẩm Flash Sale 'FSI-00167': yêu cầu 1; còn lại 0
TXN-SYNCHRONIZED-00191,REQ-SIM-00191,-,CUS-00191,FSI-00167,1,SYNCHRONIZED,pool-3-thread-191,3860859014600,3862764528100,false,Hết hàng! Sản phẩm Flash Sale 'FSI-00167': yêu cầu 1; còn lại 0
TXN-SYNCHRONIZED-00192,REQ-SIM-00192,-,CUS-00192,FSI-00167,1,SYNCHRONIZED,pool-3-thread-192,3860859024000,3862764870900,false,Hết hàng! Sản phẩm Flash Sale 'FSI-00167': yêu cầu 1; còn lại 0
TXN-SYNCHRONIZED-00194,REQ-SIM-00194,-,CUS-00194,FSI-00167,1,SYNCHRONIZED,pool-3-thread-194,3860859033700,3862765187200,false,Hết hàng! Sản phẩm Flash Sale 'FSI-00167': yêu cầu 1; còn lại 0
TXN-SYNCHRONIZED-00204,REQ-SIM-00204,-,CUS-00204,FSI-00167,1,SYNCHRONIZED,pool-3-thread-204,3860859042200,3862765506100,false,Hết hàng! Sản phẩm Flash Sale 'FSI-00167': yêu cầu 1; còn lại 0
TXN-SYNCHRONIZED-00189,REQ-SIM-00189,-,CUS-00189,FSI-00167,1,SYNCHRONIZED,pool-3-thread-189,3860859057200,3862765839500,false,Hết hàng! Sản phẩm Flash Sale 'FSI-00167': yêu cầu 1; còn lại 0
TXN-SYNCHRONIZED-00195,REQ-SIM-00195,-,CUS-00195,FSI-00167,1,SYNCHRONIZED,pool-3-thread-195,3860859064400,3862766161400,false,Hết hàng! Sản phẩm Flash Sale 'FSI-00167': yêu cầu 1; còn lại 0
TXN-SYNCHRONIZED-00198,REQ-SIM-00198,-,CUS-00198,FSI-00167,1,SYNCHRONIZED,pool-3-thread-198,3860859073300,3862766516500,false,Hết hàng! Sản phẩm Flash Sale 'FSI-00167': yêu cầu 1; còn lại 0
TXN-SYNCHRONIZED-00199,REQ-SIM-00199,-,CUS-00199,FSI-00167,1,SYNCHRONIZED,pool-3-thread-199,3860859087300,3862766894100,false,Hết hàng! Sản phẩm Flash Sale 'FSI-00167': yêu cầu 1; còn lại 0
TXN-SYNCHRONIZED-00197,REQ-SIM-00197,-,CUS-00197,FSI-00167,1,SYNCHRONIZED,pool-3-thread-197,3860859094800,3862767242000,false,Hết hàng! Sản phẩm Flash Sale 'FSI-00167': yêu cầu 1; còn lại 0
TXN-SYNCHRONIZED-00211,REQ-SIM-00211,-,CUS-00211,FSI-00167,1,SYNCHRONIZED,pool-3-thread-211,3860859103400,3862767684100,false,Hết hàng! Sản phẩm Flash Sale 'FSI-00167': yêu cầu 1; còn lại 0
TXN-SYNCHRONIZED-00201,REQ-SIM-00201,-,CUS-00201,FSI-00167,1,SYNCHRONIZED,pool-3-thread-201,3860859110800,3862768131300,false,Hết hàng! Sản phẩm Flash Sale 'FSI-00167': yêu cầu 1; còn lại 0
TXN-SYNCHRONIZED-00202,REQ-SIM-00202,-,CUS-00202,FSI-00167,1,SYNCHRONIZED,pool-3-thread-202,3860859119700,3862768600200,false,Hết hàng! Sản phẩm Flash Sale 'FSI-00167': yêu cầu 1; còn lại 0
TXN-SYNCHRONIZED-00193,REQ-SIM-00193,-,CUS-00193,FSI-00167,1,SYNCHRONIZED,pool-3-thread-193,3860859130600,3862768936600,false,Hết hàng! Sản phẩm Flash Sale 'FSI-00167': yêu cầu 1; còn lại 0
TXN-SYNCHRONIZED-00216,REQ-SIM-00216,-,CUS-00216,FSI-00167,1,SYNCHRONIZED,pool-3-thread-216,3860859138400,3862769283500,false,Hết hàng! Sản phẩm Flash Sale 'FSI-00167': yêu cầu 1; còn lại 0
TXN-SYNCHRONIZED-00205,REQ-SIM-00205,-,CUS-00205,FSI-00167,1,SYNCHRONIZED,pool-3-thread-205,3860859150700,3862769621500,false,Hết hàng! Sản phẩm Flash Sale 'FSI-00167': yêu cầu 1; còn lại 0
TXN-SYNCHRONIZED-00206,REQ-SIM-00206,-,CUS-00206,FSI-00167,1,SYNCHRONIZED,pool-3-thread-206,3860859158800,3862769941800,false,Hết hàng! Sản phẩm Flash Sale 'FSI-00167': yêu cầu 1; còn lại 0
TXN-SYNCHRONIZED-00208,REQ-SIM-00208,-,CUS-00208,FSI-00167,1,SYNCHRONIZED,pool-3-thread-208,3860859169000,3862770283800,false,Hết hàng! Sản phẩm Flash Sale 'FSI-00167': yêu cầu 1; còn lại 0
TXN-SYNCHRONIZED-00220,REQ-SIM-00220,-,CUS-00220,FSI-00167,1,SYNCHRONIZED,pool-3-thread-220,3860859176600,3862770619400,false,Hết hàng! Sản phẩm Flash Sale 'FSI-00167': yêu cầu 1; còn lại 0
TXN-SYNCHRONIZED-00209,REQ-SIM-00209,-,CUS-00209,FSI-00167,1,SYNCHRONIZED,pool-3-thread-209,3860859186300,3862770931400,false,Hết hàng! Sản phẩm Flash Sale 'FSI-00167': yêu cầu 1; còn lại 0
TXN-SYNCHRONIZED-00210,REQ-SIM-00210,-,CUS-00210,FSI-00167,1,SYNCHRONIZED,pool-3-thread-210,3860859194000,3862771243200,false,Hết hàng! Sản phẩm Flash Sale 'FSI-00167': yêu cầu 1; còn lại 0
TXN-SYNCHRONIZED-00200,REQ-SIM-00200,-,CUS-00200,FSI-00167,1,SYNCHRONIZED,pool-3-thread-200,3860859203300,3862771596800,false,Hết hàng! Sản phẩm Flash Sale 'FSI-00167': yêu cầu 1; còn lại 0
TXN-SYNCHRONIZED-00212,REQ-SIM-00212,-,CUS-00212,FSI-00167,1,SYNCHRONIZED,pool-3-thread-212,3860859210600,3862771998600,false,Hết hàng! Sản phẩm Flash Sale 'FSI-00167': yêu cầu 1; còn lại 0
TXN-SYNCHRONIZED-00213,REQ-SIM-00213,-,CUS-00213,FSI-00167,1,SYNCHRONIZED,pool-3-thread-213,3860859225700,3862772465000,false,Hết hàng! Sản phẩm Flash Sale 'FSI-00167': yêu cầu 1; còn lại 0
TXN-SYNCHRONIZED-00203,REQ-SIM-00203,-,CUS-00203,FSI-00167,1,SYNCHRONIZED,pool-3-thread-203,3860859233600,3862772819700,false,Hết hàng! Sản phẩm Flash Sale 'FSI-00167': yêu cầu 1; còn lại 0
TXN-SYNCHRONIZED-00230,REQ-SIM-00230,-,CUS-00230,FSI-00167,1,SYNCHRONIZED,pool-3-thread-230,3860859243000,3862773243300,false,Hết hàng! Sản phẩm Flash Sale 'FSI-00167': yêu cầu 1; còn lại 0
TXN-SYNCHRONIZED-00215,REQ-SIM-00215,-,CUS-00215,FSI-00167,1,SYNCHRONIZED,pool-3-thread-215,3860859250100,3862773720700,false,Hết hàng! Sản phẩm Flash Sale 'FSI-00167': yêu cầu 1; còn lại 0
TXN-SYNCHRONIZED-00218,REQ-SIM-00218,-,CUS-00218,FSI-00167,1,SYNCHRONIZED,pool-3-thread-218,3860859259700,3862774231200,false,Hết hàng! Sản phẩm Flash Sale 'FSI-00167': yêu cầu 1; còn lại 0
TXN-SYNCHRONIZED-00217,REQ-SIM-00217,-,CUS-00217,FSI-00167,1,SYNCHRONIZED,pool-3-thread-217,3860859268900,3862774774700,false,Hết hàng! Sản phẩm Flash Sale 'FSI-00167': yêu cầu 1; còn lại 0
TXN-SYNCHRONIZED-00219,REQ-SIM-00219,-,CUS-00219,FSI-00167,1,SYNCHRONIZED,pool-3-thread-219,3860859280700,3862775268900,false,Hết hàng! Sản phẩm Flash Sale 'FSI-00167': yêu cầu 1; còn lại 0
TXN-SYNCHRONIZED-00242,REQ-SIM-00242,-,CUS-00242,FSI-00167,1,SYNCHRONIZED,pool-3-thread-242,3860859288400,3862775766700,false,Hết hàng! Sản phẩm Flash Sale 'FSI-00167': yêu cầu 1; còn lại 0
TXN-SYNCHRONIZED-00221,REQ-SIM-00221,-,CUS-00221,FSI-00167,1,SYNCHRONIZED,pool-3-thread-221,3860859297800,3862776213400,false,Hết hàng! Sản phẩm Flash Sale 'FSI-00167': yêu cầu 1; còn lại 0
TXN-SYNCHRONIZED-00222,REQ-SIM-00222,-,CUS-00222,FSI-00167,1,SYNCHRONIZED,pool-3-thread-222,3860859306000,3862776723800,false,Hết hàng! Sản phẩm Flash Sale 'FSI-00167': yêu cầu 1; còn lại 0
TXN-SYNCHRONIZED-00244,REQ-SIM-00244,-,CUS-00244,FSI-00167,1,SYNCHRONIZED,pool-3-thread-244,3860859314400,3862777097400,false,Hết hàng! Sản phẩm Flash Sale 'FSI-00167': yêu cầu 1; còn lại 0
TXN-SYNCHRONIZED-00224,REQ-SIM-00224,-,CUS-00224,FSI-00167,1,SYNCHRONIZED,pool-3-thread-224,3860859325300,3862777454200,false,Hết hàng! Sản phẩm Flash Sale 'FSI-00167': yêu cầu 1; còn lại 0
TXN-SYNCHRONIZED-00225,REQ-SIM-00225,-,CUS-00225,FSI-00167,1,SYNCHRONIZED,pool-3-thread-225,3860859333300,3862777789600,false,Hết hàng! Sản phẩm Flash Sale 'FSI-00167': yêu cầu 1; còn lại 0
TXN-SYNCHRONIZED-00226,REQ-SIM-00226,-,CUS-00226,FSI-00167,1,SYNCHRONIZED,pool-3-thread-226,3860859342400,3862778124600,false,Hết hàng! Sản phẩm Flash Sale 'FSI-00167': yêu cầu 1; còn lại 0
TXN-SYNCHRONIZED-00227,REQ-SIM-00227,-,CUS-00227,FSI-00167,1,SYNCHRONIZED,pool-3-thread-227,3860859351000,3862778478900,false,Hết hàng! Sản phẩm Flash Sale 'FSI-00167': yêu cầu 1; còn lại 0
TXN-SYNCHRONIZED-00228,REQ-SIM-00228,-,CUS-00228,FSI-00167,1,SYNCHRONIZED,pool-3-thread-228,3860859360700,3862778810300,false,Hết hàng! Sản phẩm Flash Sale 'FSI-00167': yêu cầu 1; còn lại 0
TXN-SYNCHRONIZED-00229,REQ-SIM-00229,-,CUS-00229,FSI-00167,1,SYNCHRONIZED,pool-3-thread-229,3860859374200,3862779140300,false,Hết hàng! Sản phẩm Flash Sale 'FSI-00167': yêu cầu 1; còn lại 0
TXN-SYNCHRONIZED-00232,REQ-SIM-00232,-,CUS-00232,FSI-00167,1,SYNCHRONIZED,pool-3-thread-232,3860859382300,3862779521900,false,Hết hàng! Sản phẩm Flash Sale 'FSI-00167': yêu cầu 1; còn lại 0
TXN-SYNCHRONIZED-00251,REQ-SIM-00251,-,CUS-00251,FSI-00167,1,SYNCHRONIZED,pool-3-thread-251,3860859391300,3862779855000,false,Hết hàng! Sản phẩm Flash Sale 'FSI-00167': yêu cầu 1; còn lại 0
TXN-SYNCHRONIZED-00214,REQ-SIM-00214,-,CUS-00214,FSI-00167,1,SYNCHRONIZED,pool-3-thread-214,3860859399600,3862780187700,false,Hết hàng! Sản phẩm Flash Sale 'FSI-00167': yêu cầu 1; còn lại 0
TXN-SYNCHRONIZED-00233,REQ-SIM-00233,-,CUS-00233,FSI-00167,1,SYNCHRONIZED,pool-3-thread-233,3860859408800,3862780512700,false,Hết hàng! Sản phẩm Flash Sale 'FSI-00167': yêu cầu 1; còn lại 0
TXN-SYNCHRONIZED-00234,REQ-SIM-00234,-,CUS-00234,FSI-00167,1,SYNCHRONIZED,pool-3-thread-234,3860859417800,3862780865600,false,Hết hàng! Sản phẩm Flash Sale 'FSI-00167': yêu cầu 1; còn lại 0
TXN-SYNCHRONIZED-00235,REQ-SIM-00235,-,CUS-00235,FSI-00167,1,SYNCHRONIZED,pool-3-thread-235,3860859428700,3862781238400,false,Hết hàng! Sản phẩm Flash Sale 'FSI-00167': yêu cầu 1; còn lại 0
TXN-SYNCHRONIZED-00238,REQ-SIM-00238,-,CUS-00238,FSI-00167,1,SYNCHRONIZED,pool-3-thread-238,3860859436300,3862781644000,false,Hết hàng! Sản phẩm Flash Sale 'FSI-00167': yêu cầu 1; còn lại 0
TXN-SYNCHRONIZED-00236,REQ-SIM-00236,-,CUS-00236,FSI-00167,1,SYNCHRONIZED,pool-3-thread-236,3860859446700,3862782005800,false,Hết hàng! Sản phẩm Flash Sale 'FSI-00167': yêu cầu 1; còn lại 0
TXN-SYNCHRONIZED-00239,REQ-SIM-00239,-,CUS-00239,FSI-00167,1,SYNCHRONIZED,pool-3-thread-239,3860859454400,3862782331000,false,Hết hàng! Sản phẩm Flash Sale 'FSI-00167': yêu cầu 1; còn lại 0
TXN-SYNCHRONIZED-00237,REQ-SIM-00237,-,CUS-00237,FSI-00167,1,SYNCHRONIZED,pool-3-thread-237,3860859464600,3862782701500,false,Hết hàng! Sản phẩm Flash Sale 'FSI-00167': yêu cầu 1; còn lại 0
TXN-SYNCHRONIZED-00240,REQ-SIM-00240,-,CUS-00240,FSI-00167,1,SYNCHRONIZED,pool-3-thread-240,3860859472500,3862783074000,false,Hết hàng! Sản phẩm Flash Sale 'FSI-00167': yêu cầu 1; còn lại 0
TXN-SYNCHRONIZED-00241,REQ-SIM-00241,-,CUS-00241,FSI-00167,1,SYNCHRONIZED,pool-3-thread-241,3860859484300,3862783452600,false,Hết hàng! Sản phẩm Flash Sale 'FSI-00167': yêu cầu 1; còn lại 0
TXN-SYNCHRONIZED-00258,REQ-SIM-00258,-,CUS-00258,FSI-00167,1,SYNCHRONIZED,pool-3-thread-258,3860859492000,3862783833500,false,Hết hàng! Sản phẩm Flash Sale 'FSI-00167': yêu cầu 1; còn lại 0
TXN-SYNCHRONIZED-00243,REQ-SIM-00243,-,CUS-00243,FSI-00167,1,SYNCHRONIZED,pool-3-thread-243,3860859506500,3862784252000,false,Hết hàng! Sản phẩm Flash Sale 'FSI-00167': yêu cầu 1; còn lại 0
TXN-SYNCHRONIZED-00223,REQ-SIM-00223,-,CUS-00223,FSI-00167,1,SYNCHRONIZED,pool-3-thread-223,3860859514600,3862784601000,false,Hết hàng! Sản phẩm Flash Sale 'FSI-00167': yêu cầu 1; còn lại 0
TXN-SYNCHRONIZED-00245,REQ-SIM-00245,-,CUS-00245,FSI-00167,1,SYNCHRONIZED,pool-3-thread-245,3860859523800,3862784956600,false,Hết hàng! Sản phẩm Flash Sale 'FSI-00167': yêu cầu 1; còn lại 0
TXN-SYNCHRONIZED-00246,REQ-SIM-00246,-,CUS-00246,FSI-00167,1,SYNCHRONIZED,pool-3-thread-246,3860859531900,3862785321100,false,Hết hàng! Sản phẩm Flash Sale 'FSI-00167': yêu cầu 1; còn lại 0
TXN-SYNCHRONIZED-00247,REQ-SIM-00247,-,CUS-00247,FSI-00167,1,SYNCHRONIZED,pool-3-thread-247,3860859543900,3862785638600,false,Hết hàng! Sản phẩm Flash Sale 'FSI-00167': yêu cầu 1; còn lại 0
TXN-SYNCHRONIZED-00248,REQ-SIM-00248,-,CUS-00248,FSI-00167,1,SYNCHRONIZED,pool-3-thread-248,3860859550800,3862785958800,false,Hết hàng! Sản phẩm Flash Sale 'FSI-00167': yêu cầu 1; còn lại 0
TXN-SYNCHRONIZED-00249,REQ-SIM-00249,-,CUS-00249,FSI-00167,1,SYNCHRONIZED,pool-3-thread-249,3860859561600,3862786277700,false,Hết hàng! Sản phẩm Flash Sale 'FSI-00167': yêu cầu 1; còn lại 0
TXN-SYNCHRONIZED-00250,REQ-SIM-00250,-,CUS-00250,FSI-00167,1,SYNCHRONIZED,pool-3-thread-250,3860859569500,3862786594000,false,Hết hàng! Sản phẩm Flash Sale 'FSI-00167': yêu cầu 1; còn lại 0
TXN-SYNCHRONIZED-00231,REQ-SIM-00231,-,CUS-00231,FSI-00167,1,SYNCHRONIZED,pool-3-thread-231,3860859582000,3862786910800,false,Hết hàng! Sản phẩm Flash Sale 'FSI-00167': yêu cầu 1; còn lại 0
TXN-SYNCHRONIZED-00252,REQ-SIM-00252,-,CUS-00252,FSI-00167,1,SYNCHRONIZED,pool-3-thread-252,3860859589500,3862787238100,false,Hết hàng! Sản phẩm Flash Sale 'FSI-00167': yêu cầu 1; còn lại 0
TXN-SYNCHRONIZED-00253,REQ-SIM-00253,-,CUS-00253,FSI-00167,1,SYNCHRONIZED,pool-3-thread-253,3860859600900,3862787552500,false,Hết hàng! Sản phẩm Flash Sale 'FSI-00167': yêu cầu 1; còn lại 0
TXN-SYNCHRONIZED-00254,REQ-SIM-00254,-,CUS-00254,FSI-00167,1,SYNCHRONIZED,pool-3-thread-254,3860859609800,3862787875200,false,Hết hàng! Sản phẩm Flash Sale 'FSI-00167': yêu cầu 1; còn lại 0
TXN-SYNCHRONIZED-00269,REQ-SIM-00269,-,CUS-00269,FSI-00167,1,SYNCHRONIZED,pool-3-thread-269,3860859618200,3862788207300,false,Hết hàng! Sản phẩm Flash Sale 'FSI-00167': yêu cầu 1; còn lại 0
TXN-SYNCHRONIZED-00271,REQ-SIM-00271,-,CUS-00271,FSI-00167,1,SYNCHRONIZED,pool-3-thread-271,3860859637500,3862788583300,false,Hết hàng! Sản phẩm Flash Sale 'FSI-00167': yêu cầu 1; còn lại 0
TXN-SYNCHRONIZED-00270,REQ-SIM-00270,-,CUS-00270,FSI-00167,1,SYNCHRONIZED,pool-3-thread-270,3860859626800,3862789093500,false,Hết hàng! Sản phẩm Flash Sale 'FSI-00167': yêu cầu 1; còn lại 0
TXN-SYNCHRONIZED-00207,REQ-SIM-00207,-,CUS-00207,FSI-00167,1,SYNCHRONIZED,pool-3-thread-207,3860859649600,3862789496500,false,Hết hàng! Sản phẩm Flash Sale 'FSI-00167': yêu cầu 1; còn lại 0
TXN-SYNCHRONIZED-00259,REQ-SIM-00259,-,CUS-00259,FSI-00167,1,SYNCHRONIZED,pool-3-thread-259,3860859659400,3862789857300,false,Hết hàng! Sản phẩm Flash Sale 'FSI-00167': yêu cầu 1; còn lại 0
TXN-SYNCHRONIZED-00260,REQ-SIM-00260,-,CUS-00260,FSI-00167,1,SYNCHRONIZED,pool-3-thread-260,3860859668100,3862790203700,false,Hết hàng! Sản phẩm Flash Sale 'FSI-00167': yêu cầu 1; còn lại 0
TXN-SYNCHRONIZED-00261,REQ-SIM-00261,-,CUS-00261,FSI-00167,1,SYNCHRONIZED,pool-3-thread-261,3860859679000,3862790535900,false,Hết hàng! Sản phẩm Flash Sale 'FSI-00167': yêu cầu 1; còn lại 0
TXN-SYNCHRONIZED-00275,REQ-SIM-00275,-,CUS-00275,FSI-00167,1,SYNCHRONIZED,pool-3-thread-275,3860859687900,3862790873100,false,Hết hàng! Sản phẩm Flash Sale 'FSI-00167': yêu cầu 1; còn lại 0
TXN-SYNCHRONIZED-00276,REQ-SIM-00276,-,CUS-00276,FSI-00167,1,SYNCHRONIZED,pool-3-thread-276,3860859697100,3862791232500,false,Hết hàng! Sản phẩm Flash Sale 'FSI-00167': yêu cầu 1; còn lại 0
TXN-SYNCHRONIZED-00264,REQ-SIM-00264,-,CUS-00264,FSI-00167,1,SYNCHRONIZED,pool-3-thread-264,3860859706100,3862791628000,false,Hết hàng! Sản phẩm Flash Sale 'FSI-00167': yêu cầu 1; còn lại 0
TXN-SYNCHRONIZED-00265,REQ-SIM-00265,-,CUS-00265,FSI-00167,1,SYNCHRONIZED,pool-3-thread-265,3860859721000,3862792188500,false,Hết hàng! Sản phẩm Flash Sale 'FSI-00167': yêu cầu 1; còn lại 0
TXN-SYNCHRONIZED-00266,REQ-SIM-00266,-,CUS-00266,FSI-00167,1,SYNCHRONIZED,pool-3-thread-266,3860859728700,3862792607800,false,Hết hàng! Sản phẩm Flash Sale 'FSI-00167': yêu cầu 1; còn lại 0
TXN-SYNCHRONIZED-00267,REQ-SIM-00267,-,CUS-00267,FSI-00167,1,SYNCHRONIZED,pool-3-thread-267,3860859738900,3862793019100,false,Hết hàng! Sản phẩm Flash Sale 'FSI-00167': yêu cầu 1; còn lại 0
TXN-SYNCHRONIZED-00268,REQ-SIM-00268,-,CUS-00268,FSI-00167,1,SYNCHRONIZED,pool-3-thread-268,3860859747100,3862793409900,false,Hết hàng! Sản phẩm Flash Sale 'FSI-00167': yêu cầu 1; còn lại 0
TXN-SYNCHRONIZED-00256,REQ-SIM-00256,-,CUS-00256,FSI-00167,1,SYNCHRONIZED,pool-3-thread-256,3860859756300,3862793910900,false,Hết hàng! Sản phẩm Flash Sale 'FSI-00167': yêu cầu 1; còn lại 0
TXN-SYNCHRONIZED-00283,REQ-SIM-00283,-,CUS-00283,FSI-00167,1,SYNCHRONIZED,pool-3-thread-283,3860859768500,3862794389400,false,Hết hàng! Sản phẩm Flash Sale 'FSI-00167': yêu cầu 1; còn lại 0
TXN-SYNCHRONIZED-00255,REQ-SIM-00255,-,CUS-00255,FSI-00167,1,SYNCHRONIZED,pool-3-thread-255,3860859776400,3862794857100,false,Hết hàng! Sản phẩm Flash Sale 'FSI-00167': yêu cầu 1; còn lại 0
TXN-SYNCHRONIZED-00272,REQ-SIM-00272,-,CUS-00272,FSI-00167,1,SYNCHRONIZED,pool-3-thread-272,3860859786100,3862795330800,false,Hết hàng! Sản phẩm Flash Sale 'FSI-00167': yêu cầu 1; còn lại 0
TXN-SYNCHRONIZED-00273,REQ-SIM-00273,-,CUS-00273,FSI-00167,1,SYNCHRONIZED,pool-3-thread-273,3860859794500,3862795723500,false,Hết hàng! Sản phẩm Flash Sale 'FSI-00167': yêu cầu 1; còn lại 0
TXN-SYNCHRONIZED-00274,REQ-SIM-00274,-,CUS-00274,FSI-00167,1,SYNCHRONIZED,pool-3-thread-274,3860859803400,3862796174800,false,Hết hàng! Sản phẩm Flash Sale 'FSI-00167': yêu cầu 1; còn lại 0
TXN-SYNCHRONIZED-00262,REQ-SIM-00262,-,CUS-00262,FSI-00167,1,SYNCHRONIZED,pool-3-thread-262,3860859812100,3862796496100,false,Hết hàng! Sản phẩm Flash Sale 'FSI-00167': yêu cầu 1; còn lại 0
TXN-SYNCHRONIZED-00285,REQ-SIM-00285,-,CUS-00285,FSI-00167,1,SYNCHRONIZED,pool-3-thread-285,3860859822300,3862796836900,false,Hết hàng! Sản phẩm Flash Sale 'FSI-00167': yêu cầu 1; còn lại 0
TXN-SYNCHRONIZED-00277,REQ-SIM-00277,-,CUS-00277,FSI-00167,1,SYNCHRONIZED,pool-3-thread-277,3860859830500,3862797181700,false,Hết hàng! Sản phẩm Flash Sale 'FSI-00167': yêu cầu 1; còn lại 0
TXN-SYNCHRONIZED-00278,REQ-SIM-00278,-,CUS-00278,FSI-00167,1,SYNCHRONIZED,pool-3-thread-278,3860859840200,3862797534500,false,Hết hàng! Sản phẩm Flash Sale 'FSI-00167': yêu cầu 1; còn lại 0
TXN-SYNCHRONIZED-00279,REQ-SIM-00279,-,CUS-00279,FSI-00167,1,SYNCHRONIZED,pool-3-thread-279,3860859847300,3862798009900,false,Hết hàng! Sản phẩm Flash Sale 'FSI-00167': yêu cầu 1; còn lại 0
TXN-SYNCHRONIZED-00290,REQ-SIM-00290,-,CUS-00290,FSI-00167,1,SYNCHRONIZED,pool-3-thread-290,3860859857200,3862798368300,false,Hết hàng! Sản phẩm Flash Sale 'FSI-00167': yêu cầu 1; còn lại 0
TXN-SYNCHRONIZED-00282,REQ-SIM-00282,-,CUS-00282,FSI-00167,1,SYNCHRONIZED,pool-3-thread-282,3860859865000,3862798861100,false,Hết hàng! Sản phẩm Flash Sale 'FSI-00167': yêu cầu 1; còn lại 0
TXN-SYNCHRONIZED-00257,REQ-SIM-00257,-,CUS-00257,FSI-00167,1,SYNCHRONIZED,pool-3-thread-257,3860859874600,3862799215700,false,Hết hàng! Sản phẩm Flash Sale 'FSI-00167': yêu cầu 1; còn lại 0
TXN-SYNCHRONIZED-00281,REQ-SIM-00281,-,CUS-00281,FSI-00167,1,SYNCHRONIZED,pool-3-thread-281,3860859883400,3862799732400,false,Hết hàng! Sản phẩm Flash Sale 'FSI-00167': yêu cầu 1; còn lại 0
TXN-SYNCHRONIZED-00284,REQ-SIM-00284,-,CUS-00284,FSI-00167,1,SYNCHRONIZED,pool-3-thread-284,3860859893200,3862800083800,false,Hết hàng! Sản phẩm Flash Sale 'FSI-00167': yêu cầu 1; còn lại 0
TXN-SYNCHRONIZED-00286,REQ-SIM-00286,-,CUS-00286,FSI-00167,1,SYNCHRONIZED,pool-3-thread-286,3860859901000,3862800414100,false,Hết hàng! Sản phẩm Flash Sale 'FSI-00167': yêu cầu 1; còn lại 0
TXN-SYNCHRONIZED-00287,REQ-SIM-00287,-,CUS-00287,FSI-00167,1,SYNCHRONIZED,pool-3-thread-287,3860859909700,3862800760800,false,Hết hàng! Sản phẩm Flash Sale 'FSI-00167': yêu cầu 1; còn lại 0
TXN-SYNCHRONIZED-00263,REQ-SIM-00263,-,CUS-00263,FSI-00167,1,SYNCHRONIZED,pool-3-thread-263,3860859918100,3862801077100,false,Hết hàng! Sản phẩm Flash Sale 'FSI-00167': yêu cầu 1; còn lại 0
TXN-SYNCHRONIZED-00288,REQ-SIM-00288,-,CUS-00288,FSI-00167,1,SYNCHRONIZED,pool-3-thread-288,3860859927300,3862801428200,false,Hết hàng! Sản phẩm Flash Sale 'FSI-00167': yêu cầu 1; còn lại 0
TXN-SYNCHRONIZED-00299,REQ-SIM-00299,-,CUS-00299,FSI-00167,1,SYNCHRONIZED,pool-3-thread-299,3860859935900,3862801909900,false,Hết hàng! Sản phẩm Flash Sale 'FSI-00167': yêu cầu 1; còn lại 0
TXN-SYNCHRONIZED-00300,REQ-SIM-00300,-,CUS-00300,FSI-00167,1,SYNCHRONIZED,pool-3-thread-300,3860859944600,3862802399400,false,Hết hàng! Sản phẩm Flash Sale 'FSI-00167': yêu cầu 1; còn lại 0
TXN-SYNCHRONIZED-00301,REQ-SIM-00301,-,CUS-00301,FSI-00167,1,SYNCHRONIZED,pool-3-thread-301,3860859959400,3862802922900,false,Hết hàng! Sản phẩm Flash Sale 'FSI-00167': yêu cầu 1; còn lại 0
TXN-SYNCHRONIZED-00302,REQ-SIM-00302,-,CUS-00302,FSI-00167,1,SYNCHRONIZED,pool-3-thread-302,3860859967800,3862803430400,false,Hết hàng! Sản phẩm Flash Sale 'FSI-00167': yêu cầu 1; còn lại 0
TXN-SYNCHRONIZED-00293,REQ-SIM-00293,-,CUS-00293,FSI-00167,1,SYNCHRONIZED,pool-3-thread-293,3860859976900,3862803933900,false,Hết hàng! Sản phẩm Flash Sale 'FSI-00167': yêu cầu 1; còn lại 0
TXN-SYNCHRONIZED-00294,REQ-SIM-00294,-,CUS-00294,FSI-00167,1,SYNCHRONIZED,pool-3-thread-294,3860859987100,3862804290000,false,Hết hàng! Sản phẩm Flash Sale 'FSI-00167': yêu cầu 1; còn lại 0
TXN-SYNCHRONIZED-00295,REQ-SIM-00295,-,CUS-00295,FSI-00167,1,SYNCHRONIZED,pool-3-thread-295,3860859999000,3862804761800,false,Hết hàng! Sản phẩm Flash Sale 'FSI-00167': yêu cầu 1; còn lại 0
TXN-SYNCHRONIZED-00296,REQ-SIM-00296,-,CUS-00296,FSI-00167,1,SYNCHRONIZED,pool-3-thread-296,3860860010300,3862805104100,false,Hết hàng! Sản phẩm Flash Sale 'FSI-00167': yêu cầu 1; còn lại 0
TXN-SYNCHRONIZED-00297,REQ-SIM-00297,-,CUS-00297,FSI-00167,1,SYNCHRONIZED,pool-3-thread-297,3860860021000,3862805456100,false,Hết hàng! Sản phẩm Flash Sale 'FSI-00167': yêu cầu 1; còn lại 0
TXN-SYNCHRONIZED-00298,REQ-SIM-00298,-,CUS-00298,FSI-00167,1,SYNCHRONIZED,pool-3-thread-298,3860860034500,3862805797300,false,Hết hàng! Sản phẩm Flash Sale 'FSI-00167': yêu cầu 1; còn lại 0
TXN-SYNCHRONIZED-00280,REQ-SIM-00280,-,CUS-00280,FSI-00167,1,SYNCHRONIZED,pool-3-thread-280,3860860045800,3862806359400,false,Hết hàng! Sản phẩm Flash Sale 'FSI-00167': yêu cầu 1; còn lại 0
TXN-SYNCHRONIZED-00289,REQ-SIM-00289,-,CUS-00289,FSI-00167,1,SYNCHRONIZED,pool-3-thread-289,3860860060000,3862806827400,false,Hết hàng! Sản phẩm Flash Sale 'FSI-00167': yêu cầu 1; còn lại 0
TXN-SYNCHRONIZED-00291,REQ-SIM-00291,-,CUS-00291,FSI-00167,1,SYNCHRONIZED,pool-3-thread-291,3860860074000,3862807284900,false,Hết hàng! Sản phẩm Flash Sale 'FSI-00167': yêu cầu 1; còn lại 0
TXN-SYNCHRONIZED-00292,REQ-SIM-00292,-,CUS-00292,FSI-00167,1,SYNCHRONIZED,pool-3-thread-292,3860860083200,3862807795300,false,Hết hàng! Sản phẩm Flash Sale 'FSI-00167': yêu cầu 1; còn lại 0
TXN-SYNCHRONIZED-00303,REQ-SIM-00303,-,CUS-00303,FSI-00167,1,SYNCHRONIZED,pool-3-thread-303,3860860094200,3862808325200,false,Hết hàng! Sản phẩm Flash Sale 'FSI-00167': yêu cầu 1; còn lại 0
TXN-SYNCHRONIZED-00304,REQ-SIM-00304,-,CUS-00304,FSI-00167,1,SYNCHRONIZED,pool-3-thread-304,3860860104100,3862808830400,false,Hết hàng! Sản phẩm Flash Sale 'FSI-00167': yêu cầu 1; còn lại 0
TXN-SYNCHRONIZED-00305,REQ-SIM-00305,-,CUS-00305,FSI-00167,1,SYNCHRONIZED,pool-3-thread-305,3860860115200,3862809294600,false,Hết hàng! Sản phẩm Flash Sale 'FSI-00167': yêu cầu 1; còn lại 0
TXN-SYNCHRONIZED-00306,REQ-SIM-00306,-,CUS-00306,FSI-00167,1,SYNCHRONIZED,pool-3-thread-306,3860860124900,3862809764700,false,Hết hàng! Sản phẩm Flash Sale 'FSI-00167': yêu cầu 1; còn lại 0
TXN-SYNCHRONIZED-00307,REQ-SIM-00307,-,CUS-00307,FSI-00167,1,SYNCHRONIZED,pool-3-thread-307,3860860136300,3862810303400,false,Hết hàng! Sản phẩm Flash Sale 'FSI-00167': yêu cầu 1; còn lại 0
TXN-SYNCHRONIZED-00308,REQ-SIM-00308,-,CUS-00308,FSI-00167,1,SYNCHRONIZED,pool-3-thread-308,3860860149900,3862810670600,false,Hết hàng! Sản phẩm Flash Sale 'FSI-00167': yêu cầu 1; còn lại 0
TXN-SYNCHRONIZED-00317,REQ-SIM-00317,-,CUS-00317,FSI-00167,1,SYNCHRONIZED,pool-3-thread-317,3860860160100,3862811033400,false,Hết hàng! Sản phẩm Flash Sale 'FSI-00167': yêu cầu 1; còn lại 0
TXN-SYNCHRONIZED-00310,REQ-SIM-00310,-,CUS-00310,FSI-00167,1,SYNCHRONIZED,pool-3-thread-310,3860860172000,3862811364200,false,Hết hàng! Sản phẩm Flash Sale 'FSI-00167': yêu cầu 1; còn lại 0
TXN-SYNCHRONIZED-00311,REQ-SIM-00311,-,CUS-00311,FSI-00167,1,SYNCHRONIZED,pool-3-thread-311,3860860180400,3862811706000,false,Hết hàng! Sản phẩm Flash Sale 'FSI-00167': yêu cầu 1; còn lại 0
TXN-SYNCHRONIZED-00312,REQ-SIM-00312,-,CUS-00312,FSI-00167,1,SYNCHRONIZED,pool-3-thread-312,3860860194200,3862812107000,false,Hết hàng! Sản phẩm Flash Sale 'FSI-00167': yêu cầu 1; còn lại 0
TXN-SYNCHRONIZED-00313,REQ-SIM-00313,-,CUS-00313,FSI-00167,1,SYNCHRONIZED,pool-3-thread-313,3860860204200,3862812462000,false,Hết hàng! Sản phẩm Flash Sale 'FSI-00167': yêu cầu 1; còn lại 0
TXN-SYNCHRONIZED-00314,REQ-SIM-00314,-,CUS-00314,FSI-00167,1,SYNCHRONIZED,pool-3-thread-314,3860860213000,3862812817800,false,Hết hàng! Sản phẩm Flash Sale 'FSI-00167': yêu cầu 1; còn lại 0
TXN-SYNCHRONIZED-00315,REQ-SIM-00315,-,CUS-00315,FSI-00167,1,SYNCHRONIZED,pool-3-thread-315,3860860222000,3862813262300,false,Hết hàng! Sản phẩm Flash Sale 'FSI-00167': yêu cầu 1; còn lại 0
TXN-SYNCHRONIZED-00316,REQ-SIM-00316,-,CUS-00316,FSI-00167,1,SYNCHRONIZED,pool-3-thread-316,3860860230700,3862813597500,false,Hết hàng! Sản phẩm Flash Sale 'FSI-00167': yêu cầu 1; còn lại 0
TXN-SYNCHRONIZED-00309,REQ-SIM-00309,-,CUS-00309,FSI-00167,1,SYNCHRONIZED,pool-3-thread-309,3860860240400,3862813941000,false,Hết hàng! Sản phẩm Flash Sale 'FSI-00167': yêu cầu 1; còn lại 0
TXN-SYNCHRONIZED-00318,REQ-SIM-00318,-,CUS-00318,FSI-00167,1,SYNCHRONIZED,pool-3-thread-318,3860860249900,3862814279000,false,Hết hàng! Sản phẩm Flash Sale 'FSI-00167': yêu cầu 1; còn lại 0
TXN-SYNCHRONIZED-00319,REQ-SIM-00319,-,CUS-00319,FSI-00167,1,SYNCHRONIZED,pool-3-thread-319,3860860263000,3862814602900,false,Hết hàng! Sản phẩm Flash Sale 'FSI-00167': yêu cầu 1; còn lại 0
TXN-SYNCHRONIZED-00320,REQ-SIM-00320,-,CUS-00320,FSI-00167,1,SYNCHRONIZED,pool-3-thread-320,3860860273500,3862814963600,false,Hết hàng! Sản phẩm Flash Sale 'FSI-00167': yêu cầu 1; còn lại 0
TXN-SYNCHRONIZED-00321,REQ-SIM-00321,-,CUS-00321,FSI-00167,1,SYNCHRONIZED,pool-3-thread-321,3860860283400,3862815350200,false,Hết hàng! Sản phẩm Flash Sale 'FSI-00167': yêu cầu 1; còn lại 0
TXN-SYNCHRONIZED-00322,REQ-SIM-00322,-,CUS-00322,FSI-00167,1,SYNCHRONIZED,pool-3-thread-322,3860860294700,3862815698100,false,Hết hàng! Sản phẩm Flash Sale 'FSI-00167': yêu cầu 1; còn lại 0
TXN-SYNCHRONIZED-00323,REQ-SIM-00323,-,CUS-00323,FSI-00167,1,SYNCHRONIZED,pool-3-thread-323,3860860304400,3862816079100,false,Hết hàng! Sản phẩm Flash Sale 'FSI-00167': yêu cầu 1; còn lại 0
TXN-SYNCHRONIZED-00324,REQ-SIM-00324,-,CUS-00324,FSI-00167,1,SYNCHRONIZED,pool-3-thread-324,3860860313800,3862816563600,false,Hết hàng! Sản phẩm Flash Sale 'FSI-00167': yêu cầu 1; còn lại 0
TXN-SYNCHRONIZED-00325,REQ-SIM-00325,-,CUS-00325,FSI-00167,1,SYNCHRONIZED,pool-3-thread-325,3860860324700,3862817121400,false,Hết hàng! Sản phẩm Flash Sale 'FSI-00167': yêu cầu 1; còn lại 0
TXN-SYNCHRONIZED-00326,REQ-SIM-00326,-,CUS-00326,FSI-00167,1,SYNCHRONIZED,pool-3-thread-326,3860860334100,3862817607500,false,Hết hàng! Sản phẩm Flash Sale 'FSI-00167': yêu cầu 1; còn lại 0
TXN-SYNCHRONIZED-00327,REQ-SIM-00327,-,CUS-00327,FSI-00167,1,SYNCHRONIZED,pool-3-thread-327,3860860343100,3862817985100,false,Hết hàng! Sản phẩm Flash Sale 'FSI-00167': yêu cầu 1; còn lại 0
TXN-SYNCHRONIZED-00328,REQ-SIM-00328,-,CUS-00328,FSI-00167,1,SYNCHRONIZED,pool-3-thread-328,3860860352000,3862818447300,false,Hết hàng! Sản phẩm Flash Sale 'FSI-00167': yêu cầu 1; còn lại 0
TXN-SYNCHRONIZED-00329,REQ-SIM-00329,-,CUS-00329,FSI-00167,1,SYNCHRONIZED,pool-3-thread-329,3860860364400,3862818810500,false,Hết hàng! Sản phẩm Flash Sale 'FSI-00167': yêu cầu 1; còn lại 0
TXN-SYNCHRONIZED-00330,REQ-SIM-00330,-,CUS-00330,FSI-00167,1,SYNCHRONIZED,pool-3-thread-330,3860860373300,3862819154600,false,Hết hàng! Sản phẩm Flash Sale 'FSI-00167': yêu cầu 1; còn lại 0
TXN-SYNCHRONIZED-00331,REQ-SIM-00331,-,CUS-00331,FSI-00167,1,SYNCHRONIZED,pool-3-thread-331,3860860386500,3862819524700,false,Hết hàng! Sản phẩm Flash Sale 'FSI-00167': yêu cầu 1; còn lại 0
TXN-SYNCHRONIZED-00332,REQ-SIM-00332,-,CUS-00332,FSI-00167,1,SYNCHRONIZED,pool-3-thread-332,3860860396900,3862819850900,false,Hết hàng! Sản phẩm Flash Sale 'FSI-00167': yêu cầu 1; còn lại 0
TXN-SYNCHRONIZED-00333,REQ-SIM-00333,-,CUS-00333,FSI-00167,1,SYNCHRONIZED,pool-3-thread-333,3860860405100,3862820195500,false,Hết hàng! Sản phẩm Flash Sale 'FSI-00167': yêu cầu 1; còn lại 0
TXN-SYNCHRONIZED-00334,REQ-SIM-00334,-,CUS-00334,FSI-00167,1,SYNCHRONIZED,pool-3-thread-334,3860860413700,3862820528900,false,Hết hàng! Sản phẩm Flash Sale 'FSI-00167': yêu cầu 1; còn lại 0
TXN-SYNCHRONIZED-00335,REQ-SIM-00335,-,CUS-00335,FSI-00167,1,SYNCHRONIZED,pool-3-thread-335,3860860421800,3862820868000,false,Hết hàng! Sản phẩm Flash Sale 'FSI-00167': yêu cầu 1; còn lại 0
TXN-SYNCHRONIZED-00336,REQ-SIM-00336,-,CUS-00336,FSI-00167,1,SYNCHRONIZED,pool-3-thread-336,3860860430100,3862821213300,false,Hết hàng! Sản phẩm Flash Sale 'FSI-00167': yêu cầu 1; còn lại 0
TXN-SYNCHRONIZED-00337,REQ-SIM-00337,-,CUS-00337,FSI-00167,1,SYNCHRONIZED,pool-3-thread-337,3860860441900,3862821540700,false,Hết hàng! Sản phẩm Flash Sale 'FSI-00167': yêu cầu 1; còn lại 0
TXN-SYNCHRONIZED-00338,REQ-SIM-00338,-,CUS-00338,FSI-00167,1,SYNCHRONIZED,pool-3-thread-338,3860860452400,3862821876300,false,Hết hàng! Sản phẩm Flash Sale 'FSI-00167': yêu cầu 1; còn lại 0
TXN-SYNCHRONIZED-00339,REQ-SIM-00339,-,CUS-00339,FSI-00167,1,SYNCHRONIZED,pool-3-thread-339,3860860461500,3862822205400,false,Hết hàng! Sản phẩm Flash Sale 'FSI-00167': yêu cầu 1; còn lại 0
TXN-SYNCHRONIZED-00340,REQ-SIM-00340,-,CUS-00340,FSI-00167,1,SYNCHRONIZED,pool-3-thread-340,3860860470300,3862822629600,false,Hết hàng! Sản phẩm Flash Sale 'FSI-00167': yêu cầu 1; còn lại 0
TXN-SYNCHRONIZED-00341,REQ-SIM-00341,-,CUS-00341,FSI-00167,1,SYNCHRONIZED,pool-3-thread-341,3860860479000,3862823167800,false,Hết hàng! Sản phẩm Flash Sale 'FSI-00167': yêu cầu 1; còn lại 0
TXN-SYNCHRONIZED-00342,REQ-SIM-00342,-,CUS-00342,FSI-00167,1,SYNCHRONIZED,pool-3-thread-342,3860860487100,3862823542700,false,Hết hàng! Sản phẩm Flash Sale 'FSI-00167': yêu cầu 1; còn lại 0
TXN-SYNCHRONIZED-00343,REQ-SIM-00343,-,CUS-00343,FSI-00167,1,SYNCHRONIZED,pool-3-thread-343,3860860494900,3862823916400,false,Hết hàng! Sản phẩm Flash Sale 'FSI-00167': yêu cầu 1; còn lại 0
TXN-SYNCHRONIZED-00344,REQ-SIM-00344,-,CUS-00344,FSI-00167,1,SYNCHRONIZED,pool-3-thread-344,3860860505200,3862824390100,false,Hết hàng! Sản phẩm Flash Sale 'FSI-00167': yêu cầu 1; còn lại 0
TXN-SYNCHRONIZED-00345,REQ-SIM-00345,-,CUS-00345,FSI-00167,1,SYNCHRONIZED,pool-3-thread-345,3860860513600,3862824880300,false,Hết hàng! Sản phẩm Flash Sale 'FSI-00167': yêu cầu 1; còn lại 0
TXN-SYNCHRONIZED-00346,REQ-SIM-00346,-,CUS-00346,FSI-00167,1,SYNCHRONIZED,pool-3-thread-346,3860860523800,3862825235600,false,Hết hàng! Sản phẩm Flash Sale 'FSI-00167': yêu cầu 1; còn lại 0
TXN-SYNCHRONIZED-00347,REQ-SIM-00347,-,CUS-00347,FSI-00167,1,SYNCHRONIZED,pool-3-thread-347,3860860533300,3862825575500,false,Hết hàng! Sản phẩm Flash Sale 'FSI-00167': yêu cầu 1; còn lại 0
TXN-SYNCHRONIZED-00348,REQ-SIM-00348,-,CUS-00348,FSI-00167,1,SYNCHRONIZED,pool-3-thread-348,3860860543400,3862825911900,false,Hết hàng! Sản phẩm Flash Sale 'FSI-00167': yêu cầu 1; còn lại 0
TXN-SYNCHRONIZED-00350,REQ-SIM-00350,-,CUS-00350,FSI-00167,1,SYNCHRONIZED,pool-3-thread-350,3860860555100,3862826433900,false,Hết hàng! Sản phẩm Flash Sale 'FSI-00167': yêu cầu 1; còn lại 0
TXN-SYNCHRONIZED-00349,REQ-SIM-00349,-,CUS-00349,FSI-00167,1,SYNCHRONIZED,pool-3-thread-349,3860860572800,3862826803800,false,Hết hàng! Sản phẩm Flash Sale 'FSI-00167': yêu cầu 1; còn lại 0
TXN-SYNCHRONIZED-00352,REQ-SIM-00352,-,CUS-00352,FSI-00167,1,SYNCHRONIZED,pool-3-thread-352,3860860582500,3862827153000,false,Hết hàng! Sản phẩm Flash Sale 'FSI-00167': yêu cầu 1; còn lại 0
TXN-SYNCHRONIZED-00351,REQ-SIM-00351,-,CUS-00351,FSI-00167,1,SYNCHRONIZED,pool-3-thread-351,3860860592100,3862827539800,false,Hết hàng! Sản phẩm Flash Sale 'FSI-00167': yêu cầu 1; còn lại 0
TXN-SYNCHRONIZED-00353,REQ-SIM-00353,-,CUS-00353,FSI-00167,1,SYNCHRONIZED,pool-3-thread-353,3860860604200,3862828000800,false,Hết hàng! Sản phẩm Flash Sale 'FSI-00167': yêu cầu 1; còn lại 0
TXN-SYNCHRONIZED-00355,REQ-SIM-00355,-,CUS-00355,FSI-00167,1,SYNCHRONIZED,pool-3-thread-355,3860860615200,3862828534200,false,Hết hàng! Sản phẩm Flash Sale 'FSI-00167': yêu cầu 1; còn lại 0
TXN-SYNCHRONIZED-00354,REQ-SIM-00354,-,CUS-00354,FSI-00167,1,SYNCHRONIZED,pool-3-thread-354,3860860625400,3862829021300,false,Hết hàng! Sản phẩm Flash Sale 'FSI-00167': yêu cầu 1; còn lại 0
TXN-SYNCHRONIZED-00356,REQ-SIM-00356,-,CUS-00356,FSI-00167,1,SYNCHRONIZED,pool-3-thread-356,3860860635500,3862829525300,false,Hết hàng! Sản phẩm Flash Sale 'FSI-00167': yêu cầu 1; còn lại 0
TXN-SYNCHRONIZED-00357,REQ-SIM-00357,-,CUS-00357,FSI-00167,1,SYNCHRONIZED,pool-3-thread-357,3860860643900,3862829885600,false,Hết hàng! Sản phẩm Flash Sale 'FSI-00167': yêu cầu 1; còn lại 0
TXN-SYNCHRONIZED-00358,REQ-SIM-00358,-,CUS-00358,FSI-00167,1,SYNCHRONIZED,pool-3-thread-358,3860860653100,3862830290100,false,Hết hàng! Sản phẩm Flash Sale 'FSI-00167': yêu cầu 1; còn lại 0
TXN-SYNCHRONIZED-00359,REQ-SIM-00359,-,CUS-00359,FSI-00167,1,SYNCHRONIZED,pool-3-thread-359,3860860662500,3862830786400,false,Hết hàng! Sản phẩm Flash Sale 'FSI-00167': yêu cầu 1; còn lại 0
TXN-SYNCHRONIZED-00360,REQ-SIM-00360,-,CUS-00360,FSI-00167,1,SYNCHRONIZED,pool-3-thread-360,3860860670900,3862831282900,false,Hết hàng! Sản phẩm Flash Sale 'FSI-00167': yêu cầu 1; còn lại 0
TXN-SYNCHRONIZED-00361,REQ-SIM-00361,-,CUS-00361,FSI-00167,1,SYNCHRONIZED,pool-3-thread-361,3860860680100,3862831685400,false,Hết hàng! Sản phẩm Flash Sale 'FSI-00167': yêu cầu 1; còn lại 0
TXN-SYNCHRONIZED-00362,REQ-SIM-00362,-,CUS-00362,FSI-00167,1,SYNCHRONIZED,pool-3-thread-362,3860860690900,3862832041200,false,Hết hàng! Sản phẩm Flash Sale 'FSI-00167': yêu cầu 1; còn lại 0
TXN-SYNCHRONIZED-00363,REQ-SIM-00363,-,CUS-00363,FSI-00167,1,SYNCHRONIZED,pool-3-thread-363,3860860699500,3862832392600,false,Hết hàng! Sản phẩm Flash Sale 'FSI-00167': yêu cầu 1; còn lại 0
TXN-SYNCHRONIZED-00364,REQ-SIM-00364,-,CUS-00364,FSI-00167,1,SYNCHRONIZED,pool-3-thread-364,3860860708800,3862832725500,false,Hết hàng! Sản phẩm Flash Sale 'FSI-00167': yêu cầu 1; còn lại 0
TXN-SYNCHRONIZED-00366,REQ-SIM-00366,-,CUS-00366,FSI-00167,1,SYNCHRONIZED,pool-3-thread-366,3860860718200,3862833038300,false,Hết hàng! Sản phẩm Flash Sale 'FSI-00167': yêu cầu 1; còn lại 0
TXN-SYNCHRONIZED-00365,REQ-SIM-00365,-,CUS-00365,FSI-00167,1,SYNCHRONIZED,pool-3-thread-365,3860860726900,3862833395900,false,Hết hàng! Sản phẩm Flash Sale 'FSI-00167': yêu cầu 1; còn lại 0
TXN-SYNCHRONIZED-00367,REQ-SIM-00367,-,CUS-00367,FSI-00167,1,SYNCHRONIZED,pool-3-thread-367,3860860735200,3862833842700,false,Hết hàng! Sản phẩm Flash Sale 'FSI-00167': yêu cầu 1; còn lại 0
TXN-SYNCHRONIZED-00368,REQ-SIM-00368,-,CUS-00368,FSI-00167,1,SYNCHRONIZED,pool-3-thread-368,3860860745500,3862834357800,false,Hết hàng! Sản phẩm Flash Sale 'FSI-00167': yêu cầu 1; còn lại 0
TXN-SYNCHRONIZED-00369,REQ-SIM-00369,-,CUS-00369,FSI-00167,1,SYNCHRONIZED,pool-3-thread-369,3860860753700,3862834864100,false,Hết hàng! Sản phẩm Flash Sale 'FSI-00167': yêu cầu 1; còn lại 0
TXN-SYNCHRONIZED-00370,REQ-SIM-00370,-,CUS-00370,FSI-00167,1,SYNCHRONIZED,pool-3-thread-370,3860860762300,3862835322500,false,Hết hàng! Sản phẩm Flash Sale 'FSI-00167': yêu cầu 1; còn lại 0
TXN-SYNCHRONIZED-00371,REQ-SIM-00371,-,CUS-00371,FSI-00167,1,SYNCHRONIZED,pool-3-thread-371,3860860771700,3862835774200,false,Hết hàng! Sản phẩm Flash Sale 'FSI-00167': yêu cầu 1; còn lại 0
TXN-SYNCHRONIZED-00372,REQ-SIM-00372,-,CUS-00372,FSI-00167,1,SYNCHRONIZED,pool-3-thread-372,3860860781600,3862836212200,false,Hết hàng! Sản phẩm Flash Sale 'FSI-00167': yêu cầu 1; còn lại 0
TXN-SYNCHRONIZED-00373,REQ-SIM-00373,-,CUS-00373,FSI-00167,1,SYNCHRONIZED,pool-3-thread-373,3860860792200,3862836535000,false,Hết hàng! Sản phẩm Flash Sale 'FSI-00167': yêu cầu 1; còn lại 0
TXN-SYNCHRONIZED-00374,REQ-SIM-00374,-,CUS-00374,FSI-00167,1,SYNCHRONIZED,pool-3-thread-374,3860860810500,3862836856400,false,Hết hàng! Sản phẩm Flash Sale 'FSI-00167': yêu cầu 1; còn lại 0
TXN-SYNCHRONIZED-00375,REQ-SIM-00375,-,CUS-00375,FSI-00167,1,SYNCHRONIZED,pool-3-thread-375,3860860818000,3862837174200,false,Hết hàng! Sản phẩm Flash Sale 'FSI-00167': yêu cầu 1; còn lại 0
TXN-SYNCHRONIZED-00376,REQ-SIM-00376,-,CUS-00376,FSI-00167,1,SYNCHRONIZED,pool-3-thread-376,3860860827200,3862837551400,false,Hết hàng! Sản phẩm Flash Sale 'FSI-00167': yêu cầu 1; còn lại 0
TXN-SYNCHRONIZED-00377,REQ-SIM-00377,-,CUS-00377,FSI-00167,1,SYNCHRONIZED,pool-3-thread-377,3860860835300,3862837884100,false,Hết hàng! Sản phẩm Flash Sale 'FSI-00167': yêu cầu 1; còn lại 0
TXN-SYNCHRONIZED-00378,REQ-SIM-00378,-,CUS-00378,FSI-00167,1,SYNCHRONIZED,pool-3-thread-378,3860860844400,3862838194800,false,Hết hàng! Sản phẩm Flash Sale 'FSI-00167': yêu cầu 1; còn lại 0
TXN-SYNCHRONIZED-00379,REQ-SIM-00379,-,CUS-00379,FSI-00167,1,SYNCHRONIZED,pool-3-thread-379,3860860852900,3862838518600,false,Hết hàng! Sản phẩm Flash Sale 'FSI-00167': yêu cầu 1; còn lại 0
TXN-SYNCHRONIZED-00380,REQ-SIM-00380,-,CUS-00380,FSI-00167,1,SYNCHRONIZED,pool-3-thread-380,3860860863800,3862838834900,false,Hết hàng! Sản phẩm Flash Sale 'FSI-00167': yêu cầu 1; còn lại 0
TXN-SYNCHRONIZED-00381,REQ-SIM-00381,-,CUS-00381,FSI-00167,1,SYNCHRONIZED,pool-3-thread-381,3860860872100,3862839198100,false,Hết hàng! Sản phẩm Flash Sale 'FSI-00167': yêu cầu 1; còn lại 0
TXN-SYNCHRONIZED-00382,REQ-SIM-00382,-,CUS-00382,FSI-00167,1,SYNCHRONIZED,pool-3-thread-382,3860860881500,3862839534500,false,Hết hàng! Sản phẩm Flash Sale 'FSI-00167': yêu cầu 1; còn lại 0
TXN-SYNCHRONIZED-00383,REQ-SIM-00383,-,CUS-00383,FSI-00167,1,SYNCHRONIZED,pool-3-thread-383,3860860890600,3862839847600,false,Hết hàng! Sản phẩm Flash Sale 'FSI-00167': yêu cầu 1; còn lại 0
TXN-SYNCHRONIZED-00384,REQ-SIM-00384,-,CUS-00384,FSI-00167,1,SYNCHRONIZED,pool-3-thread-384,3860860900400,3862840185700,false,Hết hàng! Sản phẩm Flash Sale 'FSI-00167': yêu cầu 1; còn lại 0
TXN-SYNCHRONIZED-00385,REQ-SIM-00385,-,CUS-00385,FSI-00167,1,SYNCHRONIZED,pool-3-thread-385,3860860908900,3862840514200,false,Hết hàng! Sản phẩm Flash Sale 'FSI-00167': yêu cầu 1; còn lại 0
TXN-SYNCHRONIZED-00386,REQ-SIM-00386,-,CUS-00386,FSI-00167,1,SYNCHRONIZED,pool-3-thread-386,3860860918400,3862840826800,false,Hết hàng! Sản phẩm Flash Sale 'FSI-00167': yêu cầu 1; còn lại 0
TXN-SYNCHRONIZED-00387,REQ-SIM-00387,-,CUS-00387,FSI-00167,1,SYNCHRONIZED,pool-3-thread-387,3860860926700,3862841141700,false,Hết hàng! Sản phẩm Flash Sale 'FSI-00167': yêu cầu 1; còn lại 0
TXN-SYNCHRONIZED-00388,REQ-SIM-00388,-,CUS-00388,FSI-00167,1,SYNCHRONIZED,pool-3-thread-388,3860860935800,3862841525000,false,Hết hàng! Sản phẩm Flash Sale 'FSI-00167': yêu cầu 1; còn lại 0
TXN-SYNCHRONIZED-00389,REQ-SIM-00389,-,CUS-00389,FSI-00167,1,SYNCHRONIZED,pool-3-thread-389,3860860944400,3862841787900,false,Hết hàng! Sản phẩm Flash Sale 'FSI-00167': yêu cầu 1; còn lại 0
TXN-SYNCHRONIZED-00390,REQ-SIM-00390,-,CUS-00390,FSI-00167,1,SYNCHRONIZED,pool-3-thread-390,3860860953100,3862842313900,false,Hết hàng! Sản phẩm Flash Sale 'FSI-00167': yêu cầu 1; còn lại 0
TXN-SYNCHRONIZED-00391,REQ-SIM-00391,-,CUS-00391,FSI-00167,1,SYNCHRONIZED,pool-3-thread-391,3860860961800,3862842723500,false,Hết hàng! Sản phẩm Flash Sale 'FSI-00167': yêu cầu 1; còn lại 0
TXN-SYNCHRONIZED-00392,REQ-SIM-00392,-,CUS-00392,FSI-00167,1,SYNCHRONIZED,pool-3-thread-392,3860860970900,3862843260200,false,Hết hàng! Sản phẩm Flash Sale 'FSI-00167': yêu cầu 1; còn lại 0
TXN-SYNCHRONIZED-00393,REQ-SIM-00393,-,CUS-00393,FSI-00167,1,SYNCHRONIZED,pool-3-thread-393,3860860978800,3862843775100,false,Hết hàng! Sản phẩm Flash Sale 'FSI-00167': yêu cầu 1; còn lại 0
TXN-SYNCHRONIZED-00394,REQ-SIM-00394,-,CUS-00394,FSI-00167,1,SYNCHRONIZED,pool-3-thread-394,3860860987400,3862844107100,false,Hết hàng! Sản phẩm Flash Sale 'FSI-00167': yêu cầu 1; còn lại 0
TXN-SYNCHRONIZED-00395,REQ-SIM-00395,-,CUS-00395,FSI-00167,1,SYNCHRONIZED,pool-3-thread-395,3860860996000,3862844570000,false,Hết hàng! Sản phẩm Flash Sale 'FSI-00167': yêu cầu 1; còn lại 0
TXN-SYNCHRONIZED-00396,REQ-SIM-00396,-,CUS-00396,FSI-00167,1,SYNCHRONIZED,pool-3-thread-396,3860861005200,3862844902100,false,Hết hàng! Sản phẩm Flash Sale 'FSI-00167': yêu cầu 1; còn lại 0
TXN-SYNCHRONIZED-00397,REQ-SIM-00397,-,CUS-00397,FSI-00167,1,SYNCHRONIZED,pool-3-thread-397,3860861013900,3862845204400,false,Hết hàng! Sản phẩm Flash Sale 'FSI-00167': yêu cầu 1; còn lại 0
TXN-SYNCHRONIZED-00398,REQ-SIM-00398,-,CUS-00398,FSI-00167,1,SYNCHRONIZED,pool-3-thread-398,3860861022500,3862845541200,false,Hết hàng! Sản phẩm Flash Sale 'FSI-00167': yêu cầu 1; còn lại 0
TXN-SYNCHRONIZED-00399,REQ-SIM-00399,-,CUS-00399,FSI-00167,1,SYNCHRONIZED,pool-3-thread-399,3860861030900,3862845859500,false,Hết hàng! Sản phẩm Flash Sale 'FSI-00167': yêu cầu 1; còn lại 0
TXN-SYNCHRONIZED-00400,REQ-SIM-00400,-,CUS-00400,FSI-00167,1,SYNCHRONIZED,pool-3-thread-400,3860861040000,3862846166100,false,Hết hàng! Sản phẩm Flash Sale 'FSI-00167': yêu cầu 1; còn lại 0
TXN-SYNCHRONIZED-00401,REQ-SIM-00401,-,CUS-00401,FSI-00167,1,SYNCHRONIZED,pool-3-thread-401,3860861048800,3862846608700,false,Hết hàng! Sản phẩm Flash Sale 'FSI-00167': yêu cầu 1; còn lại 0
TXN-SYNCHRONIZED-00402,REQ-SIM-00402,-,CUS-00402,FSI-00167,1,SYNCHRONIZED,pool-3-thread-402,3860861057000,3862846931000,false,Hết hàng! Sản phẩm Flash Sale 'FSI-00167': yêu cầu 1; còn lại 0
TXN-SYNCHRONIZED-00403,REQ-SIM-00403,-,CUS-00403,FSI-00167,1,SYNCHRONIZED,pool-3-thread-403,3860861066600,3862847294900,false,Hết hàng! Sản phẩm Flash Sale 'FSI-00167': yêu cầu 1; còn lại 0
TXN-SYNCHRONIZED-00404,REQ-SIM-00404,-,CUS-00404,FSI-00167,1,SYNCHRONIZED,pool-3-thread-404,3860861075500,3862847626400,false,Hết hàng! Sản phẩm Flash Sale 'FSI-00167': yêu cầu 1; còn lại 0
TXN-SYNCHRONIZED-00405,REQ-SIM-00405,-,CUS-00405,FSI-00167,1,SYNCHRONIZED,pool-3-thread-405,3860861083800,3862847994600,false,Hết hàng! Sản phẩm Flash Sale 'FSI-00167': yêu cầu 1; còn lại 0
TXN-SYNCHRONIZED-00406,REQ-SIM-00406,-,CUS-00406,FSI-00167,1,SYNCHRONIZED,pool-3-thread-406,3860861092500,3862848349500,false,Hết hàng! Sản phẩm Flash Sale 'FSI-00167': yêu cầu 1; còn lại 0
TXN-SYNCHRONIZED-00407,REQ-SIM-00407,-,CUS-00407,FSI-00167,1,SYNCHRONIZED,pool-3-thread-407,3860861102400,3862848686000,false,Hết hàng! Sản phẩm Flash Sale 'FSI-00167': yêu cầu 1; còn lại 0
TXN-SYNCHRONIZED-00408,REQ-SIM-00408,-,CUS-00408,FSI-00167,1,SYNCHRONIZED,pool-3-thread-408,3860861110400,3862849066900,false,Hết hàng! Sản phẩm Flash Sale 'FSI-00167': yêu cầu 1; còn lại 0
TXN-SYNCHRONIZED-00409,REQ-SIM-00409,-,CUS-00409,FSI-00167,1,SYNCHRONIZED,pool-3-thread-409,3860861119500,3862849391900,false,Hết hàng! Sản phẩm Flash Sale 'FSI-00167': yêu cầu 1; còn lại 0
TXN-SYNCHRONIZED-00410,REQ-SIM-00410,-,CUS-00410,FSI-00167,1,SYNCHRONIZED,pool-3-thread-410,3860861128800,3862849704000,false,Hết hàng! Sản phẩm Flash Sale 'FSI-00167': yêu cầu 1; còn lại 0
TXN-SYNCHRONIZED-00411,REQ-SIM-00411,-,CUS-00411,FSI-00167,1,SYNCHRONIZED,pool-3-thread-411,3860861137100,3862850022900,false,Hết hàng! Sản phẩm Flash Sale 'FSI-00167': yêu cầu 1; còn lại 0
TXN-SYNCHRONIZED-00412,REQ-SIM-00412,-,CUS-00412,FSI-00167,1,SYNCHRONIZED,pool-3-thread-412,3860861145500,3862850358800,false,Hết hàng! Sản phẩm Flash Sale 'FSI-00167': yêu cầu 1; còn lại 0
TXN-SYNCHRONIZED-00413,REQ-SIM-00413,-,CUS-00413,FSI-00167,1,SYNCHRONIZED,pool-3-thread-413,3860861154400,3862850679500,false,Hết hàng! Sản phẩm Flash Sale 'FSI-00167': yêu cầu 1; còn lại 0
TXN-SYNCHRONIZED-00414,REQ-SIM-00414,-,CUS-00414,FSI-00167,1,SYNCHRONIZED,pool-3-thread-414,3860861161900,3862851085100,false,Hết hàng! Sản phẩm Flash Sale 'FSI-00167': yêu cầu 1; còn lại 0
TXN-SYNCHRONIZED-00415,REQ-SIM-00415,-,CUS-00415,FSI-00167,1,SYNCHRONIZED,pool-3-thread-415,3860861173500,3862851471500,false,Hết hàng! Sản phẩm Flash Sale 'FSI-00167': yêu cầu 1; còn lại 0
TXN-SYNCHRONIZED-00416,REQ-SIM-00416,-,CUS-00416,FSI-00167,1,SYNCHRONIZED,pool-3-thread-416,3860861181500,3862851959900,false,Hết hàng! Sản phẩm Flash Sale 'FSI-00167': yêu cầu 1; còn lại 0
TXN-SYNCHRONIZED-00417,REQ-SIM-00417,-,CUS-00417,FSI-00167,1,SYNCHRONIZED,pool-3-thread-417,3860861196900,3862852361600,false,Hết hàng! Sản phẩm Flash Sale 'FSI-00167': yêu cầu 1; còn lại 0
TXN-SYNCHRONIZED-00418,REQ-SIM-00418,-,CUS-00418,FSI-00167,1,SYNCHRONIZED,pool-3-thread-418,3860861210100,3862852811200,false,Hết hàng! Sản phẩm Flash Sale 'FSI-00167': yêu cầu 1; còn lại 0
TXN-SYNCHRONIZED-00419,REQ-SIM-00419,-,CUS-00419,FSI-00167,1,SYNCHRONIZED,pool-3-thread-419,3860861221100,3862853202600,false,Hết hàng! Sản phẩm Flash Sale 'FSI-00167': yêu cầu 1; còn lại 0
TXN-SYNCHRONIZED-00420,REQ-SIM-00420,-,CUS-00420,FSI-00167,1,SYNCHRONIZED,pool-3-thread-420,3860861232600,3862853636400,false,Hết hàng! Sản phẩm Flash Sale 'FSI-00167': yêu cầu 1; còn lại 0
TXN-SYNCHRONIZED-00421,REQ-SIM-00421,-,CUS-00421,FSI-00167,1,SYNCHRONIZED,pool-3-thread-421,3860861243800,3862854114000,false,Hết hàng! Sản phẩm Flash Sale 'FSI-00167': yêu cầu 1; còn lại 0
TXN-SYNCHRONIZED-00422,REQ-SIM-00422,-,CUS-00422,FSI-00167,1,SYNCHRONIZED,pool-3-thread-422,3860861253400,3862854602700,false,Hết hàng! Sản phẩm Flash Sale 'FSI-00167': yêu cầu 1; còn lại 0
TXN-SYNCHRONIZED-00423,REQ-SIM-00423,-,CUS-00423,FSI-00167,1,SYNCHRONIZED,pool-3-thread-423,3860861265100,3862854969900,false,Hết hàng! Sản phẩm Flash Sale 'FSI-00167': yêu cầu 1; còn lại 0
TXN-SYNCHRONIZED-00424,REQ-SIM-00424,-,CUS-00424,FSI-00167,1,SYNCHRONIZED,pool-3-thread-424,3860861274600,3862855403600,false,Hết hàng! Sản phẩm Flash Sale 'FSI-00167': yêu cầu 1; còn lại 0
TXN-SYNCHRONIZED-00425,REQ-SIM-00425,-,CUS-00425,FSI-00167,1,SYNCHRONIZED,pool-3-thread-425,3860861283500,3862855845500,false,Hết hàng! Sản phẩm Flash Sale 'FSI-00167': yêu cầu 1; còn lại 0
TXN-SYNCHRONIZED-00426,REQ-SIM-00426,-,CUS-00426,FSI-00167,1,SYNCHRONIZED,pool-3-thread-426,3860861292100,3862856243200,false,Hết hàng! Sản phẩm Flash Sale 'FSI-00167': yêu cầu 1; còn lại 0
TXN-SYNCHRONIZED-00427,REQ-SIM-00427,-,CUS-00427,FSI-00167,1,SYNCHRONIZED,pool-3-thread-427,3860861301800,3862856752000,false,Hết hàng! Sản phẩm Flash Sale 'FSI-00167': yêu cầu 1; còn lại 0
TXN-SYNCHRONIZED-00428,REQ-SIM-00428,-,CUS-00428,FSI-00167,1,SYNCHRONIZED,pool-3-thread-428,3860861311600,3862857356200,false,Hết hàng! Sản phẩm Flash Sale 'FSI-00167': yêu cầu 1; còn lại 0
TXN-SYNCHRONIZED-00429,REQ-SIM-00429,-,CUS-00429,FSI-00167,1,SYNCHRONIZED,pool-3-thread-429,3860861320400,3862857895900,false,Hết hàng! Sản phẩm Flash Sale 'FSI-00167': yêu cầu 1; còn lại 0
TXN-SYNCHRONIZED-00430,REQ-SIM-00430,-,CUS-00430,FSI-00167,1,SYNCHRONIZED,pool-3-thread-430,3860861330300,3862858345300,false,Hết hàng! Sản phẩm Flash Sale 'FSI-00167': yêu cầu 1; còn lại 0
TXN-SYNCHRONIZED-00431,REQ-SIM-00431,-,CUS-00431,FSI-00167,1,SYNCHRONIZED,pool-3-thread-431,3860861339000,3862858708700,false,Hết hàng! Sản phẩm Flash Sale 'FSI-00167': yêu cầu 1; còn lại 0
TXN-SYNCHRONIZED-00432,REQ-SIM-00432,-,CUS-00432,FSI-00167,1,SYNCHRONIZED,pool-3-thread-432,3860861348100,3862859259100,false,Hết hàng! Sản phẩm Flash Sale 'FSI-00167': yêu cầu 1; còn lại 0
TXN-SYNCHRONIZED-00433,REQ-SIM-00433,-,CUS-00433,FSI-00167,1,SYNCHRONIZED,pool-3-thread-433,3860861357600,3862859750900,false,Hết hàng! Sản phẩm Flash Sale 'FSI-00167': yêu cầu 1; còn lại 0
TXN-SYNCHRONIZED-00434,REQ-SIM-00434,-,CUS-00434,FSI-00167,1,SYNCHRONIZED,pool-3-thread-434,3860861369200,3862860269200,false,Hết hàng! Sản phẩm Flash Sale 'FSI-00167': yêu cầu 1; còn lại 0
TXN-SYNCHRONIZED-00435,REQ-SIM-00435,-,CUS-00435,FSI-00167,1,SYNCHRONIZED,pool-3-thread-435,3860861378100,3862860594600,false,Hết hàng! Sản phẩm Flash Sale 'FSI-00167': yêu cầu 1; còn lại 0
TXN-SYNCHRONIZED-00436,REQ-SIM-00436,-,CUS-00436,FSI-00167,1,SYNCHRONIZED,pool-3-thread-436,3860861387000,3862860939900,false,Hết hàng! Sản phẩm Flash Sale 'FSI-00167': yêu cầu 1; còn lại 0
TXN-SYNCHRONIZED-00437,REQ-SIM-00437,-,CUS-00437,FSI-00167,1,SYNCHRONIZED,pool-3-thread-437,3860861395900,3862861268300,false,Hết hàng! Sản phẩm Flash Sale 'FSI-00167': yêu cầu 1; còn lại 0
TXN-SYNCHRONIZED-00438,REQ-SIM-00438,-,CUS-00438,FSI-00167,1,SYNCHRONIZED,pool-3-thread-438,3860861404700,3862861717500,false,Hết hàng! Sản phẩm Flash Sale 'FSI-00167': yêu cầu 1; còn lại 0
TXN-SYNCHRONIZED-00439,REQ-SIM-00439,-,CUS-00439,FSI-00167,1,SYNCHRONIZED,pool-3-thread-439,3860861414400,3862862059400,false,Hết hàng! Sản phẩm Flash Sale 'FSI-00167': yêu cầu 1; còn lại 0
TXN-SYNCHRONIZED-00440,REQ-SIM-00440,-,CUS-00440,FSI-00167,1,SYNCHRONIZED,pool-3-thread-440,3860861422700,3862862383700,false,Hết hàng! Sản phẩm Flash Sale 'FSI-00167': yêu cầu 1; còn lại 0
TXN-SYNCHRONIZED-00441,REQ-SIM-00441,-,CUS-00441,FSI-00167,1,SYNCHRONIZED,pool-3-thread-441,3860861434300,3862862699900,false,Hết hàng! Sản phẩm Flash Sale 'FSI-00167': yêu cầu 1; còn lại 0
TXN-SYNCHRONIZED-00442,REQ-SIM-00442,-,CUS-00442,FSI-00167,1,SYNCHRONIZED,pool-3-thread-442,3860861443900,3862863184900,false,Hết hàng! Sản phẩm Flash Sale 'FSI-00167': yêu cầu 1; còn lại 0
TXN-SYNCHRONIZED-00443,REQ-SIM-00443,-,CUS-00443,FSI-00167,1,SYNCHRONIZED,pool-3-thread-443,3860861453500,3862863554500,false,Hết hàng! Sản phẩm Flash Sale 'FSI-00167': yêu cầu 1; còn lại 0
TXN-SYNCHRONIZED-00444,REQ-SIM-00444,-,CUS-00444,FSI-00167,1,SYNCHRONIZED,pool-3-thread-444,3860861462000,3862863871800,false,Hết hàng! Sản phẩm Flash Sale 'FSI-00167': yêu cầu 1; còn lại 0
TXN-SYNCHRONIZED-00445,REQ-SIM-00445,-,CUS-00445,FSI-00167,1,SYNCHRONIZED,pool-3-thread-445,3860861471200,3862864193600,false,Hết hàng! Sản phẩm Flash Sale 'FSI-00167': yêu cầu 1; còn lại 0
TXN-SYNCHRONIZED-00446,REQ-SIM-00446,-,CUS-00446,FSI-00167,1,SYNCHRONIZED,pool-3-thread-446,3860861481800,3862864547100,false,Hết hàng! Sản phẩm Flash Sale 'FSI-00167': yêu cầu 1; còn lại 0
TXN-SYNCHRONIZED-00447,REQ-SIM-00447,-,CUS-00447,FSI-00167,1,SYNCHRONIZED,pool-3-thread-447,3860861490800,3862864868600,false,Hết hàng! Sản phẩm Flash Sale 'FSI-00167': yêu cầu 1; còn lại 0
TXN-SYNCHRONIZED-00448,REQ-SIM-00448,-,CUS-00448,FSI-00167,1,SYNCHRONIZED,pool-3-thread-448,3860861500400,3862865284200,false,Hết hàng! Sản phẩm Flash Sale 'FSI-00167': yêu cầu 1; còn lại 0
TXN-SYNCHRONIZED-00449,REQ-SIM-00449,-,CUS-00449,FSI-00167,1,SYNCHRONIZED,pool-3-thread-449,3860861509300,3862865604700,false,Hết hàng! Sản phẩm Flash Sale 'FSI-00167': yêu cầu 1; còn lại 0
TXN-SYNCHRONIZED-00450,REQ-SIM-00450,-,CUS-00450,FSI-00167,1,SYNCHRONIZED,pool-3-thread-450,3860861517800,3862865929200,false,Hết hàng! Sản phẩm Flash Sale 'FSI-00167': yêu cầu 1; còn lại 0
TXN-SYNCHRONIZED-00451,REQ-SIM-00451,-,CUS-00451,FSI-00167,1,SYNCHRONIZED,pool-3-thread-451,3860861526700,3862866280900,false,Hết hàng! Sản phẩm Flash Sale 'FSI-00167': yêu cầu 1; còn lại 0
TXN-SYNCHRONIZED-00452,REQ-SIM-00452,-,CUS-00452,FSI-00167,1,SYNCHRONIZED,pool-3-thread-452,3860861535400,3862866799900,false,Hết hàng! Sản phẩm Flash Sale 'FSI-00167': yêu cầu 1; còn lại 0
TXN-SYNCHRONIZED-00453,REQ-SIM-00453,-,CUS-00453,FSI-00167,1,SYNCHRONIZED,pool-3-thread-453,3860861546500,3862867280800,false,Hết hàng! Sản phẩm Flash Sale 'FSI-00167': yêu cầu 1; còn lại 0
TXN-SYNCHRONIZED-00454,REQ-SIM-00454,-,CUS-00454,FSI-00167,1,SYNCHRONIZED,pool-3-thread-454,3860861555500,3862867598600,false,Hết hàng! Sản phẩm Flash Sale 'FSI-00167': yêu cầu 1; còn lại 0
TXN-SYNCHRONIZED-00455,REQ-SIM-00455,-,CUS-00455,FSI-00167,1,SYNCHRONIZED,pool-3-thread-455,3860861564500,3862867940900,false,Hết hàng! Sản phẩm Flash Sale 'FSI-00167': yêu cầu 1; còn lại 0
TXN-SYNCHRONIZED-00456,REQ-SIM-00456,-,CUS-00456,FSI-00167,1,SYNCHRONIZED,pool-3-thread-456,3860861573600,3862868258300,false,Hết hàng! Sản phẩm Flash Sale 'FSI-00167': yêu cầu 1; còn lại 0
TXN-SYNCHRONIZED-00457,REQ-SIM-00457,-,CUS-00457,FSI-00167,1,SYNCHRONIZED,pool-3-thread-457,3860861582100,3862868568000,false,Hết hàng! Sản phẩm Flash Sale 'FSI-00167': yêu cầu 1; còn lại 0
TXN-SYNCHRONIZED-00458,REQ-SIM-00458,-,CUS-00458,FSI-00167,1,SYNCHRONIZED,pool-3-thread-458,3860861592700,3862868890700,false,Hết hàng! Sản phẩm Flash Sale 'FSI-00167': yêu cầu 1; còn lại 0
TXN-SYNCHRONIZED-00459,REQ-SIM-00459,-,CUS-00459,FSI-00167,1,SYNCHRONIZED,pool-3-thread-459,3860861602300,3862869208500,false,Hết hàng! Sản phẩm Flash Sale 'FSI-00167': yêu cầu 1; còn lại 0
TXN-SYNCHRONIZED-00460,REQ-SIM-00460,-,CUS-00460,FSI-00167,1,SYNCHRONIZED,pool-3-thread-460,3860861612000,3862869589800,false,Hết hàng! Sản phẩm Flash Sale 'FSI-00167': yêu cầu 1; còn lại 0
TXN-SYNCHRONIZED-00461,REQ-SIM-00461,-,CUS-00461,FSI-00167,1,SYNCHRONIZED,pool-3-thread-461,3860861621000,3862869909500,false,Hết hàng! Sản phẩm Flash Sale 'FSI-00167': yêu cầu 1; còn lại 0
TXN-SYNCHRONIZED-00462,REQ-SIM-00462,-,CUS-00462,FSI-00167,1,SYNCHRONIZED,pool-3-thread-462,3860861630300,3862870229100,false,Hết hàng! Sản phẩm Flash Sale 'FSI-00167': yêu cầu 1; còn lại 0
TXN-SYNCHRONIZED-00463,REQ-SIM-00463,-,CUS-00463,FSI-00167,1,SYNCHRONIZED,pool-3-thread-463,3860861638700,3862870544000,false,Hết hàng! Sản phẩm Flash Sale 'FSI-00167': yêu cầu 1; còn lại 0
TXN-SYNCHRONIZED-00464,REQ-SIM-00464,-,CUS-00464,FSI-00167,1,SYNCHRONIZED,pool-3-thread-464,3860861649800,3862870861300,false,Hết hàng! Sản phẩm Flash Sale 'FSI-00167': yêu cầu 1; còn lại 0
TXN-SYNCHRONIZED-00465,REQ-SIM-00465,-,CUS-00465,FSI-00167,1,SYNCHRONIZED,pool-3-thread-465,3860861658300,3862871177800,false,Hết hàng! Sản phẩm Flash Sale 'FSI-00167': yêu cầu 1; còn lại 0
TXN-SYNCHRONIZED-00466,REQ-SIM-00466,-,CUS-00466,FSI-00167,1,SYNCHRONIZED,pool-3-thread-466,3860861666700,3862871607900,false,Hết hàng! Sản phẩm Flash Sale 'FSI-00167': yêu cầu 1; còn lại 0
TXN-SYNCHRONIZED-00467,REQ-SIM-00467,-,CUS-00467,FSI-00167,1,SYNCHRONIZED,pool-3-thread-467,3860861676100,3862871925500,false,Hết hàng! Sản phẩm Flash Sale 'FSI-00167': yêu cầu 1; còn lại 0
TXN-SYNCHRONIZED-00468,REQ-SIM-00468,-,CUS-00468,FSI-00167,1,SYNCHRONIZED,pool-3-thread-468,3860861684500,3862872280900,false,Hết hàng! Sản phẩm Flash Sale 'FSI-00167': yêu cầu 1; còn lại 0
TXN-SYNCHRONIZED-00469,REQ-SIM-00469,-,CUS-00469,FSI-00167,1,SYNCHRONIZED,pool-3-thread-469,3860861693500,3862872617100,false,Hết hàng! Sản phẩm Flash Sale 'FSI-00167': yêu cầu 1; còn lại 0
TXN-SYNCHRONIZED-00470,REQ-SIM-00470,-,CUS-00470,FSI-00167,1,SYNCHRONIZED,pool-3-thread-470,3860861701600,3862872956500,false,Hết hàng! Sản phẩm Flash Sale 'FSI-00167': yêu cầu 1; còn lại 0
TXN-SYNCHRONIZED-00471,REQ-SIM-00471,-,CUS-00471,FSI-00167,1,SYNCHRONIZED,pool-3-thread-471,3860861712800,3862873284700,false,Hết hàng! Sản phẩm Flash Sale 'FSI-00167': yêu cầu 1; còn lại 0
TXN-SYNCHRONIZED-00472,REQ-SIM-00472,-,CUS-00472,FSI-00167,1,SYNCHRONIZED,pool-3-thread-472,3860861721400,3862873603900,false,Hết hàng! Sản phẩm Flash Sale 'FSI-00167': yêu cầu 1; còn lại 0
TXN-SYNCHRONIZED-00473,REQ-SIM-00473,-,CUS-00473,FSI-00167,1,SYNCHRONIZED,pool-3-thread-473,3860861731600,3862874021300,false,Hết hàng! Sản phẩm Flash Sale 'FSI-00167': yêu cầu 1; còn lại 0
TXN-SYNCHRONIZED-00474,REQ-SIM-00474,-,CUS-00474,FSI-00167,1,SYNCHRONIZED,pool-3-thread-474,3860861740200,3862874350300,false,Hết hàng! Sản phẩm Flash Sale 'FSI-00167': yêu cầu 1; còn lại 0
TXN-SYNCHRONIZED-00475,REQ-SIM-00475,-,CUS-00475,FSI-00167,1,SYNCHRONIZED,pool-3-thread-475,3860861749600,3862874671100,false,Hết hàng! Sản phẩm Flash Sale 'FSI-00167': yêu cầu 1; còn lại 0
TXN-SYNCHRONIZED-00476,REQ-SIM-00476,-,CUS-00476,FSI-00167,1,SYNCHRONIZED,pool-3-thread-476,3860861760900,3862875000700,false,Hết hàng! Sản phẩm Flash Sale 'FSI-00167': yêu cầu 1; còn lại 0
TXN-SYNCHRONIZED-00477,REQ-SIM-00477,-,CUS-00477,FSI-00167,1,SYNCHRONIZED,pool-3-thread-477,3860861769400,3862875322600,false,Hết hàng! Sản phẩm Flash Sale 'FSI-00167': yêu cầu 1; còn lại 0
TXN-SYNCHRONIZED-00478,REQ-SIM-00478,-,CUS-00478,FSI-00167,1,SYNCHRONIZED,pool-3-thread-478,3860861779200,3862875671100,false,Hết hàng! Sản phẩm Flash Sale 'FSI-00167': yêu cầu 1; còn lại 0
TXN-SYNCHRONIZED-00479,REQ-SIM-00479,-,CUS-00479,FSI-00167,1,SYNCHRONIZED,pool-3-thread-479,3860861787700,3862876052100,false,Hết hàng! Sản phẩm Flash Sale 'FSI-00167': yêu cầu 1; còn lại 0
TXN-SYNCHRONIZED-00480,REQ-SIM-00480,-,CUS-00480,FSI-00167,1,SYNCHRONIZED,pool-3-thread-480,3860861797500,3862876374900,false,Hết hàng! Sản phẩm Flash Sale 'FSI-00167': yêu cầu 1; còn lại 0
TXN-SYNCHRONIZED-00481,REQ-SIM-00481,-,CUS-00481,FSI-00167,1,SYNCHRONIZED,pool-3-thread-481,3860861806300,3862876695400,false,Hết hàng! Sản phẩm Flash Sale 'FSI-00167': yêu cầu 1; còn lại 0
TXN-SYNCHRONIZED-00482,REQ-SIM-00482,-,CUS-00482,FSI-00167,1,SYNCHRONIZED,pool-3-thread-482,3860861817600,3862877011200,false,Hết hàng! Sản phẩm Flash Sale 'FSI-00167': yêu cầu 1; còn lại 0
TXN-SYNCHRONIZED-00483,REQ-SIM-00483,-,CUS-00483,FSI-00167,1,SYNCHRONIZED,pool-3-thread-483,3860861826400,3862877360000,false,Hết hàng! Sản phẩm Flash Sale 'FSI-00167': yêu cầu 1; còn lại 0
TXN-SYNCHRONIZED-00484,REQ-SIM-00484,-,CUS-00484,FSI-00167,1,SYNCHRONIZED,pool-3-thread-484,3860861835000,3862877678300,false,Hết hàng! Sản phẩm Flash Sale 'FSI-00167': yêu cầu 1; còn lại 0
TXN-SYNCHRONIZED-00485,REQ-SIM-00485,-,CUS-00485,FSI-00167,1,SYNCHRONIZED,pool-3-thread-485,3860861844200,3862878018400,false,Hết hàng! Sản phẩm Flash Sale 'FSI-00167': yêu cầu 1; còn lại 0
TXN-SYNCHRONIZED-00486,REQ-SIM-00486,-,CUS-00486,FSI-00167,1,SYNCHRONIZED,pool-3-thread-486,3860861852500,3862878344200,false,Hết hàng! Sản phẩm Flash Sale 'FSI-00167': yêu cầu 1; còn lại 0
TXN-SYNCHRONIZED-00487,REQ-SIM-00487,-,CUS-00487,FSI-00167,1,SYNCHRONIZED,pool-3-thread-487,3860861861100,3862878695400,false,Hết hàng! Sản phẩm Flash Sale 'FSI-00167': yêu cầu 1; còn lại 0
TXN-SYNCHRONIZED-00488,REQ-SIM-00488,-,CUS-00488,FSI-00167,1,SYNCHRONIZED,pool-3-thread-488,3860861869100,3862879020900,false,Hết hàng! Sản phẩm Flash Sale 'FSI-00167': yêu cầu 1; còn lại 0
TXN-SYNCHRONIZED-00489,REQ-SIM-00489,-,CUS-00489,FSI-00167,1,SYNCHRONIZED,pool-3-thread-489,3860861877600,3862879464000,false,Hết hàng! Sản phẩm Flash Sale 'FSI-00167': yêu cầu 1; còn lại 0
TXN-SYNCHRONIZED-00490,REQ-SIM-00490,-,CUS-00490,FSI-00167,1,SYNCHRONIZED,pool-3-thread-490,3860861886600,3862879824100,false,Hết hàng! Sản phẩm Flash Sale 'FSI-00167': yêu cầu 1; còn lại 0
TXN-SYNCHRONIZED-00491,REQ-SIM-00491,-,CUS-00491,FSI-00167,1,SYNCHRONIZED,pool-3-thread-491,3860861896400,3862880134800,false,Hết hàng! Sản phẩm Flash Sale 'FSI-00167': yêu cầu 1; còn lại 0
TXN-SYNCHRONIZED-00492,REQ-SIM-00492,-,CUS-00492,FSI-00167,1,SYNCHRONIZED,pool-3-thread-492,3860861905700,3862880555200,false,Hết hàng! Sản phẩm Flash Sale 'FSI-00167': yêu cầu 1; còn lại 0
TXN-SYNCHRONIZED-00493,REQ-SIM-00493,-,CUS-00493,FSI-00167,1,SYNCHRONIZED,pool-3-thread-493,3860861914900,3862880889800,false,Hết hàng! Sản phẩm Flash Sale 'FSI-00167': yêu cầu 1; còn lại 0
TXN-SYNCHRONIZED-00494,REQ-SIM-00494,-,CUS-00494,FSI-00167,1,SYNCHRONIZED,pool-3-thread-494,3860861923000,3862881214700,false,Hết hàng! Sản phẩm Flash Sale 'FSI-00167': yêu cầu 1; còn lại 0
TXN-SYNCHRONIZED-00495,REQ-SIM-00495,-,CUS-00495,FSI-00167,1,SYNCHRONIZED,pool-3-thread-495,3860861938200,3862881561900,false,Hết hàng! Sản phẩm Flash Sale 'FSI-00167': yêu cầu 1; còn lại 0
TXN-SYNCHRONIZED-00496,REQ-SIM-00496,-,CUS-00496,FSI-00167,1,SYNCHRONIZED,pool-3-thread-496,3860861945700,3862881878200,false,Hết hàng! Sản phẩm Flash Sale 'FSI-00167': yêu cầu 1; còn lại 0
TXN-SYNCHRONIZED-00497,REQ-SIM-00497,-,CUS-00497,FSI-00167,1,SYNCHRONIZED,pool-3-thread-497,3860861954800,3862882193700,false,Hết hàng! Sản phẩm Flash Sale 'FSI-00167': yêu cầu 1; còn lại 0
TXN-SYNCHRONIZED-00498,REQ-SIM-00498,-,CUS-00498,FSI-00167,1,SYNCHRONIZED,pool-3-thread-498,3860861963200,3862882516500,false,Hết hàng! Sản phẩm Flash Sale 'FSI-00167': yêu cầu 1; còn lại 0
TXN-SYNCHRONIZED-00499,REQ-SIM-00499,-,CUS-00499,FSI-00167,1,SYNCHRONIZED,pool-3-thread-499,3860861973000,3862882903400,false,Hết hàng! Sản phẩm Flash Sale 'FSI-00167': yêu cầu 1; còn lại 0
TXN-SYNCHRONIZED-00500,REQ-SIM-00500,-,CUS-00500,FSI-00167,1,SYNCHRONIZED,pool-3-thread-500,3860861981000,3862883244700,false,Hết hàng! Sản phẩm Flash Sale 'FSI-00167': yêu cầu 1; còn lại 0
TXN-SYNCHRONIZED-00501,REQ-SIM-00501,-,CUS-00501,FSI-00167,1,SYNCHRONIZED,pool-3-thread-501,3860861992200,3862883608200,false,Hết hàng! Sản phẩm Flash Sale 'FSI-00167': yêu cầu 1; còn lại 0
TXN-SYNCHRONIZED-00503,REQ-SIM-00503,-,CUS-00503,FSI-00167,1,SYNCHRONIZED,pool-3-thread-503,3860862000200,3862883939500,false,Hết hàng! Sản phẩm Flash Sale 'FSI-00167': yêu cầu 1; còn lại 0
TXN-SYNCHRONIZED-00502,REQ-SIM-00502,-,CUS-00502,FSI-00167,1,SYNCHRONIZED,pool-3-thread-502,3860862009100,3862884309900,false,Hết hàng! Sản phẩm Flash Sale 'FSI-00167': yêu cầu 1; còn lại 0
TXN-SYNCHRONIZED-00504,REQ-SIM-00504,-,CUS-00504,FSI-00167,1,SYNCHRONIZED,pool-3-thread-504,3860862017300,3862884633800,false,Hết hàng! Sản phẩm Flash Sale 'FSI-00167': yêu cầu 1; còn lại 0
TXN-SYNCHRONIZED-00505,REQ-SIM-00505,-,CUS-00505,FSI-00167,1,SYNCHRONIZED,pool-3-thread-505,3860862025500,3862884950000,false,Hết hàng! Sản phẩm Flash Sale 'FSI-00167': yêu cầu 1; còn lại 0
TXN-SYNCHRONIZED-00506,REQ-SIM-00506,-,CUS-00506,FSI-00167,1,SYNCHRONIZED,pool-3-thread-506,3860862034000,3862885272400,false,Hết hàng! Sản phẩm Flash Sale 'FSI-00167': yêu cầu 1; còn lại 0
TXN-SYNCHRONIZED-00507,REQ-SIM-00507,-,CUS-00507,FSI-00167,1,SYNCHRONIZED,pool-3-thread-507,3860862042200,3862885590000,false,Hết hàng! Sản phẩm Flash Sale 'FSI-00167': yêu cầu 1; còn lại 0
TXN-SYNCHRONIZED-00508,REQ-SIM-00508,-,CUS-00508,FSI-00167,1,SYNCHRONIZED,pool-3-thread-508,3860862051100,3862885929800,false,Hết hàng! Sản phẩm Flash Sale 'FSI-00167': yêu cầu 1; còn lại 0
TXN-SYNCHRONIZED-00509,REQ-SIM-00509,-,CUS-00509,FSI-00167,1,SYNCHRONIZED,pool-3-thread-509,3860862060000,3862886246200,false,Hết hàng! Sản phẩm Flash Sale 'FSI-00167': yêu cầu 1; còn lại 0
TXN-SYNCHRONIZED-00510,REQ-SIM-00510,-,CUS-00510,FSI-00167,1,SYNCHRONIZED,pool-3-thread-510,3860862068600,3862886605800,false,Hết hàng! Sản phẩm Flash Sale 'FSI-00167': yêu cầu 1; còn lại 0
TXN-SYNCHRONIZED-00511,REQ-SIM-00511,-,CUS-00511,FSI-00167,1,SYNCHRONIZED,pool-3-thread-511,3860862077400,3862886937300,false,Hết hàng! Sản phẩm Flash Sale 'FSI-00167': yêu cầu 1; còn lại 0
TXN-SYNCHRONIZED-00512,REQ-SIM-00512,-,CUS-00512,FSI-00167,1,SYNCHRONIZED,pool-3-thread-512,3860862087100,3862887377900,false,Hết hàng! Sản phẩm Flash Sale 'FSI-00167': yêu cầu 1; còn lại 0
TXN-SYNCHRONIZED-00513,REQ-SIM-00513,-,CUS-00513,FSI-00167,1,SYNCHRONIZED,pool-3-thread-513,3860862094800,3862887709400,false,Hết hàng! Sản phẩm Flash Sale 'FSI-00167': yêu cầu 1; còn lại 0
TXN-SYNCHRONIZED-00514,REQ-SIM-00514,-,CUS-00514,FSI-00167,1,SYNCHRONIZED,pool-3-thread-514,3860862105100,3862888027700,false,Hết hàng! Sản phẩm Flash Sale 'FSI-00167': yêu cầu 1; còn lại 0
TXN-SYNCHRONIZED-00515,REQ-SIM-00515,-,CUS-00515,FSI-00167,1,SYNCHRONIZED,pool-3-thread-515,3860862113000,3862888395300,false,Hết hàng! Sản phẩm Flash Sale 'FSI-00167': yêu cầu 1; còn lại 0
TXN-SYNCHRONIZED-00516,REQ-SIM-00516,-,CUS-00516,FSI-00167,1,SYNCHRONIZED,pool-3-thread-516,3860862121400,3862888720200,false,Hết hàng! Sản phẩm Flash Sale 'FSI-00167': yêu cầu 1; còn lại 0
TXN-SYNCHRONIZED-00517,REQ-SIM-00517,-,CUS-00517,FSI-00167,1,SYNCHRONIZED,pool-3-thread-517,3860862129600,3862889042000,false,Hết hàng! Sản phẩm Flash Sale 'FSI-00167': yêu cầu 1; còn lại 0
TXN-SYNCHRONIZED-00518,REQ-SIM-00518,-,CUS-00518,FSI-00167,1,SYNCHRONIZED,pool-3-thread-518,3860862137700,3862889363400,false,Hết hàng! Sản phẩm Flash Sale 'FSI-00167': yêu cầu 1; còn lại 0
TXN-SYNCHRONIZED-00519,REQ-SIM-00519,-,CUS-00519,FSI-00167,1,SYNCHRONIZED,pool-3-thread-519,3860862145400,3862889824900,false,Hết hàng! Sản phẩm Flash Sale 'FSI-00167': yêu cầu 1; còn lại 0
TXN-SYNCHRONIZED-00520,REQ-SIM-00520,-,CUS-00520,FSI-00167,1,SYNCHRONIZED,pool-3-thread-520,3860862154500,3862890154100,false,Hết hàng! Sản phẩm Flash Sale 'FSI-00167': yêu cầu 1; còn lại 0
TXN-SYNCHRONIZED-00521,REQ-SIM-00521,-,CUS-00521,FSI-00167,1,SYNCHRONIZED,pool-3-thread-521,3860862162900,3862890519500,false,Hết hàng! Sản phẩm Flash Sale 'FSI-00167': yêu cầu 1; còn lại 0
TXN-SYNCHRONIZED-00522,REQ-SIM-00522,-,CUS-00522,FSI-00167,1,SYNCHRONIZED,pool-3-thread-522,3860862171600,3862891024800,false,Hết hàng! Sản phẩm Flash Sale 'FSI-00167': yêu cầu 1; còn lại 0
TXN-SYNCHRONIZED-00523,REQ-SIM-00523,-,CUS-00523,FSI-00167,1,SYNCHRONIZED,pool-3-thread-523,3860862180100,3862891514800,false,Hết hàng! Sản phẩm Flash Sale 'FSI-00167': yêu cầu 1; còn lại 0
TXN-SYNCHRONIZED-00524,REQ-SIM-00524,-,CUS-00524,FSI-00167,1,SYNCHRONIZED,pool-3-thread-524,3860862187900,3862892002400,false,Hết hàng! Sản phẩm Flash Sale 'FSI-00167': yêu cầu 1; còn lại 0
TXN-SYNCHRONIZED-00525,REQ-SIM-00525,-,CUS-00525,FSI-00167,1,SYNCHRONIZED,pool-3-thread-525,3860862196000,3862892360800,false,Hết hàng! Sản phẩm Flash Sale 'FSI-00167': yêu cầu 1; còn lại 0
TXN-SYNCHRONIZED-00526,REQ-SIM-00526,-,CUS-00526,FSI-00167,1,SYNCHRONIZED,pool-3-thread-526,3860862204900,3862892722100,false,Hết hàng! Sản phẩm Flash Sale 'FSI-00167': yêu cầu 1; còn lại 0
TXN-SYNCHRONIZED-00527,REQ-SIM-00527,-,CUS-00527,FSI-00167,1,SYNCHRONIZED,pool-3-thread-527,3860862214500,3862893206500,false,Hết hàng! Sản phẩm Flash Sale 'FSI-00167': yêu cầu 1; còn lại 0
TXN-SYNCHRONIZED-00528,REQ-SIM-00528,-,CUS-00528,FSI-00167,1,SYNCHRONIZED,pool-3-thread-528,3860862223200,3862893704200,false,Hết hàng! Sản phẩm Flash Sale 'FSI-00167': yêu cầu 1; còn lại 0
TXN-SYNCHRONIZED-00529,REQ-SIM-00529,-,CUS-00529,FSI-00167,1,SYNCHRONIZED,pool-3-thread-529,3860862232500,3862894182800,false,Hết hàng! Sản phẩm Flash Sale 'FSI-00167': yêu cầu 1; còn lại 0
TXN-SYNCHRONIZED-00530,REQ-SIM-00530,-,CUS-00530,FSI-00167,1,SYNCHRONIZED,pool-3-thread-530,3860862242700,3862894623200,false,Hết hàng! Sản phẩm Flash Sale 'FSI-00167': yêu cầu 1; còn lại 0
TXN-SYNCHRONIZED-00531,REQ-SIM-00531,-,CUS-00531,FSI-00167,1,SYNCHRONIZED,pool-3-thread-531,3860862250600,3862895117500,false,Hết hàng! Sản phẩm Flash Sale 'FSI-00167': yêu cầu 1; còn lại 0
TXN-SYNCHRONIZED-00532,REQ-SIM-00532,-,CUS-00532,FSI-00167,1,SYNCHRONIZED,pool-3-thread-532,3860862259400,3862895643500,false,Hết hàng! Sản phẩm Flash Sale 'FSI-00167': yêu cầu 1; còn lại 0
TXN-SYNCHRONIZED-00533,REQ-SIM-00533,-,CUS-00533,FSI-00167,1,SYNCHRONIZED,pool-3-thread-533,3860862267400,3862896146200,false,Hết hàng! Sản phẩm Flash Sale 'FSI-00167': yêu cầu 1; còn lại 0
TXN-SYNCHRONIZED-00534,REQ-SIM-00534,-,CUS-00534,FSI-00167,1,SYNCHRONIZED,pool-3-thread-534,3860862276700,3862896645000,false,Hết hàng! Sản phẩm Flash Sale 'FSI-00167': yêu cầu 1; còn lại 0
TXN-SYNCHRONIZED-00535,REQ-SIM-00535,-,CUS-00535,FSI-00167,1,SYNCHRONIZED,pool-3-thread-535,3860862284900,3862897185400,false,Hết hàng! Sản phẩm Flash Sale 'FSI-00167': yêu cầu 1; còn lại 0
TXN-SYNCHRONIZED-00536,REQ-SIM-00536,-,CUS-00536,FSI-00167,1,SYNCHRONIZED,pool-3-thread-536,3860862295600,3862897643000,false,Hết hàng! Sản phẩm Flash Sale 'FSI-00167': yêu cầu 1; còn lại 0
TXN-SYNCHRONIZED-00537,REQ-SIM-00537,-,CUS-00537,FSI-00167,1,SYNCHRONIZED,pool-3-thread-537,3860862303800,3862898133500,false,Hết hàng! Sản phẩm Flash Sale 'FSI-00167': yêu cầu 1; còn lại 0
TXN-SYNCHRONIZED-00538,REQ-SIM-00538,-,CUS-00538,FSI-00167,1,SYNCHRONIZED,pool-3-thread-538,3860862313900,3862898586500,false,Hết hàng! Sản phẩm Flash Sale 'FSI-00167': yêu cầu 1; còn lại 0
TXN-SYNCHRONIZED-00539,REQ-SIM-00539,-,CUS-00539,FSI-00167,1,SYNCHRONIZED,pool-3-thread-539,3860862324000,3862899054200,false,Hết hàng! Sản phẩm Flash Sale 'FSI-00167': yêu cầu 1; còn lại 0
TXN-SYNCHRONIZED-00540,REQ-SIM-00540,-,CUS-00540,FSI-00167,1,SYNCHRONIZED,pool-3-thread-540,3860862331900,3862899550400,false,Hết hàng! Sản phẩm Flash Sale 'FSI-00167': yêu cầu 1; còn lại 0
TXN-SYNCHRONIZED-00541,REQ-SIM-00541,-,CUS-00541,FSI-00167,1,SYNCHRONIZED,pool-3-thread-541,3860862340500,3862900071700,false,Hết hàng! Sản phẩm Flash Sale 'FSI-00167': yêu cầu 1; còn lại 0
TXN-SYNCHRONIZED-00542,REQ-SIM-00542,-,CUS-00542,FSI-00167,1,SYNCHRONIZED,pool-3-thread-542,3860862349200,3862900535500,false,Hết hàng! Sản phẩm Flash Sale 'FSI-00167': yêu cầu 1; còn lại 0
TXN-SYNCHRONIZED-00543,REQ-SIM-00543,-,CUS-00543,FSI-00167,1,SYNCHRONIZED,pool-3-thread-543,3860862357000,3862901061200,false,Hết hàng! Sản phẩm Flash Sale 'FSI-00167': yêu cầu 1; còn lại 0
TXN-SYNCHRONIZED-00544,REQ-SIM-00544,-,CUS-00544,FSI-00167,1,SYNCHRONIZED,pool-3-thread-544,3860862365800,3862901586900,false,Hết hàng! Sản phẩm Flash Sale 'FSI-00167': yêu cầu 1; còn lại 0
TXN-SYNCHRONIZED-00545,REQ-SIM-00545,-,CUS-00545,FSI-00167,1,SYNCHRONIZED,pool-3-thread-545,3860862374000,3862902022600,false,Hết hàng! Sản phẩm Flash Sale 'FSI-00167': yêu cầu 1; còn lại 0
TXN-SYNCHRONIZED-00546,REQ-SIM-00546,-,CUS-00546,FSI-00167,1,SYNCHRONIZED,pool-3-thread-546,3860862383400,3862902527400,false,Hết hàng! Sản phẩm Flash Sale 'FSI-00167': yêu cầu 1; còn lại 0
TXN-SYNCHRONIZED-00547,REQ-SIM-00547,-,CUS-00547,FSI-00167,1,SYNCHRONIZED,pool-3-thread-547,3860862391000,3862902966400,false,Hết hàng! Sản phẩm Flash Sale 'FSI-00167': yêu cầu 1; còn lại 0
TXN-SYNCHRONIZED-00548,REQ-SIM-00548,-,CUS-00548,FSI-00167,1,SYNCHRONIZED,pool-3-thread-548,3860862400300,3862903464400,false,Hết hàng! Sản phẩm Flash Sale 'FSI-00167': yêu cầu 1; còn lại 0
TXN-SYNCHRONIZED-00549,REQ-SIM-00549,-,CUS-00549,FSI-00167,1,SYNCHRONIZED,pool-3-thread-549,3860862408200,3862903894800,false,Hết hàng! Sản phẩm Flash Sale 'FSI-00167': yêu cầu 1; còn lại 0
TXN-SYNCHRONIZED-00550,REQ-SIM-00550,-,CUS-00550,FSI-00167,1,SYNCHRONIZED,pool-3-thread-550,3860862417400,3862904416800,false,Hết hàng! Sản phẩm Flash Sale 'FSI-00167': yêu cầu 1; còn lại 0
TXN-SYNCHRONIZED-00551,REQ-SIM-00551,-,CUS-00551,FSI-00167,1,SYNCHRONIZED,pool-3-thread-551,3860862426200,3862904964700,false,Hết hàng! Sản phẩm Flash Sale 'FSI-00167': yêu cầu 1; còn lại 0
TXN-SYNCHRONIZED-00552,REQ-SIM-00552,-,CUS-00552,FSI-00167,1,SYNCHRONIZED,pool-3-thread-552,3860862434900,3862905427000,false,Hết hàng! Sản phẩm Flash Sale 'FSI-00167': yêu cầu 1; còn lại 0
TXN-SYNCHRONIZED-00553,REQ-SIM-00553,-,CUS-00553,FSI-00167,1,SYNCHRONIZED,pool-3-thread-553,3860862443700,3862905932400,false,Hết hàng! Sản phẩm Flash Sale 'FSI-00167': yêu cầu 1; còn lại 0
TXN-SYNCHRONIZED-00554,REQ-SIM-00554,-,CUS-00554,FSI-00167,1,SYNCHRONIZED,pool-3-thread-554,3860862453600,3862906406100,false,Hết hàng! Sản phẩm Flash Sale 'FSI-00167': yêu cầu 1; còn lại 0
TXN-SYNCHRONIZED-00555,REQ-SIM-00555,-,CUS-00555,FSI-00167,1,SYNCHRONIZED,pool-3-thread-555,3860862461600,3862906897300,false,Hết hàng! Sản phẩm Flash Sale 'FSI-00167': yêu cầu 1; còn lại 0
TXN-SYNCHRONIZED-00556,REQ-SIM-00556,-,CUS-00556,FSI-00167,1,SYNCHRONIZED,pool-3-thread-556,3860862470200,3862907351400,false,Hết hàng! Sản phẩm Flash Sale 'FSI-00167': yêu cầu 1; còn lại 0
TXN-SYNCHRONIZED-00557,REQ-SIM-00557,-,CUS-00557,FSI-00167,1,SYNCHRONIZED,pool-3-thread-557,3860862479200,3862907727200,false,Hết hàng! Sản phẩm Flash Sale 'FSI-00167': yêu cầu 1; còn lại 0
TXN-SYNCHRONIZED-00559,REQ-SIM-00559,-,CUS-00559,FSI-00167,1,SYNCHRONIZED,pool-3-thread-559,3860862488700,3862908096900,false,Hết hàng! Sản phẩm Flash Sale 'FSI-00167': yêu cầu 1; còn lại 0
TXN-SYNCHRONIZED-00558,REQ-SIM-00558,-,CUS-00558,FSI-00167,1,SYNCHRONIZED,pool-3-thread-558,3860862499400,3862908461800,false,Hết hàng! Sản phẩm Flash Sale 'FSI-00167': yêu cầu 1; còn lại 0
TXN-SYNCHRONIZED-00560,REQ-SIM-00560,-,CUS-00560,FSI-00167,1,SYNCHRONIZED,pool-3-thread-560,3860862514100,3862908813600,false,Hết hàng! Sản phẩm Flash Sale 'FSI-00167': yêu cầu 1; còn lại 0
TXN-SYNCHRONIZED-00561,REQ-SIM-00561,-,CUS-00561,FSI-00167,1,SYNCHRONIZED,pool-3-thread-561,3860862528700,3862909307100,false,Hết hàng! Sản phẩm Flash Sale 'FSI-00167': yêu cầu 1; còn lại 0
TXN-SYNCHRONIZED-00562,REQ-SIM-00562,-,CUS-00562,FSI-00167,1,SYNCHRONIZED,pool-3-thread-562,3860862536100,3862911860900,false,Hết hàng! Sản phẩm Flash Sale 'FSI-00167': yêu cầu 1; còn lại 0
TXN-SYNCHRONIZED-00563,REQ-SIM-00563,-,CUS-00563,FSI-00167,1,SYNCHRONIZED,pool-3-thread-563,3860862545600,3862912401400,false,Hết hàng! Sản phẩm Flash Sale 'FSI-00167': yêu cầu 1; còn lại 0
TXN-SYNCHRONIZED-00564,REQ-SIM-00564,-,CUS-00564,FSI-00167,1,SYNCHRONIZED,pool-3-thread-564,3860862553600,3862912893300,false,Hết hàng! Sản phẩm Flash Sale 'FSI-00167': yêu cầu 1; còn lại 0
TXN-SYNCHRONIZED-00565,REQ-SIM-00565,-,CUS-00565,FSI-00167,1,SYNCHRONIZED,pool-3-thread-565,3860862563000,3862913410400,false,Hết hàng! Sản phẩm Flash Sale 'FSI-00167': yêu cầu 1; còn lại 0
TXN-SYNCHRONIZED-00566,REQ-SIM-00566,-,CUS-00566,FSI-00167,1,SYNCHRONIZED,pool-3-thread-566,3860862571000,3862913923000,false,Hết hàng! Sản phẩm Flash Sale 'FSI-00167': yêu cầu 1; còn lại 0
TXN-SYNCHRONIZED-00567,REQ-SIM-00567,-,CUS-00567,FSI-00167,1,SYNCHRONIZED,pool-3-thread-567,3860862578600,3862914446300,false,Hết hàng! Sản phẩm Flash Sale 'FSI-00167': yêu cầu 1; còn lại 0
TXN-SYNCHRONIZED-00568,REQ-SIM-00568,-,CUS-00568,FSI-00167,1,SYNCHRONIZED,pool-3-thread-568,3860862586000,3862914883700,false,Hết hàng! Sản phẩm Flash Sale 'FSI-00167': yêu cầu 1; còn lại 0
TXN-SYNCHRONIZED-00569,REQ-SIM-00569,-,CUS-00569,FSI-00167,1,SYNCHRONIZED,pool-3-thread-569,3860862594100,3862915261000,false,Hết hàng! Sản phẩm Flash Sale 'FSI-00167': yêu cầu 1; còn lại 0
TXN-SYNCHRONIZED-00570,REQ-SIM-00570,-,CUS-00570,FSI-00167,1,SYNCHRONIZED,pool-3-thread-570,3860862603300,3862915631300,false,Hết hàng! Sản phẩm Flash Sale 'FSI-00167': yêu cầu 1; còn lại 0
TXN-SYNCHRONIZED-00571,REQ-SIM-00571,-,CUS-00571,FSI-00167,1,SYNCHRONIZED,pool-3-thread-571,3860862612400,3862915992400,false,Hết hàng! Sản phẩm Flash Sale 'FSI-00167': yêu cầu 1; còn lại 0
TXN-SYNCHRONIZED-00572,REQ-SIM-00572,-,CUS-00572,FSI-00167,1,SYNCHRONIZED,pool-3-thread-572,3860862621400,3862916322100,false,Hết hàng! Sản phẩm Flash Sale 'FSI-00167': yêu cầu 1; còn lại 0
TXN-SYNCHRONIZED-00573,REQ-SIM-00573,-,CUS-00573,FSI-00167,1,SYNCHRONIZED,pool-3-thread-573,3860862629100,3862916658300,false,Hết hàng! Sản phẩm Flash Sale 'FSI-00167': yêu cầu 1; còn lại 0
TXN-SYNCHRONIZED-00574,REQ-SIM-00574,-,CUS-00574,FSI-00167,1,SYNCHRONIZED,pool-3-thread-574,3860862638000,3862917028300,false,Hết hàng! Sản phẩm Flash Sale 'FSI-00167': yêu cầu 1; còn lại 0
TXN-SYNCHRONIZED-00575,REQ-SIM-00575,-,CUS-00575,FSI-00167,1,SYNCHRONIZED,pool-3-thread-575,3860862647100,3862917390900,false,Hết hàng! Sản phẩm Flash Sale 'FSI-00167': yêu cầu 1; còn lại 0
TXN-SYNCHRONIZED-00576,REQ-SIM-00576,-,CUS-00576,FSI-00167,1,SYNCHRONIZED,pool-3-thread-576,3860862656200,3862917770500,false,Hết hàng! Sản phẩm Flash Sale 'FSI-00167': yêu cầu 1; còn lại 0
TXN-SYNCHRONIZED-00577,REQ-SIM-00577,-,CUS-00577,FSI-00167,1,SYNCHRONIZED,pool-3-thread-577,3860862665100,3862918269500,false,Hết hàng! Sản phẩm Flash Sale 'FSI-00167': yêu cầu 1; còn lại 0
TXN-SYNCHRONIZED-00578,REQ-SIM-00578,-,CUS-00578,FSI-00167,1,SYNCHRONIZED,pool-3-thread-578,3860862674300,3862918825200,false,Hết hàng! Sản phẩm Flash Sale 'FSI-00167': yêu cầu 1; còn lại 0
TXN-SYNCHRONIZED-00579,REQ-SIM-00579,-,CUS-00579,FSI-00167,1,SYNCHRONIZED,pool-3-thread-579,3860862682200,3862919316900,false,Hết hàng! Sản phẩm Flash Sale 'FSI-00167': yêu cầu 1; còn lại 0
TXN-SYNCHRONIZED-00580,REQ-SIM-00580,-,CUS-00580,FSI-00167,1,SYNCHRONIZED,pool-3-thread-580,3860862691000,3862919845700,false,Hết hàng! Sản phẩm Flash Sale 'FSI-00167': yêu cầu 1; còn lại 0
TXN-SYNCHRONIZED-00581,REQ-SIM-00581,-,CUS-00581,FSI-00167,1,SYNCHRONIZED,pool-3-thread-581,3860862700600,3862920347700,false,Hết hàng! Sản phẩm Flash Sale 'FSI-00167': yêu cầu 1; còn lại 0
TXN-SYNCHRONIZED-00582,REQ-SIM-00582,-,CUS-00582,FSI-00167,1,SYNCHRONIZED,pool-3-thread-582,3860862709300,3862920865400,false,Hết hàng! Sản phẩm Flash Sale 'FSI-00167': yêu cầu 1; còn lại 0
TXN-SYNCHRONIZED-00583,REQ-SIM-00583,-,CUS-00583,FSI-00167,1,SYNCHRONIZED,pool-3-thread-583,3860862717900,3862921408200,false,Hết hàng! Sản phẩm Flash Sale 'FSI-00167': yêu cầu 1; còn lại 0
TXN-SYNCHRONIZED-00584,REQ-SIM-00584,-,CUS-00584,FSI-00167,1,SYNCHRONIZED,pool-3-thread-584,3860862727000,3862921914900,false,Hết hàng! Sản phẩm Flash Sale 'FSI-00167': yêu cầu 1; còn lại 0
TXN-SYNCHRONIZED-00585,REQ-SIM-00585,-,CUS-00585,FSI-00167,1,SYNCHRONIZED,pool-3-thread-585,3860862734800,3862922253700,false,Hết hàng! Sản phẩm Flash Sale 'FSI-00167': yêu cầu 1; còn lại 0
TXN-SYNCHRONIZED-00586,REQ-SIM-00586,-,CUS-00586,FSI-00167,1,SYNCHRONIZED,pool-3-thread-586,3860862743400,3862922575600,false,Hết hàng! Sản phẩm Flash Sale 'FSI-00167': yêu cầu 1; còn lại 0
TXN-SYNCHRONIZED-00587,REQ-SIM-00587,-,CUS-00587,FSI-00167,1,SYNCHRONIZED,pool-3-thread-587,3860862752300,3862922895600,false,Hết hàng! Sản phẩm Flash Sale 'FSI-00167': yêu cầu 1; còn lại 0
TXN-SYNCHRONIZED-00588,REQ-SIM-00588,-,CUS-00588,FSI-00167,1,SYNCHRONIZED,pool-3-thread-588,3860862761600,3862923220600,false,Hết hàng! Sản phẩm Flash Sale 'FSI-00167': yêu cầu 1; còn lại 0
TXN-SYNCHRONIZED-00589,REQ-SIM-00589,-,CUS-00589,FSI-00167,1,SYNCHRONIZED,pool-3-thread-589,3860862770200,3862923683100,false,Hết hàng! Sản phẩm Flash Sale 'FSI-00167': yêu cầu 1; còn lại 0
TXN-SYNCHRONIZED-00590,REQ-SIM-00590,-,CUS-00590,FSI-00167,1,SYNCHRONIZED,pool-3-thread-590,3860862779000,3862924133400,false,Hết hàng! Sản phẩm Flash Sale 'FSI-00167': yêu cầu 1; còn lại 0
TXN-SYNCHRONIZED-00591,REQ-SIM-00591,-,CUS-00591,FSI-00167,1,SYNCHRONIZED,pool-3-thread-591,3860862787400,3862924496900,false,Hết hàng! Sản phẩm Flash Sale 'FSI-00167': yêu cầu 1; còn lại 0
TXN-SYNCHRONIZED-00592,REQ-SIM-00592,-,CUS-00592,FSI-00167,1,SYNCHRONIZED,pool-3-thread-592,3860862796700,3862924914400,false,Hết hàng! Sản phẩm Flash Sale 'FSI-00167': yêu cầu 1; còn lại 0
TXN-SYNCHRONIZED-00593,REQ-SIM-00593,-,CUS-00593,FSI-00167,1,SYNCHRONIZED,pool-3-thread-593,3860862805900,3862925275500,false,Hết hàng! Sản phẩm Flash Sale 'FSI-00167': yêu cầu 1; còn lại 0
TXN-SYNCHRONIZED-00594,REQ-SIM-00594,-,CUS-00594,FSI-00167,1,SYNCHRONIZED,pool-3-thread-594,3860862815100,3862925597400,false,Hết hàng! Sản phẩm Flash Sale 'FSI-00167': yêu cầu 1; còn lại 0
TXN-SYNCHRONIZED-00595,REQ-SIM-00595,-,CUS-00595,FSI-00167,1,SYNCHRONIZED,pool-3-thread-595,3860862824100,3862925922800,false,Hết hàng! Sản phẩm Flash Sale 'FSI-00167': yêu cầu 1; còn lại 0
TXN-SYNCHRONIZED-00596,REQ-SIM-00596,-,CUS-00596,FSI-00167,1,SYNCHRONIZED,pool-3-thread-596,3860862832800,3862926396600,false,Hết hàng! Sản phẩm Flash Sale 'FSI-00167': yêu cầu 1; còn lại 0
TXN-SYNCHRONIZED-00597,REQ-SIM-00597,-,CUS-00597,FSI-00167,1,SYNCHRONIZED,pool-3-thread-597,3860862840300,3862926893900,false,Hết hàng! Sản phẩm Flash Sale 'FSI-00167': yêu cầu 1; còn lại 0
TXN-SYNCHRONIZED-00598,REQ-SIM-00598,-,CUS-00598,FSI-00167,1,SYNCHRONIZED,pool-3-thread-598,3860862849300,3862927411100,false,Hết hàng! Sản phẩm Flash Sale 'FSI-00167': yêu cầu 1; còn lại 0
TXN-SYNCHRONIZED-00599,REQ-SIM-00599,-,CUS-00599,FSI-00167,1,SYNCHRONIZED,pool-3-thread-599,3860862858200,3862927862300,false,Hết hàng! Sản phẩm Flash Sale 'FSI-00167': yêu cầu 1; còn lại 0
TXN-SYNCHRONIZED-00600,REQ-SIM-00600,-,CUS-00600,FSI-00167,1,SYNCHRONIZED,pool-3-thread-600,3860862867600,3862928419200,false,Hết hàng! Sản phẩm Flash Sale 'FSI-00167': yêu cầu 1; còn lại 0
TXN-SYNCHRONIZED-00601,REQ-SIM-00601,-,CUS-00601,FSI-00167,1,SYNCHRONIZED,pool-3-thread-601,3860862876900,3862928834300,false,Hết hàng! Sản phẩm Flash Sale 'FSI-00167': yêu cầu 1; còn lại 0
TXN-SYNCHRONIZED-00602,REQ-SIM-00602,-,CUS-00602,FSI-00167,1,SYNCHRONIZED,pool-3-thread-602,3860862887600,3862929185300,false,Hết hàng! Sản phẩm Flash Sale 'FSI-00167': yêu cầu 1; còn lại 0
TXN-SYNCHRONIZED-00603,REQ-SIM-00603,-,CUS-00603,FSI-00167,1,SYNCHRONIZED,pool-3-thread-603,3860862895200,3862929540500,false,Hết hàng! Sản phẩm Flash Sale 'FSI-00167': yêu cầu 1; còn lại 0
TXN-SYNCHRONIZED-00604,REQ-SIM-00604,-,CUS-00604,FSI-00167,1,SYNCHRONIZED,pool-3-thread-604,3860862904100,3862929869900,false,Hết hàng! Sản phẩm Flash Sale 'FSI-00167': yêu cầu 1; còn lại 0
TXN-SYNCHRONIZED-00605,REQ-SIM-00605,-,CUS-00605,FSI-00167,1,SYNCHRONIZED,pool-3-thread-605,3860862912600,3862930207100,false,Hết hàng! Sản phẩm Flash Sale 'FSI-00167': yêu cầu 1; còn lại 0
TXN-SYNCHRONIZED-00606,REQ-SIM-00606,-,CUS-00606,FSI-00167,1,SYNCHRONIZED,pool-3-thread-606,3860862921600,3862930714100,false,Hết hàng! Sản phẩm Flash Sale 'FSI-00167': yêu cầu 1; còn lại 0
TXN-SYNCHRONIZED-00607,REQ-SIM-00607,-,CUS-00607,FSI-00167,1,SYNCHRONIZED,pool-3-thread-607,3860862930500,3862931046600,false,Hết hàng! Sản phẩm Flash Sale 'FSI-00167': yêu cầu 1; còn lại 0
TXN-SYNCHRONIZED-00608,REQ-SIM-00608,-,CUS-00608,FSI-00167,1,SYNCHRONIZED,pool-3-thread-608,3860862938700,3862931410100,false,Hết hàng! Sản phẩm Flash Sale 'FSI-00167': yêu cầu 1; còn lại 0
TXN-SYNCHRONIZED-00610,REQ-SIM-00610,-,CUS-00610,FSI-00167,1,SYNCHRONIZED,pool-3-thread-610,3860862947000,3862931783600,false,Hết hàng! Sản phẩm Flash Sale 'FSI-00167': yêu cầu 1; còn lại 0
TXN-SYNCHRONIZED-00609,REQ-SIM-00609,-,CUS-00609,FSI-00167,1,SYNCHRONIZED,pool-3-thread-609,3860862962300,3862932093800,false,Hết hàng! Sản phẩm Flash Sale 'FSI-00167': yêu cầu 1; còn lại 0
TXN-SYNCHRONIZED-00611,REQ-SIM-00611,-,CUS-00611,FSI-00167,1,SYNCHRONIZED,pool-3-thread-611,3860862970300,3862932404400,false,Hết hàng! Sản phẩm Flash Sale 'FSI-00167': yêu cầu 1; còn lại 0
TXN-SYNCHRONIZED-00612,REQ-SIM-00612,-,CUS-00612,FSI-00167,1,SYNCHRONIZED,pool-3-thread-612,3860862979700,3862932757600,false,Hết hàng! Sản phẩm Flash Sale 'FSI-00167': yêu cầu 1; còn lại 0
TXN-SYNCHRONIZED-00613,REQ-SIM-00613,-,CUS-00613,FSI-00167,1,SYNCHRONIZED,pool-3-thread-613,3860862988100,3862933074900,false,Hết hàng! Sản phẩm Flash Sale 'FSI-00167': yêu cầu 1; còn lại 0
TXN-SYNCHRONIZED-00614,REQ-SIM-00614,-,CUS-00614,FSI-00167,1,SYNCHRONIZED,pool-3-thread-614,3860862996700,3862933439100,false,Hết hàng! Sản phẩm Flash Sale 'FSI-00167': yêu cầu 1; còn lại 0
TXN-SYNCHRONIZED-00620,REQ-SIM-00620,-,CUS-00620,FSI-00167,1,SYNCHRONIZED,pool-3-thread-620,3860863004600,3862933763700,false,Hết hàng! Sản phẩm Flash Sale 'FSI-00167': yêu cầu 1; còn lại 0
TXN-SYNCHRONIZED-00626,REQ-SIM-00626,-,CUS-00626,FSI-00167,1,SYNCHRONIZED,pool-3-thread-626,3860863013400,3862934205200,false,Hết hàng! Sản phẩm Flash Sale 'FSI-00167': yêu cầu 1; còn lại 0
TXN-SYNCHRONIZED-00617,REQ-SIM-00617,-,CUS-00617,FSI-00167,1,SYNCHRONIZED,pool-3-thread-617,3860863021500,3862934670400,false,Hết hàng! Sản phẩm Flash Sale 'FSI-00167': yêu cầu 1; còn lại 0
TXN-SYNCHRONIZED-00618,REQ-SIM-00618,-,CUS-00618,FSI-00167,1,SYNCHRONIZED,pool-3-thread-618,3860863030500,3862934993200,false,Hết hàng! Sản phẩm Flash Sale 'FSI-00167': yêu cầu 1; còn lại 0
TXN-SYNCHRONIZED-00619,REQ-SIM-00619,-,CUS-00619,FSI-00167,1,SYNCHRONIZED,pool-3-thread-619,3860863039400,3862935333600,false,Hết hàng! Sản phẩm Flash Sale 'FSI-00167': yêu cầu 1; còn lại 0
TXN-SYNCHRONIZED-00622,REQ-SIM-00622,-,CUS-00622,FSI-00167,1,SYNCHRONIZED,pool-3-thread-622,3860863048400,3862935652300,false,Hết hàng! Sản phẩm Flash Sale 'FSI-00167': yêu cầu 1; còn lại 0
TXN-SYNCHRONIZED-00630,REQ-SIM-00630,-,CUS-00630,FSI-00167,1,SYNCHRONIZED,pool-3-thread-630,3860863057100,3862935972400,false,Hết hàng! Sản phẩm Flash Sale 'FSI-00167': yêu cầu 1; còn lại 0
TXN-SYNCHRONIZED-00621,REQ-SIM-00621,-,CUS-00621,FSI-00167,1,SYNCHRONIZED,pool-3-thread-621,3860863066200,3862936287700,false,Hết hàng! Sản phẩm Flash Sale 'FSI-00167': yêu cầu 1; còn lại 0
TXN-SYNCHRONIZED-00623,REQ-SIM-00623,-,CUS-00623,FSI-00167,1,SYNCHRONIZED,pool-3-thread-623,3860863078400,3862936615800,false,Hết hàng! Sản phẩm Flash Sale 'FSI-00167': yêu cầu 1; còn lại 0
TXN-SYNCHRONIZED-00624,REQ-SIM-00624,-,CUS-00624,FSI-00167,1,SYNCHRONIZED,pool-3-thread-624,3860863085900,3862936925300,false,Hết hàng! Sản phẩm Flash Sale 'FSI-00167': yêu cầu 1; còn lại 0
TXN-SYNCHRONIZED-00625,REQ-SIM-00625,-,CUS-00625,FSI-00167,1,SYNCHRONIZED,pool-3-thread-625,3860863094000,3862937273300,false,Hết hàng! Sản phẩm Flash Sale 'FSI-00167': yêu cầu 1; còn lại 0
TXN-SYNCHRONIZED-00616,REQ-SIM-00616,-,CUS-00616,FSI-00167,1,SYNCHRONIZED,pool-3-thread-616,3860863102400,3862937599800,false,Hết hàng! Sản phẩm Flash Sale 'FSI-00167': yêu cầu 1; còn lại 0
TXN-SYNCHRONIZED-00627,REQ-SIM-00627,-,CUS-00627,FSI-00167,1,SYNCHRONIZED,pool-3-thread-627,3860863116000,3862937968700,false,Hết hàng! Sản phẩm Flash Sale 'FSI-00167': yêu cầu 1; còn lại 0
TXN-SYNCHRONIZED-00628,REQ-SIM-00628,-,CUS-00628,FSI-00167,1,SYNCHRONIZED,pool-3-thread-628,3860863126200,3862938308200,false,Hết hàng! Sản phẩm Flash Sale 'FSI-00167': yêu cầu 1; còn lại 0
TXN-SYNCHRONIZED-00629,REQ-SIM-00629,-,CUS-00629,FSI-00167,1,SYNCHRONIZED,pool-3-thread-629,3860863134800,3862938624900,false,Hết hàng! Sản phẩm Flash Sale 'FSI-00167': yêu cầu 1; còn lại 0
TXN-SYNCHRONIZED-00615,REQ-SIM-00615,-,CUS-00615,FSI-00167,1,SYNCHRONIZED,pool-3-thread-615,3860863144500,3862938980100,false,Hết hàng! Sản phẩm Flash Sale 'FSI-00167': yêu cầu 1; còn lại 0
TXN-SYNCHRONIZED-00631,REQ-SIM-00631,-,CUS-00631,FSI-00167,1,SYNCHRONIZED,pool-3-thread-631,3860863152600,3862939444000,false,Hết hàng! Sản phẩm Flash Sale 'FSI-00167': yêu cầu 1; còn lại 0
TXN-SYNCHRONIZED-00632,REQ-SIM-00632,-,CUS-00632,FSI-00167,1,SYNCHRONIZED,pool-3-thread-632,3860863161100,3862939788500,false,Hết hàng! Sản phẩm Flash Sale 'FSI-00167': yêu cầu 1; còn lại 0
TXN-SYNCHRONIZED-00642,REQ-SIM-00642,-,CUS-00642,FSI-00167,1,SYNCHRONIZED,pool-3-thread-642,3860863170900,3862940116000,false,Hết hàng! Sản phẩm Flash Sale 'FSI-00167': yêu cầu 1; còn lại 0
TXN-SYNCHRONIZED-00643,REQ-SIM-00643,-,CUS-00643,FSI-00167,1,SYNCHRONIZED,pool-3-thread-643,3860863179800,3862940446500,false,Hết hàng! Sản phẩm Flash Sale 'FSI-00167': yêu cầu 1; còn lại 0
TXN-SYNCHRONIZED-00635,REQ-SIM-00635,-,CUS-00635,FSI-00167,1,SYNCHRONIZED,pool-3-thread-635,3860863187800,3862940765900,false,Hết hàng! Sản phẩm Flash Sale 'FSI-00167': yêu cầu 1; còn lại 0
TXN-SYNCHRONIZED-00636,REQ-SIM-00636,-,CUS-00636,FSI-00167,1,SYNCHRONIZED,pool-3-thread-636,3860863196800,3862941097700,false,Hết hàng! Sản phẩm Flash Sale 'FSI-00167': yêu cầu 1; còn lại 0
TXN-SYNCHRONIZED-00637,REQ-SIM-00637,-,CUS-00637,FSI-00167,1,SYNCHRONIZED,pool-3-thread-637,3860863206100,3862941453900,false,Hết hàng! Sản phẩm Flash Sale 'FSI-00167': yêu cầu 1; còn lại 0
TXN-SYNCHRONIZED-00638,REQ-SIM-00638,-,CUS-00638,FSI-00167,1,SYNCHRONIZED,pool-3-thread-638,3860863214700,3862941768800,false,Hết hàng! Sản phẩm Flash Sale 'FSI-00167': yêu cầu 1; còn lại 0
TXN-SYNCHRONIZED-00640,REQ-SIM-00640,-,CUS-00640,FSI-00167,1,SYNCHRONIZED,pool-3-thread-640,3860863223300,3862942104000,false,Hết hàng! Sản phẩm Flash Sale 'FSI-00167': yêu cầu 1; còn lại 0
TXN-SYNCHRONIZED-00641,REQ-SIM-00641,-,CUS-00641,FSI-00167,1,SYNCHRONIZED,pool-3-thread-641,3860863232600,3862942486500,false,Hết hàng! Sản phẩm Flash Sale 'FSI-00167': yêu cầu 1; còn lại 0
TXN-SYNCHRONIZED-00639,REQ-SIM-00639,-,CUS-00639,FSI-00167,1,SYNCHRONIZED,pool-3-thread-639,3860863245700,3862942998000,false,Hết hàng! Sản phẩm Flash Sale 'FSI-00167': yêu cầu 1; còn lại 0
TXN-SYNCHRONIZED-00633,REQ-SIM-00633,-,CUS-00633,FSI-00167,1,SYNCHRONIZED,pool-3-thread-633,3860863254300,3862943354200,false,Hết hàng! Sản phẩm Flash Sale 'FSI-00167': yêu cầu 1; còn lại 0
TXN-SYNCHRONIZED-00634,REQ-SIM-00634,-,CUS-00634,FSI-00167,1,SYNCHRONIZED,pool-3-thread-634,3860863263800,3862943723000,false,Hết hàng! Sản phẩm Flash Sale 'FSI-00167': yêu cầu 1; còn lại 0
TXN-SYNCHRONIZED-00644,REQ-SIM-00644,-,CUS-00644,FSI-00167,1,SYNCHRONIZED,pool-3-thread-644,3860863273900,3862944083600,false,Hết hàng! Sản phẩm Flash Sale 'FSI-00167': yêu cầu 1; còn lại 0
TXN-SYNCHRONIZED-00645,REQ-SIM-00645,-,CUS-00645,FSI-00167,1,SYNCHRONIZED,pool-3-thread-645,3860863281600,3862944573100,false,Hết hàng! Sản phẩm Flash Sale 'FSI-00167': yêu cầu 1; còn lại 0
TXN-SYNCHRONIZED-00646,REQ-SIM-00646,-,CUS-00646,FSI-00167,1,SYNCHRONIZED,pool-3-thread-646,3860863289900,3862944932100,false,Hết hàng! Sản phẩm Flash Sale 'FSI-00167': yêu cầu 1; còn lại 0
TXN-SYNCHRONIZED-00647,REQ-SIM-00647,-,CUS-00647,FSI-00167,1,SYNCHRONIZED,pool-3-thread-647,3860863298300,3862945331200,false,Hết hàng! Sản phẩm Flash Sale 'FSI-00167': yêu cầu 1; còn lại 0
TXN-SYNCHRONIZED-00648,REQ-SIM-00648,-,CUS-00648,FSI-00167,1,SYNCHRONIZED,pool-3-thread-648,3860863308400,3862945672400,false,Hết hàng! Sản phẩm Flash Sale 'FSI-00167': yêu cầu 1; còn lại 0
TXN-SYNCHRONIZED-00653,REQ-SIM-00653,-,CUS-00653,FSI-00167,1,SYNCHRONIZED,pool-3-thread-653,3860863317000,3862946102300,false,Hết hàng! Sản phẩm Flash Sale 'FSI-00167': yêu cầu 1; còn lại 0
TXN-SYNCHRONIZED-00650,REQ-SIM-00650,-,CUS-00650,FSI-00167,1,SYNCHRONIZED,pool-3-thread-650,3860863325500,3862946485000,false,Hết hàng! Sản phẩm Flash Sale 'FSI-00167': yêu cầu 1; còn lại 0
TXN-SYNCHRONIZED-00651,REQ-SIM-00651,-,CUS-00651,FSI-00167,1,SYNCHRONIZED,pool-3-thread-651,3860863336100,3862946855900,false,Hết hàng! Sản phẩm Flash Sale 'FSI-00167': yêu cầu 1; còn lại 0
TXN-SYNCHRONIZED-00654,REQ-SIM-00654,-,CUS-00654,FSI-00167,1,SYNCHRONIZED,pool-3-thread-654,3860863344000,3862947210400,false,Hết hàng! Sản phẩm Flash Sale 'FSI-00167': yêu cầu 1; còn lại 0
TXN-SYNCHRONIZED-00652,REQ-SIM-00652,-,CUS-00652,FSI-00167,1,SYNCHRONIZED,pool-3-thread-652,3860863352900,3862947564100,false,Hết hàng! Sản phẩm Flash Sale 'FSI-00167': yêu cầu 1; còn lại 0
TXN-SYNCHRONIZED-00659,REQ-SIM-00659,-,CUS-00659,FSI-00167,1,SYNCHRONIZED,pool-3-thread-659,3860863361800,3862947938600,false,Hết hàng! Sản phẩm Flash Sale 'FSI-00167': yêu cầu 1; còn lại 0
TXN-SYNCHRONIZED-00655,REQ-SIM-00655,-,CUS-00655,FSI-00167,1,SYNCHRONIZED,pool-3-thread-655,3860863370900,3862948305700,false,Hết hàng! Sản phẩm Flash Sale 'FSI-00167': yêu cầu 1; còn lại 0
TXN-SYNCHRONIZED-00656,REQ-SIM-00656,-,CUS-00656,FSI-00167,1,SYNCHRONIZED,pool-3-thread-656,3860863382700,3862948663600,false,Hết hàng! Sản phẩm Flash Sale 'FSI-00167': yêu cầu 1; còn lại 0
TXN-SYNCHRONIZED-00657,REQ-SIM-00657,-,CUS-00657,FSI-00167,1,SYNCHRONIZED,pool-3-thread-657,3860863390800,3862949018500,false,Hết hàng! Sản phẩm Flash Sale 'FSI-00167': yêu cầu 1; còn lại 0
TXN-SYNCHRONIZED-00658,REQ-SIM-00658,-,CUS-00658,FSI-00167,1,SYNCHRONIZED,pool-3-thread-658,3860863398700,3862949374000,false,Hết hàng! Sản phẩm Flash Sale 'FSI-00167': yêu cầu 1; còn lại 0
TXN-SYNCHRONIZED-00663,REQ-SIM-00663,-,CUS-00663,FSI-00167,1,SYNCHRONIZED,pool-3-thread-663,3860863408800,3862949708500,false,Hết hàng! Sản phẩm Flash Sale 'FSI-00167': yêu cầu 1; còn lại 0
TXN-SYNCHRONIZED-00660,REQ-SIM-00660,-,CUS-00660,FSI-00167,1,SYNCHRONIZED,pool-3-thread-660,3860863417800,3862950218400,false,Hết hàng! Sản phẩm Flash Sale 'FSI-00167': yêu cầu 1; còn lại 0
TXN-SYNCHRONIZED-00661,REQ-SIM-00661,-,CUS-00661,FSI-00167,1,SYNCHRONIZED,pool-3-thread-661,3860863426100,3862950742300,false,Hết hàng! Sản phẩm Flash Sale 'FSI-00167': yêu cầu 1; còn lại 0
TXN-SYNCHRONIZED-00662,REQ-SIM-00662,-,CUS-00662,FSI-00167,1,SYNCHRONIZED,pool-3-thread-662,3860863435500,3862951142500,false,Hết hàng! Sản phẩm Flash Sale 'FSI-00167': yêu cầu 1; còn lại 0
TXN-SYNCHRONIZED-00649,REQ-SIM-00649,-,CUS-00649,FSI-00167,1,SYNCHRONIZED,pool-3-thread-649,3860863444700,3862951615100,false,Hết hàng! Sản phẩm Flash Sale 'FSI-00167': yêu cầu 1; còn lại 0
TXN-SYNCHRONIZED-00664,REQ-SIM-00664,-,CUS-00664,FSI-00167,1,SYNCHRONIZED,pool-3-thread-664,3860863453200,3862952121300,false,Hết hàng! Sản phẩm Flash Sale 'FSI-00167': yêu cầu 1; còn lại 0
TXN-SYNCHRONIZED-00665,REQ-SIM-00665,-,CUS-00665,FSI-00167,1,SYNCHRONIZED,pool-3-thread-665,3860863462900,3862952614300,false,Hết hàng! Sản phẩm Flash Sale 'FSI-00167': yêu cầu 1; còn lại 0
TXN-SYNCHRONIZED-00666,REQ-SIM-00666,-,CUS-00666,FSI-00167,1,SYNCHRONIZED,pool-3-thread-666,3860863471700,3862952975500,false,Hết hàng! Sản phẩm Flash Sale 'FSI-00167': yêu cầu 1; còn lại 0
TXN-SYNCHRONIZED-00667,REQ-SIM-00667,-,CUS-00667,FSI-00167,1,SYNCHRONIZED,pool-3-thread-667,3860863480500,3862953303900,false,Hết hàng! Sản phẩm Flash Sale 'FSI-00167': yêu cầu 1; còn lại 0
TXN-SYNCHRONIZED-00670,REQ-SIM-00670,-,CUS-00670,FSI-00167,1,SYNCHRONIZED,pool-3-thread-670,3860863489300,3862953629300,false,Hết hàng! Sản phẩm Flash Sale 'FSI-00167': yêu cầu 1; còn lại 0
TXN-SYNCHRONIZED-00672,REQ-SIM-00672,-,CUS-00672,FSI-00167,1,SYNCHRONIZED,pool-3-thread-672,3860863497900,3862953965600,false,Hết hàng! Sản phẩm Flash Sale 'FSI-00167': yêu cầu 1; còn lại 0
TXN-SYNCHRONIZED-00668,REQ-SIM-00668,-,CUS-00668,FSI-00167,1,SYNCHRONIZED,pool-3-thread-668,3860863506900,3862954290400,false,Hết hàng! Sản phẩm Flash Sale 'FSI-00167': yêu cầu 1; còn lại 0
TXN-SYNCHRONIZED-00669,REQ-SIM-00669,-,CUS-00669,FSI-00167,1,SYNCHRONIZED,pool-3-thread-669,3860863514500,3862954612800,false,Hết hàng! Sản phẩm Flash Sale 'FSI-00167': yêu cầu 1; còn lại 0
TXN-SYNCHRONIZED-00673,REQ-SIM-00673,-,CUS-00673,FSI-00167,1,SYNCHRONIZED,pool-3-thread-673,3860863523300,3862954993200,false,Hết hàng! Sản phẩm Flash Sale 'FSI-00167': yêu cầu 1; còn lại 0
TXN-SYNCHRONIZED-00682,REQ-SIM-00682,-,CUS-00682,FSI-00167,1,SYNCHRONIZED,pool-3-thread-682,3860863532300,3862955383000,false,Hết hàng! Sản phẩm Flash Sale 'FSI-00167': yêu cầu 1; còn lại 0
TXN-SYNCHRONIZED-00676,REQ-SIM-00676,-,CUS-00676,FSI-00167,1,SYNCHRONIZED,pool-3-thread-676,3860863541000,3862955737300,false,Hết hàng! Sản phẩm Flash Sale 'FSI-00167': yêu cầu 1; còn lại 0
TXN-SYNCHRONIZED-00674,REQ-SIM-00674,-,CUS-00674,FSI-00167,1,SYNCHRONIZED,pool-3-thread-674,3860863555100,3862956069300,false,Hết hàng! Sản phẩm Flash Sale 'FSI-00167': yêu cầu 1; còn lại 0
TXN-SYNCHRONIZED-00671,REQ-SIM-00671,-,CUS-00671,FSI-00167,1,SYNCHRONIZED,pool-3-thread-671,3860863562200,3862956407400,false,Hết hàng! Sản phẩm Flash Sale 'FSI-00167': yêu cầu 1; còn lại 0
TXN-SYNCHRONIZED-00677,REQ-SIM-00677,-,CUS-00677,FSI-00167,1,SYNCHRONIZED,pool-3-thread-677,3860863571100,3862956788200,false,Hết hàng! Sản phẩm Flash Sale 'FSI-00167': yêu cầu 1; còn lại 0
TXN-SYNCHRONIZED-00678,REQ-SIM-00678,-,CUS-00678,FSI-00167,1,SYNCHRONIZED,pool-3-thread-678,3860863579600,3862957188300,false,Hết hàng! Sản phẩm Flash Sale 'FSI-00167': yêu cầu 1; còn lại 0
TXN-SYNCHRONIZED-00679,REQ-SIM-00679,-,CUS-00679,FSI-00167,1,SYNCHRONIZED,pool-3-thread-679,3860863588000,3862957548400,false,Hết hàng! Sản phẩm Flash Sale 'FSI-00167': yêu cầu 1; còn lại 0
TXN-SYNCHRONIZED-00684,REQ-SIM-00684,-,CUS-00684,FSI-00167,1,SYNCHRONIZED,pool-3-thread-684,3860863596600,3862957958000,false,Hết hàng! Sản phẩm Flash Sale 'FSI-00167': yêu cầu 1; còn lại 0
TXN-SYNCHRONIZED-00685,REQ-SIM-00685,-,CUS-00685,FSI-00167,1,SYNCHRONIZED,pool-3-thread-685,3860863605300,3862958468600,false,Hết hàng! Sản phẩm Flash Sale 'FSI-00167': yêu cầu 1; còn lại 0
TXN-SYNCHRONIZED-00680,REQ-SIM-00680,-,CUS-00680,FSI-00167,1,SYNCHRONIZED,pool-3-thread-680,3860863614000,3862958988600,false,Hết hàng! Sản phẩm Flash Sale 'FSI-00167': yêu cầu 1; còn lại 0
TXN-SYNCHRONIZED-00681,REQ-SIM-00681,-,CUS-00681,FSI-00167,1,SYNCHRONIZED,pool-3-thread-681,3860863622900,3862959504000,false,Hết hàng! Sản phẩm Flash Sale 'FSI-00167': yêu cầu 1; còn lại 0
TXN-SYNCHRONIZED-00686,REQ-SIM-00686,-,CUS-00686,FSI-00167,1,SYNCHRONIZED,pool-3-thread-686,3860863635500,3862960027100,false,Hết hàng! Sản phẩm Flash Sale 'FSI-00167': yêu cầu 1; còn lại 0
TXN-SYNCHRONIZED-00675,REQ-SIM-00675,-,CUS-00675,FSI-00167,1,SYNCHRONIZED,pool-3-thread-675,3860863643300,3862960527200,false,Hết hàng! Sản phẩm Flash Sale 'FSI-00167': yêu cầu 1; còn lại 0
TXN-SYNCHRONIZED-00683,REQ-SIM-00683,-,CUS-00683,FSI-00167,1,SYNCHRONIZED,pool-3-thread-683,3860863652000,3862961016100,false,Hết hàng! Sản phẩm Flash Sale 'FSI-00167': yêu cầu 1; còn lại 0
TXN-SYNCHRONIZED-00687,REQ-SIM-00687,-,CUS-00687,FSI-00167,1,SYNCHRONIZED,pool-3-thread-687,3860863662800,3862961528500,false,Hết hàng! Sản phẩm Flash Sale 'FSI-00167': yêu cầu 1; còn lại 0
TXN-SYNCHRONIZED-00688,REQ-SIM-00688,-,CUS-00688,FSI-00167,1,SYNCHRONIZED,pool-3-thread-688,3860863671200,3862962031700,false,Hết hàng! Sản phẩm Flash Sale 'FSI-00167': yêu cầu 1; còn lại 0
TXN-SYNCHRONIZED-00689,REQ-SIM-00689,-,CUS-00689,FSI-00167,1,SYNCHRONIZED,pool-3-thread-689,3860863681300,3862962506800,false,Hết hàng! Sản phẩm Flash Sale 'FSI-00167': yêu cầu 1; còn lại 0
TXN-SYNCHRONIZED-00691,REQ-SIM-00691,-,CUS-00691,FSI-00167,1,SYNCHRONIZED,pool-3-thread-691,3860863690600,3862962908800,false,Hết hàng! Sản phẩm Flash Sale 'FSI-00167': yêu cầu 1; còn lại 0
TXN-SYNCHRONIZED-00690,REQ-SIM-00690,-,CUS-00690,FSI-00167,1,SYNCHRONIZED,pool-3-thread-690,3860863701700,3862963443800,false,Hết hàng! Sản phẩm Flash Sale 'FSI-00167': yêu cầu 1; còn lại 0
TXN-SYNCHRONIZED-00696,REQ-SIM-00696,-,CUS-00696,FSI-00167,1,SYNCHRONIZED,pool-3-thread-696,3860863711200,3862963901300,false,Hết hàng! Sản phẩm Flash Sale 'FSI-00167': yêu cầu 1; còn lại 0
TXN-SYNCHRONIZED-00697,REQ-SIM-00697,-,CUS-00697,FSI-00167,1,SYNCHRONIZED,pool-3-thread-697,3860863721100,3862964381000,false,Hết hàng! Sản phẩm Flash Sale 'FSI-00167': yêu cầu 1; còn lại 0
TXN-SYNCHRONIZED-00692,REQ-SIM-00692,-,CUS-00692,FSI-00167,1,SYNCHRONIZED,pool-3-thread-692,3860863732300,3862964933600,false,Hết hàng! Sản phẩm Flash Sale 'FSI-00167': yêu cầu 1; còn lại 0
TXN-SYNCHRONIZED-00693,REQ-SIM-00693,-,CUS-00693,FSI-00167,1,SYNCHRONIZED,pool-3-thread-693,3860863741000,3862965425900,false,Hết hàng! Sản phẩm Flash Sale 'FSI-00167': yêu cầu 1; còn lại 0
TXN-SYNCHRONIZED-00720,REQ-SIM-00720,-,CUS-00720,FSI-00167,1,SYNCHRONIZED,pool-3-thread-720,3860863751300,3862965940100,false,Hết hàng! Sản phẩm Flash Sale 'FSI-00167': yêu cầu 1; còn lại 0
TXN-SYNCHRONIZED-00699,REQ-SIM-00699,-,CUS-00699,FSI-00167,1,SYNCHRONIZED,pool-3-thread-699,3860863764500,3862966299300,false,Hết hàng! Sản phẩm Flash Sale 'FSI-00167': yêu cầu 1; còn lại 0
TXN-SYNCHRONIZED-00694,REQ-SIM-00694,-,CUS-00694,FSI-00167,1,SYNCHRONIZED,pool-3-thread-694,3860863772300,3862966785200,false,Hết hàng! Sản phẩm Flash Sale 'FSI-00167': yêu cầu 1; còn lại 0
TXN-SYNCHRONIZED-00695,REQ-SIM-00695,-,CUS-00695,FSI-00167,1,SYNCHRONIZED,pool-3-thread-695,3860863781000,3862967147300,false,Hết hàng! Sản phẩm Flash Sale 'FSI-00167': yêu cầu 1; còn lại 0
TXN-SYNCHRONIZED-00700,REQ-SIM-00700,-,CUS-00700,FSI-00167,1,SYNCHRONIZED,pool-3-thread-700,3860863790300,3862967548800,false,Hết hàng! Sản phẩm Flash Sale 'FSI-00167': yêu cầu 1; còn lại 0
TXN-SYNCHRONIZED-00701,REQ-SIM-00701,-,CUS-00701,FSI-00167,1,SYNCHRONIZED,pool-3-thread-701,3860863799600,3862968025900,false,Hết hàng! Sản phẩm Flash Sale 'FSI-00167': yêu cầu 1; còn lại 0
TXN-SYNCHRONIZED-00704,REQ-SIM-00704,-,CUS-00704,FSI-00167,1,SYNCHRONIZED,pool-3-thread-704,3860863808400,3862968414100,false,Hết hàng! Sản phẩm Flash Sale 'FSI-00167': yêu cầu 1; còn lại 0
TXN-SYNCHRONIZED-00727,REQ-SIM-00727,-,CUS-00727,FSI-00167,1,SYNCHRONIZED,pool-3-thread-727,3860863816200,3862968827700,false,Hết hàng! Sản phẩm Flash Sale 'FSI-00167': yêu cầu 1; còn lại 0
TXN-SYNCHRONIZED-00707,REQ-SIM-00707,-,CUS-00707,FSI-00167,1,SYNCHRONIZED,pool-3-thread-707,3860863824500,3862969166000,false,Hết hàng! Sản phẩm Flash Sale 'FSI-00167': yêu cầu 1; còn lại 0
TXN-SYNCHRONIZED-00706,REQ-SIM-00706,-,CUS-00706,FSI-00167,1,SYNCHRONIZED,pool-3-thread-706,3860863832000,3862969649000,false,Hết hàng! Sản phẩm Flash Sale 'FSI-00167': yêu cầu 1; còn lại 0
TXN-SYNCHRONIZED-00702,REQ-SIM-00702,-,CUS-00702,FSI-00167,1,SYNCHRONIZED,pool-3-thread-702,3860863841400,3862970030800,false,Hết hàng! Sản phẩm Flash Sale 'FSI-00167': yêu cầu 1; còn lại 0
TXN-SYNCHRONIZED-00703,REQ-SIM-00703,-,CUS-00703,FSI-00167,1,SYNCHRONIZED,pool-3-thread-703,3860863850200,3862970367500,false,Hết hàng! Sản phẩm Flash Sale 'FSI-00167': yêu cầu 1; còn lại 0
TXN-SYNCHRONIZED-00708,REQ-SIM-00708,-,CUS-00708,FSI-00167,1,SYNCHRONIZED,pool-3-thread-708,3860863859100,3862970877000,false,Hết hàng! Sản phẩm Flash Sale 'FSI-00167': yêu cầu 1; còn lại 0
TXN-SYNCHRONIZED-00709,REQ-SIM-00709,-,CUS-00709,FSI-00167,1,SYNCHRONIZED,pool-3-thread-709,3860863868700,3862971208500,false,Hết hàng! Sản phẩm Flash Sale 'FSI-00167': yêu cầu 1; còn lại 0
TXN-SYNCHRONIZED-00712,REQ-SIM-00712,-,CUS-00712,FSI-00167,1,SYNCHRONIZED,pool-3-thread-712,3860863877800,3862971550100,false,Hết hàng! Sản phẩm Flash Sale 'FSI-00167': yêu cầu 1; còn lại 0
TXN-SYNCHRONIZED-00735,REQ-SIM-00735,-,CUS-00735,FSI-00167,1,SYNCHRONIZED,pool-3-thread-735,3860863893000,3862972051600,false,Hết hàng! Sản phẩm Flash Sale 'FSI-00167': yêu cầu 1; còn lại 0
TXN-SYNCHRONIZED-00713,REQ-SIM-00713,-,CUS-00713,FSI-00167,1,SYNCHRONIZED,pool-3-thread-713,3860863900500,3862972376900,false,Hết hàng! Sản phẩm Flash Sale 'FSI-00167': yêu cầu 1; còn lại 0
TXN-SYNCHRONIZED-00736,REQ-SIM-00736,-,CUS-00736,FSI-00167,1,SYNCHRONIZED,pool-3-thread-736,3860863908700,3862972715700,false,Hết hàng! Sản phẩm Flash Sale 'FSI-00167': yêu cầu 1; còn lại 0
TXN-SYNCHRONIZED-00714,REQ-SIM-00714,-,CUS-00714,FSI-00167,1,SYNCHRONIZED,pool-3-thread-714,3860863917800,3862973139200,false,Hết hàng! Sản phẩm Flash Sale 'FSI-00167': yêu cầu 1; còn lại 0
TXN-SYNCHRONIZED-00716,REQ-SIM-00716,-,CUS-00716,FSI-00167,1,SYNCHRONIZED,pool-3-thread-716,3860863926700,3862973691100,false,Hết hàng! Sản phẩm Flash Sale 'FSI-00167': yêu cầu 1; còn lại 0
TXN-SYNCHRONIZED-00715,REQ-SIM-00715,-,CUS-00715,FSI-00167,1,SYNCHRONIZED,pool-3-thread-715,3860863934700,3862974055300,false,Hết hàng! Sản phẩm Flash Sale 'FSI-00167': yêu cầu 1; còn lại 0
TXN-SYNCHRONIZED-00717,REQ-SIM-00717,-,CUS-00717,FSI-00167,1,SYNCHRONIZED,pool-3-thread-717,3860863942600,3862974404900,false,Hết hàng! Sản phẩm Flash Sale 'FSI-00167': yêu cầu 1; còn lại 0
TXN-SYNCHRONIZED-00718,REQ-SIM-00718,-,CUS-00718,FSI-00167,1,SYNCHRONIZED,pool-3-thread-718,3860863950300,3862974761500,false,Hết hàng! Sản phẩm Flash Sale 'FSI-00167': yêu cầu 1; còn lại 0
TXN-SYNCHRONIZED-00719,REQ-SIM-00719,-,CUS-00719,FSI-00167,1,SYNCHRONIZED,pool-3-thread-719,3860863958800,3862975127800,false,Hết hàng! Sản phẩm Flash Sale 'FSI-00167': yêu cầu 1; còn lại 0
TXN-SYNCHRONIZED-00698,REQ-SIM-00698,-,CUS-00698,FSI-00167,1,SYNCHRONIZED,pool-3-thread-698,3860863971700,3862975538700,false,Hết hàng! Sản phẩm Flash Sale 'FSI-00167': yêu cầu 1; còn lại 0
TXN-SYNCHRONIZED-00721,REQ-SIM-00721,-,CUS-00721,FSI-00167,1,SYNCHRONIZED,pool-3-thread-721,3860863979200,3862975901700,false,Hết hàng! Sản phẩm Flash Sale 'FSI-00167': yêu cầu 1; còn lại 0
TXN-SYNCHRONIZED-00722,REQ-SIM-00722,-,CUS-00722,FSI-00167,1,SYNCHRONIZED,pool-3-thread-722,3860863987300,3862976256400,false,Hết hàng! Sản phẩm Flash Sale 'FSI-00167': yêu cầu 1; còn lại 0
TXN-SYNCHRONIZED-00723,REQ-SIM-00723,-,CUS-00723,FSI-00167,1,SYNCHRONIZED,pool-3-thread-723,3860863995200,3862976606200,false,Hết hàng! Sản phẩm Flash Sale 'FSI-00167': yêu cầu 1; còn lại 0
TXN-SYNCHRONIZED-00724,REQ-SIM-00724,-,CUS-00724,FSI-00167,1,SYNCHRONIZED,pool-3-thread-724,3860864004300,3862977119600,false,Hết hàng! Sản phẩm Flash Sale 'FSI-00167': yêu cầu 1; còn lại 0
TXN-SYNCHRONIZED-00725,REQ-SIM-00725,-,CUS-00725,FSI-00167,1,SYNCHRONIZED,pool-3-thread-725,3860864012900,3862977654000,false,Hết hàng! Sản phẩm Flash Sale 'FSI-00167': yêu cầu 1; còn lại 0
TXN-SYNCHRONIZED-00726,REQ-SIM-00726,-,CUS-00726,FSI-00167,1,SYNCHRONIZED,pool-3-thread-726,3860864021900,3862978034700,false,Hết hàng! Sản phẩm Flash Sale 'FSI-00167': yêu cầu 1; còn lại 0
TXN-SYNCHRONIZED-00748,REQ-SIM-00748,-,CUS-00748,FSI-00167,1,SYNCHRONIZED,pool-3-thread-748,3860864030600,3862978574800,false,Hết hàng! Sản phẩm Flash Sale 'FSI-00167': yêu cầu 1; còn lại 0
TXN-SYNCHRONIZED-00728,REQ-SIM-00728,-,CUS-00728,FSI-00167,1,SYNCHRONIZED,pool-3-thread-728,3860864038500,3862978929800,false,Hết hàng! Sản phẩm Flash Sale 'FSI-00167': yêu cầu 1; còn lại 0
TXN-SYNCHRONIZED-00729,REQ-SIM-00729,-,CUS-00729,FSI-00167,1,SYNCHRONIZED,pool-3-thread-729,3860864046400,3862979455700,false,Hết hàng! Sản phẩm Flash Sale 'FSI-00167': yêu cầu 1; còn lại 0
TXN-SYNCHRONIZED-00730,REQ-SIM-00730,-,CUS-00730,FSI-00167,1,SYNCHRONIZED,pool-3-thread-730,3860864054500,3862979973400,false,Hết hàng! Sản phẩm Flash Sale 'FSI-00167': yêu cầu 1; còn lại 0
TXN-SYNCHRONIZED-00731,REQ-SIM-00731,-,CUS-00731,FSI-00167,1,SYNCHRONIZED,pool-3-thread-731,3860864064300,3862980466700,false,Hết hàng! Sản phẩm Flash Sale 'FSI-00167': yêu cầu 1; còn lại 0
TXN-SYNCHRONIZED-00732,REQ-SIM-00732,-,CUS-00732,FSI-00167,1,SYNCHRONIZED,pool-3-thread-732,3860864073100,3862980839400,false,Hết hàng! Sản phẩm Flash Sale 'FSI-00167': yêu cầu 1; còn lại 0
TXN-SYNCHRONIZED-00733,REQ-SIM-00733,-,CUS-00733,FSI-00167,1,SYNCHRONIZED,pool-3-thread-733,3860864082900,3862981167500,false,Hết hàng! Sản phẩm Flash Sale 'FSI-00167': yêu cầu 1; còn lại 0
TXN-SYNCHRONIZED-00734,REQ-SIM-00734,-,CUS-00734,FSI-00167,1,SYNCHRONIZED,pool-3-thread-734,3860864091300,3862981489600,false,Hết hàng! Sản phẩm Flash Sale 'FSI-00167': yêu cầu 1; còn lại 0
TXN-SYNCHRONIZED-00710,REQ-SIM-00710,-,CUS-00710,FSI-00167,1,SYNCHRONIZED,pool-3-thread-710,3860864099200,3862981830900,false,Hết hàng! Sản phẩm Flash Sale 'FSI-00167': yêu cầu 1; còn lại 0
TXN-SYNCHRONIZED-00711,REQ-SIM-00711,-,CUS-00711,FSI-00167,1,SYNCHRONIZED,pool-3-thread-711,3860864108000,3862982289600,false,Hết hàng! Sản phẩm Flash Sale 'FSI-00167': yêu cầu 1; còn lại 0
TXN-SYNCHRONIZED-00737,REQ-SIM-00737,-,CUS-00737,FSI-00167,1,SYNCHRONIZED,pool-3-thread-737,3860864116000,3862982794900,false,Hết hàng! Sản phẩm Flash Sale 'FSI-00167': yêu cầu 1; còn lại 0
TXN-SYNCHRONIZED-00738,REQ-SIM-00738,-,CUS-00738,FSI-00167,1,SYNCHRONIZED,pool-3-thread-738,3860864124800,3862983306400,false,Hết hàng! Sản phẩm Flash Sale 'FSI-00167': yêu cầu 1; còn lại 0
TXN-SYNCHRONIZED-00739,REQ-SIM-00739,-,CUS-00739,FSI-00167,1,SYNCHRONIZED,pool-3-thread-739,3860864133600,3862983656900,false,Hết hàng! Sản phẩm Flash Sale 'FSI-00167': yêu cầu 1; còn lại 0
TXN-SYNCHRONIZED-00740,REQ-SIM-00740,-,CUS-00740,FSI-00167,1,SYNCHRONIZED,pool-3-thread-740,3860864141900,3862984020600,false,Hết hàng! Sản phẩm Flash Sale 'FSI-00167': yêu cầu 1; còn lại 0
TXN-SYNCHRONIZED-00775,REQ-SIM-00775,-,CUS-00775,FSI-00167,1,SYNCHRONIZED,pool-3-thread-775,3860864149600,3862984518800,false,Hết hàng! Sản phẩm Flash Sale 'FSI-00167': yêu cầu 1; còn lại 0
TXN-SYNCHRONIZED-00742,REQ-SIM-00742,-,CUS-00742,FSI-00167,1,SYNCHRONIZED,pool-3-thread-742,3860864158500,3862984832400,false,Hết hàng! Sản phẩm Flash Sale 'FSI-00167': yêu cầu 1; còn lại 0
TXN-SYNCHRONIZED-00743,REQ-SIM-00743,-,CUS-00743,FSI-00167,1,SYNCHRONIZED,pool-3-thread-743,3860864166900,3862985150800,false,Hết hàng! Sản phẩm Flash Sale 'FSI-00167': yêu cầu 1; còn lại 0
TXN-SYNCHRONIZED-00744,REQ-SIM-00744,-,CUS-00744,FSI-00167,1,SYNCHRONIZED,pool-3-thread-744,3860864175400,3862985462300,false,Hết hàng! Sản phẩm Flash Sale 'FSI-00167': yêu cầu 1; còn lại 0
TXN-SYNCHRONIZED-00745,REQ-SIM-00745,-,CUS-00745,FSI-00167,1,SYNCHRONIZED,pool-3-thread-745,3860864184900,3862985779000,false,Hết hàng! Sản phẩm Flash Sale 'FSI-00167': yêu cầu 1; còn lại 0
TXN-SYNCHRONIZED-00746,REQ-SIM-00746,-,CUS-00746,FSI-00167,1,SYNCHRONIZED,pool-3-thread-746,3860864193800,3862986127500,false,Hết hàng! Sản phẩm Flash Sale 'FSI-00167': yêu cầu 1; còn lại 0
TXN-SYNCHRONIZED-00747,REQ-SIM-00747,-,CUS-00747,FSI-00167,1,SYNCHRONIZED,pool-3-thread-747,3860864202200,3862986445100,false,Hết hàng! Sản phẩm Flash Sale 'FSI-00167': yêu cầu 1; còn lại 0
TXN-SYNCHRONIZED-00705,REQ-SIM-00705,-,CUS-00705,FSI-00167,1,SYNCHRONIZED,pool-3-thread-705,3860864217500,3862986755300,false,Hết hàng! Sản phẩm Flash Sale 'FSI-00167': yêu cầu 1; còn lại 0
TXN-SYNCHRONIZED-00749,REQ-SIM-00749,-,CUS-00749,FSI-00167,1,SYNCHRONIZED,pool-3-thread-749,3860864228800,3862987074800,false,Hết hàng! Sản phẩm Flash Sale 'FSI-00167': yêu cầu 1; còn lại 0
TXN-SYNCHRONIZED-00750,REQ-SIM-00750,-,CUS-00750,FSI-00167,1,SYNCHRONIZED,pool-3-thread-750,3860864237500,3862987400800,false,Hết hàng! Sản phẩm Flash Sale 'FSI-00167': yêu cầu 1; còn lại 0
TXN-SYNCHRONIZED-00782,REQ-SIM-00782,-,CUS-00782,FSI-00167,1,SYNCHRONIZED,pool-3-thread-782,3860864247100,3862987715900,false,Hết hàng! Sản phẩm Flash Sale 'FSI-00167': yêu cầu 1; còn lại 0
TXN-SYNCHRONIZED-00755,REQ-SIM-00755,-,CUS-00755,FSI-00167,1,SYNCHRONIZED,pool-3-thread-755,3860864259500,3862988036500,false,Hết hàng! Sản phẩm Flash Sale 'FSI-00167': yêu cầu 1; còn lại 0
TXN-SYNCHRONIZED-00751,REQ-SIM-00751,-,CUS-00751,FSI-00167,1,SYNCHRONIZED,pool-3-thread-751,3860864266800,3862988351500,false,Hết hàng! Sản phẩm Flash Sale 'FSI-00167': yêu cầu 1; còn lại 0
TXN-SYNCHRONIZED-00756,REQ-SIM-00756,-,CUS-00756,FSI-00167,1,SYNCHRONIZED,pool-3-thread-756,3860864274500,3862988667700,false,Hết hàng! Sản phẩm Flash Sale 'FSI-00167': yêu cầu 1; còn lại 0
TXN-SYNCHRONIZED-00757,REQ-SIM-00757,-,CUS-00757,FSI-00167,1,SYNCHRONIZED,pool-3-thread-757,3860864282700,3862988990500,false,Hết hàng! Sản phẩm Flash Sale 'FSI-00167': yêu cầu 1; còn lại 0
TXN-SYNCHRONIZED-00752,REQ-SIM-00752,-,CUS-00752,FSI-00167,1,SYNCHRONIZED,pool-3-thread-752,3860864291000,3862989302900,false,Hết hàng! Sản phẩm Flash Sale 'FSI-00167': yêu cầu 1; còn lại 0
TXN-SYNCHRONIZED-00789,REQ-SIM-00789,-,CUS-00789,FSI-00167,1,SYNCHRONIZED,pool-3-thread-789,3860864299200,3862989627600,false,Hết hàng! Sản phẩm Flash Sale 'FSI-00167': yêu cầu 1; còn lại 0
TXN-SYNCHRONIZED-00758,REQ-SIM-00758,-,CUS-00758,FSI-00167,1,SYNCHRONIZED,pool-3-thread-758,3860864311800,3862989944800,false,Hết hàng! Sản phẩm Flash Sale 'FSI-00167': yêu cầu 1; còn lại 0
TXN-SYNCHRONIZED-00759,REQ-SIM-00759,-,CUS-00759,FSI-00167,1,SYNCHRONIZED,pool-3-thread-759,3860864318700,3862990260200,false,Hết hàng! Sản phẩm Flash Sale 'FSI-00167': yêu cầu 1; còn lại 0
TXN-SYNCHRONIZED-00760,REQ-SIM-00760,-,CUS-00760,FSI-00167,1,SYNCHRONIZED,pool-3-thread-760,3860864325700,3862990580600,false,Hết hàng! Sản phẩm Flash Sale 'FSI-00167': yêu cầu 1; còn lại 0
TXN-SYNCHRONIZED-00799,REQ-SIM-00799,-,CUS-00799,FSI-00167,1,SYNCHRONIZED,pool-3-thread-799,3860864333100,3862990902900,false,Hết hàng! Sản phẩm Flash Sale 'FSI-00167': yêu cầu 1; còn lại 0
TXN-SYNCHRONIZED-00764,REQ-SIM-00764,-,CUS-00764,FSI-00167,1,SYNCHRONIZED,pool-3-thread-764,3860864342500,3862991209700,false,Hết hàng! Sản phẩm Flash Sale 'FSI-00167': yêu cầu 1; còn lại 0
TXN-SYNCHRONIZED-00762,REQ-SIM-00762,-,CUS-00762,FSI-00167,1,SYNCHRONIZED,pool-3-thread-762,3860864349900,3862991540600,false,Hết hàng! Sản phẩm Flash Sale 'FSI-00167': yêu cầu 1; còn lại 0
TXN-SYNCHRONIZED-00766,REQ-SIM-00766,-,CUS-00766,FSI-00167,1,SYNCHRONIZED,pool-3-thread-766,3860864357000,3862991853500,false,Hết hàng! Sản phẩm Flash Sale 'FSI-00167': yêu cầu 1; còn lại 0
TXN-SYNCHRONIZED-00763,REQ-SIM-00763,-,CUS-00763,FSI-00167,1,SYNCHRONIZED,pool-3-thread-763,3860864363600,3862992184700,false,Hết hàng! Sản phẩm Flash Sale 'FSI-00167': yêu cầu 1; còn lại 0
TXN-SYNCHRONIZED-00767,REQ-SIM-00767,-,CUS-00767,FSI-00167,1,SYNCHRONIZED,pool-3-thread-767,3860864371000,3862992496300,false,Hết hàng! Sản phẩm Flash Sale 'FSI-00167': yêu cầu 1; còn lại 0
TXN-SYNCHRONIZED-00765,REQ-SIM-00765,-,CUS-00765,FSI-00167,1,SYNCHRONIZED,pool-3-thread-765,3860864379100,3862992807000,false,Hết hàng! Sản phẩm Flash Sale 'FSI-00167': yêu cầu 1; còn lại 0
TXN-SYNCHRONIZED-00768,REQ-SIM-00768,-,CUS-00768,FSI-00167,1,SYNCHRONIZED,pool-3-thread-768,3860864386400,3862993131000,false,Hết hàng! Sản phẩm Flash Sale 'FSI-00167': yêu cầu 1; còn lại 0
TXN-SYNCHRONIZED-00769,REQ-SIM-00769,-,CUS-00769,FSI-00167,1,SYNCHRONIZED,pool-3-thread-769,3860864393600,3862993472200,false,Hết hàng! Sản phẩm Flash Sale 'FSI-00167': yêu cầu 1; còn lại 0
TXN-SYNCHRONIZED-00770,REQ-SIM-00770,-,CUS-00770,FSI-00167,1,SYNCHRONIZED,pool-3-thread-770,3860864400800,3862993787600,false,Hết hàng! Sản phẩm Flash Sale 'FSI-00167': yêu cầu 1; còn lại 0
TXN-SYNCHRONIZED-00772,REQ-SIM-00772,-,CUS-00772,FSI-00167,1,SYNCHRONIZED,pool-3-thread-772,3860864407600,3862994106900,false,Hết hàng! Sản phẩm Flash Sale 'FSI-00167': yêu cầu 1; còn lại 0
TXN-SYNCHRONIZED-00771,REQ-SIM-00771,-,CUS-00771,FSI-00167,1,SYNCHRONIZED,pool-3-thread-771,3860864414600,3862994422600,false,Hết hàng! Sản phẩm Flash Sale 'FSI-00167': yêu cầu 1; còn lại 0
TXN-SYNCHRONIZED-00773,REQ-SIM-00773,-,CUS-00773,FSI-00167,1,SYNCHRONIZED,pool-3-thread-773,3860864421900,3862994747300,false,Hết hàng! Sản phẩm Flash Sale 'FSI-00167': yêu cầu 1; còn lại 0
TXN-SYNCHRONIZED-00774,REQ-SIM-00774,-,CUS-00774,FSI-00167,1,SYNCHRONIZED,pool-3-thread-774,3860864430900,3862995070400,false,Hết hàng! Sản phẩm Flash Sale 'FSI-00167': yêu cầu 1; còn lại 0
TXN-SYNCHRONIZED-00741,REQ-SIM-00741,-,CUS-00741,FSI-00167,1,SYNCHRONIZED,pool-3-thread-741,3860864438200,3862995386900,false,Hết hàng! Sản phẩm Flash Sale 'FSI-00167': yêu cầu 1; còn lại 0
TXN-SYNCHRONIZED-00776,REQ-SIM-00776,-,CUS-00776,FSI-00167,1,SYNCHRONIZED,pool-3-thread-776,3860864445700,3862995703200,false,Hết hàng! Sản phẩm Flash Sale 'FSI-00167': yêu cầu 1; còn lại 0
TXN-SYNCHRONIZED-00777,REQ-SIM-00777,-,CUS-00777,FSI-00167,1,SYNCHRONIZED,pool-3-thread-777,3860864453200,3862996021000,false,Hết hàng! Sản phẩm Flash Sale 'FSI-00167': yêu cầu 1; còn lại 0
TXN-SYNCHRONIZED-00778,REQ-SIM-00778,-,CUS-00778,FSI-00167,1,SYNCHRONIZED,pool-3-thread-778,3860864459800,3862996338300,false,Hết hàng! Sản phẩm Flash Sale 'FSI-00167': yêu cầu 1; còn lại 0
TXN-SYNCHRONIZED-00779,REQ-SIM-00779,-,CUS-00779,FSI-00167,1,SYNCHRONIZED,pool-3-thread-779,3860864467400,3862996662400,false,Hết hàng! Sản phẩm Flash Sale 'FSI-00167': yêu cầu 1; còn lại 0
TXN-SYNCHRONIZED-00780,REQ-SIM-00780,-,CUS-00780,FSI-00167,1,SYNCHRONIZED,pool-3-thread-780,3860864474200,3862997044400,false,Hết hàng! Sản phẩm Flash Sale 'FSI-00167': yêu cầu 1; còn lại 0
TXN-SYNCHRONIZED-00781,REQ-SIM-00781,-,CUS-00781,FSI-00167,1,SYNCHRONIZED,pool-3-thread-781,3860864481600,3862997368900,false,Hết hàng! Sản phẩm Flash Sale 'FSI-00167': yêu cầu 1; còn lại 0
TXN-SYNCHRONIZED-00754,REQ-SIM-00754,-,CUS-00754,FSI-00167,1,SYNCHRONIZED,pool-3-thread-754,3860864488600,3862997706300,false,Hết hàng! Sản phẩm Flash Sale 'FSI-00167': yêu cầu 1; còn lại 0
TXN-SYNCHRONIZED-00783,REQ-SIM-00783,-,CUS-00783,FSI-00167,1,SYNCHRONIZED,pool-3-thread-783,3860864496300,3862998017100,false,Hết hàng! Sản phẩm Flash Sale 'FSI-00167': yêu cầu 1; còn lại 0
TXN-SYNCHRONIZED-00784,REQ-SIM-00784,-,CUS-00784,FSI-00167,1,SYNCHRONIZED,pool-3-thread-784,3860864503200,3862998416000,false,Hết hàng! Sản phẩm Flash Sale 'FSI-00167': yêu cầu 1; còn lại 0
TXN-SYNCHRONIZED-00785,REQ-SIM-00785,-,CUS-00785,FSI-00167,1,SYNCHRONIZED,pool-3-thread-785,3860864510600,3862998734900,false,Hết hàng! Sản phẩm Flash Sale 'FSI-00167': yêu cầu 1; còn lại 0
TXN-SYNCHRONIZED-00786,REQ-SIM-00786,-,CUS-00786,FSI-00167,1,SYNCHRONIZED,pool-3-thread-786,3860864517700,3862999041200,false,Hết hàng! Sản phẩm Flash Sale 'FSI-00167': yêu cầu 1; còn lại 0
TXN-SYNCHRONIZED-00787,REQ-SIM-00787,-,CUS-00787,FSI-00167,1,SYNCHRONIZED,pool-3-thread-787,3860864524600,3862999361200,false,Hết hàng! Sản phẩm Flash Sale 'FSI-00167': yêu cầu 1; còn lại 0
TXN-SYNCHRONIZED-00788,REQ-SIM-00788,-,CUS-00788,FSI-00167,1,SYNCHRONIZED,pool-3-thread-788,3860864531500,3862999673300,false,Hết hàng! Sản phẩm Flash Sale 'FSI-00167': yêu cầu 1; còn lại 0
TXN-SYNCHRONIZED-00753,REQ-SIM-00753,-,CUS-00753,FSI-00167,1,SYNCHRONIZED,pool-3-thread-753,3860864538700,3862999980100,false,Hết hàng! Sản phẩm Flash Sale 'FSI-00167': yêu cầu 1; còn lại 0
TXN-SYNCHRONIZED-00790,REQ-SIM-00790,-,CUS-00790,FSI-00167,1,SYNCHRONIZED,pool-3-thread-790,3860864545400,3863000286200,false,Hết hàng! Sản phẩm Flash Sale 'FSI-00167': yêu cầu 1; còn lại 0
TXN-SYNCHRONIZED-00791,REQ-SIM-00791,-,CUS-00791,FSI-00167,1,SYNCHRONIZED,pool-3-thread-791,3860864552100,3863000598000,false,Hết hàng! Sản phẩm Flash Sale 'FSI-00167': yêu cầu 1; còn lại 0
TXN-SYNCHRONIZED-00794,REQ-SIM-00794,-,CUS-00794,FSI-00167,1,SYNCHRONIZED,pool-3-thread-794,3860864558900,3863000912100,false,Hết hàng! Sản phẩm Flash Sale 'FSI-00167': yêu cầu 1; còn lại 0
TXN-SYNCHRONIZED-00830,REQ-SIM-00830,-,CUS-00830,FSI-00167,1,SYNCHRONIZED,pool-3-thread-830,3860864566100,3863001226800,false,Hết hàng! Sản phẩm Flash Sale 'FSI-00167': yêu cầu 1; còn lại 0
TXN-SYNCHRONIZED-00792,REQ-SIM-00792,-,CUS-00792,FSI-00167,1,SYNCHRONIZED,pool-3-thread-792,3860864573000,3863001524800,false,Hết hàng! Sản phẩm Flash Sale 'FSI-00167': yêu cầu 1; còn lại 0
TXN-SYNCHRONIZED-00793,REQ-SIM-00793,-,CUS-00793,FSI-00167,1,SYNCHRONIZED,pool-3-thread-793,3860864580700,3863001829800,false,Hết hàng! Sản phẩm Flash Sale 'FSI-00167': yêu cầu 1; còn lại 0
TXN-SYNCHRONIZED-00833,REQ-SIM-00833,-,CUS-00833,FSI-00167,1,SYNCHRONIZED,pool-3-thread-833,3860864588000,3863002145600,false,Hết hàng! Sản phẩm Flash Sale 'FSI-00167': yêu cầu 1; còn lại 0
TXN-SYNCHRONIZED-00798,REQ-SIM-00798,-,CUS-00798,FSI-00167,1,SYNCHRONIZED,pool-3-thread-798,3860864595400,3863002444800,false,Hết hàng! Sản phẩm Flash Sale 'FSI-00167': yêu cầu 1; còn lại 0
TXN-SYNCHRONIZED-00761,REQ-SIM-00761,-,CUS-00761,FSI-00167,1,SYNCHRONIZED,pool-3-thread-761,3860864602400,3863002758800,false,Hết hàng! Sản phẩm Flash Sale 'FSI-00167': yêu cầu 1; còn lại 0
TXN-SYNCHRONIZED-00795,REQ-SIM-00795,-,CUS-00795,FSI-00167,1,SYNCHRONIZED,pool-3-thread-795,3860864609400,3863003056700,false,Hết hàng! Sản phẩm Flash Sale 'FSI-00167': yêu cầu 1; còn lại 0
TXN-SYNCHRONIZED-00800,REQ-SIM-00800,-,CUS-00800,FSI-00167,1,SYNCHRONIZED,pool-3-thread-800,3860864617600,3863003379100,false,Hết hàng! Sản phẩm Flash Sale 'FSI-00167': yêu cầu 1; còn lại 0
TXN-SYNCHRONIZED-00801,REQ-SIM-00801,-,CUS-00801,FSI-00167,1,SYNCHRONIZED,pool-3-thread-801,3860864625400,3863003680800,false,Hết hàng! Sản phẩm Flash Sale 'FSI-00167': yêu cầu 1; còn lại 0
TXN-SYNCHRONIZED-00802,REQ-SIM-00802,-,CUS-00802,FSI-00167,1,SYNCHRONIZED,pool-3-thread-802,3860864633600,3863003991700,false,Hết hàng! Sản phẩm Flash Sale 'FSI-00167': yêu cầu 1; còn lại 0
TXN-SYNCHRONIZED-00839,REQ-SIM-00839,-,CUS-00839,FSI-00167,1,SYNCHRONIZED,pool-3-thread-839,3860864640600,3863004293100,false,Hết hàng! Sản phẩm Flash Sale 'FSI-00167': yêu cầu 1; còn lại 0
TXN-SYNCHRONIZED-00804,REQ-SIM-00804,-,CUS-00804,FSI-00167,1,SYNCHRONIZED,pool-3-thread-804,3860864648500,3863004610200,false,Hết hàng! Sản phẩm Flash Sale 'FSI-00167': yêu cầu 1; còn lại 0
TXN-SYNCHRONIZED-00805,REQ-SIM-00805,-,CUS-00805,FSI-00167,1,SYNCHRONIZED,pool-3-thread-805,3860864656400,3863004931100,false,Hết hàng! Sản phẩm Flash Sale 'FSI-00167': yêu cầu 1; còn lại 0
TXN-SYNCHRONIZED-00806,REQ-SIM-00806,-,CUS-00806,FSI-00167,1,SYNCHRONIZED,pool-3-thread-806,3860864663700,3863005247500,false,Hết hàng! Sản phẩm Flash Sale 'FSI-00167': yêu cầu 1; còn lại 0
TXN-SYNCHRONIZED-00808,REQ-SIM-00808,-,CUS-00808,FSI-00167,1,SYNCHRONIZED,pool-3-thread-808,3860864671800,3863005555600,false,Hết hàng! Sản phẩm Flash Sale 'FSI-00167': yêu cầu 1; còn lại 0
TXN-SYNCHRONIZED-00807,REQ-SIM-00807,-,CUS-00807,FSI-00167,1,SYNCHRONIZED,pool-3-thread-807,3860864679300,3863005864500,false,Hết hàng! Sản phẩm Flash Sale 'FSI-00167': yêu cầu 1; còn lại 0
TXN-SYNCHRONIZED-00809,REQ-SIM-00809,-,CUS-00809,FSI-00167,1,SYNCHRONIZED,pool-3-thread-809,3860864686800,3863006176400,false,Hết hàng! Sản phẩm Flash Sale 'FSI-00167': yêu cầu 1; còn lại 0
TXN-SYNCHRONIZED-00843,REQ-SIM-00843,-,CUS-00843,FSI-00167,1,SYNCHRONIZED,pool-3-thread-843,3860864694400,3863006479600,false,Hết hàng! Sản phẩm Flash Sale 'FSI-00167': yêu cầu 1; còn lại 0
TXN-SYNCHRONIZED-00811,REQ-SIM-00811,-,CUS-00811,FSI-00167,1,SYNCHRONIZED,pool-3-thread-811,3860864701400,3863006777700,false,Hết hàng! Sản phẩm Flash Sale 'FSI-00167': yêu cầu 1; còn lại 0
TXN-SYNCHRONIZED-00812,REQ-SIM-00812,-,CUS-00812,FSI-00167,1,SYNCHRONIZED,pool-3-thread-812,3860864708300,3863007087200,false,Hết hàng! Sản phẩm Flash Sale 'FSI-00167': yêu cầu 1; còn lại 0
TXN-SYNCHRONIZED-00813,REQ-SIM-00813,-,CUS-00813,FSI-00167,1,SYNCHRONIZED,pool-3-thread-813,3860864715700,3863007405800,false,Hết hàng! Sản phẩm Flash Sale 'FSI-00167': yêu cầu 1; còn lại 0
TXN-SYNCHRONIZED-00814,REQ-SIM-00814,-,CUS-00814,FSI-00167,1,SYNCHRONIZED,pool-3-thread-814,3860864722900,3863007712500,false,Hết hàng! Sản phẩm Flash Sale 'FSI-00167': yêu cầu 1; còn lại 0
TXN-SYNCHRONIZED-00847,REQ-SIM-00847,-,CUS-00847,FSI-00167,1,SYNCHRONIZED,pool-3-thread-847,3860864730400,3863008017900,false,Hết hàng! Sản phẩm Flash Sale 'FSI-00167': yêu cầu 1; còn lại 0
TXN-SYNCHRONIZED-00816,REQ-SIM-00816,-,CUS-00816,FSI-00167,1,SYNCHRONIZED,pool-3-thread-816,3860864737600,3863008333100,false,Hết hàng! Sản phẩm Flash Sale 'FSI-00167': yêu cầu 1; còn lại 0
TXN-SYNCHRONIZED-00817,REQ-SIM-00817,-,CUS-00817,FSI-00167,1,SYNCHRONIZED,pool-3-thread-817,3860864745500,3863008650600,false,Hết hàng! Sản phẩm Flash Sale 'FSI-00167': yêu cầu 1; còn lại 0
TXN-SYNCHRONIZED-00818,REQ-SIM-00818,-,CUS-00818,FSI-00167,1,SYNCHRONIZED,pool-3-thread-818,3860864753000,3863008966400,false,Hết hàng! Sản phẩm Flash Sale 'FSI-00167': yêu cầu 1; còn lại 0
TXN-SYNCHRONIZED-00819,REQ-SIM-00819,-,CUS-00819,FSI-00167,1,SYNCHRONIZED,pool-3-thread-819,3860864761000,3863009263600,false,Hết hàng! Sản phẩm Flash Sale 'FSI-00167': yêu cầu 1; còn lại 0
TXN-SYNCHRONIZED-00820,REQ-SIM-00820,-,CUS-00820,FSI-00167,1,SYNCHRONIZED,pool-3-thread-820,3860864768900,3863009588700,false,Hết hàng! Sản phẩm Flash Sale 'FSI-00167': yêu cầu 1; còn lại 0
TXN-SYNCHRONIZED-00821,REQ-SIM-00821,-,CUS-00821,FSI-00167,1,SYNCHRONIZED,pool-3-thread-821,3860864776300,3863009887300,false,Hết hàng! Sản phẩm Flash Sale 'FSI-00167': yêu cầu 1; còn lại 0
TXN-SYNCHRONIZED-00822,REQ-SIM-00822,-,CUS-00822,FSI-00167,1,SYNCHRONIZED,pool-3-thread-822,3860864783500,3863010188400,false,Hết hàng! Sản phẩm Flash Sale 'FSI-00167': yêu cầu 1; còn lại 0
TXN-SYNCHRONIZED-00823,REQ-SIM-00823,-,CUS-00823,FSI-00167,1,SYNCHRONIZED,pool-3-thread-823,3860864791200,3863010487900,false,Hết hàng! Sản phẩm Flash Sale 'FSI-00167': yêu cầu 1; còn lại 0
TXN-SYNCHRONIZED-00824,REQ-SIM-00824,-,CUS-00824,FSI-00167,1,SYNCHRONIZED,pool-3-thread-824,3860864797800,3863010791100,false,Hết hàng! Sản phẩm Flash Sale 'FSI-00167': yêu cầu 1; còn lại 0
TXN-SYNCHRONIZED-00825,REQ-SIM-00825,-,CUS-00825,FSI-00167,1,SYNCHRONIZED,pool-3-thread-825,3860864806100,3863011096600,false,Hết hàng! Sản phẩm Flash Sale 'FSI-00167': yêu cầu 1; còn lại 0
TXN-SYNCHRONIZED-00826,REQ-SIM-00826,-,CUS-00826,FSI-00167,1,SYNCHRONIZED,pool-3-thread-826,3860864813300,3863011406300,false,Hết hàng! Sản phẩm Flash Sale 'FSI-00167': yêu cầu 1; còn lại 0
TXN-SYNCHRONIZED-00827,REQ-SIM-00827,-,CUS-00827,FSI-00167,1,SYNCHRONIZED,pool-3-thread-827,3860864821000,3863011704700,false,Hết hàng! Sản phẩm Flash Sale 'FSI-00167': yêu cầu 1; còn lại 0
TXN-SYNCHRONIZED-00857,REQ-SIM-00857,-,CUS-00857,FSI-00167,1,SYNCHRONIZED,pool-3-thread-857,3860864827600,3863012004500,false,Hết hàng! Sản phẩm Flash Sale 'FSI-00167': yêu cầu 1; còn lại 0
TXN-SYNCHRONIZED-00829,REQ-SIM-00829,-,CUS-00829,FSI-00167,1,SYNCHRONIZED,pool-3-thread-829,3860864835400,3863012300800,false,Hết hàng! Sản phẩm Flash Sale 'FSI-00167': yêu cầu 1; còn lại 0
TXN-SYNCHRONIZED-00796,REQ-SIM-00796,-,CUS-00796,FSI-00167,1,SYNCHRONIZED,pool-3-thread-796,3860864843000,3863012624200,false,Hết hàng! Sản phẩm Flash Sale 'FSI-00167': yêu cầu 1; còn lại 0
TXN-SYNCHRONIZED-00831,REQ-SIM-00831,-,CUS-00831,FSI-00167,1,SYNCHRONIZED,pool-3-thread-831,3860864850100,3863012937100,false,Hết hàng! Sản phẩm Flash Sale 'FSI-00167': yêu cầu 1; còn lại 0
TXN-SYNCHRONIZED-00832,REQ-SIM-00832,-,CUS-00832,FSI-00167,1,SYNCHRONIZED,pool-3-thread-832,3860864856900,3863013272300,false,Hết hàng! Sản phẩm Flash Sale 'FSI-00167': yêu cầu 1; còn lại 0
TXN-SYNCHRONIZED-00797,REQ-SIM-00797,-,CUS-00797,FSI-00167,1,SYNCHRONIZED,pool-3-thread-797,3860864864000,3863013589200,false,Hết hàng! Sản phẩm Flash Sale 'FSI-00167': yêu cầu 1; còn lại 0
TXN-SYNCHRONIZED-00834,REQ-SIM-00834,-,CUS-00834,FSI-00167,1,SYNCHRONIZED,pool-3-thread-834,3860864871200,3863013966000,false,Hết hàng! Sản phẩm Flash Sale 'FSI-00167': yêu cầu 1; còn lại 0
TXN-SYNCHRONIZED-00835,REQ-SIM-00835,-,CUS-00835,FSI-00167,1,SYNCHRONIZED,pool-3-thread-835,3860864878300,3863014464300,false,Hết hàng! Sản phẩm Flash Sale 'FSI-00167': yêu cầu 1; còn lại 0
TXN-SYNCHRONIZED-00836,REQ-SIM-00836,-,CUS-00836,FSI-00167,1,SYNCHRONIZED,pool-3-thread-836,3860864885700,3863014853500,false,Hết hàng! Sản phẩm Flash Sale 'FSI-00167': yêu cầu 1; còn lại 0
TXN-SYNCHRONIZED-00837,REQ-SIM-00837,-,CUS-00837,FSI-00167,1,SYNCHRONIZED,pool-3-thread-837,3860864892700,3863015249600,false,Hết hàng! Sản phẩm Flash Sale 'FSI-00167': yêu cầu 1; còn lại 0
TXN-SYNCHRONIZED-00838,REQ-SIM-00838,-,CUS-00838,FSI-00167,1,SYNCHRONIZED,pool-3-thread-838,3860864899500,3863015601300,false,Hết hàng! Sản phẩm Flash Sale 'FSI-00167': yêu cầu 1; còn lại 0
TXN-SYNCHRONIZED-00803,REQ-SIM-00803,-,CUS-00803,FSI-00167,1,SYNCHRONIZED,pool-3-thread-803,3860864906600,3863015906600,false,Hết hàng! Sản phẩm Flash Sale 'FSI-00167': yêu cầu 1; còn lại 0
TXN-SYNCHRONIZED-00840,REQ-SIM-00840,-,CUS-00840,FSI-00167,1,SYNCHRONIZED,pool-3-thread-840,3860864913500,3863016224400,false,Hết hàng! Sản phẩm Flash Sale 'FSI-00167': yêu cầu 1; còn lại 0
TXN-SYNCHRONIZED-00841,REQ-SIM-00841,-,CUS-00841,FSI-00167,1,SYNCHRONIZED,pool-3-thread-841,3860864920600,3863016565200,false,Hết hàng! Sản phẩm Flash Sale 'FSI-00167': yêu cầu 1; còn lại 0
TXN-SYNCHRONIZED-00842,REQ-SIM-00842,-,CUS-00842,FSI-00167,1,SYNCHRONIZED,pool-3-thread-842,3860864927800,3863016860800,false,Hết hàng! Sản phẩm Flash Sale 'FSI-00167': yêu cầu 1; còn lại 0
TXN-SYNCHRONIZED-00810,REQ-SIM-00810,-,CUS-00810,FSI-00167,1,SYNCHRONIZED,pool-3-thread-810,3860864935100,3863017181000,false,Hết hàng! Sản phẩm Flash Sale 'FSI-00167': yêu cầu 1; còn lại 0
TXN-SYNCHRONIZED-00844,REQ-SIM-00844,-,CUS-00844,FSI-00167,1,SYNCHRONIZED,pool-3-thread-844,3860864942600,3863017482400,false,Hết hàng! Sản phẩm Flash Sale 'FSI-00167': yêu cầu 1; còn lại 0
TXN-SYNCHRONIZED-00845,REQ-SIM-00845,-,CUS-00845,FSI-00167,1,SYNCHRONIZED,pool-3-thread-845,3860864949400,3863017798200,false,Hết hàng! Sản phẩm Flash Sale 'FSI-00167': yêu cầu 1; còn lại 0
TXN-SYNCHRONIZED-00846,REQ-SIM-00846,-,CUS-00846,FSI-00167,1,SYNCHRONIZED,pool-3-thread-846,3860864956900,3863018093800,false,Hết hàng! Sản phẩm Flash Sale 'FSI-00167': yêu cầu 1; còn lại 0
TXN-SYNCHRONIZED-00815,REQ-SIM-00815,-,CUS-00815,FSI-00167,1,SYNCHRONIZED,pool-3-thread-815,3860864964700,3863018425400,false,Hết hàng! Sản phẩm Flash Sale 'FSI-00167': yêu cầu 1; còn lại 0
TXN-SYNCHRONIZED-00848,REQ-SIM-00848,-,CUS-00848,FSI-00167,1,SYNCHRONIZED,pool-3-thread-848,3860864972500,3863018726100,false,Hết hàng! Sản phẩm Flash Sale 'FSI-00167': yêu cầu 1; còn lại 0
TXN-SYNCHRONIZED-00871,REQ-SIM-00871,-,CUS-00871,FSI-00167,1,SYNCHRONIZED,pool-3-thread-871,3860864980400,3863019036200,false,Hết hàng! Sản phẩm Flash Sale 'FSI-00167': yêu cầu 1; còn lại 0
TXN-SYNCHRONIZED-00850,REQ-SIM-00850,-,CUS-00850,FSI-00167,1,SYNCHRONIZED,pool-3-thread-850,3860864987700,3863019330800,false,Hết hàng! Sản phẩm Flash Sale 'FSI-00167': yêu cầu 1; còn lại 0
TXN-SYNCHRONIZED-00851,REQ-SIM-00851,-,CUS-00851,FSI-00167,1,SYNCHRONIZED,pool-3-thread-851,3860864994300,3863019631900,false,Hết hàng! Sản phẩm Flash Sale 'FSI-00167': yêu cầu 1; còn lại 0
TXN-SYNCHRONIZED-00852,REQ-SIM-00852,-,CUS-00852,FSI-00167,1,SYNCHRONIZED,pool-3-thread-852,3860865001500,3863019969300,false,Hết hàng! Sản phẩm Flash Sale 'FSI-00167': yêu cầu 1; còn lại 0
TXN-SYNCHRONIZED-00853,REQ-SIM-00853,-,CUS-00853,FSI-00167,1,SYNCHRONIZED,pool-3-thread-853,3860865008200,3863020269100,false,Hết hàng! Sản phẩm Flash Sale 'FSI-00167': yêu cầu 1; còn lại 0
TXN-SYNCHRONIZED-00854,REQ-SIM-00854,-,CUS-00854,FSI-00167,1,SYNCHRONIZED,pool-3-thread-854,3860865015600,3863020574500,false,Hết hàng! Sản phẩm Flash Sale 'FSI-00167': yêu cầu 1; còn lại 0
TXN-SYNCHRONIZED-00855,REQ-SIM-00855,-,CUS-00855,FSI-00167,1,SYNCHRONIZED,pool-3-thread-855,3860865022700,3863020870200,false,Hết hàng! Sản phẩm Flash Sale 'FSI-00167': yêu cầu 1; còn lại 0
TXN-SYNCHRONIZED-00856,REQ-SIM-00856,-,CUS-00856,FSI-00167,1,SYNCHRONIZED,pool-3-thread-856,3860865030300,3863021172200,false,Hết hàng! Sản phẩm Flash Sale 'FSI-00167': yêu cầu 1; còn lại 0
TXN-SYNCHRONIZED-00878,REQ-SIM-00878,-,CUS-00878,FSI-00167,1,SYNCHRONIZED,pool-3-thread-878,3860865038200,3863021476900,false,Hết hàng! Sản phẩm Flash Sale 'FSI-00167': yêu cầu 1; còn lại 0
TXN-SYNCHRONIZED-00858,REQ-SIM-00858,-,CUS-00858,FSI-00167,1,SYNCHRONIZED,pool-3-thread-858,3860865046500,3863021775000,false,Hết hàng! Sản phẩm Flash Sale 'FSI-00167': yêu cầu 1; còn lại 0
TXN-SYNCHRONIZED-00859,REQ-SIM-00859,-,CUS-00859,FSI-00167,1,SYNCHRONIZED,pool-3-thread-859,3860865054600,3863022074000,false,Hết hàng! Sản phẩm Flash Sale 'FSI-00167': yêu cầu 1; còn lại 0
TXN-SYNCHRONIZED-00860,REQ-SIM-00860,-,CUS-00860,FSI-00167,1,SYNCHRONIZED,pool-3-thread-860,3860865061900,3863022369100,false,Hết hàng! Sản phẩm Flash Sale 'FSI-00167': yêu cầu 1; còn lại 0
TXN-SYNCHRONIZED-00861,REQ-SIM-00861,-,CUS-00861,FSI-00167,1,SYNCHRONIZED,pool-3-thread-861,3860865069100,3863022665200,false,Hết hàng! Sản phẩm Flash Sale 'FSI-00167': yêu cầu 1; còn lại 0
TXN-SYNCHRONIZED-00862,REQ-SIM-00862,-,CUS-00862,FSI-00167,1,SYNCHRONIZED,pool-3-thread-862,3860865076800,3863022969300,false,Hết hàng! Sản phẩm Flash Sale 'FSI-00167': yêu cầu 1; còn lại 0
TXN-SYNCHRONIZED-00863,REQ-SIM-00863,-,CUS-00863,FSI-00167,1,SYNCHRONIZED,pool-3-thread-863,3860865084400,3863023270000,false,Hết hàng! Sản phẩm Flash Sale 'FSI-00167': yêu cầu 1; còn lại 0
TXN-SYNCHRONIZED-00864,REQ-SIM-00864,-,CUS-00864,FSI-00167,1,SYNCHRONIZED,pool-3-thread-864,3860865091800,3863023569700,false,Hết hàng! Sản phẩm Flash Sale 'FSI-00167': yêu cầu 1; còn lại 0
TXN-SYNCHRONIZED-00865,REQ-SIM-00865,-,CUS-00865,FSI-00167,1,SYNCHRONIZED,pool-3-thread-865,3860865099500,3863023867200,false,Hết hàng! Sản phẩm Flash Sale 'FSI-00167': yêu cầu 1; còn lại 0
TXN-SYNCHRONIZED-00866,REQ-SIM-00866,-,CUS-00866,FSI-00167,1,SYNCHRONIZED,pool-3-thread-866,3860865106100,3863024232500,false,Hết hàng! Sản phẩm Flash Sale 'FSI-00167': yêu cầu 1; còn lại 0
TXN-SYNCHRONIZED-00867,REQ-SIM-00867,-,CUS-00867,FSI-00167,1,SYNCHRONIZED,pool-3-thread-867,3860865113100,3863024540600,false,Hết hàng! Sản phẩm Flash Sale 'FSI-00167': yêu cầu 1; còn lại 0
TXN-SYNCHRONIZED-00868,REQ-SIM-00868,-,CUS-00868,FSI-00167,1,SYNCHRONIZED,pool-3-thread-868,3860865120500,3863024884600,false,Hết hàng! Sản phẩm Flash Sale 'FSI-00167': yêu cầu 1; còn lại 0
TXN-SYNCHRONIZED-00869,REQ-SIM-00869,-,CUS-00869,FSI-00167,1,SYNCHRONIZED,pool-3-thread-869,3860865127000,3863025210200,false,Hết hàng! Sản phẩm Flash Sale 'FSI-00167': yêu cầu 1; còn lại 0
TXN-SYNCHRONIZED-00870,REQ-SIM-00870,-,CUS-00870,FSI-00167,1,SYNCHRONIZED,pool-3-thread-870,3860865134000,3863025533700,false,Hết hàng! Sản phẩm Flash Sale 'FSI-00167': yêu cầu 1; còn lại 0
TXN-SYNCHRONIZED-00849,REQ-SIM-00849,-,CUS-00849,FSI-00167,1,SYNCHRONIZED,pool-3-thread-849,3860865141100,3863025831900,false,Hết hàng! Sản phẩm Flash Sale 'FSI-00167': yêu cầu 1; còn lại 0
TXN-SYNCHRONIZED-00872,REQ-SIM-00872,-,CUS-00872,FSI-00167,1,SYNCHRONIZED,pool-3-thread-872,3860865148700,3863026150600,false,Hết hàng! Sản phẩm Flash Sale 'FSI-00167': yêu cầu 1; còn lại 0
TXN-SYNCHRONIZED-00873,REQ-SIM-00873,-,CUS-00873,FSI-00167,1,SYNCHRONIZED,pool-3-thread-873,3860865156000,3863026452800,false,Hết hàng! Sản phẩm Flash Sale 'FSI-00167': yêu cầu 1; còn lại 0
TXN-SYNCHRONIZED-00874,REQ-SIM-00874,-,CUS-00874,FSI-00167,1,SYNCHRONIZED,pool-3-thread-874,3860865163200,3863026757500,false,Hết hàng! Sản phẩm Flash Sale 'FSI-00167': yêu cầu 1; còn lại 0
TXN-SYNCHRONIZED-00875,REQ-SIM-00875,-,CUS-00875,FSI-00167,1,SYNCHRONIZED,pool-3-thread-875,3860865170400,3863027071000,false,Hết hàng! Sản phẩm Flash Sale 'FSI-00167': yêu cầu 1; còn lại 0
TXN-SYNCHRONIZED-00876,REQ-SIM-00876,-,CUS-00876,FSI-00167,1,SYNCHRONIZED,pool-3-thread-876,3860865177500,3863027372000,false,Hết hàng! Sản phẩm Flash Sale 'FSI-00167': yêu cầu 1; còn lại 0
TXN-SYNCHRONIZED-00877,REQ-SIM-00877,-,CUS-00877,FSI-00167,1,SYNCHRONIZED,pool-3-thread-877,3860865185400,3863027672800,false,Hết hàng! Sản phẩm Flash Sale 'FSI-00167': yêu cầu 1; còn lại 0
TXN-SYNCHRONIZED-00828,REQ-SIM-00828,-,CUS-00828,FSI-00167,1,SYNCHRONIZED,pool-3-thread-828,3860865191900,3863027972700,false,Hết hàng! Sản phẩm Flash Sale 'FSI-00167': yêu cầu 1; còn lại 0
TXN-SYNCHRONIZED-00879,REQ-SIM-00879,-,CUS-00879,FSI-00167,1,SYNCHRONIZED,pool-3-thread-879,3860865198900,3863028276100,false,Hết hàng! Sản phẩm Flash Sale 'FSI-00167': yêu cầu 1; còn lại 0
TXN-SYNCHRONIZED-00880,REQ-SIM-00880,-,CUS-00880,FSI-00167,1,SYNCHRONIZED,pool-3-thread-880,3860865206200,3863028592800,false,Hết hàng! Sản phẩm Flash Sale 'FSI-00167': yêu cầu 1; còn lại 0
TXN-SYNCHRONIZED-00881,REQ-SIM-00881,-,CUS-00881,FSI-00167,1,SYNCHRONIZED,pool-3-thread-881,3860865213900,3863028907600,false,Hết hàng! Sản phẩm Flash Sale 'FSI-00167': yêu cầu 1; còn lại 0
TXN-SYNCHRONIZED-00882,REQ-SIM-00882,-,CUS-00882,FSI-00167,1,SYNCHRONIZED,pool-3-thread-882,3860865220700,3863029213000,false,Hết hàng! Sản phẩm Flash Sale 'FSI-00167': yêu cầu 1; còn lại 0
TXN-SYNCHRONIZED-00883,REQ-SIM-00883,-,CUS-00883,FSI-00167,1,SYNCHRONIZED,pool-3-thread-883,3860865228000,3863029525300,false,Hết hàng! Sản phẩm Flash Sale 'FSI-00167': yêu cầu 1; còn lại 0
TXN-SYNCHRONIZED-00884,REQ-SIM-00884,-,CUS-00884,FSI-00167,1,SYNCHRONIZED,pool-3-thread-884,3860865234600,3863029910600,false,Hết hàng! Sản phẩm Flash Sale 'FSI-00167': yêu cầu 1; còn lại 0
TXN-SYNCHRONIZED-00885,REQ-SIM-00885,-,CUS-00885,FSI-00167,1,SYNCHRONIZED,pool-3-thread-885,3860865242300,3863030248200,false,Hết hàng! Sản phẩm Flash Sale 'FSI-00167': yêu cầu 1; còn lại 0
TXN-SYNCHRONIZED-00896,REQ-SIM-00896,-,CUS-00896,FSI-00167,1,SYNCHRONIZED,pool-3-thread-896,3860865249300,3863030554400,false,Hết hàng! Sản phẩm Flash Sale 'FSI-00167': yêu cầu 1; còn lại 0
TXN-SYNCHRONIZED-00887,REQ-SIM-00887,-,CUS-00887,FSI-00167,1,SYNCHRONIZED,pool-3-thread-887,3860865256800,3863030867100,false,Hết hàng! Sản phẩm Flash Sale 'FSI-00167': yêu cầu 1; còn lại 0
TXN-SYNCHRONIZED-00888,REQ-SIM-00888,-,CUS-00888,FSI-00167,1,SYNCHRONIZED,pool-3-thread-888,3860865264300,3863031167900,false,Hết hàng! Sản phẩm Flash Sale 'FSI-00167': yêu cầu 1; còn lại 0
TXN-SYNCHRONIZED-00889,REQ-SIM-00889,-,CUS-00889,FSI-00167,1,SYNCHRONIZED,pool-3-thread-889,3860865271300,3863031483800,false,Hết hàng! Sản phẩm Flash Sale 'FSI-00167': yêu cầu 1; còn lại 0
TXN-SYNCHRONIZED-00890,REQ-SIM-00890,-,CUS-00890,FSI-00167,1,SYNCHRONIZED,pool-3-thread-890,3860865278500,3863031772100,false,Hết hàng! Sản phẩm Flash Sale 'FSI-00167': yêu cầu 1; còn lại 0
TXN-SYNCHRONIZED-00891,REQ-SIM-00891,-,CUS-00891,FSI-00167,1,SYNCHRONIZED,pool-3-thread-891,3860865285700,3863032072400,false,Hết hàng! Sản phẩm Flash Sale 'FSI-00167': yêu cầu 1; còn lại 0
TXN-SYNCHRONIZED-00900,REQ-SIM-00900,-,CUS-00900,FSI-00167,1,SYNCHRONIZED,pool-3-thread-900,3860865292700,3863032400800,false,Hết hàng! Sản phẩm Flash Sale 'FSI-00167': yêu cầu 1; còn lại 0
TXN-SYNCHRONIZED-00893,REQ-SIM-00893,-,CUS-00893,FSI-00167,1,SYNCHRONIZED,pool-3-thread-893,3860865300000,3863032701200,false,Hết hàng! Sản phẩm Flash Sale 'FSI-00167': yêu cầu 1; còn lại 0
TXN-SYNCHRONIZED-00894,REQ-SIM-00894,-,CUS-00894,FSI-00167,1,SYNCHRONIZED,pool-3-thread-894,3860865306700,3863032993500,false,Hết hàng! Sản phẩm Flash Sale 'FSI-00167': yêu cầu 1; còn lại 0
TXN-SYNCHRONIZED-00895,REQ-SIM-00895,-,CUS-00895,FSI-00167,1,SYNCHRONIZED,pool-3-thread-895,3860865313700,3863033300800,false,Hết hàng! Sản phẩm Flash Sale 'FSI-00167': yêu cầu 1; còn lại 0
TXN-SYNCHRONIZED-00886,REQ-SIM-00886,-,CUS-00886,FSI-00167,1,SYNCHRONIZED,pool-3-thread-886,3860865320600,3863033592300,false,Hết hàng! Sản phẩm Flash Sale 'FSI-00167': yêu cầu 1; còn lại 0
TXN-SYNCHRONIZED-00903,REQ-SIM-00903,-,CUS-00903,FSI-00167,1,SYNCHRONIZED,pool-3-thread-903,3860865327700,3863033897900,false,Hết hàng! Sản phẩm Flash Sale 'FSI-00167': yêu cầu 1; còn lại 0
TXN-SYNCHRONIZED-00898,REQ-SIM-00898,-,CUS-00898,FSI-00167,1,SYNCHRONIZED,pool-3-thread-898,3860865334800,3863034188100,false,Hết hàng! Sản phẩm Flash Sale 'FSI-00167': yêu cầu 1; còn lại 0
TXN-SYNCHRONIZED-00892,REQ-SIM-00892,-,CUS-00892,FSI-00167,1,SYNCHRONIZED,pool-3-thread-892,3860865342100,3863034493700,false,Hết hàng! Sản phẩm Flash Sale 'FSI-00167': yêu cầu 1; còn lại 0
TXN-SYNCHRONIZED-00899,REQ-SIM-00899,-,CUS-00899,FSI-00167,1,SYNCHRONIZED,pool-3-thread-899,3860865348800,3863034797200,false,Hết hàng! Sản phẩm Flash Sale 'FSI-00167': yêu cầu 1; còn lại 0
TXN-SYNCHRONIZED-00901,REQ-SIM-00901,-,CUS-00901,FSI-00167,1,SYNCHRONIZED,pool-3-thread-901,3860865355900,3863035099700,false,Hết hàng! Sản phẩm Flash Sale 'FSI-00167': yêu cầu 1; còn lại 0
TXN-SYNCHRONIZED-00902,REQ-SIM-00902,-,CUS-00902,FSI-00167,1,SYNCHRONIZED,pool-3-thread-902,3860865362800,3863035408800,false,Hết hàng! Sản phẩm Flash Sale 'FSI-00167': yêu cầu 1; còn lại 0
TXN-SYNCHRONIZED-00897,REQ-SIM-00897,-,CUS-00897,FSI-00167,1,SYNCHRONIZED,pool-3-thread-897,3860865370000,3863035724500,false,Hết hàng! Sản phẩm Flash Sale 'FSI-00167': yêu cầu 1; còn lại 0
TXN-SYNCHRONIZED-00904,REQ-SIM-00904,-,CUS-00904,FSI-00167,1,SYNCHRONIZED,pool-3-thread-904,3860865376900,3863036042100,false,Hết hàng! Sản phẩm Flash Sale 'FSI-00167': yêu cầu 1; còn lại 0
TXN-SYNCHRONIZED-00905,REQ-SIM-00905,-,CUS-00905,FSI-00167,1,SYNCHRONIZED,pool-3-thread-905,3860865384200,3863036342900,false,Hết hàng! Sản phẩm Flash Sale 'FSI-00167': yêu cầu 1; còn lại 0
TXN-SYNCHRONIZED-00906,REQ-SIM-00906,-,CUS-00906,FSI-00167,1,SYNCHRONIZED,pool-3-thread-906,3860865391100,3863036647100,false,Hết hàng! Sản phẩm Flash Sale 'FSI-00167': yêu cầu 1; còn lại 0
TXN-SYNCHRONIZED-00910,REQ-SIM-00910,-,CUS-00910,FSI-00167,1,SYNCHRONIZED,pool-3-thread-910,3860865398300,3863036944200,false,Hết hàng! Sản phẩm Flash Sale 'FSI-00167': yêu cầu 1; còn lại 0
TXN-SYNCHRONIZED-00908,REQ-SIM-00908,-,CUS-00908,FSI-00167,1,SYNCHRONIZED,pool-3-thread-908,3860865406000,3863037250900,false,Hết hàng! Sản phẩm Flash Sale 'FSI-00167': yêu cầu 1; còn lại 0
TXN-SYNCHRONIZED-00909,REQ-SIM-00909,-,CUS-00909,FSI-00167,1,SYNCHRONIZED,pool-3-thread-909,3860865413400,3863037546000,false,Hết hàng! Sản phẩm Flash Sale 'FSI-00167': yêu cầu 1; còn lại 0
TXN-SYNCHRONIZED-00907,REQ-SIM-00907,-,CUS-00907,FSI-00167,1,SYNCHRONIZED,pool-3-thread-907,3860865420800,3863037844400,false,Hết hàng! Sản phẩm Flash Sale 'FSI-00167': yêu cầu 1; còn lại 0
TXN-SYNCHRONIZED-00911,REQ-SIM-00911,-,CUS-00911,FSI-00167,1,SYNCHRONIZED,pool-3-thread-911,3860865427600,3863038140900,false,Hết hàng! Sản phẩm Flash Sale 'FSI-00167': yêu cầu 1; còn lại 0
TXN-SYNCHRONIZED-00912,REQ-SIM-00912,-,CUS-00912,FSI-00167,1,SYNCHRONIZED,pool-3-thread-912,3860865434600,3863038441200,false,Hết hàng! Sản phẩm Flash Sale 'FSI-00167': yêu cầu 1; còn lại 0
TXN-SYNCHRONIZED-00913,REQ-SIM-00913,-,CUS-00913,FSI-00167,1,SYNCHRONIZED,pool-3-thread-913,3860865442200,3863038740700,false,Hết hàng! Sản phẩm Flash Sale 'FSI-00167': yêu cầu 1; còn lại 0
TXN-SYNCHRONIZED-00914,REQ-SIM-00914,-,CUS-00914,FSI-00167,1,SYNCHRONIZED,pool-3-thread-914,3860865449300,3863039063000,false,Hết hàng! Sản phẩm Flash Sale 'FSI-00167': yêu cầu 1; còn lại 0
TXN-SYNCHRONIZED-00915,REQ-SIM-00915,-,CUS-00915,FSI-00167,1,SYNCHRONIZED,pool-3-thread-915,3860865456700,3863039363300,false,Hết hàng! Sản phẩm Flash Sale 'FSI-00167': yêu cầu 1; còn lại 0
TXN-SYNCHRONIZED-00916,REQ-SIM-00916,-,CUS-00916,FSI-00167,1,SYNCHRONIZED,pool-3-thread-916,3860865464100,3863039685300,false,Hết hàng! Sản phẩm Flash Sale 'FSI-00167': yêu cầu 1; còn lại 0
TXN-SYNCHRONIZED-00917,REQ-SIM-00917,-,CUS-00917,FSI-00167,1,SYNCHRONIZED,pool-3-thread-917,3860865471900,3863039983800,false,Hết hàng! Sản phẩm Flash Sale 'FSI-00167': yêu cầu 1; còn lại 0
TXN-SYNCHRONIZED-00918,REQ-SIM-00918,-,CUS-00918,FSI-00167,1,SYNCHRONIZED,pool-3-thread-918,3860865478800,3863040320400,false,Hết hàng! Sản phẩm Flash Sale 'FSI-00167': yêu cầu 1; còn lại 0
TXN-SYNCHRONIZED-00919,REQ-SIM-00919,-,CUS-00919,FSI-00167,1,SYNCHRONIZED,pool-3-thread-919,3860865485800,3863040633200,false,Hết hàng! Sản phẩm Flash Sale 'FSI-00167': yêu cầu 1; còn lại 0
TXN-SYNCHRONIZED-00920,REQ-SIM-00920,-,CUS-00920,FSI-00167,1,SYNCHRONIZED,pool-3-thread-920,3860865492900,3863040961300,false,Hết hàng! Sản phẩm Flash Sale 'FSI-00167': yêu cầu 1; còn lại 0
TXN-SYNCHRONIZED-00921,REQ-SIM-00921,-,CUS-00921,FSI-00167,1,SYNCHRONIZED,pool-3-thread-921,3860865499900,3863041272400,false,Hết hàng! Sản phẩm Flash Sale 'FSI-00167': yêu cầu 1; còn lại 0
TXN-SYNCHRONIZED-00922,REQ-SIM-00922,-,CUS-00922,FSI-00167,1,SYNCHRONIZED,pool-3-thread-922,3860865507100,3863041573800,false,Hết hàng! Sản phẩm Flash Sale 'FSI-00167': yêu cầu 1; còn lại 0
TXN-SYNCHRONIZED-00923,REQ-SIM-00923,-,CUS-00923,FSI-00167,1,SYNCHRONIZED,pool-3-thread-923,3860865513800,3863041875700,false,Hết hàng! Sản phẩm Flash Sale 'FSI-00167': yêu cầu 1; còn lại 0
TXN-SYNCHRONIZED-00924,REQ-SIM-00924,-,CUS-00924,FSI-00167,1,SYNCHRONIZED,pool-3-thread-924,3860865521100,3863042369100,false,Hết hàng! Sản phẩm Flash Sale 'FSI-00167': yêu cầu 1; còn lại 0
TXN-SYNCHRONIZED-00925,REQ-SIM-00925,-,CUS-00925,FSI-00167,1,SYNCHRONIZED,pool-3-thread-925,3860865528200,3863042771300,false,Hết hàng! Sản phẩm Flash Sale 'FSI-00167': yêu cầu 1; còn lại 0
TXN-SYNCHRONIZED-00926,REQ-SIM-00926,-,CUS-00926,FSI-00167,1,SYNCHRONIZED,pool-3-thread-926,3860865536300,3863043102800,false,Hết hàng! Sản phẩm Flash Sale 'FSI-00167': yêu cầu 1; còn lại 0
TXN-SYNCHRONIZED-00927,REQ-SIM-00927,-,CUS-00927,FSI-00167,1,SYNCHRONIZED,pool-3-thread-927,3860865543800,3863043408600,false,Hết hàng! Sản phẩm Flash Sale 'FSI-00167': yêu cầu 1; còn lại 0
TXN-SYNCHRONIZED-00928,REQ-SIM-00928,-,CUS-00928,FSI-00167,1,SYNCHRONIZED,pool-3-thread-928,3860865551000,3863043732000,false,Hết hàng! Sản phẩm Flash Sale 'FSI-00167': yêu cầu 1; còn lại 0
TXN-SYNCHRONIZED-00929,REQ-SIM-00929,-,CUS-00929,FSI-00167,1,SYNCHRONIZED,pool-3-thread-929,3860865558000,3863044180400,false,Hết hàng! Sản phẩm Flash Sale 'FSI-00167': yêu cầu 1; còn lại 0
TXN-SYNCHRONIZED-00930,REQ-SIM-00930,-,CUS-00930,FSI-00167,1,SYNCHRONIZED,pool-3-thread-930,3860865564400,3863044480500,false,Hết hàng! Sản phẩm Flash Sale 'FSI-00167': yêu cầu 1; còn lại 0
TXN-SYNCHRONIZED-00931,REQ-SIM-00931,-,CUS-00931,FSI-00167,1,SYNCHRONIZED,pool-3-thread-931,3860865571700,3863044797000,false,Hết hàng! Sản phẩm Flash Sale 'FSI-00167': yêu cầu 1; còn lại 0
TXN-SYNCHRONIZED-00932,REQ-SIM-00932,-,CUS-00932,FSI-00167,1,SYNCHRONIZED,pool-3-thread-932,3860865579500,3863045123500,false,Hết hàng! Sản phẩm Flash Sale 'FSI-00167': yêu cầu 1; còn lại 0
TXN-SYNCHRONIZED-00933,REQ-SIM-00933,-,CUS-00933,FSI-00167,1,SYNCHRONIZED,pool-3-thread-933,3860865586000,3863045429000,false,Hết hàng! Sản phẩm Flash Sale 'FSI-00167': yêu cầu 1; còn lại 0
TXN-SYNCHRONIZED-00934,REQ-SIM-00934,-,CUS-00934,FSI-00167,1,SYNCHRONIZED,pool-3-thread-934,3860865593400,3863045799000,false,Hết hàng! Sản phẩm Flash Sale 'FSI-00167': yêu cầu 1; còn lại 0
TXN-SYNCHRONIZED-00935,REQ-SIM-00935,-,CUS-00935,FSI-00167,1,SYNCHRONIZED,pool-3-thread-935,3860865600300,3863046112600,false,Hết hàng! Sản phẩm Flash Sale 'FSI-00167': yêu cầu 1; còn lại 0
TXN-SYNCHRONIZED-00936,REQ-SIM-00936,-,CUS-00936,FSI-00167,1,SYNCHRONIZED,pool-3-thread-936,3860865607200,3863046416600,false,Hết hàng! Sản phẩm Flash Sale 'FSI-00167': yêu cầu 1; còn lại 0
TXN-SYNCHRONIZED-00937,REQ-SIM-00937,-,CUS-00937,FSI-00167,1,SYNCHRONIZED,pool-3-thread-937,3860865614700,3863046717200,false,Hết hàng! Sản phẩm Flash Sale 'FSI-00167': yêu cầu 1; còn lại 0
TXN-SYNCHRONIZED-00938,REQ-SIM-00938,-,CUS-00938,FSI-00167,1,SYNCHRONIZED,pool-3-thread-938,3860865622000,3863047021300,false,Hết hàng! Sản phẩm Flash Sale 'FSI-00167': yêu cầu 1; còn lại 0
TXN-SYNCHRONIZED-00939,REQ-SIM-00939,-,CUS-00939,FSI-00167,1,SYNCHRONIZED,pool-3-thread-939,3860865629100,3863047324500,false,Hết hàng! Sản phẩm Flash Sale 'FSI-00167': yêu cầu 1; còn lại 0
TXN-SYNCHRONIZED-00940,REQ-SIM-00940,-,CUS-00940,FSI-00167,1,SYNCHRONIZED,pool-3-thread-940,3860865636300,3863047629900,false,Hết hàng! Sản phẩm Flash Sale 'FSI-00167': yêu cầu 1; còn lại 0
TXN-SYNCHRONIZED-00941,REQ-SIM-00941,-,CUS-00941,FSI-00167,1,SYNCHRONIZED,pool-3-thread-941,3860865643200,3863047934500,false,Hết hàng! Sản phẩm Flash Sale 'FSI-00167': yêu cầu 1; còn lại 0
TXN-SYNCHRONIZED-00942,REQ-SIM-00942,-,CUS-00942,FSI-00167,1,SYNCHRONIZED,pool-3-thread-942,3860865650300,3863048228400,false,Hết hàng! Sản phẩm Flash Sale 'FSI-00167': yêu cầu 1; còn lại 0
TXN-SYNCHRONIZED-00943,REQ-SIM-00943,-,CUS-00943,FSI-00167,1,SYNCHRONIZED,pool-3-thread-943,3860865657600,3863048525500,false,Hết hàng! Sản phẩm Flash Sale 'FSI-00167': yêu cầu 1; còn lại 0
TXN-SYNCHRONIZED-00944,REQ-SIM-00944,-,CUS-00944,FSI-00167,1,SYNCHRONIZED,pool-3-thread-944,3860865664200,3863048831500,false,Hết hàng! Sản phẩm Flash Sale 'FSI-00167': yêu cầu 1; còn lại 0
TXN-SYNCHRONIZED-00945,REQ-SIM-00945,-,CUS-00945,FSI-00167,1,SYNCHRONIZED,pool-3-thread-945,3860865671700,3863049136900,false,Hết hàng! Sản phẩm Flash Sale 'FSI-00167': yêu cầu 1; còn lại 0
TXN-SYNCHRONIZED-00946,REQ-SIM-00946,-,CUS-00946,FSI-00167,1,SYNCHRONIZED,pool-3-thread-946,3860865679200,3863049431200,false,Hết hàng! Sản phẩm Flash Sale 'FSI-00167': yêu cầu 1; còn lại 0
TXN-SYNCHRONIZED-00947,REQ-SIM-00947,-,CUS-00947,FSI-00167,1,SYNCHRONIZED,pool-3-thread-947,3860865686200,3863049728600,false,Hết hàng! Sản phẩm Flash Sale 'FSI-00167': yêu cầu 1; còn lại 0
TXN-SYNCHRONIZED-00948,REQ-SIM-00948,-,CUS-00948,FSI-00167,1,SYNCHRONIZED,pool-3-thread-948,3860865692700,3863050028400,false,Hết hàng! Sản phẩm Flash Sale 'FSI-00167': yêu cầu 1; còn lại 0
TXN-SYNCHRONIZED-00949,REQ-SIM-00949,-,CUS-00949,FSI-00167,1,SYNCHRONIZED,pool-3-thread-949,3860865699900,3863050383000,false,Hết hàng! Sản phẩm Flash Sale 'FSI-00167': yêu cầu 1; còn lại 0
TXN-SYNCHRONIZED-00950,REQ-SIM-00950,-,CUS-00950,FSI-00167,1,SYNCHRONIZED,pool-3-thread-950,3860865706900,3863050711600,false,Hết hàng! Sản phẩm Flash Sale 'FSI-00167': yêu cầu 1; còn lại 0
TXN-SYNCHRONIZED-00951,REQ-SIM-00951,-,CUS-00951,FSI-00167,1,SYNCHRONIZED,pool-3-thread-951,3860865714400,3863051009500,false,Hết hàng! Sản phẩm Flash Sale 'FSI-00167': yêu cầu 1; còn lại 0
TXN-SYNCHRONIZED-00952,REQ-SIM-00952,-,CUS-00952,FSI-00167,1,SYNCHRONIZED,pool-3-thread-952,3860865721700,3863051308700,false,Hết hàng! Sản phẩm Flash Sale 'FSI-00167': yêu cầu 1; còn lại 0
TXN-SYNCHRONIZED-00953,REQ-SIM-00953,-,CUS-00953,FSI-00167,1,SYNCHRONIZED,pool-3-thread-953,3860865729200,3863051662600,false,Hết hàng! Sản phẩm Flash Sale 'FSI-00167': yêu cầu 1; còn lại 0
TXN-SYNCHRONIZED-00954,REQ-SIM-00954,-,CUS-00954,FSI-00167,1,SYNCHRONIZED,pool-3-thread-954,3860865737000,3863052000600,false,Hết hàng! Sản phẩm Flash Sale 'FSI-00167': yêu cầu 1; còn lại 0
TXN-SYNCHRONIZED-00955,REQ-SIM-00955,-,CUS-00955,FSI-00167,1,SYNCHRONIZED,pool-3-thread-955,3860865744600,3863052361300,false,Hết hàng! Sản phẩm Flash Sale 'FSI-00167': yêu cầu 1; còn lại 0
TXN-SYNCHRONIZED-00956,REQ-SIM-00956,-,CUS-00956,FSI-00167,1,SYNCHRONIZED,pool-3-thread-956,3860865752600,3863052696100,false,Hết hàng! Sản phẩm Flash Sale 'FSI-00167': yêu cầu 1; còn lại 0
TXN-SYNCHRONIZED-00957,REQ-SIM-00957,-,CUS-00957,FSI-00167,1,SYNCHRONIZED,pool-3-thread-957,3860865760200,3863053017400,false,Hết hàng! Sản phẩm Flash Sale 'FSI-00167': yêu cầu 1; còn lại 0
TXN-SYNCHRONIZED-00961,REQ-SIM-00961,-,CUS-00961,FSI-00167,1,SYNCHRONIZED,pool-3-thread-961,3860865767500,3863053354900,false,Hết hàng! Sản phẩm Flash Sale 'FSI-00167': yêu cầu 1; còn lại 0
TXN-SYNCHRONIZED-00959,REQ-SIM-00959,-,CUS-00959,FSI-00167,1,SYNCHRONIZED,pool-3-thread-959,3860865774800,3863053691800,false,Hết hàng! Sản phẩm Flash Sale 'FSI-00167': yêu cầu 1; còn lại 0
TXN-SYNCHRONIZED-00960,REQ-SIM-00960,-,CUS-00960,FSI-00167,1,SYNCHRONIZED,pool-3-thread-960,3860865782000,3863054074900,false,Hết hàng! Sản phẩm Flash Sale 'FSI-00167': yêu cầu 1; còn lại 0
TXN-SYNCHRONIZED-00958,REQ-SIM-00958,-,CUS-00958,FSI-00167,1,SYNCHRONIZED,pool-3-thread-958,3860865789500,3863054423800,false,Hết hàng! Sản phẩm Flash Sale 'FSI-00167': yêu cầu 1; còn lại 0
TXN-SYNCHRONIZED-00964,REQ-SIM-00964,-,CUS-00964,FSI-00167,1,SYNCHRONIZED,pool-3-thread-964,3860865796800,3863054850900,false,Hết hàng! Sản phẩm Flash Sale 'FSI-00167': yêu cầu 1; còn lại 0
TXN-SYNCHRONIZED-00965,REQ-SIM-00965,-,CUS-00965,FSI-00167,1,SYNCHRONIZED,pool-3-thread-965,3860865803900,3863055171200,false,Hết hàng! Sản phẩm Flash Sale 'FSI-00167': yêu cầu 1; còn lại 0
TXN-SYNCHRONIZED-00966,REQ-SIM-00966,-,CUS-00966,FSI-00167,1,SYNCHRONIZED,pool-3-thread-966,3860865811400,3863055479000,false,Hết hàng! Sản phẩm Flash Sale 'FSI-00167': yêu cầu 1; còn lại 0
TXN-SYNCHRONIZED-00963,REQ-SIM-00963,-,CUS-00963,FSI-00167,1,SYNCHRONIZED,pool-3-thread-963,3860865818600,3863055806800,false,Hết hàng! Sản phẩm Flash Sale 'FSI-00167': yêu cầu 1; còn lại 0
TXN-SYNCHRONIZED-00962,REQ-SIM-00962,-,CUS-00962,FSI-00167,1,SYNCHRONIZED,pool-3-thread-962,3860865826100,3863056106700,false,Hết hàng! Sản phẩm Flash Sale 'FSI-00167': yêu cầu 1; còn lại 0
TXN-SYNCHRONIZED-00968,REQ-SIM-00968,-,CUS-00968,FSI-00167,1,SYNCHRONIZED,pool-3-thread-968,3860865833100,3863056452000,false,Hết hàng! Sản phẩm Flash Sale 'FSI-00167': yêu cầu 1; còn lại 0
TXN-SYNCHRONIZED-00967,REQ-SIM-00967,-,CUS-00967,FSI-00167,1,SYNCHRONIZED,pool-3-thread-967,3860865839900,3863056779100,false,Hết hàng! Sản phẩm Flash Sale 'FSI-00167': yêu cầu 1; còn lại 0
TXN-SYNCHRONIZED-00969,REQ-SIM-00969,-,CUS-00969,FSI-00167,1,SYNCHRONIZED,pool-3-thread-969,3860865847600,3863057091000,false,Hết hàng! Sản phẩm Flash Sale 'FSI-00167': yêu cầu 1; còn lại 0
TXN-SYNCHRONIZED-00970,REQ-SIM-00970,-,CUS-00970,FSI-00167,1,SYNCHRONIZED,pool-3-thread-970,3860865854200,3863057453300,false,Hết hàng! Sản phẩm Flash Sale 'FSI-00167': yêu cầu 1; còn lại 0
TXN-SYNCHRONIZED-00971,REQ-SIM-00971,-,CUS-00971,FSI-00167,1,SYNCHRONIZED,pool-3-thread-971,3860865861600,3863057754500,false,Hết hàng! Sản phẩm Flash Sale 'FSI-00167': yêu cầu 1; còn lại 0
TXN-SYNCHRONIZED-00972,REQ-SIM-00972,-,CUS-00972,FSI-00167,1,SYNCHRONIZED,pool-3-thread-972,3860865868700,3863058100900,false,Hết hàng! Sản phẩm Flash Sale 'FSI-00167': yêu cầu 1; còn lại 0
TXN-SYNCHRONIZED-00973,REQ-SIM-00973,-,CUS-00973,FSI-00167,1,SYNCHRONIZED,pool-3-thread-973,3860865876900,3863058402700,false,Hết hàng! Sản phẩm Flash Sale 'FSI-00167': yêu cầu 1; còn lại 0
TXN-SYNCHRONIZED-00974,REQ-SIM-00974,-,CUS-00974,FSI-00167,1,SYNCHRONIZED,pool-3-thread-974,3860865883900,3863058755200,false,Hết hàng! Sản phẩm Flash Sale 'FSI-00167': yêu cầu 1; còn lại 0
TXN-SYNCHRONIZED-00975,REQ-SIM-00975,-,CUS-00975,FSI-00167,1,SYNCHRONIZED,pool-3-thread-975,3860865891200,3863059088400,false,Hết hàng! Sản phẩm Flash Sale 'FSI-00167': yêu cầu 1; còn lại 0
TXN-SYNCHRONIZED-00978,REQ-SIM-00978,-,CUS-00978,FSI-00167,1,SYNCHRONIZED,pool-3-thread-978,3860865898200,3863059429000,false,Hết hàng! Sản phẩm Flash Sale 'FSI-00167': yêu cầu 1; còn lại 0
TXN-SYNCHRONIZED-00977,REQ-SIM-00977,-,CUS-00977,FSI-00167,1,SYNCHRONIZED,pool-3-thread-977,3860865905500,3863059759700,false,Hết hàng! Sản phẩm Flash Sale 'FSI-00167': yêu cầu 1; còn lại 0
TXN-SYNCHRONIZED-00976,REQ-SIM-00976,-,CUS-00976,FSI-00167,1,SYNCHRONIZED,pool-3-thread-976,3860865913300,3863060068400,false,Hết hàng! Sản phẩm Flash Sale 'FSI-00167': yêu cầu 1; còn lại 0
TXN-SYNCHRONIZED-00979,REQ-SIM-00979,-,CUS-00979,FSI-00167,1,SYNCHRONIZED,pool-3-thread-979,3860865921100,3863060385900,false,Hết hàng! Sản phẩm Flash Sale 'FSI-00167': yêu cầu 1; còn lại 0
TXN-SYNCHRONIZED-00980,REQ-SIM-00980,-,CUS-00980,FSI-00167,1,SYNCHRONIZED,pool-3-thread-980,3860865929100,3863060694800,false,Hết hàng! Sản phẩm Flash Sale 'FSI-00167': yêu cầu 1; còn lại 0
TXN-SYNCHRONIZED-00981,REQ-SIM-00981,-,CUS-00981,FSI-00167,1,SYNCHRONIZED,pool-3-thread-981,3860865937100,3863060996500,false,Hết hàng! Sản phẩm Flash Sale 'FSI-00167': yêu cầu 1; còn lại 0
TXN-SYNCHRONIZED-00982,REQ-SIM-00982,-,CUS-00982,FSI-00167,1,SYNCHRONIZED,pool-3-thread-982,3860865944500,3863061331700,false,Hết hàng! Sản phẩm Flash Sale 'FSI-00167': yêu cầu 1; còn lại 0
TXN-SYNCHRONIZED-00983,REQ-SIM-00983,-,CUS-00983,FSI-00167,1,SYNCHRONIZED,pool-3-thread-983,3860865951100,3863061844300,false,Hết hàng! Sản phẩm Flash Sale 'FSI-00167': yêu cầu 1; còn lại 0
TXN-SYNCHRONIZED-00984,REQ-SIM-00984,-,CUS-00984,FSI-00167,1,SYNCHRONIZED,pool-3-thread-984,3860865957900,3863062203600,false,Hết hàng! Sản phẩm Flash Sale 'FSI-00167': yêu cầu 1; còn lại 0
TXN-SYNCHRONIZED-00985,REQ-SIM-00985,-,CUS-00985,FSI-00167,1,SYNCHRONIZED,pool-3-thread-985,3860865965700,3863062575100,false,Hết hàng! Sản phẩm Flash Sale 'FSI-00167': yêu cầu 1; còn lại 0
TXN-SYNCHRONIZED-00986,REQ-SIM-00986,-,CUS-00986,FSI-00167,1,SYNCHRONIZED,pool-3-thread-986,3860865972600,3863062892500,false,Hết hàng! Sản phẩm Flash Sale 'FSI-00167': yêu cầu 1; còn lại 0
TXN-SYNCHRONIZED-00987,REQ-SIM-00987,-,CUS-00987,FSI-00167,1,SYNCHRONIZED,pool-3-thread-987,3860865979900,3863063220300,false,Hết hàng! Sản phẩm Flash Sale 'FSI-00167': yêu cầu 1; còn lại 0
TXN-SYNCHRONIZED-00988,REQ-SIM-00988,-,CUS-00988,FSI-00167,1,SYNCHRONIZED,pool-3-thread-988,3860865987800,3863063638200,false,Hết hàng! Sản phẩm Flash Sale 'FSI-00167': yêu cầu 1; còn lại 0
TXN-SYNCHRONIZED-00989,REQ-SIM-00989,-,CUS-00989,FSI-00167,1,SYNCHRONIZED,pool-3-thread-989,3860865995000,3863063951000,false,Hết hàng! Sản phẩm Flash Sale 'FSI-00167': yêu cầu 1; còn lại 0
TXN-SYNCHRONIZED-00990,REQ-SIM-00990,-,CUS-00990,FSI-00167,1,SYNCHRONIZED,pool-3-thread-990,3860866002600,3863064354800,false,Hết hàng! Sản phẩm Flash Sale 'FSI-00167': yêu cầu 1; còn lại 0
TXN-SYNCHRONIZED-00991,REQ-SIM-00991,-,CUS-00991,FSI-00167,1,SYNCHRONIZED,pool-3-thread-991,3860866010100,3863064663300,false,Hết hàng! Sản phẩm Flash Sale 'FSI-00167': yêu cầu 1; còn lại 0
TXN-SYNCHRONIZED-00992,REQ-SIM-00992,-,CUS-00992,FSI-00167,1,SYNCHRONIZED,pool-3-thread-992,3860866017700,3863064993000,false,Hết hàng! Sản phẩm Flash Sale 'FSI-00167': yêu cầu 1; còn lại 0
TXN-SYNCHRONIZED-00993,REQ-SIM-00993,-,CUS-00993,FSI-00167,1,SYNCHRONIZED,pool-3-thread-993,3860866024700,3863065342100,false,Hết hàng! Sản phẩm Flash Sale 'FSI-00167': yêu cầu 1; còn lại 0
TXN-SYNCHRONIZED-00994,REQ-SIM-00994,-,CUS-00994,FSI-00167,1,SYNCHRONIZED,pool-3-thread-994,3860866031200,3863065665400,false,Hết hàng! Sản phẩm Flash Sale 'FSI-00167': yêu cầu 1; còn lại 0
TXN-SYNCHRONIZED-00995,REQ-SIM-00995,-,CUS-00995,FSI-00167,1,SYNCHRONIZED,pool-3-thread-995,3860866039300,3863065983400,false,Hết hàng! Sản phẩm Flash Sale 'FSI-00167': yêu cầu 1; còn lại 0
TXN-SYNCHRONIZED-00996,REQ-SIM-00996,-,CUS-00996,FSI-00167,1,SYNCHRONIZED,pool-3-thread-996,3860866046500,3863066317900,false,Hết hàng! Sản phẩm Flash Sale 'FSI-00167': yêu cầu 1; còn lại 0
TXN-SYNCHRONIZED-00997,REQ-SIM-00997,-,CUS-00997,FSI-00167,1,SYNCHRONIZED,pool-3-thread-997,3860866054600,3863066655000,false,Hết hàng! Sản phẩm Flash Sale 'FSI-00167': yêu cầu 1; còn lại 0
TXN-SYNCHRONIZED-00998,REQ-SIM-00998,-,CUS-00998,FSI-00167,1,SYNCHRONIZED,pool-3-thread-998,3860866063700,3863066986500,false,Hết hàng! Sản phẩm Flash Sale 'FSI-00167': yêu cầu 1; còn lại 0
TXN-SYNCHRONIZED-00999,REQ-SIM-00999,-,CUS-00999,FSI-00167,1,SYNCHRONIZED,pool-3-thread-999,3860866072500,3863067347800,false,Hết hàng! Sản phẩm Flash Sale 'FSI-00167': yêu cầu 1; còn lại 0
TXN-SYNCHRONIZED-01000,REQ-SIM-01000,-,CUS-01000,FSI-00167,1,SYNCHRONIZED,pool-3-thread-1000,3860866077700,3863067676200,false,Hết hàng! Sản phẩm Flash Sale 'FSI-00167': yêu cầu 1; còn lại 0
TXN-OPTIMISTIC-00986,REQ-SIM-00986,SIM-OPTIMISTIC-00986,CUS-00986,FSI-00167,1,OPTIMISTIC,pool-4-thread-986,3863215821400,3863440012000,true,
TXN-OPTIMISTIC-00857,REQ-SIM-00857,SIM-OPTIMISTIC-00857,CUS-00857,FSI-00167,1,OPTIMISTIC,pool-4-thread-857,3863213849200,3863475084100,true,
TXN-OPTIMISTIC-00748,REQ-SIM-00748,SIM-OPTIMISTIC-00748,CUS-00748,FSI-00167,1,OPTIMISTIC,pool-4-thread-748,3863212166600,3863501974200,true,
TXN-OPTIMISTIC-00171,REQ-SIM-00171,SIM-OPTIMISTIC-00171,CUS-00171,FSI-00167,1,OPTIMISTIC,pool-4-thread-171,3863202656600,3863532931200,true,
TXN-OPTIMISTIC-00372,REQ-SIM-00372,SIM-OPTIMISTIC-00372,CUS-00372,FSI-00167,1,OPTIMISTIC,pool-4-thread-372,3863206055400,3863624965500,true,
TXN-OPTIMISTIC-00301,REQ-SIM-00301,SIM-OPTIMISTIC-00301,CUS-00301,FSI-00167,1,OPTIMISTIC,pool-4-thread-301,3863204955600,3863665196000,true,
TXN-OPTIMISTIC-00861,REQ-SIM-00861,SIM-OPTIMISTIC-00861,CUS-00861,FSI-00167,1,OPTIMISTIC,pool-4-thread-861,3863213905400,3863704873600,true,
TXN-OPTIMISTIC-00052,REQ-SIM-00052,SIM-OPTIMISTIC-00052,CUS-00052,FSI-00167,1,OPTIMISTIC,pool-4-thread-52,3863200650100,3863734102300,true,
TXN-OPTIMISTIC-00663,REQ-SIM-00663,SIM-OPTIMISTIC-00663,CUS-00663,FSI-00167,1,OPTIMISTIC,pool-4-thread-663,3863210854000,3863769956600,true,
TXN-OPTIMISTIC-00427,REQ-SIM-00427,SIM-OPTIMISTIC-00427,CUS-00427,FSI-00167,1,OPTIMISTIC,pool-4-thread-427,3863207162800,3863803824200,true,
TXN-OPTIMISTIC-00723,REQ-SIM-00723,SIM-OPTIMISTIC-00723,CUS-00723,FSI-00167,1,OPTIMISTIC,pool-4-thread-723,3863211830800,3863838014600,true,
TXN-OPTIMISTIC-00150,REQ-SIM-00150,SIM-OPTIMISTIC-00150,CUS-00150,FSI-00167,1,OPTIMISTIC,pool-4-thread-150,3863202193400,3863873125100,true,
TXN-OPTIMISTIC-00933,REQ-SIM-00933,SIM-OPTIMISTIC-00933,CUS-00933,FSI-00167,1,OPTIMISTIC,pool-4-thread-933,3863215026500,3863899914300,true,
TXN-OPTIMISTIC-00927,REQ-SIM-00927,SIM-OPTIMISTIC-00927,CUS-00927,FSI-00167,1,OPTIMISTIC,pool-4-thread-927,3863214937600,3863932887300,true,
TXN-OPTIMISTIC-00929,REQ-SIM-00929,SIM-OPTIMISTIC-00929,CUS-00929,FSI-00167,1,OPTIMISTIC,pool-4-thread-929,3863214974500,3863963200600,true,
TXN-OPTIMISTIC-00327,REQ-SIM-00327,SIM-OPTIMISTIC-00327,CUS-00327,FSI-00167,1,OPTIMISTIC,pool-4-thread-327,3863205368800,3863989475000,true,
TXN-OPTIMISTIC-00807,REQ-SIM-00807,SIM-OPTIMISTIC-00807,CUS-00807,FSI-00167,1,OPTIMISTIC,pool-4-thread-807,3863212984000,3864016965700,true,
TXN-OPTIMISTIC-00904,REQ-SIM-00904,SIM-OPTIMISTIC-00904,CUS-00904,FSI-00167,1,OPTIMISTIC,pool-4-thread-904,3863214515000,3864050177500,true,
TXN-OPTIMISTIC-00060,REQ-SIM-00060,SIM-OPTIMISTIC-00060,CUS-00060,FSI-00167,1,OPTIMISTIC,pool-4-thread-60,3863200766700,3864077689900,true,
TXN-OPTIMISTIC-00669,REQ-SIM-00669,SIM-OPTIMISTIC-00669,CUS-00669,FSI-00167,1,OPTIMISTIC,pool-4-thread-669,3863210933000,3864103390800,true,
TXN-OPTIMISTIC-00223,REQ-SIM-00223,SIM-OPTIMISTIC-00223,CUS-00223,FSI-00167,1,OPTIMISTIC,pool-4-thread-223,3863203505500,3864140810200,true,
TXN-OPTIMISTIC-00066,REQ-SIM-00066,SIM-OPTIMISTIC-00066,CUS-00066,FSI-00167,1,OPTIMISTIC,pool-4-thread-66,3863200883100,3864170409900,true,
TXN-OPTIMISTIC-00794,REQ-SIM-00794,SIM-OPTIMISTIC-00794,CUS-00794,FSI-00167,1,OPTIMISTIC,pool-4-thread-794,3863212807000,3864200260400,true,
TXN-OPTIMISTIC-00633,REQ-SIM-00633,SIM-OPTIMISTIC-00633,CUS-00633,FSI-00167,1,OPTIMISTIC,pool-4-thread-633,3863210376500,3864228298800,true,
TXN-OPTIMISTIC-00978,REQ-SIM-00978,SIM-OPTIMISTIC-00978,CUS-00978,FSI-00167,1,OPTIMISTIC,pool-4-thread-978,3863215705100,3864253257900,true,
TXN-OPTIMISTIC-00676,REQ-SIM-00676,SIM-OPTIMISTIC-00676,CUS-00676,FSI-00167,1,OPTIMISTIC,pool-4-thread-676,3863211133200,3864278782200,true,
TXN-OPTIMISTIC-00520,REQ-SIM-00520,SIM-OPTIMISTIC-00520,CUS-00520,FSI-00167,1,OPTIMISTIC,pool-4-thread-520,3863208697700,3864306206700,true,
TXN-OPTIMISTIC-00635,REQ-SIM-00635,SIM-OPTIMISTIC-00635,CUS-00635,FSI-00167,1,OPTIMISTIC,pool-4-thread-635,3863210411300,3864337213700,true,
TXN-OPTIMISTIC-00814,REQ-SIM-00814,SIM-OPTIMISTIC-00814,CUS-00814,FSI-00167,1,OPTIMISTIC,pool-4-thread-814,3863213084700,3864359821200,true,
TXN-OPTIMISTIC-00679,REQ-SIM-00679,SIM-OPTIMISTIC-00679,CUS-00679,FSI-00167,1,OPTIMISTIC,pool-4-thread-679,3863211169200,3864396286200,true,
TXN-OPTIMISTIC-00339,REQ-SIM-00339,SIM-OPTIMISTIC-00339,CUS-00339,FSI-00167,1,OPTIMISTIC,pool-4-thread-339,3863205547200,3864429164100,true,
TXN-OPTIMISTIC-00700,REQ-SIM-00700,SIM-OPTIMISTIC-00700,CUS-00700,FSI-00167,1,OPTIMISTIC,pool-4-thread-700,3863211500700,3864455956000,true,
TXN-OPTIMISTIC-00364,REQ-SIM-00364,SIM-OPTIMISTIC-00364,CUS-00364,FSI-00167,1,OPTIMISTIC,pool-4-thread-364,3863205926300,3864480419000,true,
TXN-OPTIMISTIC-00545,REQ-SIM-00545,SIM-OPTIMISTIC-00545,CUS-00545,FSI-00167,1,OPTIMISTIC,pool-4-thread-545,3863209056800,3864514085800,true,
TXN-OPTIMISTIC-00467,REQ-SIM-00467,SIM-OPTIMISTIC-00467,CUS-00467,FSI-00167,1,OPTIMISTIC,pool-4-thread-467,3863207764200,3864548461600,true,
TXN-OPTIMISTIC-00280,REQ-SIM-00280,SIM-OPTIMISTIC-00280,CUS-00280,FSI-00167,1,OPTIMISTIC,pool-4-thread-280,3863204572200,3864580156600,true,
TXN-OPTIMISTIC-00237,REQ-SIM-00237,SIM-OPTIMISTIC-00237,CUS-00237,FSI-00167,1,OPTIMISTIC,pool-4-thread-237,3863203735000,3864608581600,true,
TXN-OPTIMISTIC-00279,REQ-SIM-00279,SIM-OPTIMISTIC-00279,CUS-00279,FSI-00167,1,OPTIMISTIC,pool-4-thread-279,3863204536800,3864632782800,true,
TXN-OPTIMISTIC-00823,REQ-SIM-00823,SIM-OPTIMISTIC-00823,CUS-00823,FSI-00167,1,OPTIMISTIC,pool-4-thread-823,3863213213400,3864654746500,true,
TXN-OPTIMISTIC-00278,REQ-SIM-00278,SIM-OPTIMISTIC-00278,CUS-00278,FSI-00167,1,OPTIMISTIC,pool-4-thread-278,3863204507300,3864677860100,true,
TXN-OPTIMISTIC-00329,REQ-SIM-00329,SIM-OPTIMISTIC-00329,CUS-00329,FSI-00167,1,OPTIMISTIC,pool-4-thread-329,3863205397100,3864700272100,true,
TXN-OPTIMISTIC-00299,REQ-SIM-00299,SIM-OPTIMISTIC-00299,CUS-00299,FSI-00167,1,OPTIMISTIC,pool-4-thread-299,3863204922800,3864722226000,true,
TXN-OPTIMISTIC-00179,REQ-SIM-00179,SIM-OPTIMISTIC-00179,CUS-00179,FSI-00167,1,OPTIMISTIC,pool-4-thread-179,3863202797200,3864740521400,true,
TXN-OPTIMISTIC-00420,REQ-SIM-00420,SIM-OPTIMISTIC-00420,CUS-00420,FSI-00167,1,OPTIMISTIC,pool-4-thread-420,3863207059100,3864759480100,true,
TXN-OPTIMISTIC-00552,REQ-SIM-00552,SIM-OPTIMISTIC-00552,CUS-00552,FSI-00167,1,OPTIMISTIC,pool-4-thread-552,3863209154500,3864780898600,true,
TXN-OPTIMISTIC-00298,REQ-SIM-00298,SIM-OPTIMISTIC-00298,CUS-00298,FSI-00167,1,OPTIMISTIC,pool-4-thread-298,3863204910900,3864799967100,true,
TXN-OPTIMISTIC-00796,REQ-SIM-00796,SIM-OPTIMISTIC-00796,CUS-00796,FSI-00167,1,OPTIMISTIC,pool-4-thread-796,3863212833700,3864823051300,true,
TXN-OPTIMISTIC-00812,REQ-SIM-00812,SIM-OPTIMISTIC-00812,CUS-00812,FSI-00167,1,OPTIMISTIC,pool-4-thread-812,3863213058900,3864842108500,true,
TXN-OPTIMISTIC-00754,REQ-SIM-00754,SIM-OPTIMISTIC-00754,CUS-00754,FSI-00167,1,OPTIMISTIC,pool-4-thread-754,3863212239700,3864862889800,true,
TXN-OPTIMISTIC-00262,REQ-SIM-00262,SIM-OPTIMISTIC-00262,CUS-00262,FSI-00167,1,OPTIMISTIC,pool-4-thread-262,3863204159600,3864888979900,true,
TXN-OPTIMISTIC-00781,REQ-SIM-00781,SIM-OPTIMISTIC-00781,CUS-00781,FSI-00167,1,OPTIMISTIC,pool-4-thread-781,3863212630800,3864906924600,true,
TXN-OPTIMISTIC-00605,REQ-SIM-00605,SIM-OPTIMISTIC-00605,CUS-00605,FSI-00167,1,OPTIMISTIC,pool-4-thread-605,3863209983600,3864930327300,true,
TXN-OPTIMISTIC-00397,REQ-SIM-00397,SIM-OPTIMISTIC-00397,CUS-00397,FSI-00167,1,OPTIMISTIC,pool-4-thread-397,3863206460200,3864951434600,true,
TXN-OPTIMISTIC-00407,REQ-SIM-00407,SIM-OPTIMISTIC-00407,CUS-00407,FSI-00167,1,OPTIMISTIC,pool-4-thread-407,3863206601500,3864977997300,true,
TXN-OPTIMISTIC-00715,REQ-SIM-00715,SIM-OPTIMISTIC-00715,CUS-00715,FSI-00167,1,OPTIMISTIC,pool-4-thread-715,3863211713400,3864997309200,true,
TXN-OPTIMISTIC-00117,REQ-SIM-00117,SIM-OPTIMISTIC-00117,CUS-00117,FSI-00167,1,OPTIMISTIC,pool-4-thread-117,3863201600500,3865023361600,true,
TXN-OPTIMISTIC-00153,REQ-SIM-00153,SIM-OPTIMISTIC-00153,CUS-00153,FSI-00167,1,OPTIMISTIC,pool-4-thread-153,3863202238400,3865043958200,true,
TXN-OPTIMISTIC-00652,REQ-SIM-00652,SIM-OPTIMISTIC-00652,CUS-00652,FSI-00167,1,OPTIMISTIC,pool-4-thread-652,3863210654100,3865067463800,true,
TXN-OPTIMISTIC-00089,REQ-SIM-00089,SIM-OPTIMISTIC-00089,CUS-00089,FSI-00167,1,OPTIMISTIC,pool-4-thread-89,3863201203800,3865096950500,true,
TXN-OPTIMISTIC-00827,REQ-SIM-00827,SIM-OPTIMISTIC-00827,CUS-00827,FSI-00167,1,OPTIMISTIC,pool-4-thread-827,3863213364300,3865134521100,true,
TXN-OPTIMISTIC-00480,REQ-SIM-00480,SIM-OPTIMISTIC-00480,CUS-00480,FSI-00167,1,OPTIMISTIC,pool-4-thread-480,3863207946000,3865157357500,true,
TXN-OPTIMISTIC-00054,REQ-SIM-00054,SIM-OPTIMISTIC-00054,CUS-00054,FSI-00167,1,OPTIMISTIC,pool-4-thread-54,3863200677500,3865180366000,true,
TXN-OPTIMISTIC-00980,REQ-SIM-00980,SIM-OPTIMISTIC-00980,CUS-00980,FSI-00167,1,OPTIMISTIC,pool-4-thread-980,3863215725500,3865202051200,true,
TXN-OPTIMISTIC-00530,REQ-SIM-00530,SIM-OPTIMISTIC-00530,CUS-00530,FSI-00167,1,OPTIMISTIC,pool-4-thread-530,3863208832300,3865227391700,true,
TXN-OPTIMISTIC-00689,REQ-SIM-00689,SIM-OPTIMISTIC-00689,CUS-00689,FSI-00167,1,OPTIMISTIC,pool-4-thread-689,3863211305900,3865250938400,true,
TXN-OPTIMISTIC-00693,REQ-SIM-00693,SIM-OPTIMISTIC-00693,CUS-00693,FSI-00167,1,OPTIMISTIC,pool-4-thread-693,3863211399900,3865270788200,true,
TXN-OPTIMISTIC-00806,REQ-SIM-00806,SIM-OPTIMISTIC-00806,CUS-00806,FSI-00167,1,OPTIMISTIC,pool-4-thread-806,3863212970400,3865291828400,true,
TXN-OPTIMISTIC-00497,REQ-SIM-00497,SIM-OPTIMISTIC-00497,CUS-00497,FSI-00167,1,OPTIMISTIC,pool-4-thread-497,3863208342900,3865312318900,true,
TXN-OPTIMISTIC-00739,REQ-SIM-00739,SIM-OPTIMISTIC-00739,CUS-00739,FSI-00167,1,OPTIMISTIC,pool-4-thread-739,3863212041100,3865330589200,true,
TXN-OPTIMISTIC-00551,REQ-SIM-00551,SIM-OPTIMISTIC-00551,CUS-00551,FSI-00167,1,OPTIMISTIC,pool-4-thread-551,3863209140800,3865351314000,true,
TXN-OPTIMISTIC-00540,REQ-SIM-00540,SIM-OPTIMISTIC-00540,CUS-00540,FSI-00167,1,OPTIMISTIC,pool-4-thread-540,3863208982000,3865368963900,true,
TXN-OPTIMISTIC-00200,REQ-SIM-00200,SIM-OPTIMISTIC-00200,CUS-00200,FSI-00167,1,OPTIMISTIC,pool-4-thread-200,3863203128500,3865387206400,true,
TXN-OPTIMISTIC-00133,REQ-SIM-00133,SIM-OPTIMISTIC-00133,CUS-00133,FSI-00167,1,OPTIMISTIC,pool-4-thread-133,3863201860900,3865407239500,true,
TXN-OPTIMISTIC-00996,REQ-SIM-00996,SIM-OPTIMISTIC-00996,CUS-00996,FSI-00167,1,OPTIMISTIC,pool-4-thread-996,3863215986800,3865430372500,true,
TXN-OPTIMISTIC-00496,REQ-SIM-00496,SIM-OPTIMISTIC-00496,CUS-00496,FSI-00167,1,OPTIMISTIC,pool-4-thread-496,3863208331900,3865453920900,true,
TXN-OPTIMISTIC-00607,REQ-SIM-00607,SIM-OPTIMISTIC-00607,CUS-00607,FSI-00167,1,OPTIMISTIC,pool-4-thread-607,3863210009600,3865478286200,true,
TXN-OPTIMISTIC-00036,REQ-SIM-00036,SIM-OPTIMISTIC-00036,CUS-00036,FSI-00167,1,OPTIMISTIC,pool-4-thread-36,3863200431200,3865498304700,true,
TXN-OPTIMISTIC-00557,REQ-SIM-00557,SIM-OPTIMISTIC-00557,CUS-00557,FSI-00167,1,OPTIMISTIC,pool-4-thread-557,3863209266900,3865534348400,true,
TXN-OPTIMISTIC-00612,REQ-SIM-00612,SIM-OPTIMISTIC-00612,CUS-00612,FSI-00167,1,OPTIMISTIC,pool-4-thread-612,3863210067500,3865554112200,true,
TXN-OPTIMISTIC-00747,REQ-SIM-00747,SIM-OPTIMISTIC-00747,CUS-00747,FSI-00167,1,OPTIMISTIC,pool-4-thread-747,3863212151100,3865576273400,true,
TXN-OPTIMISTIC-00902,REQ-SIM-00902,SIM-OPTIMISTIC-00902,CUS-00902,FSI-00167,1,OPTIMISTIC,pool-4-thread-902,3863214483600,3865597782700,true,
TXN-OPTIMISTIC-00415,REQ-SIM-00415,SIM-OPTIMISTIC-00415,CUS-00415,FSI-00167,1,OPTIMISTIC,pool-4-thread-415,3863206954700,3865616639700,true,
TXN-OPTIMISTIC-00346,REQ-SIM-00346,SIM-OPTIMISTIC-00346,CUS-00346,FSI-00167,1,OPTIMISTIC,pool-4-thread-346,3863205641200,3865637005500,true,
TXN-OPTIMISTIC-00203,REQ-SIM-00203,SIM-OPTIMISTIC-00203,CUS-00203,FSI-00167,1,OPTIMISTIC,pool-4-thread-203,3863203166300,3865656191700,true,
TXN-OPTIMISTIC-00631,REQ-SIM-00631,SIM-OPTIMISTIC-00631,CUS-00631,FSI-00167,1,OPTIMISTIC,pool-4-thread-631,3863210349700,3865677157700,true,
TXN-OPTIMISTIC-00570,REQ-SIM-00570,SIM-OPTIMISTIC-00570,CUS-00570,FSI-00167,1,OPTIMISTIC,pool-4-thread-570,3863209537800,3865694432300,true,
TXN-OPTIMISTIC-00149,REQ-SIM-00149,SIM-OPTIMISTIC-00149,CUS-00149,FSI-00167,1,OPTIMISTIC,pool-4-thread-149,3863202181600,3865713182800,true,
TXN-OPTIMISTIC-00546,REQ-SIM-00546,SIM-OPTIMISTIC-00546,CUS-00546,FSI-00167,1,OPTIMISTIC,pool-4-thread-546,3863209066600,3865734964400,true,
TXN-OPTIMISTIC-00411,REQ-SIM-00411,SIM-OPTIMISTIC-00411,CUS-00411,FSI-00167,1,OPTIMISTIC,pool-4-thread-411,3863206885700,3865756376800,true,
TXN-OPTIMISTIC-00437,REQ-SIM-00437,SIM-OPTIMISTIC-00437,CUS-00437,FSI-00167,1,OPTIMISTIC,pool-4-thread-437,3863207321800,3865775012700,true,
TXN-OPTIMISTIC-00853,REQ-SIM-00853,SIM-OPTIMISTIC-00853,CUS-00853,FSI-00167,1,OPTIMISTIC,pool-4-thread-853,3863213800100,3865793491300,true,
TXN-OPTIMISTIC-00155,REQ-SIM-00155,SIM-OPTIMISTIC-00155,CUS-00155,FSI-00167,1,OPTIMISTIC,pool-4-thread-155,3863202284600,3865815588100,true,
TXN-OPTIMISTIC-00359,REQ-SIM-00359,SIM-OPTIMISTIC-00359,CUS-00359,FSI-00167,1,OPTIMISTIC,pool-4-thread-359,3863205847300,3865835680700,true,
TXN-OPTIMISTIC-00655,REQ-SIM-00655,SIM-OPTIMISTIC-00655,CUS-00655,FSI-00167,1,OPTIMISTIC,pool-4-thread-655,3863210697800,3865862393600,true,
TXN-OPTIMISTIC-00744,REQ-SIM-00744,SIM-OPTIMISTIC-00744,CUS-00744,FSI-00167,1,OPTIMISTIC,pool-4-thread-744,3863212106900,3865887116200,true,
TXN-OPTIMISTIC-00949,REQ-SIM-00949,SIM-OPTIMISTIC-00949,CUS-00949,FSI-00167,1,OPTIMISTIC,pool-4-thread-949,3863215245700,3865909104700,true,
TXN-OPTIMISTIC-00708,REQ-SIM-00708,-,CUS-00708,FSI-00167,1,OPTIMISTIC,pool-4-thread-708,3863211608900,3865924984000,false,Hết hàng! Sản phẩm Flash Sale 'FSI-00167': yêu cầu 1; còn lại 0
TXN-OPTIMISTIC-00266,REQ-SIM-00266,-,CUS-00266,FSI-00167,1,OPTIMISTIC,pool-4-thread-266,3863204275700,3865925300600,false,Hết hàng! Sản phẩm Flash Sale 'FSI-00167': yêu cầu 1; còn lại 0
TXN-OPTIMISTIC-00515,REQ-SIM-00515,-,CUS-00515,FSI-00167,1,OPTIMISTIC,pool-4-thread-515,3863208627200,3865925818400,false,Hết hàng! Sản phẩm Flash Sale 'FSI-00167': yêu cầu 1; còn lại 0
TXN-OPTIMISTIC-00758,REQ-SIM-00758,-,CUS-00758,FSI-00167,1,OPTIMISTIC,pool-4-thread-758,3863212291300,3865926101700,false,Hết hàng! Sản phẩm Flash Sale 'FSI-00167': yêu cầu 1; còn lại 0
TXN-OPTIMISTIC-00399,REQ-SIM-00399,-,CUS-00399,FSI-00167,1,OPTIMISTIC,pool-4-thread-399,3863206490200,3865926585000,false,Hết hàng! Sản phẩm Flash Sale 'FSI-00167': yêu cầu 1; còn lại 0
TXN-OPTIMISTIC-00421,REQ-SIM-00421,-,CUS-00421,FSI-00167,1,OPTIMISTIC,pool-4-thread-421,3863207075400,3865927058800,false,Hết hàng! Sản phẩm Flash Sale 'FSI-00167': yêu cầu 1; còn lại 0
TXN-OPTIMISTIC-00206,REQ-SIM-00206,-,CUS-00206,FSI-00167,1,OPTIMISTIC,pool-4-thread-206,3863203206500,3865927436900,false,Hết hàng! Sản phẩm Flash Sale 'FSI-00167': yêu cầu 1; còn lại 0
TXN-OPTIMISTIC-00717,REQ-SIM-00717,-,CUS-00717,FSI-00167,1,OPTIMISTIC,pool-4-thread-717,3863211741300,3865927825800,false,Hết hàng! Sản phẩm Flash Sale 'FSI-00167': yêu cầu 1; còn lại 0
TXN-OPTIMISTIC-00884,REQ-SIM-00884,-,CUS-00884,FSI-00167,1,OPTIMISTIC,pool-4-thread-884,3863214222400,3865928265400,false,Hết hàng! Sản phẩm Flash Sale 'FSI-00167': yêu cầu 1; còn lại 0
TXN-OPTIMISTIC-00937,REQ-SIM-00937,-,CUS-00937,FSI-00167,1,OPTIMISTIC,pool-4-thread-937,3863215076600,3865928746000,false,Hết hàng! Sản phẩm Flash Sale 'FSI-00167': yêu cầu 1; còn lại 0
TXN-OPTIMISTIC-00406,REQ-SIM-00406,-,CUS-00406,FSI-00167,1,OPTIMISTIC,pool-4-thread-406,3863206588000,3865929279600,false,Hết hàng! Sản phẩm Flash Sale 'FSI-00167': yêu cầu 1; còn lại 0
TXN-OPTIMISTIC-00791,REQ-SIM-00791,-,CUS-00791,FSI-00167,1,OPTIMISTIC,pool-4-thread-791,3863212763000,3865929813000,false,Hết hàng! Sản phẩm Flash Sale 'FSI-00167': yêu cầu 1; còn lại 0
TXN-OPTIMISTIC-00603,REQ-SIM-00603,-,CUS-00603,FSI-00167,1,OPTIMISTIC,pool-4-thread-603,3863209963200,3865930191700,false,Hết hàng! Sản phẩm Flash Sale 'FSI-00167': yêu cầu 1; còn lại 0
TXN-OPTIMISTIC-00429,REQ-SIM-00429,-,CUS-00429,FSI-00167,1,OPTIMISTIC,pool-4-thread-429,3863207191300,3865930557500,false,Hết hàng! Sản phẩm Flash Sale 'FSI-00167': yêu cầu 1; còn lại 0
TXN-OPTIMISTIC-00849,REQ-SIM-00849,-,CUS-00849,FSI-00167,1,OPTIMISTIC,pool-4-thread-849,3863213748200,3865931202400,false,Hết hàng! Sản phẩm Flash Sale 'FSI-00167': yêu cầu 1; còn lại 0
TXN-OPTIMISTIC-00186,REQ-SIM-00186,-,CUS-00186,FSI-00167,1,OPTIMISTIC,pool-4-thread-186,3863202907400,3865931694900,false,Hết hàng! Sản phẩm Flash Sale 'FSI-00167': yêu cầu 1; còn lại 0
TXN-OPTIMISTIC-00316,REQ-SIM-00316,-,CUS-00316,FSI-00167,1,OPTIMISTIC,pool-4-thread-316,3863205175000,3865932001800,false,Hết hàng! Sản phẩm Flash Sale 'FSI-00167': yêu cầu 1; còn lại 0
TXN-OPTIMISTIC-00260,REQ-SIM-00260,-,CUS-00260,FSI-00167,1,OPTIMISTIC,pool-4-thread-260,3863204143700,3865932613100,false,Hết hàng! Sản phẩm Flash Sale 'FSI-00167': yêu cầu 1; còn lại 0
TXN-OPTIMISTIC-00516,REQ-SIM-00516,-,CUS-00516,FSI-00167,1,OPTIMISTIC,pool-4-thread-516,3863208643400,3865933074000,false,Hết hàng! Sản phẩm Flash Sale 'FSI-00167': yêu cầu 1; còn lại 0
TXN-OPTIMISTIC-00885,REQ-SIM-00885,-,CUS-00885,FSI-00167,1,OPTIMISTIC,pool-4-thread-885,3863214250100,3865933520100,false,Hết hàng! Sản phẩm Flash Sale 'FSI-00167': yêu cầu 1; còn lại 0
TXN-OPTIMISTIC-00668,REQ-SIM-00668,-,CUS-00668,FSI-00167,1,OPTIMISTIC,pool-4-thread-668,3863210920400,3865934065900,false,Hết hàng! Sản phẩm Flash Sale 'FSI-00167': yêu cầu 1; còn lại 0
TXN-OPTIMISTIC-00753,REQ-SIM-00753,-,CUS-00753,FSI-00167,1,OPTIMISTIC,pool-4-thread-753,3863212226800,3865934465700,false,Hết hàng! Sản phẩm Flash Sale 'FSI-00167': yêu cầu 1; còn lại 0
TXN-OPTIMISTIC-00981,REQ-SIM-00981,-,CUS-00981,FSI-00167,1,OPTIMISTIC,pool-4-thread-981,3863215752700,3865934826300,false,Hết hàng! Sản phẩm Flash Sale 'FSI-00167': yêu cầu 1; còn lại 0
TXN-OPTIMISTIC-00874,REQ-SIM-00874,-,CUS-00874,FSI-00167,1,OPTIMISTIC,pool-4-thread-874,3863214094800,3865935315600,false,Hết hàng! Sản phẩm Flash Sale 'FSI-00167': yêu cầu 1; còn lại 0
TXN-OPTIMISTIC-00374,REQ-SIM-00374,-,CUS-00374,FSI-00167,1,OPTIMISTIC,pool-4-thread-374,3863206090700,3865935703700,false,Hết hàng! Sản phẩm Flash Sale 'FSI-00167': yêu cầu 1; còn lại 0
TXN-OPTIMISTIC-00291,REQ-SIM-00291,-,CUS-00291,FSI-00167,1,OPTIMISTIC,pool-4-thread-291,3863204764000,3865936045300,false,Hết hàng! Sản phẩm Flash Sale 'FSI-00167': yêu cầu 1; còn lại 0
TXN-OPTIMISTIC-00408,REQ-SIM-00408,-,CUS-00408,FSI-00167,1,OPTIMISTIC,pool-4-thread-408,3863206617100,3865936524700,false,Hết hàng! Sản phẩm Flash Sale 'FSI-00167': yêu cầu 1; còn lại 0
TXN-OPTIMISTIC-00227,REQ-SIM-00227,-,CUS-00227,FSI-00167,1,OPTIMISTIC,pool-4-thread-227,3863203562900,3865936972400,false,Hết hàng! Sản phẩm Flash Sale 'FSI-00167': yêu cầu 1; còn lại 0
TXN-OPTIMISTIC-00303,REQ-SIM-00303,-,CUS-00303,FSI-00167,1,OPTIMISTIC,pool-4-thread-303,3863204985800,3865937637100,false,Hết hàng! Sản phẩm Flash Sale 'FSI-00167': yêu cầu 1; còn lại 0
TXN-OPTIMISTIC-00302,REQ-SIM-00302,-,CUS-00302,FSI-00167,1,OPTIMISTIC,pool-4-thread-302,3863204971600,3865938113800,false,Hết hàng! Sản phẩm Flash Sale 'FSI-00167': yêu cầu 1; còn lại 0
TXN-OPTIMISTIC-00219,REQ-SIM-00219,-,CUS-00219,FSI-00167,1,OPTIMISTIC,pool-4-thread-219,3863203466200,3865938549800,false,Hết hàng! Sản phẩm Flash Sale 'FSI-00167': yêu cầu 1; còn lại 0
TXN-OPTIMISTIC-00654,REQ-SIM-00654,-,CUS-00654,FSI-00167,1,OPTIMISTIC,pool-4-thread-654,3863210683900,3865939046000,false,Hết hàng! Sản phẩm Flash Sale 'FSI-00167': yêu cầu 1; còn lại 0
TXN-OPTIMISTIC-00416,REQ-SIM-00416,-,CUS-00416,FSI-00167,1,OPTIMISTIC,pool-4-thread-416,3863206968000,3865939426100,false,Hết hàng! Sản phẩm Flash Sale 'FSI-00167': yêu cầu 1; còn lại 0
TXN-OPTIMISTIC-00321,REQ-SIM-00321,-,CUS-00321,FSI-00167,1,OPTIMISTIC,pool-4-thread-321,3863205240100,3865939790800,false,Hết hàng! Sản phẩm Flash Sale 'FSI-00167': yêu cầu 1; còn lại 0
TXN-OPTIMISTIC-00221,REQ-SIM-00221,-,CUS-00221,FSI-00167,1,OPTIMISTIC,pool-4-thread-221,3863203480700,3865940344200,false,Hết hàng! Sản phẩm Flash Sale 'FSI-00167': yêu cầu 1; còn lại 0
TXN-OPTIMISTIC-00375,REQ-SIM-00375,-,CUS-00375,FSI-00167,1,OPTIMISTIC,pool-4-thread-375,3863206098400,3865940670500,false,Hết hàng! Sản phẩm Flash Sale 'FSI-00167': yêu cầu 1; còn lại 0
TXN-OPTIMISTIC-00618,REQ-SIM-00618,-,CUS-00618,FSI-00167,1,OPTIMISTIC,pool-4-thread-618,3863210171100,3865941355200,false,Hết hàng! Sản phẩm Flash Sale 'FSI-00167': yêu cầu 1; còn lại 0
TXN-OPTIMISTIC-00451,REQ-SIM-00451,-,CUS-00451,FSI-00167,1,OPTIMISTIC,pool-4-thread-451,3863207534800,3865941570700,false,Hết hàng! Sản phẩm Flash Sale 'FSI-00167': yêu cầu 1; còn lại 0
TXN-OPTIMISTIC-00164,REQ-SIM-00164,-,CUS-00164,FSI-00167,1,OPTIMISTIC,pool-4-thread-164,3863202446800,3865941946900,false,Hết hàng! Sản phẩm Flash Sale 'FSI-00167': yêu cầu 1; còn lại 0
TXN-OPTIMISTIC-00275,REQ-SIM-00275,-,CUS-00275,FSI-00167,1,OPTIMISTIC,pool-4-thread-275,3863204464100,3865942564800,false,Hết hàng! Sản phẩm Flash Sale 'FSI-00167': yêu cầu 1; còn lại 0
TXN-OPTIMISTIC-00582,REQ-SIM-00582,-,CUS-00582,FSI-00167,1,OPTIMISTIC,pool-4-thread-582,3863209693200,3865942884200,false,Hết hàng! Sản phẩm Flash Sale 'FSI-00167': yêu cầu 1; còn lại 0
TXN-OPTIMISTIC-00158,REQ-SIM-00158,-,CUS-00158,FSI-00167,1,OPTIMISTIC,pool-4-thread-158,3863202297900,3865943297900,false,Hết hàng! Sản phẩm Flash Sale 'FSI-00167': yêu cầu 1; còn lại 0
TXN-OPTIMISTIC-00488,REQ-SIM-00488,-,CUS-00488,FSI-00167,1,OPTIMISTIC,pool-4-thread-488,3863208054800,3865943829200,false,Hết hàng! Sản phẩm Flash Sale 'FSI-00167': yêu cầu 1; còn lại 0
TXN-OPTIMISTIC-00201,REQ-SIM-00201,-,CUS-00201,FSI-00167,1,OPTIMISTIC,pool-4-thread-201,3863203140900,3865944284400,false,Hết hàng! Sản phẩm Flash Sale 'FSI-00167': yêu cầu 1; còn lại 0
TXN-OPTIMISTIC-00630,REQ-SIM-00630,-,CUS-00630,FSI-00167,1,OPTIMISTIC,pool-4-thread-630,3863210332900,3865944644400,false,Hết hàng! Sản phẩm Flash Sale 'FSI-00167': yêu cầu 1; còn lại 0
TXN-OPTIMISTIC-00287,REQ-SIM-00287,-,CUS-00287,FSI-00167,1,OPTIMISTIC,pool-4-thread-287,3863204698000,3865945325800,false,Hết hàng! Sản phẩm Flash Sale 'FSI-00167': yêu cầu 1; còn lại 0
TXN-OPTIMISTIC-00195,REQ-SIM-00195,-,CUS-00195,FSI-00167,1,OPTIMISTIC,pool-4-thread-195,3863203052700,3865945679400,false,Hết hàng! Sản phẩm Flash Sale 'FSI-00167': yêu cầu 1; còn lại 0
TXN-OPTIMISTIC-00360,REQ-SIM-00360,-,CUS-00360,FSI-00167,1,OPTIMISTIC,pool-4-thread-360,3863205862500,3865945969300,false,Hết hàng! Sản phẩm Flash Sale 'FSI-00167': yêu cầu 1; còn lại 0
TXN-OPTIMISTIC-00182,REQ-SIM-00182,-,CUS-00182,FSI-00167,1,OPTIMISTIC,pool-4-thread-182,3863202835900,3865946414300,false,Hết hàng! Sản phẩm Flash Sale 'FSI-00167': yêu cầu 1; còn lại 0
TXN-OPTIMISTIC-00116,REQ-SIM-00116,-,CUS-00116,FSI-00167,1,OPTIMISTIC,pool-4-thread-116,3863201587800,3865946897600,false,Hết hàng! Sản phẩm Flash Sale 'FSI-00167': yêu cầu 1; còn lại 0
TXN-OPTIMISTIC-00558,REQ-SIM-00558,-,CUS-00558,FSI-00167,1,OPTIMISTIC,pool-4-thread-558,3863209294900,3865947252600,false,Hết hàng! Sản phẩm Flash Sale 'FSI-00167': yêu cầu 1; còn lại 0
TXN-OPTIMISTIC-00050,REQ-SIM-00050,-,CUS-00050,FSI-00167,1,OPTIMISTIC,pool-4-thread-50,3863200617300,3865947892300,false,Hết hàng! Sản phẩm Flash Sale 'FSI-00167': yêu cầu 1; còn lại 0
TXN-OPTIMISTIC-00577,REQ-SIM-00577,-,CUS-00577,FSI-00167,1,OPTIMISTIC,pool-4-thread-577,3863209626700,3865948340600,false,Hết hàng! Sản phẩm Flash Sale 'FSI-00167': yêu cầu 1; còn lại 0
TXN-OPTIMISTIC-00740,REQ-SIM-00740,-,CUS-00740,FSI-00167,1,OPTIMISTIC,pool-4-thread-740,3863212054800,3865948829300,false,Hết hàng! Sản phẩm Flash Sale 'FSI-00167': yêu cầu 1; còn lại 0
TXN-OPTIMISTIC-00938,REQ-SIM-00938,-,CUS-00938,FSI-00167,1,OPTIMISTIC,pool-4-thread-938,3863215093000,3865949212800,false,Hết hàng! Sản phẩm Flash Sale 'FSI-00167': yêu cầu 1; còn lại 0
TXN-OPTIMISTIC-00576,REQ-SIM-00576,-,CUS-00576,FSI-00167,1,OPTIMISTIC,pool-4-thread-576,3863209615400,3865949749000,false,Hết hàng! Sản phẩm Flash Sale 'FSI-00167': yêu cầu 1; còn lại 0
TXN-OPTIMISTIC-00498,REQ-SIM-00498,-,CUS-00498,FSI-00167,1,OPTIMISTIC,pool-4-thread-498,3863208358700,3865949924500,false,Hết hàng! Sản phẩm Flash Sale 'FSI-00167': yêu cầu 1; còn lại 0
TXN-OPTIMISTIC-00547,REQ-SIM-00547,-,CUS-00547,FSI-00167,1,OPTIMISTIC,pool-4-thread-547,3863209079000,3865950289000,false,Hết hàng! Sản phẩm Flash Sale 'FSI-00167': yêu cầu 1; còn lại 0
TXN-OPTIMISTIC-00854,REQ-SIM-00854,-,CUS-00854,FSI-00167,1,OPTIMISTIC,pool-4-thread-854,3863213814700,3865950862300,false,Hết hàng! Sản phẩm Flash Sale 'FSI-00167': yêu cầu 1; còn lại 0
TXN-OPTIMISTIC-00896,REQ-SIM-00896,-,CUS-00896,FSI-00167,1,OPTIMISTIC,pool-4-thread-896,3863214403000,3865951276100,false,Hết hàng! Sản phẩm Flash Sale 'FSI-00167': yêu cầu 1; còn lại 0
TXN-OPTIMISTIC-00337,REQ-SIM-00337,-,CUS-00337,FSI-00167,1,OPTIMISTIC,pool-4-thread-337,3863205514200,3865951660500,false,Hết hàng! Sản phẩm Flash Sale 'FSI-00167': yêu cầu 1; còn lại 0
TXN-OPTIMISTIC-00805,REQ-SIM-00805,-,CUS-00805,FSI-00167,1,OPTIMISTIC,pool-4-thread-805,3863212952800,3865952095000,false,Hết hàng! Sản phẩm Flash Sale 'FSI-00167': yêu cầu 1; còn lại 0
TXN-OPTIMISTIC-00093,REQ-SIM-00093,-,CUS-00093,FSI-00167,1,OPTIMISTIC,pool-4-thread-93,3863201267500,3865952424300,false,Hết hàng! Sản phẩm Flash Sale 'FSI-00167': yêu cầu 1; còn lại 0
TXN-OPTIMISTIC-00135,REQ-SIM-00135,-,CUS-00135,FSI-00167,1,OPTIMISTIC,pool-4-thread-135,3863201885700,3865953054800,false,Hết hàng! Sản phẩm Flash Sale 'FSI-00167': yêu cầu 1; còn lại 0
TXN-OPTIMISTIC-00891,REQ-SIM-00891,-,CUS-00891,FSI-00167,1,OPTIMISTIC,pool-4-thread-891,3863214335100,3865953341100,false,Hết hàng! Sản phẩm Flash Sale 'FSI-00167': yêu cầu 1; còn lại 0
TXN-OPTIMISTIC-00554,REQ-SIM-00554,-,CUS-00554,FSI-00167,1,OPTIMISTIC,pool-4-thread-554,3863209179700,3865953682900,false,Hết hàng! Sản phẩm Flash Sale 'FSI-00167': yêu cầu 1; còn lại 0
TXN-OPTIMISTIC-00351,REQ-SIM-00351,-,CUS-00351,FSI-00167,1,OPTIMISTIC,pool-4-thread-351,3863205711700,3865954294400,false,Hết hàng! Sản phẩm Flash Sale 'FSI-00167': yêu cầu 1; còn lại 0
TXN-OPTIMISTIC-00212,REQ-SIM-00212,-,CUS-00212,FSI-00167,1,OPTIMISTIC,pool-4-thread-212,3863203287200,3865954505400,false,Hết hàng! Sản phẩm Flash Sale 'FSI-00167': yêu cầu 1; còn lại 0
TXN-OPTIMISTIC-00773,REQ-SIM-00773,-,CUS-00773,FSI-00167,1,OPTIMISTIC,pool-4-thread-773,3863212503500,3865955101500,false,Hết hàng! Sản phẩm Flash Sale 'FSI-00167': yêu cầu 1; còn lại 0
TXN-OPTIMISTIC-00818,REQ-SIM-00818,-,CUS-00818,FSI-00167,1,OPTIMISTIC,pool-4-thread-818,3863213141800,3865955609200,false,Hết hàng! Sản phẩm Flash Sale 'FSI-00167': yêu cầu 1; còn lại 0
TXN-OPTIMISTIC-00393,REQ-SIM-00393,-,CUS-00393,FSI-00167,1,OPTIMISTIC,pool-4-thread-393,3863206390800,3865956089800,false,Hết hàng! Sản phẩm Flash Sale 'FSI-00167': yêu cầu 1; còn lại 0
TXN-OPTIMISTIC-00492,REQ-SIM-00492,-,CUS-00492,FSI-00167,1,OPTIMISTIC,pool-4-thread-492,3863208112000,3865956479100,false,Hết hàng! Sản phẩm Flash Sale 'FSI-00167': yêu cầu 1; còn lại 0
TXN-OPTIMISTIC-00453,REQ-SIM-00453,-,CUS-00453,FSI-00167,1,OPTIMISTIC,pool-4-thread-453,3863207563000,3865956624200,false,Hết hàng! Sản phẩm Flash Sale 'FSI-00167': yêu cầu 1; còn lại 0
TXN-OPTIMISTIC-00737,REQ-SIM-00737,-,CUS-00737,FSI-00167,1,OPTIMISTIC,pool-4-thread-737,3863212009200,3865957076100,false,Hết hàng! Sản phẩm Flash Sale 'FSI-00167': yêu cầu 1; còn lại 0
TXN-OPTIMISTIC-00709,REQ-SIM-00709,-,CUS-00709,FSI-00167,1,OPTIMISTIC,pool-4-thread-709,3863211621500,3865957392400,false,Hết hàng! Sản phẩm Flash Sale 'FSI-00167': yêu cầu 1; còn lại 0
TXN-OPTIMISTIC-00269,REQ-SIM-00269,-,CUS-00269,FSI-00167,1,OPTIMISTIC,pool-4-thread-269,3863204367500,3865957914700,false,Hết hàng! Sản phẩm Flash Sale 'FSI-00167': yêu cầu 1; còn lại 0
TXN-OPTIMISTIC-00572,REQ-SIM-00572,-,CUS-00572,FSI-00167,1,OPTIMISTIC,pool-4-thread-572,3863209562100,3865958315600,false,Hết hàng! Sản phẩm Flash Sale 'FSI-00167': yêu cầu 1; còn lại 0
TXN-OPTIMISTIC-00948,REQ-SIM-00948,-,CUS-00948,FSI-00167,1,OPTIMISTIC,pool-4-thread-948,3863215231300,3865958807400,false,Hết hàng! Sản phẩm Flash Sale 'FSI-00167': yêu cầu 1; còn lại 0
TXN-OPTIMISTIC-00293,REQ-SIM-00293,-,CUS-00293,FSI-00167,1,OPTIMISTIC,pool-4-thread-293,3863204789900,3865959101800,false,Hết hàng! Sản phẩm Flash Sale 'FSI-00167': yêu cầu 1; còn lại 0
TXN-OPTIMISTIC-00871,REQ-SIM-00871,-,CUS-00871,FSI-00167,1,OPTIMISTIC,pool-4-thread-871,3863214057900,3865959425300,false,Hết hàng! Sản phẩm Flash Sale 'FSI-00167': yêu cầu 1; còn lại 0
TXN-OPTIMISTIC-00775,REQ-SIM-00775,-,CUS-00775,FSI-00167,1,OPTIMISTIC,pool-4-thread-775,3863212530700,3865959859900,false,Hết hàng! Sản phẩm Flash Sale 'FSI-00167': yêu cầu 1; còn lại 0
TXN-OPTIMISTIC-00363,REQ-SIM-00363,-,CUS-00363,FSI-00167,1,OPTIMISTIC,pool-4-thread-363,3863205914600,3865960303100,false,Hết hàng! Sản phẩm Flash Sale 'FSI-00167': yêu cầu 1; còn lại 0
TXN-OPTIMISTIC-00941,REQ-SIM-00941,-,CUS-00941,FSI-00167,1,OPTIMISTIC,pool-4-thread-941,3863215136500,3865960583700,false,Hết hàng! Sản phẩm Flash Sale 'FSI-00167': yêu cầu 1; còn lại 0
TXN-OPTIMISTIC-00238,REQ-SIM-00238,-,CUS-00238,FSI-00167,1,OPTIMISTIC,pool-4-thread-238,3863203746500,3865961292300,false,Hết hàng! Sản phẩm Flash Sale 'FSI-00167': yêu cầu 1; còn lại 0
TXN-OPTIMISTIC-00597,REQ-SIM-00597,-,CUS-00597,FSI-00167,1,OPTIMISTIC,pool-4-thread-597,3863209888700,3865961416600,false,Hết hàng! Sản phẩm Flash Sale 'FSI-00167': yêu cầu 1; còn lại 0
TXN-OPTIMISTIC-00909,REQ-SIM-00909,-,CUS-00909,FSI-00167,1,OPTIMISTIC,pool-4-thread-909,3863214597700,3865961908500,false,Hết hàng! Sản phẩm Flash Sale 'FSI-00167': yêu cầu 1; còn lại 0
TXN-OPTIMISTIC-00111,REQ-SIM-00111,-,CUS-00111,FSI-00167,1,OPTIMISTIC,pool-4-thread-111,3863201503000,3865962246300,false,Hết hàng! Sản phẩm Flash Sale 'FSI-00167': yêu cầu 1; còn lại 0
TXN-OPTIMISTIC-00724,REQ-SIM-00724,-,CUS-00724,FSI-00167,1,OPTIMISTIC,pool-4-thread-724,3863211845600,3865962504400,false,Hết hàng! Sản phẩm Flash Sale 'FSI-00167': yêu cầu 1; còn lại 0
TXN-OPTIMISTIC-00720,REQ-SIM-00720,-,CUS-00720,FSI-00167,1,OPTIMISTIC,pool-4-thread-720,3863211786300,3865963167600,false,Hết hàng! Sản phẩm Flash Sale 'FSI-00167': yêu cầu 1; còn lại 0
TXN-OPTIMISTIC-00977,REQ-SIM-00977,-,CUS-00977,FSI-00167,1,OPTIMISTIC,pool-4-thread-977,3863215693100,3865963273400,false,Hết hàng! Sản phẩm Flash Sale 'FSI-00167': yêu cầu 1; còn lại 0
TXN-OPTIMISTIC-00702,REQ-SIM-00702,-,CUS-00702,FSI-00167,1,OPTIMISTIC,pool-4-thread-702,3863211527200,3865963634300,false,Hết hàng! Sản phẩm Flash Sale 'FSI-00167': yêu cầu 1; còn lại 0
TXN-OPTIMISTIC-00961,REQ-SIM-00961,-,CUS-00961,FSI-00167,1,OPTIMISTIC,pool-4-thread-961,3863215411600,3865963866400,false,Hết hàng! Sản phẩm Flash Sale 'FSI-00167': yêu cầu 1; còn lại 0
TXN-OPTIMISTIC-00928,REQ-SIM-00928,-,CUS-00928,FSI-00167,1,OPTIMISTIC,pool-4-thread-928,3863214951000,3865964300100,false,Hết hàng! Sản phẩm Flash Sale 'FSI-00167': yêu cầu 1; còn lại 0
TXN-OPTIMISTIC-00229,REQ-SIM-00229,-,CUS-00229,FSI-00167,1,OPTIMISTIC,pool-4-thread-229,3863203589400,3865964656500,false,Hết hàng! Sản phẩm Flash Sale 'FSI-00167': yêu cầu 1; còn lại 0
TXN-OPTIMISTIC-00719,REQ-SIM-00719,-,CUS-00719,FSI-00167,1,OPTIMISTIC,pool-4-thread-719,3863211769500,3865964951400,false,Hết hàng! Sản phẩm Flash Sale 'FSI-00167': yêu cầu 1; còn lại 0
TXN-OPTIMISTIC-00959,REQ-SIM-00959,-,CUS-00959,FSI-00167,1,OPTIMISTIC,pool-4-thread-959,3863215381800,3865965232400,false,Hết hàng! Sản phẩm Flash Sale 'FSI-00167': yêu cầu 1; còn lại 0
TXN-OPTIMISTIC-00953,REQ-SIM-00953,-,CUS-00953,FSI-00167,1,OPTIMISTIC,pool-4-thread-953,3863215291700,3865965876300,false,Hết hàng! Sản phẩm Flash Sale 'FSI-00167': yêu cầu 1; còn lại 0
TXN-OPTIMISTIC-00782,REQ-SIM-00782,-,CUS-00782,FSI-00167,1,OPTIMISTIC,pool-4-thread-782,3863212641900,3865966011400,false,Hết hàng! Sản phẩm Flash Sale 'FSI-00167': yêu cầu 1; còn lại 0
TXN-OPTIMISTIC-00903,REQ-SIM-00903,-,CUS-00903,FSI-00167,1,OPTIMISTIC,pool-4-thread-903,3863214500300,3865966537500,false,Hết hàng! Sản phẩm Flash Sale 'FSI-00167': yêu cầu 1; còn lại 0
TXN-OPTIMISTIC-00003,REQ-SIM-00003,-,CUS-00003,FSI-00167,1,OPTIMISTIC,pool-4-thread-3,3863199949200,3865966716800,false,Hết hàng! Sản phẩm Flash Sale 'FSI-00167': yêu cầu 1; còn lại 0
TXN-OPTIMISTIC-00899,REQ-SIM-00899,-,CUS-00899,FSI-00167,1,OPTIMISTIC,pool-4-thread-899,3863214441600,3865967163200,false,Hết hàng! Sản phẩm Flash Sale 'FSI-00167': yêu cầu 1; còn lại 0
TXN-OPTIMISTIC-00922,REQ-SIM-00922,-,CUS-00922,FSI-00167,1,OPTIMISTIC,pool-4-thread-922,3863214853100,3865967444600,false,Hết hàng! Sản phẩm Flash Sale 'FSI-00167': yêu cầu 1; còn lại 0
TXN-OPTIMISTIC-00925,REQ-SIM-00925,-,CUS-00925,FSI-00167,1,OPTIMISTIC,pool-4-thread-925,3863214910500,3865968030400,false,Hết hàng! Sản phẩm Flash Sale 'FSI-00167': yêu cầu 1; còn lại 0
TXN-OPTIMISTIC-00804,REQ-SIM-00804,-,CUS-00804,FSI-00167,1,OPTIMISTIC,pool-4-thread-804,3863212942200,3865968146500,false,Hết hàng! Sản phẩm Flash Sale 'FSI-00167': yêu cầu 1; còn lại 0
TXN-OPTIMISTIC-00071,REQ-SIM-00071,-,CUS-00071,FSI-00167,1,OPTIMISTIC,pool-4-thread-71,3863200926800,3865968802900,false,Hết hàng! Sản phẩm Flash Sale 'FSI-00167': yêu cầu 1; còn lại 0
TXN-OPTIMISTIC-00414,REQ-SIM-00414,-,CUS-00414,FSI-00167,1,OPTIMISTIC,pool-4-thread-414,3863206936200,3865969041400,false,Hết hàng! Sản phẩm Flash Sale 'FSI-00167': yêu cầu 1; còn lại 0
TXN-OPTIMISTIC-00963,REQ-SIM-00963,-,CUS-00963,FSI-00167,1,OPTIMISTIC,pool-4-thread-963,3863215438100,3865969379700,false,Hết hàng! Sản phẩm Flash Sale 'FSI-00167': yêu cầu 1; còn lại 0
TXN-OPTIMISTIC-00681,REQ-SIM-00681,-,CUS-00681,FSI-00167,1,OPTIMISTIC,pool-4-thread-681,3863211200000,3865969608300,false,Hết hàng! Sản phẩm Flash Sale 'FSI-00167': yêu cầu 1; còn lại 0
TXN-OPTIMISTIC-00065,REQ-SIM-00065,-,CUS-00065,FSI-00167,1,OPTIMISTIC,pool-4-thread-65,3863200866900,3865970231100,false,Hết hàng! Sản phẩm Flash Sale 'FSI-00167': yêu cầu 1; còn lại 0
TXN-OPTIMISTIC-00112,REQ-SIM-00112,-,CUS-00112,FSI-00167,1,OPTIMISTIC,pool-4-thread-112,3863201518300,3865970508200,false,Hết hàng! Sản phẩm Flash Sale 'FSI-00167': yêu cầu 1; còn lại 0
TXN-OPTIMISTIC-00463,REQ-SIM-00463,-,CUS-00463,FSI-00167,1,OPTIMISTIC,pool-4-thread-463,3863207721300,3865970762400,false,Hết hàng! Sản phẩm Flash Sale 'FSI-00167': yêu cầu 1; còn lại 0
TXN-OPTIMISTIC-00099,REQ-SIM-00099,-,CUS-00099,FSI-00167,1,OPTIMISTIC,pool-4-thread-99,3863201187400,3865971093100,false,Hết hàng! Sản phẩm Flash Sale 'FSI-00167': yêu cầu 1; còn lại 0
TXN-OPTIMISTIC-00165,REQ-SIM-00165,-,CUS-00165,FSI-00167,1,OPTIMISTIC,pool-4-thread-165,3863202467100,3865971385300,false,Hết hàng! Sản phẩm Flash Sale 'FSI-00167': yêu cầu 1; còn lại 0
TXN-OPTIMISTIC-00021,REQ-SIM-00021,-,CUS-00021,FSI-00167,1,OPTIMISTIC,pool-4-thread-21,3863200206700,3865971740900,false,Hết hàng! Sản phẩm Flash Sale 'FSI-00167': yêu cầu 1; còn lại 0
TXN-OPTIMISTIC-00183,REQ-SIM-00183,-,CUS-00183,FSI-00167,1,OPTIMISTIC,pool-4-thread-183,3863202893100,3865972038200,false,Hết hàng! Sản phẩm Flash Sale 'FSI-00167': yêu cầu 1; còn lại 0
TXN-OPTIMISTIC-00027,REQ-SIM-00027,-,CUS-00027,FSI-00167,1,OPTIMISTIC,pool-4-thread-27,3863200277700,3865972394600,false,Hết hàng! Sản phẩm Flash Sale 'FSI-00167': yêu cầu 1; còn lại 0
TXN-OPTIMISTIC-00069,REQ-SIM-00069,-,CUS-00069,FSI-00167,1,OPTIMISTIC,pool-4-thread-69,3863200901400,3865972773100,false,Hết hàng! Sản phẩm Flash Sale 'FSI-00167': yêu cầu 1; còn lại 0
TXN-OPTIMISTIC-00080,REQ-SIM-00080,-,CUS-00080,FSI-00167,1,OPTIMISTIC,pool-4-thread-80,3863201059700,3865973165900,false,Hết hàng! Sản phẩm Flash Sale 'FSI-00167': yêu cầu 1; còn lại 0
TXN-OPTIMISTIC-00086,REQ-SIM-00086,-,CUS-00086,FSI-00167,1,OPTIMISTIC,pool-4-thread-86,3863201154100,3865973602500,false,Hết hàng! Sản phẩm Flash Sale 'FSI-00167': yêu cầu 1; còn lại 0
TXN-OPTIMISTIC-00057,REQ-SIM-00057,-,CUS-00057,FSI-00167,1,OPTIMISTIC,pool-4-thread-57,3863200731800,3865973925600,false,Hết hàng! Sản phẩm Flash Sale 'FSI-00167': yêu cầu 1; còn lại 0
TXN-OPTIMISTIC-00015,REQ-SIM-00015,-,CUS-00015,FSI-00167,1,OPTIMISTIC,pool-4-thread-15,3863200102300,3865974338200,false,Hết hàng! Sản phẩm Flash Sale 'FSI-00167': yêu cầu 1; còn lại 0
TXN-OPTIMISTIC-00422,REQ-SIM-00422,-,CUS-00422,FSI-00167,1,OPTIMISTIC,pool-4-thread-422,3863207095300,3865974680400,false,Hết hàng! Sản phẩm Flash Sale 'FSI-00167': yêu cầu 1; còn lại 0
TXN-OPTIMISTIC-00038,REQ-SIM-00038,-,CUS-00038,FSI-00167,1,OPTIMISTIC,pool-4-thread-38,3863200266500,3865974994500,false,Hết hàng! Sản phẩm Flash Sale 'FSI-00167': yêu cầu 1; còn lại 0
TXN-OPTIMISTIC-00471,REQ-SIM-00471,-,CUS-00471,FSI-00167,1,OPTIMISTIC,pool-4-thread-471,3863207821800,3865975501900,false,Hết hàng! Sản phẩm Flash Sale 'FSI-00167': yêu cầu 1; còn lại 0
TXN-OPTIMISTIC-00044,REQ-SIM-00044,-,CUS-00044,FSI-00167,1,OPTIMISTIC,pool-4-thread-44,3863200392500,3865975832600,false,Hết hàng! Sản phẩm Flash Sale 'FSI-00167': yêu cầu 1; còn lại 0
TXN-OPTIMISTIC-00931,REQ-SIM-00931,-,CUS-00931,FSI-00167,1,OPTIMISTIC,pool-4-thread-931,3863215000400,3865976233600,false,Hết hàng! Sản phẩm Flash Sale 'FSI-00167': yêu cầu 1; còn lại 0
TXN-OPTIMISTIC-00105,REQ-SIM-00105,-,CUS-00105,FSI-00167,1,OPTIMISTIC,pool-4-thread-105,3863201429000,3865976585900,false,Hết hàng! Sản phẩm Flash Sale 'FSI-00167': yêu cầu 1; còn lại 0
TXN-OPTIMISTIC-00531,REQ-SIM-00531,-,CUS-00531,FSI-00167,1,OPTIMISTIC,pool-4-thread-531,3863208853900,3865976890100,false,Hết hàng! Sản phẩm Flash Sale 'FSI-00167': yêu cầu 1; còn lại 0
TXN-OPTIMISTIC-00446,REQ-SIM-00446,-,CUS-00446,FSI-00167,1,OPTIMISTIC,pool-4-thread-446,3863207462400,3865977186400,false,Hết hàng! Sản phẩm Flash Sale 'FSI-00167': yêu cầu 1; còn lại 0
TXN-OPTIMISTIC-00435,REQ-SIM-00435,-,CUS-00435,FSI-00167,1,OPTIMISTIC,pool-4-thread-435,3863207292700,3865977766500,false,Hết hàng! Sản phẩm Flash Sale 'FSI-00167': yêu cầu 1; còn lại 0
TXN-OPTIMISTIC-00081,REQ-SIM-00081,-,CUS-00081,FSI-00167,1,OPTIMISTIC,pool-4-thread-81,3863201092700,3865978043800,false,Hết hàng! Sản phẩm Flash Sale 'FSI-00167': yêu cầu 1; còn lại 0
TXN-OPTIMISTIC-00494,REQ-SIM-00494,-,CUS-00494,FSI-00167,1,OPTIMISTIC,pool-4-thread-494,3863208250100,3865978365100,false,Hết hàng! Sản phẩm Flash Sale 'FSI-00167': yêu cầu 1; còn lại 0
TXN-OPTIMISTIC-00477,REQ-SIM-00477,-,CUS-00477,FSI-00167,1,OPTIMISTIC,pool-4-thread-477,3863207905900,3865978813500,false,Hết hàng! Sản phẩm Flash Sale 'FSI-00167': yêu cầu 1; còn lại 0
TXN-OPTIMISTIC-00482,REQ-SIM-00482,-,CUS-00482,FSI-00167,1,OPTIMISTIC,pool-4-thread-482,3863207974300,3865979142900,false,Hết hàng! Sản phẩm Flash Sale 'FSI-00167': yêu cầu 1; còn lại 0
TXN-OPTIMISTIC-00033,REQ-SIM-00033,-,CUS-00033,FSI-00167,1,OPTIMISTIC,pool-4-thread-33,3863200320900,3865979437100,false,Hết hàng! Sản phẩm Flash Sale 'FSI-00167': yêu cầu 1; còn lại 0
TXN-OPTIMISTIC-00026,REQ-SIM-00026,-,CUS-00026,FSI-00167,1,OPTIMISTIC,pool-4-thread-26,3863200220100,3865979771600,false,Hết hàng! Sản phẩm Flash Sale 'FSI-00167': yêu cầu 1; còn lại 0
TXN-OPTIMISTIC-00039,REQ-SIM-00039,-,CUS-00039,FSI-00167,1,OPTIMISTIC,pool-4-thread-39,3863200369800,3865980053600,false,Hết hàng! Sản phẩm Flash Sale 'FSI-00167': yêu cầu 1; còn lại 0
TXN-OPTIMISTIC-00068,REQ-SIM-00068,-,CUS-00068,FSI-00167,1,OPTIMISTIC,pool-4-thread-68,3863200890600,3865980518000,false,Hết hàng! Sản phẩm Flash Sale 'FSI-00167': yêu cầu 1; còn lại 0
TXN-OPTIMISTIC-00765,REQ-SIM-00765,-,CUS-00765,FSI-00167,1,OPTIMISTIC,pool-4-thread-765,3863212388400,3865980941000,false,Hết hàng! Sản phẩm Flash Sale 'FSI-00167': yêu cầu 1; còn lại 0
TXN-OPTIMISTIC-00465,REQ-SIM-00465,-,CUS-00465,FSI-00167,1,OPTIMISTIC,pool-4-thread-465,3863207738200,3865981350800,false,Hết hàng! Sản phẩm Flash Sale 'FSI-00167': yêu cầu 1; còn lại 0
TXN-OPTIMISTIC-00062,REQ-SIM-00062,-,CUS-00062,FSI-00167,1,OPTIMISTIC,pool-4-thread-62,3863200973700,3865981663100,false,Hết hàng! Sản phẩm Flash Sale 'FSI-00167': yêu cầu 1; còn lại 0
TXN-OPTIMISTIC-00051,REQ-SIM-00051,-,CUS-00051,FSI-00167,1,OPTIMISTIC,pool-4-thread-51,3863200633900,3865982185500,false,Hết hàng! Sản phẩm Flash Sale 'FSI-00167': yêu cầu 1; còn lại 0
TXN-OPTIMISTIC-00032,REQ-SIM-00032,-,CUS-00032,FSI-00167,1,OPTIMISTIC,pool-4-thread-32,3863200307200,3865982375700,false,Hết hàng! Sản phẩm Flash Sale 'FSI-00167': yêu cầu 1; còn lại 0
TXN-OPTIMISTIC-00699,REQ-SIM-00699,-,CUS-00699,FSI-00167,1,OPTIMISTIC,pool-4-thread-699,3863211488600,3865982791400,false,Hết hàng! Sản phẩm Flash Sale 'FSI-00167': yêu cầu 1; còn lại 0
TXN-OPTIMISTIC-00470,REQ-SIM-00470,-,CUS-00470,FSI-00167,1,OPTIMISTIC,pool-4-thread-470,3863207806800,3865983096900,false,Hết hàng! Sản phẩm Flash Sale 'FSI-00167': yêu cầu 1; còn lại 0
TXN-OPTIMISTIC-00009,REQ-SIM-00009,-,CUS-00009,FSI-00167,1,OPTIMISTIC,pool-4-thread-9,3863200033500,3865983775300,false,Hết hàng! Sản phẩm Flash Sale 'FSI-00167': yêu cầu 1; còn lại 0
TXN-OPTIMISTIC-00746,REQ-SIM-00746,-,CUS-00746,FSI-00167,1,OPTIMISTIC,pool-4-thread-746,3863212135500,3865983920800,false,Hết hàng! Sản phẩm Flash Sale 'FSI-00167': yêu cầu 1; còn lại 0
TXN-OPTIMISTIC-00333,REQ-SIM-00333,-,CUS-00333,FSI-00167,1,OPTIMISTIC,pool-4-thread-333,3863205458200,3865984362300,false,Hết hàng! Sản phẩm Flash Sale 'FSI-00167': yêu cầu 1; còn lại 0
TXN-OPTIMISTIC-00338,REQ-SIM-00338,-,CUS-00338,FSI-00167,1,OPTIMISTIC,pool-4-thread-338,3863205527200,3865984685300,false,Hết hàng! Sản phẩm Flash Sale 'FSI-00167': yêu cầu 1; còn lại 0
TXN-OPTIMISTIC-00104,REQ-SIM-00104,-,CUS-00104,FSI-00167,1,OPTIMISTIC,pool-4-thread-104,3863201295300,3865985079500,false,Hết hàng! Sản phẩm Flash Sale 'FSI-00167': yêu cầu 1; còn lại 0
TXN-OPTIMISTIC-00500,REQ-SIM-00500,-,CUS-00500,FSI-00167,1,OPTIMISTIC,pool-4-thread-500,3863208410000,3865985295800,false,Hết hàng! Sản phẩm Flash Sale 'FSI-00167': yêu cầu 1; còn lại 0
TXN-OPTIMISTIC-00056,REQ-SIM-00056,-,CUS-00056,FSI-00167,1,OPTIMISTIC,pool-4-thread-56,3863200692500,3865985571100,false,Hết hàng! Sản phẩm Flash Sale 'FSI-00167': yêu cầu 1; còn lại 0
TXN-OPTIMISTIC-00920,REQ-SIM-00920,-,CUS-00920,FSI-00167,1,OPTIMISTIC,pool-4-thread-920,3863214747800,3865986133800,false,Hết hàng! Sản phẩm Flash Sale 'FSI-00167': yêu cầu 1; còn lại 0
TXN-OPTIMISTIC-00752,REQ-SIM-00752,-,CUS-00752,FSI-00167,1,OPTIMISTIC,pool-4-thread-752,3863212215800,3865986569700,false,Hết hàng! Sản phẩm Flash Sale 'FSI-00167': yêu cầu 1; còn lại 0
TXN-OPTIMISTIC-00140,REQ-SIM-00140,-,CUS-00140,FSI-00167,1,OPTIMISTIC,pool-4-thread-140,3863202085300,3865987051200,false,Hết hàng! Sản phẩm Flash Sale 'FSI-00167': yêu cầu 1; còn lại 0
TXN-OPTIMISTIC-00002,REQ-SIM-00002,-,CUS-00002,FSI-00167,1,OPTIMISTIC,pool-4-thread-2,3863199935300,3865987478500,false,Hết hàng! Sản phẩm Flash Sale 'FSI-00167': yêu cầu 1; còn lại 0
TXN-OPTIMISTIC-00440,REQ-SIM-00440,-,CUS-00440,FSI-00167,1,OPTIMISTIC,pool-4-thread-440,3863207373000,3865987935000,false,Hết hàng! Sản phẩm Flash Sale 'FSI-00167': yêu cầu 1; còn lại 0
TXN-OPTIMISTIC-00008,REQ-SIM-00008,-,CUS-00008,FSI-00167,1,OPTIMISTIC,pool-4-thread-8,3863200020000,3865988446700,false,Hết hàng! Sản phẩm Flash Sale 'FSI-00167': yêu cầu 1; còn lại 0
TXN-OPTIMISTIC-00046,REQ-SIM-00046,-,CUS-00046,FSI-00167,1,OPTIMISTIC,pool-4-thread-46,3863200535200,3865988784900,false,Hết hàng! Sản phẩm Flash Sale 'FSI-00167': yêu cầu 1; còn lại 0
TXN-OPTIMISTIC-00152,REQ-SIM-00152,-,CUS-00152,FSI-00167,1,OPTIMISTIC,pool-4-thread-152,3863202136900,3865989155200,false,Hết hàng! Sản phẩm Flash Sale 'FSI-00167': yêu cầu 1; còn lại 0
TXN-OPTIMISTIC-00283,REQ-SIM-00283,-,CUS-00283,FSI-00167,1,OPTIMISTIC,pool-4-thread-283,3863204606100,3865989799700,false,Hết hàng! Sản phẩm Flash Sale 'FSI-00167': yêu cầu 1; còn lại 0
TXN-OPTIMISTIC-00396,REQ-SIM-00396,-,CUS-00396,FSI-00167,1,OPTIMISTIC,pool-4-thread-396,3863206449000,3865990242400,false,Hết hàng! Sản phẩm Flash Sale 'FSI-00167': yêu cầu 1; còn lại 0
TXN-OPTIMISTIC-00014,REQ-SIM-00014,-,CUS-00014,FSI-00167,1,OPTIMISTIC,pool-4-thread-14,3863200090100,3865990605200,false,Hết hàng! Sản phẩm Flash Sale 'FSI-00167': yêu cầu 1; còn lại 0
TXN-OPTIMISTIC-00366,REQ-SIM-00366,-,CUS-00366,FSI-00167,1,OPTIMISTIC,pool-4-thread-366,3863205957600,3865990884300,false,Hết hàng! Sản phẩm Flash Sale 'FSI-00167': yêu cầu 1; còn lại 0
TXN-OPTIMISTIC-00041,REQ-SIM-00041,-,CUS-00041,FSI-00167,1,OPTIMISTIC,pool-4-thread-41,3863200516300,3865991222900,false,Hết hàng! Sản phẩm Flash Sale 'FSI-00167': yêu cầu 1; còn lại 0
TXN-OPTIMISTIC-00047,REQ-SIM-00047,-,CUS-00047,FSI-00167,1,OPTIMISTIC,pool-4-thread-47,3863200295300,3865991628000,false,Hết hàng! Sản phẩm Flash Sale 'FSI-00167': yêu cầu 1; còn lại 0
TXN-OPTIMISTIC-00040,REQ-SIM-00040,-,CUS-00040,FSI-00167,1,OPTIMISTIC,pool-4-thread-40,3863200489000,3865991979100,false,Hết hàng! Sản phẩm Flash Sale 'FSI-00167': yêu cầu 1; còn lại 0
TXN-OPTIMISTIC-00029,REQ-SIM-00029,-,CUS-00029,FSI-00167,1,OPTIMISTIC,pool-4-thread-29,3863200573900,3865992538100,false,Hết hàng! Sản phẩm Flash Sale 'FSI-00167': yêu cầu 1; còn lại 0
TXN-OPTIMISTIC-00336,REQ-SIM-00336,-,CUS-00336,FSI-00167,1,OPTIMISTIC,pool-4-thread-336,3863205500900,3865992996300,false,Hết hàng! Sản phẩm Flash Sale 'FSI-00167': yêu cầu 1; còn lại 0
TXN-OPTIMISTIC-00017,REQ-SIM-00017,-,CUS-00017,FSI-00167,1,OPTIMISTIC,pool-4-thread-17,3863200176000,3865993458100,false,Hết hàng! Sản phẩm Flash Sale 'FSI-00167': yêu cầu 1; còn lại 0
TXN-OPTIMISTIC-00246,REQ-SIM-00246,-,CUS-00246,FSI-00167,1,OPTIMISTIC,pool-4-thread-246,3863203855600,3865993613400,false,Hết hàng! Sản phẩm Flash Sale 'FSI-00167': yêu cầu 1; còn lại 0
TXN-OPTIMISTIC-00945,REQ-SIM-00945,-,CUS-00945,FSI-00167,1,OPTIMISTIC,pool-4-thread-945,3863215194200,3865994263100,false,Hết hàng! Sản phẩm Flash Sale 'FSI-00167': yêu cầu 1; còn lại 0
TXN-OPTIMISTIC-00813,REQ-SIM-00813,-,CUS-00813,FSI-00167,1,OPTIMISTIC,pool-4-thread-813,3863213068600,3865994357000,false,Hết hàng! Sản phẩm Flash Sale 'FSI-00167': yêu cầu 1; còn lại 0
TXN-OPTIMISTIC-00944,REQ-SIM-00944,-,CUS-00944,FSI-00167,1,OPTIMISTIC,pool-4-thread-944,3863215182000,3865994862600,false,Hết hàng! Sản phẩm Flash Sale 'FSI-00167': yêu cầu 1; còn lại 0
TXN-OPTIMISTIC-00866,REQ-SIM-00866,-,CUS-00866,FSI-00167,1,OPTIMISTIC,pool-4-thread-866,3863213975400,3865995254900,false,Hết hàng! Sản phẩm Flash Sale 'FSI-00167': yêu cầu 1; còn lại 0
TXN-OPTIMISTIC-00020,REQ-SIM-00020,-,CUS-00020,FSI-00167,1,OPTIMISTIC,pool-4-thread-20,3863200193800,3865995432000,false,Hết hàng! Sản phẩm Flash Sale 'FSI-00167': yêu cầu 1; còn lại 0
TXN-OPTIMISTIC-00167,REQ-SIM-00167,-,CUS-00167,FSI-00167,1,OPTIMISTIC,pool-4-thread-167,3863202561200,3865995822800,false,Hết hàng! Sản phẩm Flash Sale 'FSI-00167': yêu cầu 1; còn lại 0
TXN-OPTIMISTIC-00011,REQ-SIM-00011,-,CUS-00011,FSI-00167,1,OPTIMISTIC,pool-4-thread-11,3863200065200,3865996094000,false,Hết hàng! Sản phẩm Flash Sale 'FSI-00167': yêu cầu 1; còn lại 0
TXN-OPTIMISTIC-00172,REQ-SIM-00172,-,CUS-00172,FSI-00167,1,OPTIMISTIC,pool-4-thread-172,3863202669000,3865996624800,false,Hết hàng! Sản phẩm Flash Sale 'FSI-00167': yêu cầu 1; còn lại 0
TXN-OPTIMISTIC-00074,REQ-SIM-00074,-,CUS-00074,FSI-00167,1,OPTIMISTIC,pool-4-thread-74,3863200796400,3865996950500,false,Hết hàng! Sản phẩm Flash Sale 'FSI-00167': yêu cầu 1; còn lại 0
TXN-OPTIMISTIC-00355,REQ-SIM-00355,-,CUS-00355,FSI-00167,1,OPTIMISTIC,pool-4-thread-355,3863205769400,3865997316100,false,Hết hàng! Sản phẩm Flash Sale 'FSI-00167': yêu cầu 1; còn lại 0
TXN-OPTIMISTIC-00005,REQ-SIM-00005,-,CUS-00005,FSI-00167,1,OPTIMISTIC,pool-4-thread-5,3863199978700,3865997593700,false,Hết hàng! Sản phẩm Flash Sale 'FSI-00167': yêu cầu 1; còn lại 0
TXN-OPTIMISTIC-00166,REQ-SIM-00166,-,CUS-00166,FSI-00167,1,OPTIMISTIC,pool-4-thread-166,3863202548100,3865997950300,false,Hết hàng! Sản phẩm Flash Sale 'FSI-00167': yêu cầu 1; còn lại 0
TXN-OPTIMISTIC-00178,REQ-SIM-00178,-,CUS-00178,FSI-00167,1,OPTIMISTIC,pool-4-thread-178,3863202785100,3865998290200,false,Hết hàng! Sản phẩm Flash Sale 'FSI-00167': yêu cầu 1; còn lại 0
TXN-OPTIMISTIC-00361,REQ-SIM-00361,-,CUS-00361,FSI-00167,1,OPTIMISTIC,pool-4-thread-361,3863205871800,3865998694600,false,Hết hàng! Sản phẩm Flash Sale 'FSI-00167': yêu cầu 1; còn lại 0
TXN-OPTIMISTIC-00549,REQ-SIM-00549,-,CUS-00549,FSI-00167,1,OPTIMISTIC,pool-4-thread-549,3863209107100,3865999103400,false,Hết hàng! Sản phẩm Flash Sale 'FSI-00167': yêu cầu 1; còn lại 0
TXN-OPTIMISTIC-00222,REQ-SIM-00222,-,CUS-00222,FSI-00167,1,OPTIMISTIC,pool-4-thread-222,3863203491100,3865999529700,false,Hết hàng! Sản phẩm Flash Sale 'FSI-00167': yêu cầu 1; còn lại 0
TXN-OPTIMISTIC-00324,REQ-SIM-00324,-,CUS-00324,FSI-00167,1,OPTIMISTIC,pool-4-thread-324,3863205304300,3865999865300,false,Hết hàng! Sản phẩm Flash Sale 'FSI-00167': yêu cầu 1; còn lại 0
TXN-OPTIMISTIC-00064,REQ-SIM-00064,-,CUS-00064,FSI-00167,1,OPTIMISTIC,pool-4-thread-64,3863200822200,3866000316600,false,Hết hàng! Sản phẩm Flash Sale 'FSI-00167': yêu cầu 1; còn lại 0
TXN-OPTIMISTIC-00975,REQ-SIM-00975,-,CUS-00975,FSI-00167,1,OPTIMISTIC,pool-4-thread-975,3863215666800,3866000727100,false,Hết hàng! Sản phẩm Flash Sale 'FSI-00167': yêu cầu 1; còn lại 0
TXN-OPTIMISTIC-00004,REQ-SIM-00004,-,CUS-00004,FSI-00167,1,OPTIMISTIC,pool-4-thread-4,3863199964600,3866000862600,false,Hết hàng! Sản phẩm Flash Sale 'FSI-00167': yêu cầu 1; còn lại 0
TXN-OPTIMISTIC-00169,REQ-SIM-00169,-,CUS-00169,FSI-00167,1,OPTIMISTIC,pool-4-thread-169,3863202584800,3866001235900,false,Hết hàng! Sản phẩm Flash Sale 'FSI-00167': yêu cầu 1; còn lại 0
TXN-OPTIMISTIC-00059,REQ-SIM-00059,-,CUS-00059,FSI-00167,1,OPTIMISTIC,pool-4-thread-59,3863200755700,3866001538500,false,Hết hàng! Sản phẩm Flash Sale 'FSI-00167': yêu cầu 1; còn lại 0
TXN-OPTIMISTIC-00173,REQ-SIM-00173,-,CUS-00173,FSI-00167,1,OPTIMISTIC,pool-4-thread-173,3863202713400,3866002108200,false,Hết hàng! Sản phẩm Flash Sale 'FSI-00167': yêu cầu 1; còn lại 0
TXN-OPTIMISTIC-00083,REQ-SIM-00083,-,CUS-00083,FSI-00167,1,OPTIMISTIC,pool-4-thread-83,3863201106900,3866002491500,false,Hết hàng! Sản phẩm Flash Sale 'FSI-00167': yêu cầu 1; còn lại 0
TXN-OPTIMISTIC-00053,REQ-SIM-00053,-,CUS-00053,FSI-00167,1,OPTIMISTIC,pool-4-thread-53,3863200662900,3866003141300,false,Hết hàng! Sản phẩm Flash Sale 'FSI-00167': yêu cầu 1; còn lại 0
TXN-OPTIMISTIC-00058,REQ-SIM-00058,-,CUS-00058,FSI-00167,1,OPTIMISTIC,pool-4-thread-58,3863200744500,3866003331000,false,Hết hàng! Sản phẩm Flash Sale 'FSI-00167': yêu cầu 1; còn lại 0
TXN-OPTIMISTIC-00777,REQ-SIM-00777,-,CUS-00777,FSI-00167,1,OPTIMISTIC,pool-4-thread-777,3863212571100,3866003625900,false,Hết hàng! Sản phẩm Flash Sale 'FSI-00167': yêu cầu 1; còn lại 0
TXN-OPTIMISTIC-00240,REQ-SIM-00240,-,CUS-00240,FSI-00167,1,OPTIMISTIC,pool-4-thread-240,3863203756400,3866003988000,false,Hết hàng! Sản phẩm Flash Sale 'FSI-00167': yêu cầu 1; còn lại 0
TXN-OPTIMISTIC-00910,REQ-SIM-00910,-,CUS-00910,FSI-00167,1,OPTIMISTIC,pool-4-thread-910,3863214608400,3866004332000,false,Hết hàng! Sản phẩm Flash Sale 'FSI-00167': yêu cầu 1; còn lại 0
TXN-OPTIMISTIC-00168,REQ-SIM-00168,-,CUS-00168,FSI-00167,1,OPTIMISTIC,pool-4-thread-168,3863202573200,3866004716000,false,Hết hàng! Sản phẩm Flash Sale 'FSI-00167': yêu cầu 1; còn lại 0
TXN-OPTIMISTIC-00289,REQ-SIM-00289,-,CUS-00289,FSI-00167,1,OPTIMISTIC,pool-4-thread-289,3863204726600,3866005066600,false,Hết hàng! Sản phẩm Flash Sale 'FSI-00167': yêu cầu 1; còn lại 0
TXN-OPTIMISTIC-00626,REQ-SIM-00626,-,CUS-00626,FSI-00167,1,OPTIMISTIC,pool-4-thread-626,3863210273000,3866005357700,false,Hết hàng! Sản phẩm Flash Sale 'FSI-00167': yêu cầu 1; còn lại 0
TXN-OPTIMISTIC-00665,REQ-SIM-00665,-,CUS-00665,FSI-00167,1,OPTIMISTIC,pool-4-thread-665,3863210882200,3866005760500,false,Hết hàng! Sản phẩm Flash Sale 'FSI-00167': yêu cầu 1; còn lại 0
TXN-OPTIMISTIC-00342,REQ-SIM-00342,-,CUS-00342,FSI-00167,1,OPTIMISTIC,pool-4-thread-342,3863205587500,3866006454900,false,Hết hàng! Sản phẩm Flash Sale 'FSI-00167': yêu cầu 1; còn lại 0
TXN-OPTIMISTIC-00295,REQ-SIM-00295,-,CUS-00295,FSI-00167,1,OPTIMISTIC,pool-4-thread-295,3863204816600,3866006791100,false,Hết hàng! Sản phẩm Flash Sale 'FSI-00167': yêu cầu 1; còn lại 0
TXN-OPTIMISTIC-00897,REQ-SIM-00897,-,CUS-00897,FSI-00167,1,OPTIMISTIC,pool-4-thread-897,3863214418000,3866007060300,false,Hết hàng! Sản phẩm Flash Sale 'FSI-00167': yêu cầu 1; còn lại 0
TXN-OPTIMISTIC-00988,REQ-SIM-00988,-,CUS-00988,FSI-00167,1,OPTIMISTIC,pool-4-thread-988,3863215851600,3866007362800,false,Hết hàng! Sản phẩm Flash Sale 'FSI-00167': yêu cầu 1; còn lại 0
TXN-OPTIMISTIC-00845,REQ-SIM-00845,-,CUS-00845,FSI-00167,1,OPTIMISTIC,pool-4-thread-845,3863213691100,3866007636800,false,Hết hàng! Sản phẩm Flash Sale 'FSI-00167': yêu cầu 1; còn lại 0
TXN-OPTIMISTIC-00432,REQ-SIM-00432,-,CUS-00432,FSI-00167,1,OPTIMISTIC,pool-4-thread-432,3863207240400,3866008211600,false,Hết hàng! Sản phẩm Flash Sale 'FSI-00167': yêu cầu 1; còn lại 0
TXN-OPTIMISTIC-00204,REQ-SIM-00204,-,CUS-00204,FSI-00167,1,OPTIMISTIC,pool-4-thread-204,3863203180900,3866008377800,false,Hết hàng! Sản phẩm Flash Sale 'FSI-00167': yêu cầu 1; còn lại 0
TXN-OPTIMISTIC-00932,REQ-SIM-00932,-,CUS-00932,FSI-00167,1,OPTIMISTIC,pool-4-thread-932,3863215012700,3866009008300,false,Hết hàng! Sản phẩm Flash Sale 'FSI-00167': yêu cầu 1; còn lại 0
TXN-OPTIMISTIC-00271,REQ-SIM-00271,-,CUS-00271,FSI-00167,1,OPTIMISTIC,pool-4-thread-271,3863204392800,3866009242600,false,Hết hàng! Sản phẩm Flash Sale 'FSI-00167': yêu cầu 1; còn lại 0
TXN-OPTIMISTIC-00542,REQ-SIM-00542,-,CUS-00542,FSI-00167,1,OPTIMISTIC,pool-4-thread-542,3863209012900,3866009657700,false,Hết hàng! Sản phẩm Flash Sale 'FSI-00167': yêu cầu 1; còn lại 0
TXN-OPTIMISTIC-00276,REQ-SIM-00276,-,CUS-00276,FSI-00167,1,OPTIMISTIC,pool-4-thread-276,3863204477100,3866010000900,false,Hết hàng! Sản phẩm Flash Sale 'FSI-00167': yêu cầu 1; còn lại 0
TXN-OPTIMISTIC-00277,REQ-SIM-00277,-,CUS-00277,FSI-00167,1,OPTIMISTIC,pool-4-thread-277,3863204493000,3866010438100,false,Hết hàng! Sản phẩm Flash Sale 'FSI-00167': yêu cầu 1; còn lại 0
TXN-OPTIMISTIC-00378,REQ-SIM-00378,-,CUS-00378,FSI-00167,1,OPTIMISTIC,pool-4-thread-378,3863206137800,3866010881900,false,Hết hàng! Sản phẩm Flash Sale 'FSI-00167': yêu cầu 1; còn lại 0
TXN-OPTIMISTIC-00770,REQ-SIM-00770,-,CUS-00770,FSI-00167,1,OPTIMISTIC,pool-4-thread-770,3863212462600,3866011212400,false,Hết hàng! Sản phẩm Flash Sale 'FSI-00167': yêu cầu 1; còn lại 0
TXN-OPTIMISTIC-00198,REQ-SIM-00198,-,CUS-00198,FSI-00167,1,OPTIMISTIC,pool-4-thread-198,3863203101600,3866011558800,false,Hết hàng! Sản phẩm Flash Sale 'FSI-00167': yêu cầu 1; còn lại 0
TXN-OPTIMISTIC-00403,REQ-SIM-00403,-,CUS-00403,FSI-00167,1,OPTIMISTIC,pool-4-thread-403,3863206546900,3866012001500,false,Hết hàng! Sản phẩm Flash Sale 'FSI-00167': yêu cầu 1; còn lại 0
TXN-OPTIMISTIC-00402,REQ-SIM-00402,-,CUS-00402,FSI-00167,1,OPTIMISTIC,pool-4-thread-402,3863206535400,3866012359100,false,Hết hàng! Sản phẩm Flash Sale 'FSI-00167': yêu cầu 1; còn lại 0
TXN-OPTIMISTIC-00450,REQ-SIM-00450,-,CUS-00450,FSI-00167,1,OPTIMISTIC,pool-4-thread-450,3863207516100,3866012676700,false,Hết hàng! Sản phẩm Flash Sale 'FSI-00167': yêu cầu 1; còn lại 0
TXN-OPTIMISTIC-00433,REQ-SIM-00433,-,CUS-00433,FSI-00167,1,OPTIMISTIC,pool-4-thread-433,3863207262500,3866013244700,false,Hết hàng! Sản phẩm Flash Sale 'FSI-00167': yêu cầu 1; còn lại 0
TXN-OPTIMISTIC-00994,REQ-SIM-00994,-,CUS-00994,FSI-00167,1,OPTIMISTIC,pool-4-thread-994,3863215962200,3866013443100,false,Hết hàng! Sản phẩm Flash Sale 'FSI-00167': yêu cầu 1; còn lại 0
TXN-OPTIMISTIC-00923,REQ-SIM-00923,-,CUS-00923,FSI-00167,1,OPTIMISTIC,pool-4-thread-923,3863214862400,3866013864000,false,Hết hàng! Sản phẩm Flash Sale 'FSI-00167': yêu cầu 1; còn lại 0
TXN-OPTIMISTIC-00035,REQ-SIM-00035,-,CUS-00035,FSI-00167,1,OPTIMISTIC,pool-4-thread-35,3863200457900,3866014199200,false,Hết hàng! Sản phẩm Flash Sale 'FSI-00167': yêu cầu 1; còn lại 0
TXN-OPTIMISTIC-00264,REQ-SIM-00264,-,CUS-00264,FSI-00167,1,OPTIMISTIC,pool-4-thread-264,3863204246500,3866014502800,false,Hết hàng! Sản phẩm Flash Sale 'FSI-00167': yêu cầu 1; còn lại 0
TXN-OPTIMISTIC-00241,REQ-SIM-00241,-,CUS-00241,FSI-00167,1,OPTIMISTIC,pool-4-thread-241,3863203782800,3866015190200,false,Hết hàng! Sản phẩm Flash Sale 'FSI-00167': yêu cầu 1; còn lại 0
TXN-OPTIMISTIC-00373,REQ-SIM-00373,-,CUS-00373,FSI-00167,1,OPTIMISTIC,pool-4-thread-373,3863206068900,3866015289500,false,Hết hàng! Sản phẩm Flash Sale 'FSI-00167': yêu cầu 1; còn lại 0
TXN-OPTIMISTIC-00710,REQ-SIM-00710,-,CUS-00710,FSI-00167,1,OPTIMISTIC,pool-4-thread-710,3863211646000,3866015609800,false,Hết hàng! Sản phẩm Flash Sale 'FSI-00167': yêu cầu 1; còn lại 0
TXN-OPTIMISTIC-00259,REQ-SIM-00259,-,CUS-00259,FSI-00167,1,OPTIMISTIC,pool-4-thread-259,3863204130800,3866015939400,false,Hết hàng! Sản phẩm Flash Sale 'FSI-00167': yêu cầu 1; còn lại 0
TXN-OPTIMISTIC-00211,REQ-SIM-00211,-,CUS-00211,FSI-00167,1,OPTIMISTIC,pool-4-thread-211,3863203273500,3866016278100,false,Hết hàng! Sản phẩm Flash Sale 'FSI-00167': yêu cầu 1; còn lại 0
TXN-OPTIMISTIC-00832,REQ-SIM-00832,-,CUS-00832,FSI-00167,1,OPTIMISTIC,pool-4-thread-832,3863213440800,3866016520900,false,Hết hàng! Sản phẩm Flash Sale 'FSI-00167': yêu cầu 1; còn lại 0
TXN-OPTIMISTIC-00803,REQ-SIM-00803,-,CUS-00803,FSI-00167,1,OPTIMISTIC,pool-4-thread-803,3863212926400,3866017059800,false,Hết hàng! Sản phẩm Flash Sale 'FSI-00167': yêu cầu 1; còn lại 0
TXN-OPTIMISTIC-00234,REQ-SIM-00234,-,CUS-00234,FSI-00167,1,OPTIMISTIC,pool-4-thread-234,3863203696700,3866017501500,false,Hết hàng! Sản phẩm Flash Sale 'FSI-00167': yêu cầu 1; còn lại 0
TXN-OPTIMISTIC-00735,REQ-SIM-00735,-,CUS-00735,FSI-00167,1,OPTIMISTIC,pool-4-thread-735,3863211984100,3866017797700,false,Hết hàng! Sản phẩm Flash Sale 'FSI-00167': yêu cầu 1; còn lại 0
TXN-OPTIMISTIC-00987,REQ-SIM-00987,-,CUS-00987,FSI-00167,1,OPTIMISTIC,pool-4-thread-987,3863215836500,3866018221800,false,Hết hàng! Sản phẩm Flash Sale 'FSI-00167': yêu cầu 1; còn lại 0
TXN-OPTIMISTIC-00192,REQ-SIM-00192,-,CUS-00192,FSI-00167,1,OPTIMISTIC,pool-4-thread-192,3863203005000,3866018569300,false,Hết hàng! Sản phẩm Flash Sale 'FSI-00167': yêu cầu 1; còn lại 0
TXN-OPTIMISTIC-00513,REQ-SIM-00513,-,CUS-00513,FSI-00167,1,OPTIMISTIC,pool-4-thread-513,3863208597600,3866018953200,false,Hết hàng! Sản phẩm Flash Sale 'FSI-00167': yêu cầu 1; còn lại 0
TXN-OPTIMISTIC-00856,REQ-SIM-00856,-,CUS-00856,FSI-00167,1,OPTIMISTIC,pool-4-thread-856,3863213832800,3866019299200,false,Hết hàng! Sản phẩm Flash Sale 'FSI-00167': yêu cầu 1; còn lại 0
TXN-OPTIMISTIC-00809,REQ-SIM-00809,-,CUS-00809,FSI-00167,1,OPTIMISTIC,pool-4-thread-809,3863213013700,3866019703600,false,Hết hàng! Sản phẩm Flash Sale 'FSI-00167': yêu cầu 1; còn lại 0
TXN-OPTIMISTIC-00698,REQ-SIM-00698,-,CUS-00698,FSI-00167,1,OPTIMISTIC,pool-4-thread-698,3863211473100,3866020151600,false,Hết hàng! Sản phẩm Flash Sale 'FSI-00167': yêu cầu 1; còn lại 0
TXN-OPTIMISTIC-00992,REQ-SIM-00992,-,CUS-00992,FSI-00167,1,OPTIMISTIC,pool-4-thread-992,3863215936500,3866020467300,false,Hết hàng! Sản phẩm Flash Sale 'FSI-00167': yêu cầu 1; còn lại 0
TXN-OPTIMISTIC-00228,REQ-SIM-00228,-,CUS-00228,FSI-00167,1,OPTIMISTIC,pool-4-thread-228,3863203576700,3866020770000,false,Hết hàng! Sản phẩm Flash Sale 'FSI-00167': yêu cầu 1; còn lại 0
TXN-OPTIMISTIC-00319,REQ-SIM-00319,-,CUS-00319,FSI-00167,1,OPTIMISTIC,pool-4-thread-319,3863205213900,3866021351100,false,Hết hàng! Sản phẩm Flash Sale 'FSI-00167': yêu cầu 1; còn lại 0
TXN-OPTIMISTIC-00217,REQ-SIM-00217,-,CUS-00217,FSI-00167,1,OPTIMISTIC,pool-4-thread-217,3863203413700,3866021515200,false,Hết hàng! Sản phẩm Flash Sale 'FSI-00167': yêu cầu 1; còn lại 0
TXN-OPTIMISTIC-00950,REQ-SIM-00950,-,CUS-00950,FSI-00167,1,OPTIMISTIC,pool-4-thread-950,3863215259800,3866021890300,false,Hết hàng! Sản phẩm Flash Sale 'FSI-00167': yêu cầu 1; còn lại 0
TXN-OPTIMISTIC-00199,REQ-SIM-00199,-,CUS-00199,FSI-00167,1,OPTIMISTIC,pool-4-thread-199,3863203114500,3866022290500,false,Hết hàng! Sản phẩm Flash Sale 'FSI-00167': yêu cầu 1; còn lại 0
TXN-OPTIMISTIC-00187,REQ-SIM-00187,-,CUS-00187,FSI-00167,1,OPTIMISTIC,pool-4-thread-187,3863202932600,3866022612500,false,Hết hàng! Sản phẩm Flash Sale 'FSI-00167': yêu cầu 1; còn lại 0
TXN-OPTIMISTIC-00956,REQ-SIM-00956,-,CUS-00956,FSI-00167,1,OPTIMISTIC,pool-4-thread-956,3863215337500,3866022954000,false,Hết hàng! Sản phẩm Flash Sale 'FSI-00167': yêu cầu 1; còn lại 0
TXN-OPTIMISTIC-00313,REQ-SIM-00313,-,CUS-00313,FSI-00167,1,OPTIMISTIC,pool-4-thread-313,3863205117500,3866023352900,false,Hết hàng! Sản phẩm Flash Sale 'FSI-00167': yêu cầu 1; còn lại 0
TXN-OPTIMISTIC-00695,REQ-SIM-00695,-,CUS-00695,FSI-00167,1,OPTIMISTIC,pool-4-thread-695,3863211426700,3866023667500,false,Hết hàng! Sản phẩm Flash Sale 'FSI-00167': yêu cầu 1; còn lại 0
TXN-OPTIMISTIC-00010,REQ-SIM-00010,-,CUS-00010,FSI-00167,1,OPTIMISTIC,pool-4-thread-10,3863200049200,3866024065000,false,Hết hàng! Sản phẩm Flash Sale 'FSI-00167': yêu cầu 1; còn lại 0
TXN-OPTIMISTIC-00760,REQ-SIM-00760,-,CUS-00760,FSI-00167,1,OPTIMISTIC,pool-4-thread-760,3863212321400,3866024375900,false,Hết hàng! Sản phẩm Flash Sale 'FSI-00167': yêu cầu 1; còn lại 0
TXN-OPTIMISTIC-00761,REQ-SIM-00761,-,CUS-00761,FSI-00167,1,OPTIMISTIC,pool-4-thread-761,3863212331800,3866024753000,false,Hết hàng! Sản phẩm Flash Sale 'FSI-00167': yêu cầu 1; còn lại 0
TXN-OPTIMISTIC-00982,REQ-SIM-00982,-,CUS-00982,FSI-00167,1,OPTIMISTIC,pool-4-thread-982,3863215766000,3866025082700,false,Hết hàng! Sản phẩm Flash Sale 'FSI-00167': yêu cầu 1; còn lại 0
TXN-OPTIMISTIC-00908,REQ-SIM-00908,-,CUS-00908,FSI-00167,1,OPTIMISTIC,pool-4-thread-908,3863214577400,3866025406400,false,Hết hàng! Sản phẩm Flash Sale 'FSI-00167': yêu cầu 1; còn lại 0
TXN-OPTIMISTIC-00976,REQ-SIM-00976,-,CUS-00976,FSI-00167,1,OPTIMISTIC,pool-4-thread-976,3863215680000,3866025681000,false,Hết hàng! Sản phẩm Flash Sale 'FSI-00167': yêu cầu 1; còn lại 0
TXN-OPTIMISTIC-00926,REQ-SIM-00926,-,CUS-00926,FSI-00167,1,OPTIMISTIC,pool-4-thread-926,3863214925100,3866026253400,false,Hết hàng! Sản phẩm Flash Sale 'FSI-00167': yêu cầu 1; còn lại 0
TXN-OPTIMISTIC-00016,REQ-SIM-00016,-,CUS-00016,FSI-00167,1,OPTIMISTIC,pool-4-thread-16,3863200161300,3866026521700,false,Hết hàng! Sản phẩm Flash Sale 'FSI-00167': yêu cầu 1; còn lại 0
TXN-OPTIMISTIC-00964,REQ-SIM-00964,-,CUS-00964,FSI-00167,1,OPTIMISTIC,pool-4-thread-964,3863215451600,3866026817200,false,Hết hàng! Sản phẩm Flash Sale 'FSI-00167': yêu cầu 1; còn lại 0
TXN-OPTIMISTIC-00235,REQ-SIM-00235,-,CUS-00235,FSI-00167,1,OPTIMISTIC,pool-4-thread-235,3863203711300,3866027139100,false,Hết hàng! Sản phẩm Flash Sale 'FSI-00167': yêu cầu 1; còn lại 0
TXN-OPTIMISTIC-00890,REQ-SIM-00890,-,CUS-00890,FSI-00167,1,OPTIMISTIC,pool-4-thread-890,3863214320300,3866027525400,false,Hết hàng! Sản phẩm Flash Sale 'FSI-00167': yêu cầu 1; còn lại 0
TXN-OPTIMISTIC-00878,REQ-SIM-00878,-,CUS-00878,FSI-00167,1,OPTIMISTIC,pool-4-thread-878,3863214146400,3866027824800,false,Hết hàng! Sản phẩm Flash Sale 'FSI-00167': yêu cầu 1; còn lại 0
TXN-OPTIMISTIC-00962,REQ-SIM-00962,-,CUS-00962,FSI-00167,1,OPTIMISTIC,pool-4-thread-962,3863215425600,3866028125600,false,Hết hàng! Sản phẩm Flash Sale 'FSI-00167': yêu cầu 1; còn lại 0
TXN-OPTIMISTIC-00424,REQ-SIM-00424,-,CUS-00424,FSI-00167,1,OPTIMISTIC,pool-4-thread-424,3863207123800,3866028559800,false,Hết hàng! Sản phẩm Flash Sale 'FSI-00167': yêu cầu 1; còn lại 0
TXN-OPTIMISTIC-00921,REQ-SIM-00921,-,CUS-00921,FSI-00167,1,OPTIMISTIC,pool-4-thread-921,3863214787800,3866028874900,false,Hết hàng! Sản phẩm Flash Sale 'FSI-00167': yêu cầu 1; còn lại 0
TXN-OPTIMISTIC-00126,REQ-SIM-00126,-,CUS-00126,FSI-00167,1,OPTIMISTIC,pool-4-thread-126,3863201760600,3866029183800,false,Hết hàng! Sản phẩm Flash Sale 'FSI-00167': yêu cầu 1; còn lại 0
TXN-OPTIMISTIC-00892,REQ-SIM-00892,-,CUS-00892,FSI-00167,1,OPTIMISTIC,pool-4-thread-892,3863214348000,3866029519200,false,Hết hàng! Sản phẩm Flash Sale 'FSI-00167': yêu cầu 1; còn lại 0
TXN-OPTIMISTIC-00109,REQ-SIM-00109,-,CUS-00109,FSI-00167,1,OPTIMISTIC,pool-4-thread-109,3863201478400,3866031420300,false,Hết hàng! Sản phẩm Flash Sale 'FSI-00167': yêu cầu 1; còn lại 0
TXN-OPTIMISTIC-00156,REQ-SIM-00156,-,CUS-00156,FSI-00167,1,OPTIMISTIC,pool-4-thread-156,3863202330100,3866031955300,false,Hết hàng! Sản phẩm Flash Sale 'FSI-00167': yêu cầu 1; còn lại 0
TXN-OPTIMISTIC-00325,REQ-SIM-00325,-,CUS-00325,FSI-00167,1,OPTIMISTIC,pool-4-thread-325,3863205313500,3866032193900,false,Hết hàng! Sản phẩm Flash Sale 'FSI-00167': yêu cầu 1; còn lại 0
TXN-OPTIMISTIC-00145,REQ-SIM-00145,-,CUS-00145,FSI-00167,1,OPTIMISTIC,pool-4-thread-145,3863201989900,3866032516600,false,Hết hàng! Sản phẩm Flash Sale 'FSI-00167': yêu cầu 1; còn lại 0
TXN-OPTIMISTIC-00879,REQ-SIM-00879,-,CUS-00879,FSI-00167,1,OPTIMISTIC,pool-4-thread-879,3863214156900,3866032851800,false,Hết hàng! Sản phẩm Flash Sale 'FSI-00167': yêu cầu 1; còn lại 0
TXN-OPTIMISTIC-00622,REQ-SIM-00622,-,CUS-00622,FSI-00167,1,OPTIMISTIC,pool-4-thread-622,3863210225300,3866033282100,false,Hết hàng! Sản phẩm Flash Sale 'FSI-00167': yêu cầu 1; còn lại 0
TXN-OPTIMISTIC-00843,REQ-SIM-00843,-,CUS-00843,FSI-00167,1,OPTIMISTIC,pool-4-thread-843,3863213656900,3866033584500,false,Hết hàng! Sản phẩm Flash Sale 'FSI-00167': yêu cầu 1; còn lại 0
TXN-OPTIMISTIC-00073,REQ-SIM-00073,-,CUS-00073,FSI-00167,1,OPTIMISTIC,pool-4-thread-73,3863200958500,3866034038000,false,Hết hàng! Sản phẩm Flash Sale 'FSI-00167': yêu cầu 1; còn lại 0
TXN-OPTIMISTIC-00940,REQ-SIM-00940,-,CUS-00940,FSI-00167,1,OPTIMISTIC,pool-4-thread-940,3863215119800,3866034366800,false,Hết hàng! Sản phẩm Flash Sale 'FSI-00167': yêu cầu 1; còn lại 0
TXN-OPTIMISTIC-00880,REQ-SIM-00880,-,CUS-00880,FSI-00167,1,OPTIMISTIC,pool-4-thread-880,3863214167200,3866034648600,false,Hết hàng! Sản phẩm Flash Sale 'FSI-00167': yêu cầu 1; còn lại 0
TXN-OPTIMISTIC-00946,REQ-SIM-00946,-,CUS-00946,FSI-00167,1,OPTIMISTIC,pool-4-thread-946,3863215206100,3866034958000,false,Hết hàng! Sản phẩm Flash Sale 'FSI-00167': yêu cầu 1; còn lại 0
TXN-OPTIMISTIC-00935,REQ-SIM-00935,-,CUS-00935,FSI-00167,1,OPTIMISTIC,pool-4-thread-935,3863215051800,3866035210900,false,Hết hàng! Sản phẩm Flash Sale 'FSI-00167': yêu cầu 1; còn lại 0
TXN-OPTIMISTIC-01000,REQ-SIM-01000,-,CUS-01000,FSI-00167,1,OPTIMISTIC,pool-4-thread-1000,3863216032700,3866035551100,false,Hết hàng! Sản phẩm Flash Sale 'FSI-00167': yêu cầu 1; còn lại 0
TXN-OPTIMISTIC-00609,REQ-SIM-00609,-,CUS-00609,FSI-00167,1,OPTIMISTIC,pool-4-thread-609,3863210030400,3866035822700,false,Hết hàng! Sản phẩm Flash Sale 'FSI-00167': yêu cầu 1; còn lại 0
TXN-OPTIMISTIC-00621,REQ-SIM-00621,-,CUS-00621,FSI-00167,1,OPTIMISTIC,pool-4-thread-621,3863210214700,3866036191000,false,Hết hàng! Sản phẩm Flash Sale 'FSI-00167': yêu cầu 1; còn lại 0
TXN-OPTIMISTIC-00644,REQ-SIM-00644,-,CUS-00644,FSI-00167,1,OPTIMISTIC,pool-4-thread-644,3863210545700,3866036625300,false,Hết hàng! Sản phẩm Flash Sale 'FSI-00167': yêu cầu 1; còn lại 0
TXN-OPTIMISTIC-00452,REQ-SIM-00452,-,CUS-00452,FSI-00167,1,OPTIMISTIC,pool-4-thread-452,3863207548300,3866036944000,false,Hết hàng! Sản phẩm Flash Sale 'FSI-00167': yêu cầu 1; còn lại 0
TXN-OPTIMISTIC-00848,REQ-SIM-00848,-,CUS-00848,FSI-00167,1,OPTIMISTIC,pool-4-thread-848,3863213728900,3866037351800,false,Hết hàng! Sản phẩm Flash Sale 'FSI-00167': yêu cầu 1; còn lại 0
TXN-OPTIMISTIC-00139,REQ-SIM-00139,-,CUS-00139,FSI-00167,1,OPTIMISTIC,pool-4-thread-139,3863201975200,3866037689600,false,Hết hàng! Sản phẩm Flash Sale 'FSI-00167': yêu cầu 1; còn lại 0
TXN-OPTIMISTIC-00049,REQ-SIM-00049,-,CUS-00049,FSI-00167,1,OPTIMISTIC,pool-4-thread-49,3863200604200,3866037975200,false,Hết hàng! Sản phẩm Flash Sale 'FSI-00167': yêu cầu 1; còn lại 0
TXN-OPTIMISTIC-00860,REQ-SIM-00860,-,CUS-00860,FSI-00167,1,OPTIMISTIC,pool-4-thread-860,3863213889200,3866038531200,false,Hết hàng! Sản phẩm Flash Sale 'FSI-00167': yêu cầu 1; còn lại 0
TXN-OPTIMISTIC-00461,REQ-SIM-00461,-,CUS-00461,FSI-00167,1,OPTIMISTIC,pool-4-thread-461,3863207679300,3866038665600,false,Hết hàng! Sản phẩm Flash Sale 'FSI-00167': yêu cầu 1; còn lại 0
TXN-OPTIMISTIC-00091,REQ-SIM-00091,-,CUS-00091,FSI-00167,1,OPTIMISTIC,pool-4-thread-91,3863201227500,3866039046000,false,Hết hàng! Sản phẩm Flash Sale 'FSI-00167': yêu cầu 1; còn lại 0
TXN-OPTIMISTIC-00819,REQ-SIM-00819,-,CUS-00819,FSI-00167,1,OPTIMISTIC,pool-4-thread-819,3863213156100,3866039314000,false,Hết hàng! Sản phẩm Flash Sale 'FSI-00167': yêu cầu 1; còn lại 0
TXN-OPTIMISTIC-00824,REQ-SIM-00824,-,CUS-00824,FSI-00167,1,OPTIMISTIC,pool-4-thread-824,3863213227000,3866039606400,false,Hết hàng! Sản phẩm Flash Sale 'FSI-00167': yêu cầu 1; còn lại 0
TXN-OPTIMISTIC-00825,REQ-SIM-00825,-,CUS-00825,FSI-00167,1,OPTIMISTIC,pool-4-thread-825,3863213299900,3866039910100,false,Hết hàng! Sản phẩm Flash Sale 'FSI-00167': yêu cầu 1; còn lại 0
TXN-OPTIMISTIC-00314,REQ-SIM-00314,-,CUS-00314,FSI-00167,1,OPTIMISTIC,pool-4-thread-314,3863205127800,3866040223200,false,Hết hàng! Sản phẩm Flash Sale 'FSI-00167': yêu cầu 1; còn lại 0
TXN-OPTIMISTIC-00729,REQ-SIM-00729,-,CUS-00729,FSI-00167,1,OPTIMISTIC,pool-4-thread-729,3863211904500,3866040511800,false,Hết hàng! Sản phẩm Flash Sale 'FSI-00167': yêu cầu 1; còn lại 0
TXN-OPTIMISTIC-00851,REQ-SIM-00851,-,CUS-00851,FSI-00167,1,OPTIMISTIC,pool-4-thread-851,3863213776100,3866041093300,false,Hết hàng! Sản phẩm Flash Sale 'FSI-00167': yêu cầu 1; còn lại 0
TXN-OPTIMISTIC-00875,REQ-SIM-00875,-,CUS-00875,FSI-00167,1,OPTIMISTIC,pool-4-thread-875,3863214106300,3866041249100,false,Hết hàng! Sản phẩm Flash Sale 'FSI-00167': yêu cầu 1; còn lại 0
TXN-OPTIMISTIC-00886,REQ-SIM-00886,-,CUS-00886,FSI-00167,1,OPTIMISTIC,pool-4-thread-886,3863214263500,3866041658600,false,Hết hàng! Sản phẩm Flash Sale 'FSI-00167': yêu cầu 1; còn lại 0
TXN-OPTIMISTIC-00850,REQ-SIM-00850,-,CUS-00850,FSI-00167,1,OPTIMISTIC,pool-4-thread-850,3863213763200,3866041960200,false,Hết hàng! Sản phẩm Flash Sale 'FSI-00167': yêu cầu 1; còn lại 0
TXN-OPTIMISTIC-00028,REQ-SIM-00028,-,CUS-00028,FSI-00167,1,OPTIMISTIC,pool-4-thread-28,3863200341400,3866042279500,false,Hết hàng! Sản phẩm Flash Sale 'FSI-00167': yêu cầu 1; còn lại 0
TXN-OPTIMISTIC-00079,REQ-SIM-00079,-,CUS-00079,FSI-00167,1,OPTIMISTIC,pool-4-thread-79,3863201047200,3866042682500,false,Hết hàng! Sản phẩm Flash Sale 'FSI-00167': yêu cầu 1; còn lại 0
TXN-OPTIMISTIC-00917,REQ-SIM-00917,-,CUS-00917,FSI-00167,1,OPTIMISTIC,pool-4-thread-917,3863214709200,3866043012700,false,Hết hàng! Sản phẩm Flash Sale 'FSI-00167': yêu cầu 1; còn lại 0
TXN-OPTIMISTIC-00205,REQ-SIM-00205,-,CUS-00205,FSI-00167,1,OPTIMISTIC,pool-4-thread-205,3863203194000,3866043426100,false,Hết hàng! Sản phẩm Flash Sale 'FSI-00167': yêu cầu 1; còn lại 0
TXN-OPTIMISTIC-00320,REQ-SIM-00320,-,CUS-00320,FSI-00167,1,OPTIMISTIC,pool-4-thread-320,3863205228000,3866043875000,false,Hết hàng! Sản phẩm Flash Sale 'FSI-00167': yêu cầu 1; còn lại 0
TXN-OPTIMISTIC-00839,REQ-SIM-00839,-,CUS-00839,FSI-00167,1,OPTIMISTIC,pool-4-thread-839,3863213538200,3866044083800,false,Hết hàng! Sản phẩm Flash Sale 'FSI-00167': yêu cầu 1; còn lại 0
TXN-OPTIMISTIC-00734,REQ-SIM-00734,-,CUS-00734,FSI-00167,1,OPTIMISTIC,pool-4-thread-734,3863211974900,3866044630700,false,Hết hàng! Sản phẩm Flash Sale 'FSI-00167': yêu cầu 1; còn lại 0
TXN-OPTIMISTIC-00801,REQ-SIM-00801,-,CUS-00801,FSI-00167,1,OPTIMISTIC,pool-4-thread-801,3863212901500,3866044845700,false,Hết hàng! Sản phẩm Flash Sale 'FSI-00167': yêu cầu 1; còn lại 0
TXN-OPTIMISTIC-00270,REQ-SIM-00270,-,CUS-00270,FSI-00167,1,OPTIMISTIC,pool-4-thread-270,3863204378500,3866045344200,false,Hết hàng! Sản phẩm Flash Sale 'FSI-00167': yêu cầu 1; còn lại 0
TXN-OPTIMISTIC-00869,REQ-SIM-00869,-,CUS-00869,FSI-00167,1,OPTIMISTIC,pool-4-thread-869,3863214023700,3866045730200,false,Hết hàng! Sản phẩm Flash Sale 'FSI-00167': yêu cầu 1; còn lại 0
TXN-OPTIMISTIC-00844,REQ-SIM-00844,-,CUS-00844,FSI-00167,1,OPTIMISTIC,pool-4-thread-844,3863213672700,3866046147200,false,Hết hàng! Sản phẩm Flash Sale 'FSI-00167': yêu cầu 1; còn lại 0
TXN-OPTIMISTIC-00682,REQ-SIM-00682,-,CUS-00682,FSI-00167,1,OPTIMISTIC,pool-4-thread-682,3863211213100,3866046718300,false,Hết hàng! Sản phẩm Flash Sale 'FSI-00167': yêu cầu 1; còn lại 0
TXN-OPTIMISTIC-00952,REQ-SIM-00952,-,CUS-00952,FSI-00167,1,OPTIMISTIC,pool-4-thread-952,3863215282400,3866046860000,false,Hết hàng! Sản phẩm Flash Sale 'FSI-00167': yêu cầu 1; còn lại 0
TXN-OPTIMISTIC-00075,REQ-SIM-00075,-,CUS-00075,FSI-00167,1,OPTIMISTIC,pool-4-thread-75,3863200985100,3866047442400,false,Hết hàng! Sản phẩm Flash Sale 'FSI-00167': yêu cầu 1; còn lại 0
TXN-OPTIMISTIC-00675,REQ-SIM-00675,-,CUS-00675,FSI-00167,1,OPTIMISTIC,pool-4-thread-675,3863211119600,3866047628400,false,Hết hàng! Sản phẩm Flash Sale 'FSI-00167': yêu cầu 1; còn lại 0
TXN-OPTIMISTIC-00868,REQ-SIM-00868,-,CUS-00868,FSI-00167,1,OPTIMISTIC,pool-4-thread-868,3863214007200,3866048243800,false,Hết hàng! Sản phẩm Flash Sale 'FSI-00167': yêu cầu 1; còn lại 0
TXN-OPTIMISTIC-00092,REQ-SIM-00092,-,CUS-00092,FSI-00167,1,OPTIMISTIC,pool-4-thread-92,3863201243600,3866048424600,false,Hết hàng! Sản phẩm Flash Sale 'FSI-00167': yêu cầu 1; còn lại 0
TXN-OPTIMISTIC-00656,REQ-SIM-00656,-,CUS-00656,FSI-00167,1,OPTIMISTIC,pool-4-thread-656,3863210713600,3866048960200,false,Hết hàng! Sản phẩm Flash Sale 'FSI-00167': yêu cầu 1; còn lại 0
TXN-OPTIMISTIC-00680,REQ-SIM-00680,-,CUS-00680,FSI-00167,1,OPTIMISTIC,pool-4-thread-680,3863211182500,3866049243500,false,Hết hàng! Sản phẩm Flash Sale 'FSI-00167': yêu cầu 1; còn lại 0
TXN-OPTIMISTIC-00687,REQ-SIM-00687,-,CUS-00687,FSI-00167,1,OPTIMISTIC,pool-4-thread-687,3863211282700,3866049590600,false,Hết hàng! Sản phẩm Flash Sale 'FSI-00167': yêu cầu 1; còn lại 0
TXN-OPTIMISTIC-00084,REQ-SIM-00084,-,CUS-00084,FSI-00167,1,OPTIMISTIC,pool-4-thread-84,3863201124000,3866050063000,false,Hết hàng! Sản phẩm Flash Sale 'FSI-00167': yêu cầu 1; còn lại 0
TXN-OPTIMISTIC-00043,REQ-SIM-00043,-,CUS-00043,FSI-00167,1,OPTIMISTIC,pool-4-thread-43,3863200781000,3866050276700,false,Hết hàng! Sản phẩm Flash Sale 'FSI-00167': yêu cầu 1; còn lại 0
TXN-OPTIMISTIC-00771,REQ-SIM-00771,-,CUS-00771,FSI-00167,1,OPTIMISTIC,pool-4-thread-771,3863212472300,3866050832700,false,Hết hàng! Sản phẩm Flash Sale 'FSI-00167': yêu cầu 1; còn lại 0
TXN-OPTIMISTIC-00694,REQ-SIM-00694,-,CUS-00694,FSI-00167,1,OPTIMISTIC,pool-4-thread-694,3863211414300,3866051330500,false,Hết hàng! Sản phẩm Flash Sale 'FSI-00167': yêu cầu 1; còn lại 0
TXN-OPTIMISTIC-00797,REQ-SIM-00797,-,CUS-00797,FSI-00167,1,OPTIMISTIC,pool-4-thread-797,3863212845900,3866051595900,false,Hết hàng! Sản phẩm Flash Sale 'FSI-00167': yêu cầu 1; còn lại 0
TXN-OPTIMISTIC-00524,REQ-SIM-00524,-,CUS-00524,FSI-00167,1,OPTIMISTIC,pool-4-thread-524,3863208757900,3866052087300,false,Hết hàng! Sản phẩm Flash Sale 'FSI-00167': yêu cầu 1; còn lại 0
TXN-OPTIMISTIC-00072,REQ-SIM-00072,-,CUS-00072,FSI-00167,1,OPTIMISTIC,pool-4-thread-72,3863200943200,3866052509900,false,Hết hàng! Sản phẩm Flash Sale 'FSI-00167': yêu cầu 1; còn lại 0
TXN-OPTIMISTIC-00881,REQ-SIM-00881,-,CUS-00881,FSI-00167,1,OPTIMISTIC,pool-4-thread-881,3863214180400,3866052859700,false,Hết hàng! Sản phẩm Flash Sale 'FSI-00167': yêu cầu 1; còn lại 0
TXN-OPTIMISTIC-00662,REQ-SIM-00662,-,CUS-00662,FSI-00167,1,OPTIMISTIC,pool-4-thread-662,3863210786000,3866053435000,false,Hết hàng! Sản phẩm Flash Sale 'FSI-00167': yêu cầu 1; còn lại 0
TXN-OPTIMISTIC-00042,REQ-SIM-00042,-,CUS-00042,FSI-00167,1,OPTIMISTIC,pool-4-thread-42,3863200502800,3866053720500,false,Hết hàng! Sản phẩm Flash Sale 'FSI-00167': yêu cầu 1; còn lại 0
TXN-OPTIMISTIC-00722,REQ-SIM-00722,-,CUS-00722,FSI-00167,1,OPTIMISTIC,pool-4-thread-722,3863211815000,3866054219400,false,Hết hàng! Sản phẩm Flash Sale 'FSI-00167': yêu cầu 1; còn lại 0
TXN-OPTIMISTIC-00048,REQ-SIM-00048,-,CUS-00048,FSI-00167,1,OPTIMISTIC,pool-4-thread-48,3863200587400,3866054515600,false,Hết hàng! Sản phẩm Flash Sale 'FSI-00167': yêu cầu 1; còn lại 0
TXN-OPTIMISTIC-00078,REQ-SIM-00078,-,CUS-00078,FSI-00167,1,OPTIMISTIC,pool-4-thread-78,3863201026500,3866054922000,false,Hết hàng! Sản phẩm Flash Sale 'FSI-00167': yêu cầu 1; còn lại 0
TXN-OPTIMISTIC-00815,REQ-SIM-00815,-,CUS-00815,FSI-00167,1,OPTIMISTIC,pool-4-thread-815,3863213097900,3866055376300,false,Hết hàng! Sản phẩm Flash Sale 'FSI-00167': yêu cầu 1; còn lại 0
TXN-OPTIMISTIC-00650,REQ-SIM-00650,-,CUS-00650,FSI-00167,1,OPTIMISTIC,pool-4-thread-650,3863210633100,3866055793100,false,Hết hàng! Sản phẩm Flash Sale 'FSI-00167': yêu cầu 1; còn lại 0
TXN-OPTIMISTIC-00974,REQ-SIM-00974,-,CUS-00974,FSI-00167,1,OPTIMISTIC,pool-4-thread-974,3863215652700,3866056083900,false,Hết hàng! Sản phẩm Flash Sale 'FSI-00167': yêu cầu 1; còn lại 0
TXN-OPTIMISTIC-00778,REQ-SIM-00778,-,CUS-00778,FSI-00167,1,OPTIMISTIC,pool-4-thread-778,3863212584600,3866056412000,false,Hết hàng! Sản phẩm Flash Sale 'FSI-00167': yêu cầu 1; còn lại 0
TXN-OPTIMISTIC-00013,REQ-SIM-00013,-,CUS-00013,FSI-00167,1,OPTIMISTIC,pool-4-thread-13,3863200117400,3866056987300,false,Hết hàng! Sản phẩm Flash Sale 'FSI-00167': yêu cầu 1; còn lại 0
TXN-OPTIMISTIC-00103,REQ-SIM-00103,-,CUS-00103,FSI-00167,1,OPTIMISTIC,pool-4-thread-103,3863201397100,3866057100700,false,Hết hàng! Sản phẩm Flash Sale 'FSI-00167': yêu cầu 1; còn lại 0
TXN-OPTIMISTIC-00785,REQ-SIM-00785,-,CUS-00785,FSI-00167,1,OPTIMISTIC,pool-4-thread-785,3863212680300,3866057619800,false,Hết hàng! Sản phẩm Flash Sale 'FSI-00167': yêu cầu 1; còn lại 0
TXN-OPTIMISTIC-00210,REQ-SIM-00210,-,CUS-00210,FSI-00167,1,OPTIMISTIC,pool-4-thread-210,3863203262100,3866057940200,false,Hết hàng! Sản phẩm Flash Sale 'FSI-00167': yêu cầu 1; còn lại 0
TXN-OPTIMISTIC-00193,REQ-SIM-00193,-,CUS-00193,FSI-00167,1,OPTIMISTIC,pool-4-thread-193,3863203024600,3866058334800,false,Hết hàng! Sản phẩm Flash Sale 'FSI-00167': yêu cầu 1; còn lại 0
TXN-OPTIMISTIC-00947,REQ-SIM-00947,-,CUS-00947,FSI-00167,1,OPTIMISTIC,pool-4-thread-947,3863215220000,3866058702100,false,Hết hàng! Sản phẩm Flash Sale 'FSI-00167': yêu cầu 1; còn lại 0
TXN-OPTIMISTIC-00532,REQ-SIM-00532,-,CUS-00532,FSI-00167,1,OPTIMISTIC,pool-4-thread-532,3863208865600,3866059131300,false,Hết hàng! Sản phẩm Flash Sale 'FSI-00167': yêu cầu 1; còn lại 0
TXN-OPTIMISTIC-00061,REQ-SIM-00061,-,CUS-00061,FSI-00167,1,OPTIMISTIC,pool-4-thread-61,3863200557500,3866059519900,false,Hết hàng! Sản phẩm Flash Sale 'FSI-00167': yêu cầu 1; còn lại 0
TXN-OPTIMISTIC-00725,REQ-SIM-00725,-,CUS-00725,FSI-00167,1,OPTIMISTIC,pool-4-thread-725,3863211860500,3866059983200,false,Hết hàng! Sản phẩm Flash Sale 'FSI-00167': yêu cầu 1; còn lại 0
TXN-OPTIMISTIC-00730,REQ-SIM-00730,-,CUS-00730,FSI-00167,1,OPTIMISTIC,pool-4-thread-730,3863211915700,3866060277800,false,Hết hàng! Sản phẩm Flash Sale 'FSI-00167': yêu cầu 1; còn lại 0
TXN-OPTIMISTIC-00821,REQ-SIM-00821,-,CUS-00821,FSI-00167,1,OPTIMISTIC,pool-4-thread-821,3863213183700,3866060566400,false,Hết hàng! Sản phẩm Flash Sale 'FSI-00167': yêu cầu 1; còn lại 0
TXN-OPTIMISTIC-00934,REQ-SIM-00934,-,CUS-00934,FSI-00167,1,OPTIMISTIC,pool-4-thread-934,3863215038500,3866061148600,false,Hết hàng! Sản phẩm Flash Sale 'FSI-00167': yêu cầu 1; còn lại 0
TXN-OPTIMISTIC-00706,REQ-SIM-00706,-,CUS-00706,FSI-00167,1,OPTIMISTIC,pool-4-thread-706,3863211594600,3866061467000,false,Hết hàng! Sản phẩm Flash Sale 'FSI-00167': yêu cầu 1; còn lại 0
TXN-OPTIMISTIC-00037,REQ-SIM-00037,-,CUS-00037,FSI-00167,1,OPTIMISTIC,pool-4-thread-37,3863200475100,3866061965900,false,Hết hàng! Sản phẩm Flash Sale 'FSI-00167': yêu cầu 1; còn lại 0
TXN-OPTIMISTIC-00736,REQ-SIM-00736,-,CUS-00736,FSI-00167,1,OPTIMISTIC,pool-4-thread-736,3863211999700,3866062194000,false,Hết hàng! Sản phẩm Flash Sale 'FSI-00167': yêu cầu 1; còn lại 0
TXN-OPTIMISTIC-00001,REQ-SIM-00001,-,CUS-00001,FSI-00167,1,OPTIMISTIC,pool-4-thread-1,3863199927100,3866062633800,false,Hết hàng! Sản phẩm Flash Sale 'FSI-00167': yêu cầu 1; còn lại 0
TXN-OPTIMISTIC-00712,REQ-SIM-00712,-,CUS-00712,FSI-00167,1,OPTIMISTIC,pool-4-thread-712,3863211671700,3866062946600,false,Hết hàng! Sản phẩm Flash Sale 'FSI-00167': yêu cầu 1; còn lại 0
TXN-OPTIMISTIC-00386,REQ-SIM-00386,-,CUS-00386,FSI-00167,1,OPTIMISTIC,pool-4-thread-386,3863206294700,3866063547900,false,Hết hàng! Sản phẩm Flash Sale 'FSI-00167': yêu cầu 1; còn lại 0
TXN-OPTIMISTIC-00614,REQ-SIM-00614,-,CUS-00614,FSI-00167,1,OPTIMISTIC,pool-4-thread-614,3863210110600,3866063677100,false,Hết hàng! Sản phẩm Flash Sale 'FSI-00167': yêu cầu 1; còn lại 0
TXN-OPTIMISTIC-00915,REQ-SIM-00915,-,CUS-00915,FSI-00167,1,OPTIMISTIC,pool-4-thread-915,3863214684900,3866064282700,false,Hết hàng! Sản phẩm Flash Sale 'FSI-00167': yêu cầu 1; còn lại 0
TXN-OPTIMISTIC-00627,REQ-SIM-00627,-,CUS-00627,FSI-00167,1,OPTIMISTIC,pool-4-thread-627,3863210285800,3866064405100,false,Hết hàng! Sản phẩm Flash Sale 'FSI-00167': yêu cầu 1; còn lại 0
TXN-OPTIMISTIC-00743,REQ-SIM-00743,-,CUS-00743,FSI-00167,1,OPTIMISTIC,pool-4-thread-743,3863212094900,3866065029600,false,Hết hàng! Sản phẩm Flash Sale 'FSI-00167': yêu cầu 1; còn lại 0
TXN-OPTIMISTIC-00802,REQ-SIM-00802,-,CUS-00802,FSI-00167,1,OPTIMISTIC,pool-4-thread-802,3863212912700,3866065142500,false,Hết hàng! Sản phẩm Flash Sale 'FSI-00167': yêu cầu 1; còn lại 0
TXN-OPTIMISTIC-00007,REQ-SIM-00007,-,CUS-00007,FSI-00167,1,OPTIMISTIC,pool-4-thread-7,3863200005000,3866065806400,false,Hết hàng! Sản phẩm Flash Sale 'FSI-00167': yêu cầu 1; còn lại 0
TXN-OPTIMISTIC-00602,REQ-SIM-00602,-,CUS-00602,FSI-00167,1,OPTIMISTIC,pool-4-thread-602,3863209954500,3866065918100,false,Hết hàng! Sản phẩm Flash Sale 'FSI-00167': yêu cầu 1; còn lại 0
TXN-OPTIMISTIC-00012,REQ-SIM-00012,-,CUS-00012,FSI-00167,1,OPTIMISTIC,pool-4-thread-12,3863200081600,3866066559600,false,Hết hàng! Sản phẩm Flash Sale 'FSI-00167': yêu cầu 1; còn lại 0
TXN-OPTIMISTIC-00984,REQ-SIM-00984,-,CUS-00984,FSI-00167,1,OPTIMISTIC,pool-4-thread-984,3863215795200,3866066724100,false,Hết hàng! Sản phẩm Flash Sale 'FSI-00167': yêu cầu 1; còn lại 0
TXN-OPTIMISTIC-00459,REQ-SIM-00459,-,CUS-00459,FSI-00167,1,OPTIMISTIC,pool-4-thread-459,3863207649000,3866067195200,false,Hết hàng! Sản phẩm Flash Sale 'FSI-00167': yêu cầu 1; còn lại 0
TXN-OPTIMISTIC-00034,REQ-SIM-00034,-,CUS-00034,FSI-00167,1,OPTIMISTIC,pool-4-thread-34,3863200445100,3866067561700,false,Hết hàng! Sản phẩm Flash Sale 'FSI-00167': yêu cầu 1; còn lại 0
TXN-OPTIMISTIC-00608,REQ-SIM-00608,-,CUS-00608,FSI-00167,1,OPTIMISTIC,pool-4-thread-608,3863210021700,3866068063100,false,Hết hàng! Sản phẩm Flash Sale 'FSI-00167': yêu cầu 1; còn lại 0
TXN-OPTIMISTIC-00176,REQ-SIM-00176,-,CUS-00176,FSI-00167,1,OPTIMISTIC,pool-4-thread-176,3863202760200,3866068261300,false,Hết hàng! Sản phẩm Flash Sale 'FSI-00167': yêu cầu 1; còn lại 0
TXN-OPTIMISTIC-00596,REQ-SIM-00596,-,CUS-00596,FSI-00167,1,OPTIMISTIC,pool-4-thread-596,3863209875800,3866068701000,false,Hết hàng! Sản phẩm Flash Sale 'FSI-00167': yêu cầu 1; còn lại 0
TXN-OPTIMISTIC-00300,REQ-SIM-00300,-,CUS-00300,FSI-00167,1,OPTIMISTIC,pool-4-thread-300,3863204939100,3866069019600,false,Hết hàng! Sản phẩm Flash Sale 'FSI-00167': yêu cầu 1; còn lại 0
TXN-OPTIMISTIC-00006,REQ-SIM-00006,-,CUS-00006,FSI-00167,1,OPTIMISTIC,pool-4-thread-6,3863199990500,3866069448100,false,Hết hàng! Sản phẩm Flash Sale 'FSI-00167': yêu cầu 1; còn lại 0
TXN-OPTIMISTIC-00585,REQ-SIM-00585,-,CUS-00585,FSI-00167,1,OPTIMISTIC,pool-4-thread-585,3863209733200,3866069756200,false,Hết hàng! Sản phẩm Flash Sale 'FSI-00167': yêu cầu 1; còn lại 0
TXN-OPTIMISTIC-00713,REQ-SIM-00713,-,CUS-00713,FSI-00167,1,OPTIMISTIC,pool-4-thread-713,3863211687000,3866070095500,false,Hết hàng! Sản phẩm Flash Sale 'FSI-00167': yêu cầu 1; còn lại 0
TXN-OPTIMISTIC-00423,REQ-SIM-00423,-,CUS-00423,FSI-00167,1,OPTIMISTIC,pool-4-thread-423,3863207109800,3866070650900,false,Hết hàng! Sản phẩm Flash Sale 'FSI-00167': yêu cầu 1; còn lại 0
TXN-OPTIMISTIC-00808,REQ-SIM-00808,-,CUS-00808,FSI-00167,1,OPTIMISTIC,pool-4-thread-808,3863212996500,3866070945800,false,Hết hàng! Sản phẩm Flash Sale 'FSI-00167': yêu cầu 1; còn lại 0
TXN-OPTIMISTIC-00872,REQ-SIM-00872,-,CUS-00872,FSI-00167,1,OPTIMISTIC,pool-4-thread-872,3863214074900,3866071339500,false,Hết hàng! Sản phẩm Flash Sale 'FSI-00167': yêu cầu 1; còn lại 0
TXN-OPTIMISTIC-00911,REQ-SIM-00911,-,CUS-00911,FSI-00167,1,OPTIMISTIC,pool-4-thread-911,3863214623200,3866071651300,false,Hết hàng! Sản phẩm Flash Sale 'FSI-00167': yêu cầu 1; còn lại 0
TXN-OPTIMISTIC-00579,REQ-SIM-00579,-,CUS-00579,FSI-00167,1,OPTIMISTIC,pool-4-thread-579,3863209660000,3866071965300,false,Hết hàng! Sản phẩm Flash Sale 'FSI-00167': yêu cầu 1; còn lại 0
TXN-OPTIMISTIC-00102,REQ-SIM-00102,-,CUS-00102,FSI-00167,1,OPTIMISTIC,pool-4-thread-102,3863201380500,3866072308300,false,Hết hàng! Sản phẩm Flash Sale 'FSI-00167': yêu cầu 1; còn lại 0
TXN-OPTIMISTIC-00243,REQ-SIM-00243,-,CUS-00243,FSI-00167,1,OPTIMISTIC,pool-4-thread-243,3863203816900,3866072844500,false,Hết hàng! Sản phẩm Flash Sale 'FSI-00167': yêu cầu 1; còn lại 0
TXN-OPTIMISTIC-00400,REQ-SIM-00400,-,CUS-00400,FSI-00167,1,OPTIMISTIC,pool-4-thread-400,3863206507000,3866072977000,false,Hết hàng! Sản phẩm Flash Sale 'FSI-00167': yêu cầu 1; còn lại 0
TXN-OPTIMISTIC-00368,REQ-SIM-00368,-,CUS-00368,FSI-00167,1,OPTIMISTIC,pool-4-thread-368,3863206003600,3866073381800,false,Hết hàng! Sản phẩm Flash Sale 'FSI-00167': yêu cầu 1; còn lại 0
TXN-OPTIMISTIC-00566,REQ-SIM-00566,-,CUS-00566,FSI-00167,1,OPTIMISTIC,pool-4-thread-566,3863209475000,3866073697200,false,Hết hàng! Sản phẩm Flash Sale 'FSI-00167': yêu cầu 1; còn lại 0
TXN-OPTIMISTIC-00567,REQ-SIM-00567,-,CUS-00567,FSI-00167,1,OPTIMISTIC,pool-4-thread-567,3863209487800,3866074168900,false,Hết hàng! Sản phẩm Flash Sale 'FSI-00167': yêu cầu 1; còn lại 0
TXN-OPTIMISTIC-00646,REQ-SIM-00646,-,CUS-00646,FSI-00167,1,OPTIMISTIC,pool-4-thread-646,3863210578500,3866074574100,false,Hết hàng! Sản phẩm Flash Sale 'FSI-00167': yêu cầu 1; còn lại 0
TXN-OPTIMISTIC-00653,REQ-SIM-00653,-,CUS-00653,FSI-00167,1,OPTIMISTIC,pool-4-thread-653,3863210667300,3866074803700,false,Hết hàng! Sản phẩm Flash Sale 'FSI-00167': yêu cầu 1; còn lại 0
TXN-OPTIMISTIC-00965,REQ-SIM-00965,-,CUS-00965,FSI-00167,1,OPTIMISTIC,pool-4-thread-965,3863215494200,3866075172200,false,Hết hàng! Sản phẩm Flash Sale 'FSI-00167': yêu cầu 1; còn lại 0
TXN-OPTIMISTIC-00893,REQ-SIM-00893,-,CUS-00893,FSI-00167,1,OPTIMISTIC,pool-4-thread-893,3863214363600,3866075645700,false,Hết hàng! Sản phẩm Flash Sale 'FSI-00167': yêu cầu 1; còn lại 0
TXN-OPTIMISTIC-00543,REQ-SIM-00543,-,CUS-00543,FSI-00167,1,OPTIMISTIC,pool-4-thread-543,3863209028300,3866075973500,false,Hết hàng! Sản phẩm Flash Sale 'FSI-00167': yêu cầu 1; còn lại 0
TXN-OPTIMISTIC-00392,REQ-SIM-00392,-,CUS-00392,FSI-00167,1,OPTIMISTIC,pool-4-thread-392,3863206379800,3866076253500,false,Hết hàng! Sản phẩm Flash Sale 'FSI-00167': yêu cầu 1; còn lại 0
TXN-OPTIMISTIC-00640,REQ-SIM-00640,-,CUS-00640,FSI-00167,1,OPTIMISTIC,pool-4-thread-640,3863210484900,3866076578400,false,Hết hàng! Sản phẩm Flash Sale 'FSI-00167': yêu cầu 1; còn lại 0
TXN-OPTIMISTIC-00565,REQ-SIM-00565,-,CUS-00565,FSI-00167,1,OPTIMISTIC,pool-4-thread-565,3863209441000,3866077018000,false,Hết hàng! Sản phẩm Flash Sale 'FSI-00167': yêu cầu 1; còn lại 0
TXN-OPTIMISTIC-00548,REQ-SIM-00548,-,CUS-00548,FSI-00167,1,OPTIMISTIC,pool-4-thread-548,3863209095900,3866077306000,false,Hết hàng! Sản phẩm Flash Sale 'FSI-00167': yêu cầu 1; còn lại 0
TXN-OPTIMISTIC-00454,REQ-SIM-00454,-,CUS-00454,FSI-00167,1,OPTIMISTIC,pool-4-thread-454,3863207578000,3866077616100,false,Hết hàng! Sản phẩm Flash Sale 'FSI-00167': yêu cầu 1; còn lại 0
TXN-OPTIMISTIC-00855,REQ-SIM-00855,-,CUS-00855,FSI-00167,1,OPTIMISTIC,pool-4-thread-855,3863213823600,3866078200800,false,Hết hàng! Sản phẩm Flash Sale 'FSI-00167': yêu cầu 1; còn lại 0
TXN-OPTIMISTIC-00460,REQ-SIM-00460,-,CUS-00460,FSI-00167,1,OPTIMISTIC,pool-4-thread-460,3863207664300,3866078433400,false,Hết hàng! Sản phẩm Flash Sale 'FSI-00167': yêu cầu 1; còn lại 0
TXN-OPTIMISTIC-00253,REQ-SIM-00253,-,CUS-00253,FSI-00167,1,OPTIMISTIC,pool-4-thread-253,3863204027200,3866078745400,false,Hết hàng! Sản phẩm Flash Sale 'FSI-00167': yêu cầu 1; còn lại 0
TXN-OPTIMISTIC-00756,REQ-SIM-00756,-,CUS-00756,FSI-00167,1,OPTIMISTIC,pool-4-thread-756,3863212262800,3866079197500,false,Hết hàng! Sản phẩm Flash Sale 'FSI-00167': yêu cầu 1; còn lại 0
TXN-OPTIMISTIC-00696,REQ-SIM-00696,-,CUS-00696,FSI-00167,1,OPTIMISTIC,pool-4-thread-696,3863211439900,3866079444800,false,Hết hàng! Sản phẩm Flash Sale 'FSI-00167': yêu cầu 1; còn lại 0
TXN-OPTIMISTIC-00664,REQ-SIM-00664,-,CUS-00664,FSI-00167,1,OPTIMISTIC,pool-4-thread-664,3863210866300,3866080053700,false,Hết hàng! Sản phẩm Flash Sale 'FSI-00167': yêu cầu 1; còn lại 0
TXN-OPTIMISTIC-00973,REQ-SIM-00973,-,CUS-00973,FSI-00167,1,OPTIMISTIC,pool-4-thread-973,3863215635400,3866080294800,false,Hết hàng! Sản phẩm Flash Sale 'FSI-00167': yêu cầu 1; còn lại 0
TXN-OPTIMISTIC-00616,REQ-SIM-00616,-,CUS-00616,FSI-00167,1,OPTIMISTIC,pool-4-thread-616,3863210141700,3866080819000,false,Hết hàng! Sản phẩm Flash Sale 'FSI-00167': yêu cầu 1; còn lại 0
TXN-OPTIMISTIC-00647,REQ-SIM-00647,-,CUS-00647,FSI-00167,1,OPTIMISTIC,pool-4-thread-647,3863210594000,3866081212500,false,Hết hàng! Sản phẩm Flash Sale 'FSI-00167': yêu cầu 1; còn lại 0
TXN-OPTIMISTIC-00425,REQ-SIM-00425,-,CUS-00425,FSI-00167,1,OPTIMISTIC,pool-4-thread-425,3863207142300,3866081642200,false,Hết hàng! Sản phẩm Flash Sale 'FSI-00167': yêu cầu 1; còn lại 0
TXN-OPTIMISTIC-00943,REQ-SIM-00943,-,CUS-00943,FSI-00167,1,OPTIMISTIC,pool-4-thread-943,3863215168100,3866082047100,false,Hết hàng! Sản phẩm Flash Sale 'FSI-00167': yêu cầu 1; còn lại 0
TXN-OPTIMISTIC-00537,REQ-SIM-00537,-,CUS-00537,FSI-00167,1,OPTIMISTIC,pool-4-thread-537,3863208943700,3866082262700,false,Hết hàng! Sản phẩm Flash Sale 'FSI-00167': yêu cầu 1; còn lại 0
TXN-OPTIMISTIC-00216,REQ-SIM-00216,-,CUS-00216,FSI-00167,1,OPTIMISTIC,pool-4-thread-216,3863203398800,3866082850500,false,Hết hàng! Sản phẩm Flash Sale 'FSI-00167': yêu cầu 1; còn lại 0
TXN-OPTIMISTIC-00599,REQ-SIM-00599,-,CUS-00599,FSI-00167,1,OPTIMISTIC,pool-4-thread-599,3863209915800,3866082979200,false,Hết hàng! Sản phẩm Flash Sale 'FSI-00167': yêu cầu 1; còn lại 0
TXN-OPTIMISTIC-00628,REQ-SIM-00628,-,CUS-00628,FSI-00167,1,OPTIMISTIC,pool-4-thread-628,3863210297600,3866083277200,false,Hết hàng! Sản phẩm Flash Sale 'FSI-00167': yêu cầu 1; còn lại 0
TXN-OPTIMISTIC-00755,REQ-SIM-00755,-,CUS-00755,FSI-00167,1,OPTIMISTIC,pool-4-thread-755,3863212251900,3866083551600,false,Hết hàng! Sản phẩm Flash Sale 'FSI-00167': yêu cầu 1; còn lại 0
TXN-OPTIMISTIC-00388,REQ-SIM-00388,-,CUS-00388,FSI-00167,1,OPTIMISTIC,pool-4-thread-388,3863206322600,3866083984700,false,Hết hàng! Sản phẩm Flash Sale 'FSI-00167': yêu cầu 1; còn lại 0
TXN-OPTIMISTIC-00518,REQ-SIM-00518,-,CUS-00518,FSI-00167,1,OPTIMISTIC,pool-4-thread-518,3863208673400,3866084293000,false,Hết hàng! Sản phẩm Flash Sale 'FSI-00167': yêu cầu 1; còn lại 0
TXN-OPTIMISTIC-00598,REQ-SIM-00598,-,CUS-00598,FSI-00167,1,OPTIMISTIC,pool-4-thread-598,3863209904200,3866084713300,false,Hết hàng! Sản phẩm Flash Sale 'FSI-00167': yêu cầu 1; còn lại 0
TXN-OPTIMISTIC-00703,REQ-SIM-00703,-,CUS-00703,FSI-00167,1,OPTIMISTIC,pool-4-thread-703,3863211541900,3866085034400,false,Hết hàng! Sản phẩm Flash Sale 'FSI-00167': yêu cầu 1; còn lại 0
TXN-OPTIMISTIC-00457,REQ-SIM-00457,-,CUS-00457,FSI-00167,1,OPTIMISTIC,pool-4-thread-457,3863207618000,3866085423900,false,Hết hàng! Sản phẩm Flash Sale 'FSI-00167': yêu cầu 1; còn lại 0
TXN-OPTIMISTIC-00254,REQ-SIM-00254,-,CUS-00254,FSI-00167,1,OPTIMISTIC,pool-4-thread-254,3863204036400,3866085662500,false,Hết hàng! Sản phẩm Flash Sale 'FSI-00167': yêu cầu 1; còn lại 0
TXN-OPTIMISTIC-00525,REQ-SIM-00525,-,CUS-00525,FSI-00167,1,OPTIMISTIC,pool-4-thread-525,3863208771400,3866086076700,false,Hết hàng! Sản phẩm Flash Sale 'FSI-00167': yêu cầu 1; còn lại 0
TXN-OPTIMISTIC-00610,REQ-SIM-00610,-,CUS-00610,FSI-00167,1,OPTIMISTIC,pool-4-thread-610,3863210041100,3866086411700,false,Hết hàng! Sản phẩm Flash Sale 'FSI-00167': yêu cầu 1; còn lại 0
TXN-OPTIMISTIC-00660,REQ-SIM-00660,-,CUS-00660,FSI-00167,1,OPTIMISTIC,pool-4-thread-660,3863210766200,3866086726300,false,Hết hàng! Sản phẩm Flash Sale 'FSI-00167': yêu cầu 1; còn lại 0
TXN-OPTIMISTIC-00836,REQ-SIM-00836,-,CUS-00836,FSI-00167,1,OPTIMISTIC,pool-4-thread-836,3863213493300,3866087145900,false,Hết hàng! Sản phẩm Flash Sale 'FSI-00167': yêu cầu 1; còn lại 0
TXN-OPTIMISTIC-00637,REQ-SIM-00637,-,CUS-00637,FSI-00167,1,OPTIMISTIC,pool-4-thread-637,3863210437700,3866087491500,false,Hết hàng! Sản phẩm Flash Sale 'FSI-00167': yêu cầu 1; còn lại 0
TXN-OPTIMISTIC-00581,REQ-SIM-00581,-,CUS-00581,FSI-00167,1,OPTIMISTIC,pool-4-thread-581,3863209679200,3866087907900,false,Hết hàng! Sản phẩm Flash Sale 'FSI-00167': yêu cầu 1; còn lại 0
TXN-OPTIMISTIC-00942,REQ-SIM-00942,-,CUS-00942,FSI-00167,1,OPTIMISTIC,pool-4-thread-942,3863215155500,3866088245800,false,Hết hàng! Sản phẩm Flash Sale 'FSI-00167': yêu cầu 1; còn lại 0
TXN-OPTIMISTIC-00350,REQ-SIM-00350,-,CUS-00350,FSI-00167,1,OPTIMISTIC,pool-4-thread-350,3863205701000,3866088452800,false,Hết hàng! Sản phẩm Flash Sale 'FSI-00167': yêu cầu 1; còn lại 0
TXN-OPTIMISTIC-00401,REQ-SIM-00401,-,CUS-00401,FSI-00167,1,OPTIMISTIC,pool-4-thread-401,3863206520400,3866088762700,false,Hết hàng! Sản phẩm Flash Sale 'FSI-00167': yêu cầu 1; còn lại 0
TXN-OPTIMISTIC-00569,REQ-SIM-00569,-,CUS-00569,FSI-00167,1,OPTIMISTIC,pool-4-thread-569,3863209520700,3866089299500,false,Hết hàng! Sản phẩm Flash Sale 'FSI-00167': yêu cầu 1; còn lại 0
TXN-OPTIMISTIC-00766,REQ-SIM-00766,-,CUS-00766,FSI-00167,1,OPTIMISTIC,pool-4-thread-766,3863212403100,3866089443900,false,Hết hàng! Sản phẩm Flash Sale 'FSI-00167': yêu cầu 1; còn lại 0
TXN-OPTIMISTIC-00568,REQ-SIM-00568,-,CUS-00568,FSI-00167,1,OPTIMISTIC,pool-4-thread-568,3863209507600,3866090015200,false,Hết hàng! Sản phẩm Flash Sale 'FSI-00167': yêu cầu 1; còn lại 0
TXN-OPTIMISTIC-00506,REQ-SIM-00506,-,CUS-00506,FSI-00167,1,OPTIMISTIC,pool-4-thread-506,3863208495500,3866090343500,false,Hết hàng! Sản phẩm Flash Sale 'FSI-00167': yêu cầu 1; còn lại 0
TXN-OPTIMISTIC-00580,REQ-SIM-00580,-,CUS-00580,FSI-00167,1,OPTIMISTIC,pool-4-thread-580,3863209669200,3866090621300,false,Hết hàng! Sản phẩm Flash Sale 'FSI-00167': yêu cầu 1; còn lại 0
TXN-OPTIMISTIC-00983,REQ-SIM-00983,-,CUS-00983,FSI-00167,1,OPTIMISTIC,pool-4-thread-983,3863215779600,3866090922100,false,Hết hàng! Sản phẩm Flash Sale 'FSI-00167': yêu cầu 1; còn lại 0
TXN-OPTIMISTIC-00837,REQ-SIM-00837,-,CUS-00837,FSI-00167,1,OPTIMISTIC,pool-4-thread-837,3863213509700,3866091380900,false,Hết hàng! Sản phẩm Flash Sale 'FSI-00167': yêu cầu 1; còn lại 0
TXN-OPTIMISTIC-00784,REQ-SIM-00784,-,CUS-00784,FSI-00167,1,OPTIMISTIC,pool-4-thread-784,3863212668700,3866091708500,false,Hết hàng! Sản phẩm Flash Sale 'FSI-00167': yêu cầu 1; còn lại 0
TXN-OPTIMISTIC-00707,REQ-SIM-00707,-,CUS-00707,FSI-00167,1,OPTIMISTIC,pool-4-thread-707,3863211581900,3866091948200,false,Hết hàng! Sản phẩm Flash Sale 'FSI-00167': yêu cầu 1; còn lại 0
TXN-OPTIMISTIC-00751,REQ-SIM-00751,-,CUS-00751,FSI-00167,1,OPTIMISTIC,pool-4-thread-751,3863212202600,3866092264200,false,Hết hàng! Sản phẩm Flash Sale 'FSI-00167': yêu cầu 1; còn lại 0
TXN-OPTIMISTIC-00865,REQ-SIM-00865,-,CUS-00865,FSI-00167,1,OPTIMISTIC,pool-4-thread-865,3863213961600,3866092578100,false,Hết hàng! Sản phẩm Flash Sale 'FSI-00167': yêu cầu 1; còn lại 0
TXN-OPTIMISTIC-00519,REQ-SIM-00519,-,CUS-00519,FSI-00167,1,OPTIMISTIC,pool-4-thread-519,3863208686300,3866092893600,false,Hết hàng! Sản phẩm Flash Sale 'FSI-00167': yêu cầu 1; còn lại 0
TXN-OPTIMISTIC-00344,REQ-SIM-00344,-,CUS-00344,FSI-00167,1,OPTIMISTIC,pool-4-thread-344,3863205616900,3866093227200,false,Hết hàng! Sản phẩm Flash Sale 'FSI-00167': yêu cầu 1; còn lại 0
TXN-OPTIMISTIC-00989,REQ-SIM-00989,-,CUS-00989,FSI-00167,1,OPTIMISTIC,pool-4-thread-989,3863215867000,3866093496800,false,Hết hàng! Sản phẩm Flash Sale 'FSI-00167': yêu cầu 1; còn lại 0
TXN-OPTIMISTIC-00721,REQ-SIM-00721,-,CUS-00721,FSI-00167,1,OPTIMISTIC,pool-4-thread-721,3863211800300,3866093920600,false,Hết hàng! Sản phẩm Flash Sale 'FSI-00167': yêu cầu 1; còn lại 0
TXN-OPTIMISTIC-00749,REQ-SIM-00749,-,CUS-00749,FSI-00167,1,OPTIMISTIC,pool-4-thread-749,3863212180500,3866094242700,false,Hết hàng! Sản phẩm Flash Sale 'FSI-00167': yêu cầu 1; còn lại 0
TXN-OPTIMISTIC-00458,REQ-SIM-00458,-,CUS-00458,FSI-00167,1,OPTIMISTIC,pool-4-thread-458,3863207634900,3866094554900,false,Hết hàng! Sản phẩm Flash Sale 'FSI-00167': yêu cầu 1; còn lại 0
TXN-OPTIMISTIC-00842,REQ-SIM-00842,-,CUS-00842,FSI-00167,1,OPTIMISTIC,pool-4-thread-842,3863213634700,3866094949900,false,Hết hàng! Sản phẩm Flash Sale 'FSI-00167': yêu cầu 1; còn lại 0
TXN-OPTIMISTIC-00476,REQ-SIM-00476,-,CUS-00476,FSI-00167,1,OPTIMISTIC,pool-4-thread-476,3863207893400,3866095261500,false,Hết hàng! Sản phẩm Flash Sale 'FSI-00167': yêu cầu 1; còn lại 0
TXN-OPTIMISTIC-00527,REQ-SIM-00527,-,CUS-00527,FSI-00167,1,OPTIMISTIC,pool-4-thread-527,3863208794400,3866095716500,false,Hết hàng! Sản phẩm Flash Sale 'FSI-00167': yêu cầu 1; còn lại 0
TXN-OPTIMISTIC-00556,REQ-SIM-00556,-,CUS-00556,FSI-00167,1,OPTIMISTIC,pool-4-thread-556,3863209253100,3866096185600,false,Hết hàng! Sản phẩm Flash Sale 'FSI-00167': yêu cầu 1; còn lại 0
TXN-OPTIMISTIC-00562,REQ-SIM-00562,-,CUS-00562,FSI-00167,1,OPTIMISTIC,pool-4-thread-562,3863209372500,3866096380500,false,Hết hàng! Sản phẩm Flash Sale 'FSI-00167': yêu cầu 1; còn lại 0
TXN-OPTIMISTIC-00550,REQ-SIM-00550,-,CUS-00550,FSI-00167,1,OPTIMISTIC,pool-4-thread-550,3863209121200,3866096981700,false,Hết hàng! Sản phẩm Flash Sale 'FSI-00167': yêu cầu 1; còn lại 0
TXN-OPTIMISTIC-00018,REQ-SIM-00018,-,CUS-00018,FSI-00167,1,OPTIMISTIC,pool-4-thread-18,3863200132100,3866097187500,false,Hết hàng! Sản phẩm Flash Sale 'FSI-00167': yêu cầu 1; còn lại 0
TXN-OPTIMISTIC-00769,REQ-SIM-00769,-,CUS-00769,FSI-00167,1,OPTIMISTIC,pool-4-thread-769,3863212445700,3866097689500,false,Hết hàng! Sản phẩm Flash Sale 'FSI-00167': yêu cầu 1; còn lại 0
TXN-OPTIMISTIC-00966,REQ-SIM-00966,-,CUS-00966,FSI-00167,1,OPTIMISTIC,pool-4-thread-966,3863215509100,3866097945700,false,Hết hàng! Sản phẩm Flash Sale 'FSI-00167': yêu cầu 1; còn lại 0
TXN-OPTIMISTIC-00563,REQ-SIM-00563,-,CUS-00563,FSI-00167,1,OPTIMISTIC,pool-4-thread-563,3863209414300,3866098365700,false,Hết hàng! Sản phẩm Flash Sale 'FSI-00167': yêu cầu 1; còn lại 0
TXN-OPTIMISTIC-00447,REQ-SIM-00447,-,CUS-00447,FSI-00167,1,OPTIMISTIC,pool-4-thread-447,3863207475300,3866098680900,false,Hết hàng! Sản phẩm Flash Sale 'FSI-00167': yêu cầu 1; còn lại 0
TXN-OPTIMISTIC-00464,REQ-SIM-00464,-,CUS-00464,FSI-00167,1,OPTIMISTIC,pool-4-thread-464,3863207706500,3866098985800,false,Hết hàng! Sản phẩm Flash Sale 'FSI-00167': yêu cầu 1; còn lại 0
TXN-OPTIMISTIC-00913,REQ-SIM-00913,-,CUS-00913,FSI-00167,1,OPTIMISTIC,pool-4-thread-913,3863214652500,3866099432000,false,Hết hàng! Sản phẩm Flash Sale 'FSI-00167': yêu cầu 1; còn lại 0
TXN-OPTIMISTIC-00995,REQ-SIM-00995,-,CUS-00995,FSI-00167,1,OPTIMISTIC,pool-4-thread-995,3863215972900,3866099791400,false,Hết hàng! Sản phẩm Flash Sale 'FSI-00167': yêu cầu 1; còn lại 0
TXN-OPTIMISTIC-00434,REQ-SIM-00434,-,CUS-00434,FSI-00167,1,OPTIMISTIC,pool-4-thread-434,3863207278400,3866100020700,false,Hết hàng! Sản phẩm Flash Sale 'FSI-00167': yêu cầu 1; còn lại 0
TXN-OPTIMISTIC-00521,REQ-SIM-00521,-,CUS-00521,FSI-00167,1,OPTIMISTIC,pool-4-thread-521,3863208710700,3866100386800,false,Hết hàng! Sản phẩm Flash Sale 'FSI-00167': yêu cầu 1; còn lại 0
TXN-OPTIMISTIC-00544,REQ-SIM-00544,-,CUS-00544,FSI-00167,1,OPTIMISTIC,pool-4-thread-544,3863209043800,3866100908800,false,Hết hàng! Sản phẩm Flash Sale 'FSI-00167': yêu cầu 1; còn lại 0
TXN-OPTIMISTIC-00138,REQ-SIM-00138,-,CUS-00138,FSI-00167,1,OPTIMISTIC,pool-4-thread-138,3863201966000,3866101137300,false,Hết hàng! Sản phẩm Flash Sale 'FSI-00167': yêu cầu 1; còn lại 0
TXN-OPTIMISTIC-00309,REQ-SIM-00309,-,CUS-00309,FSI-00167,1,OPTIMISTIC,pool-4-thread-309,3863205066000,3866101628000,false,Hết hàng! Sản phẩm Flash Sale 'FSI-00167': yêu cầu 1; còn lại 0
TXN-OPTIMISTIC-00882,REQ-SIM-00882,-,CUS-00882,FSI-00167,1,OPTIMISTIC,pool-4-thread-882,3863214208300,3866102000800,false,Hết hàng! Sản phẩm Flash Sale 'FSI-00167': yêu cầu 1; còn lại 0
TXN-OPTIMISTIC-00970,REQ-SIM-00970,-,CUS-00970,FSI-00167,1,OPTIMISTIC,pool-4-thread-970,3863215595200,3866102489000,false,Hết hàng! Sản phẩm Flash Sale 'FSI-00167': yêu cầu 1; còn lại 0
TXN-OPTIMISTIC-00971,REQ-SIM-00971,-,CUS-00971,FSI-00167,1,OPTIMISTIC,pool-4-thread-971,3863215607500,3866102651900,false,Hết hàng! Sản phẩm Flash Sale 'FSI-00167': yêu cầu 1; còn lại 0
TXN-OPTIMISTIC-00613,REQ-SIM-00613,-,CUS-00613,FSI-00167,1,OPTIMISTIC,pool-4-thread-613,3863210099100,3866103141500,false,Hết hàng! Sản phẩm Flash Sale 'FSI-00167': yêu cầu 1; còn lại 0
TXN-OPTIMISTIC-00600,REQ-SIM-00600,-,CUS-00600,FSI-00167,1,OPTIMISTIC,pool-4-thread-600,3863209927600,3866103509400,false,Hết hàng! Sản phẩm Flash Sale 'FSI-00167': yêu cầu 1; còn lại 0
TXN-OPTIMISTIC-00352,REQ-SIM-00352,-,CUS-00352,FSI-00167,1,OPTIMISTIC,pool-4-thread-352,3863205726200,3866104042600,false,Hết hàng! Sản phẩm Flash Sale 'FSI-00167': yêu cầu 1; còn lại 0
TXN-OPTIMISTIC-00559,REQ-SIM-00559,-,CUS-00559,FSI-00167,1,OPTIMISTIC,pool-4-thread-559,3863209325800,3866104471100,false,Hết hàng! Sản phẩm Flash Sale 'FSI-00167': yêu cầu 1; còn lại 0
TXN-OPTIMISTIC-00673,REQ-SIM-00673,-,CUS-00673,FSI-00167,1,OPTIMISTIC,pool-4-thread-673,3863211040700,3866104880400,false,Hết hàng! Sản phẩm Flash Sale 'FSI-00167': yêu cầu 1; còn lại 0
TXN-OPTIMISTIC-00541,REQ-SIM-00541,-,CUS-00541,FSI-00167,1,OPTIMISTIC,pool-4-thread-541,3863208999200,3866105364100,false,Hết hàng! Sản phẩm Flash Sale 'FSI-00167': yêu cầu 1; còn lại 0
TXN-OPTIMISTIC-00462,REQ-SIM-00462,-,CUS-00462,FSI-00167,1,OPTIMISTIC,pool-4-thread-462,3863207692500,3866105791900,false,Hết hàng! Sản phẩm Flash Sale 'FSI-00167': yêu cầu 1; còn lại 0
TXN-OPTIMISTIC-00466,REQ-SIM-00466,-,CUS-00466,FSI-00167,1,OPTIMISTIC,pool-4-thread-466,3863207752100,3866106235000,false,Hết hàng! Sản phẩm Flash Sale 'FSI-00167': yêu cầu 1; còn lại 0
TXN-OPTIMISTIC-00905,REQ-SIM-00905,-,CUS-00905,FSI-00167,1,OPTIMISTIC,pool-4-thread-905,3863214532500,3866106669700,false,Hết hàng! Sản phẩm Flash Sale 'FSI-00167': yêu cầu 1; còn lại 0
TXN-OPTIMISTIC-00328,REQ-SIM-00328,-,CUS-00328,FSI-00167,1,OPTIMISTIC,pool-4-thread-328,3863205383700,3866107150900,false,Hết hàng! Sản phẩm Flash Sale 'FSI-00167': yêu cầu 1; còn lại 0
TXN-OPTIMISTIC-00272,REQ-SIM-00272,-,CUS-00272,FSI-00167,1,OPTIMISTIC,pool-4-thread-272,3863204405900,3866107561300,false,Hết hàng! Sản phẩm Flash Sale 'FSI-00167': yêu cầu 1; còn lại 0
TXN-OPTIMISTIC-00639,REQ-SIM-00639,-,CUS-00639,FSI-00167,1,OPTIMISTIC,pool-4-thread-639,3863210471000,3866107730100,false,Hết hàng! Sản phẩm Flash Sale 'FSI-00167': yêu cầu 1; còn lại 0
TXN-OPTIMISTIC-00473,REQ-SIM-00473,-,CUS-00473,FSI-00167,1,OPTIMISTIC,pool-4-thread-473,3863207849000,3866108316300,false,Hết hàng! Sản phẩm Flash Sale 'FSI-00167': yêu cầu 1; còn lại 0
TXN-OPTIMISTIC-00232,REQ-SIM-00232,-,CUS-00232,FSI-00167,1,OPTIMISTIC,pool-4-thread-232,3863203636600,3866108733500,false,Hết hàng! Sản phẩm Flash Sale 'FSI-00167': yêu cầu 1; còn lại 0
TXN-OPTIMISTIC-00387,REQ-SIM-00387,-,CUS-00387,FSI-00167,1,OPTIMISTIC,pool-4-thread-387,3863206308800,3866109229100,false,Hết hàng! Sản phẩm Flash Sale 'FSI-00167': yêu cầu 1; còn lại 0
TXN-OPTIMISTIC-00991,REQ-SIM-00991,-,CUS-00991,FSI-00167,1,OPTIMISTIC,pool-4-thread-991,3863215920400,3866109362900,false,Hết hàng! Sản phẩm Flash Sale 'FSI-00167': yêu cầu 1; còn lại 0
TXN-OPTIMISTIC-00369,REQ-SIM-00369,-,CUS-00369,FSI-00167,1,OPTIMISTIC,pool-4-thread-369,3863206016800,3866109646100,false,Hết hàng! Sản phẩm Flash Sale 'FSI-00167': yêu cầu 1; còn lại 0
TXN-OPTIMISTIC-00307,REQ-SIM-00307,-,CUS-00307,FSI-00167,1,OPTIMISTIC,pool-4-thread-307,3863205040600,3866110158300,false,Hết hàng! Sản phẩm Flash Sale 'FSI-00167': yêu cầu 1; còn lại 0
TXN-OPTIMISTIC-00726,REQ-SIM-00726,-,CUS-00726,FSI-00167,1,OPTIMISTIC,pool-4-thread-726,3863211875500,3866110466000,false,Hết hàng! Sản phẩm Flash Sale 'FSI-00167': yêu cầu 1; còn lại 0
TXN-OPTIMISTIC-00085,REQ-SIM-00085,-,CUS-00085,FSI-00167,1,OPTIMISTIC,pool-4-thread-85,3863201139900,3866110967200,false,Hết hàng! Sản phẩm Flash Sale 'FSI-00167': yêu cầu 1; còn lại 0
TXN-OPTIMISTIC-00990,REQ-SIM-00990,-,CUS-00990,FSI-00167,1,OPTIMISTIC,pool-4-thread-990,3863215892700,3866111266900,false,Hết hàng! Sản phẩm Flash Sale 'FSI-00167': yêu cầu 1; còn lại 0
TXN-OPTIMISTIC-00120,REQ-SIM-00120,-,CUS-00120,FSI-00167,1,OPTIMISTIC,pool-4-thread-120,3863201666000,3866111848700,false,Hết hàng! Sản phẩm Flash Sale 'FSI-00167': yêu cầu 1; còn lại 0
TXN-OPTIMISTIC-00887,REQ-SIM-00887,-,CUS-00887,FSI-00167,1,OPTIMISTIC,pool-4-thread-887,3863214276900,3866112077500,false,Hết hàng! Sản phẩm Flash Sale 'FSI-00167': yêu cầu 1; còn lại 0
TXN-OPTIMISTIC-00326,REQ-SIM-00326,-,CUS-00326,FSI-00167,1,OPTIMISTIC,pool-4-thread-326,3863205330300,3866112575500,false,Hết hàng! Sản phẩm Flash Sale 'FSI-00167': yêu cầu 1; còn lại 0
TXN-OPTIMISTIC-00202,REQ-SIM-00202,-,CUS-00202,FSI-00167,1,OPTIMISTIC,pool-4-thread-202,3863203151300,3866112988500,false,Hết hàng! Sản phẩm Flash Sale 'FSI-00167': yêu cầu 1; còn lại 0
TXN-OPTIMISTIC-00895,REQ-SIM-00895,-,CUS-00895,FSI-00167,1,OPTIMISTIC,pool-4-thread-895,3863214389600,3866113257100,false,Hết hàng! Sản phẩm Flash Sale 'FSI-00167': yêu cầu 1; còn lại 0
TXN-OPTIMISTIC-00888,REQ-SIM-00888,-,CUS-00888,FSI-00167,1,OPTIMISTIC,pool-4-thread-888,3863214291400,3866113828500,false,Hết hàng! Sản phẩm Flash Sale 'FSI-00167': yêu cầu 1; còn lại 0
TXN-OPTIMISTIC-00979,REQ-SIM-00979,-,CUS-00979,FSI-00167,1,OPTIMISTIC,pool-4-thread-979,3863215714900,3866114148900,false,Hết hàng! Sản phẩm Flash Sale 'FSI-00167': yêu cầu 1; còn lại 0
TXN-OPTIMISTIC-00449,REQ-SIM-00449,-,CUS-00449,FSI-00167,1,OPTIMISTIC,pool-4-thread-449,3863207500500,3866114581500,false,Hết hàng! Sản phẩm Flash Sale 'FSI-00167': yêu cầu 1; còn lại 0
TXN-OPTIMISTIC-00800,REQ-SIM-00800,-,CUS-00800,FSI-00167,1,OPTIMISTIC,pool-4-thread-800,3863212887000,3866114873500,false,Hết hàng! Sản phẩm Flash Sale 'FSI-00167': yêu cầu 1; còn lại 0
TXN-OPTIMISTIC-00357,REQ-SIM-00357,-,CUS-00357,FSI-00167,1,OPTIMISTIC,pool-4-thread-357,3863205822700,3866115502000,false,Hết hàng! Sản phẩm Flash Sale 'FSI-00167': yêu cầu 1; còn lại 0
TXN-OPTIMISTIC-00918,REQ-SIM-00918,-,CUS-00918,FSI-00167,1,OPTIMISTIC,pool-4-thread-918,3863214723600,3866115788400,false,Hết hàng! Sản phẩm Flash Sale 'FSI-00167': yêu cầu 1; còn lại 0
TXN-OPTIMISTIC-00207,REQ-SIM-00207,-,CUS-00207,FSI-00167,1,OPTIMISTIC,pool-4-thread-207,3863203219600,3866116345900,false,Hết hàng! Sản phẩm Flash Sale 'FSI-00167': yêu cầu 1; còn lại 0
TXN-OPTIMISTIC-00067,REQ-SIM-00067,-,CUS-00067,FSI-00167,1,OPTIMISTIC,pool-4-thread-67,3863200876500,3866116781600,false,Hết hàng! Sản phẩm Flash Sale 'FSI-00167': yêu cầu 1; còn lại 0
TXN-OPTIMISTIC-00636,REQ-SIM-00636,-,CUS-00636,FSI-00167,1,OPTIMISTIC,pool-4-thread-636,3863210426700,3866116950400,false,Hết hàng! Sản phẩm Flash Sale 'FSI-00167': yêu cầu 1; còn lại 0
TXN-OPTIMISTIC-00163,REQ-SIM-00163,-,CUS-00163,FSI-00167,1,OPTIMISTIC,pool-4-thread-163,3863202431600,3866117336300,false,Hết hàng! Sản phẩm Flash Sale 'FSI-00167': yêu cầu 1; còn lại 0
TXN-OPTIMISTIC-00870,REQ-SIM-00870,-,CUS-00870,FSI-00167,1,OPTIMISTIC,pool-4-thread-870,3863214039100,3866117769700,false,Hết hàng! Sản phẩm Flash Sale 'FSI-00167': yêu cầu 1; còn lại 0
TXN-OPTIMISTIC-00096,REQ-SIM-00096,-,CUS-00096,FSI-00167,1,OPTIMISTIC,pool-4-thread-96,3863201307700,3866118087800,false,Hết hàng! Sản phẩm Flash Sale 'FSI-00167': yêu cầu 1; còn lại 0
TXN-OPTIMISTIC-00382,REQ-SIM-00382,-,CUS-00382,FSI-00167,1,OPTIMISTIC,pool-4-thread-382,3863206216900,3866118460500,false,Hết hàng! Sản phẩm Flash Sale 'FSI-00167': yêu cầu 1; còn lại 0
TXN-OPTIMISTIC-00436,REQ-SIM-00436,-,CUS-00436,FSI-00167,1,OPTIMISTIC,pool-4-thread-436,3863207309600,3866118693800,false,Hết hàng! Sản phẩm Flash Sale 'FSI-00167': yêu cầu 1; còn lại 0
TXN-OPTIMISTIC-00858,REQ-SIM-00858,-,CUS-00858,FSI-00167,1,OPTIMISTIC,pool-4-thread-858,3863213863300,3866119051000,false,Hết hàng! Sản phẩm Flash Sale 'FSI-00167': yêu cầu 1; còn lại 0
TXN-OPTIMISTIC-00114,REQ-SIM-00114,-,CUS-00114,FSI-00167,1,OPTIMISTIC,pool-4-thread-114,3863201563200,3866119352800,false,Hết hàng! Sản phẩm Flash Sale 'FSI-00167': yêu cầu 1; còn lại 0
TXN-OPTIMISTIC-00308,REQ-SIM-00308,-,CUS-00308,FSI-00167,1,OPTIMISTIC,pool-4-thread-308,3863205053400,3866119806200,false,Hết hàng! Sản phẩm Flash Sale 'FSI-00167': yêu cầu 1; còn lại 0
TXN-OPTIMISTIC-00674,REQ-SIM-00674,-,CUS-00674,FSI-00167,1,OPTIMISTIC,pool-4-thread-674,3863211105100,3866120129200,false,Hết hàng! Sản phẩm Flash Sale 'FSI-00167': yêu cầu 1; còn lại 0
TXN-OPTIMISTIC-00864,REQ-SIM-00864,-,CUS-00864,FSI-00167,1,OPTIMISTIC,pool-4-thread-864,3863213947100,3866120439300,false,Hết hàng! Sản phẩm Flash Sale 'FSI-00167': yêu cầu 1; còn lại 0
TXN-OPTIMISTIC-00332,REQ-SIM-00332,-,CUS-00332,FSI-00167,1,OPTIMISTIC,pool-4-thread-332,3863205440400,3866120881700,false,Hết hàng! Sản phẩm Flash Sale 'FSI-00167': yêu cầu 1; còn lại 0
TXN-OPTIMISTIC-00284,REQ-SIM-00284,-,CUS-00284,FSI-00167,1,OPTIMISTIC,pool-4-thread-284,3863204619800,3866121209100,false,Hết hàng! Sản phẩm Flash Sale 'FSI-00167': yêu cầu 1; còn lại 0
TXN-OPTIMISTIC-00742,REQ-SIM-00742,-,CUS-00742,FSI-00167,1,OPTIMISTIC,pool-4-thread-742,3863212083200,3866121595500,false,Hết hàng! Sản phẩm Flash Sale 'FSI-00167': yêu cầu 1; còn lại 0
TXN-OPTIMISTIC-00834,REQ-SIM-00834,-,CUS-00834,FSI-00167,1,OPTIMISTIC,pool-4-thread-834,3863213468500,3866121924100,false,Hết hàng! Sản phẩm Flash Sale 'FSI-00167': yêu cầu 1; còn lại 0
TXN-OPTIMISTIC-00297,REQ-SIM-00297,-,CUS-00297,FSI-00167,1,OPTIMISTIC,pool-4-thread-297,3863204891900,3866122335700,false,Hết hàng! Sản phẩm Flash Sale 'FSI-00167': yêu cầu 1; còn lại 0
TXN-OPTIMISTIC-00335,REQ-SIM-00335,-,CUS-00335,FSI-00167,1,OPTIMISTIC,pool-4-thread-335,3863205486200,3866122641900,false,Hết hàng! Sản phẩm Flash Sale 'FSI-00167': yêu cầu 1; còn lại 0
TXN-OPTIMISTIC-00285,REQ-SIM-00285,-,CUS-00285,FSI-00167,1,OPTIMISTIC,pool-4-thread-285,3863204672800,3866123191000,false,Hết hàng! Sản phẩm Flash Sale 'FSI-00167': yêu cầu 1; còn lại 0
TXN-OPTIMISTIC-00876,REQ-SIM-00876,-,CUS-00876,FSI-00167,1,OPTIMISTIC,pool-4-thread-876,3863214115400,3866123398100,false,Hết hàng! Sản phẩm Flash Sale 'FSI-00167': yêu cầu 1; còn lại 0
TXN-OPTIMISTIC-00341,REQ-SIM-00341,-,CUS-00341,FSI-00167,1,OPTIMISTIC,pool-4-thread-341,3863205574700,3866123786300,false,Hết hàng! Sản phẩm Flash Sale 'FSI-00167': yêu cầu 1; còn lại 0
TXN-OPTIMISTIC-00225,REQ-SIM-00225,-,CUS-00225,FSI-00167,1,OPTIMISTIC,pool-4-thread-225,3863203534900,3866124200200,false,Hết hàng! Sản phẩm Flash Sale 'FSI-00167': yêu cầu 1; còn lại 0
TXN-OPTIMISTIC-00862,REQ-SIM-00862,-,CUS-00862,FSI-00167,1,OPTIMISTIC,pool-4-thread-862,3863213919000,3866124497300,false,Hết hàng! Sản phẩm Flash Sale 'FSI-00167': yêu cầu 1; còn lại 0
TXN-OPTIMISTIC-00822,REQ-SIM-00822,-,CUS-00822,FSI-00167,1,OPTIMISTIC,pool-4-thread-822,3863213199100,3866124925600,false,Hết hàng! Sản phẩm Flash Sale 'FSI-00167': yêu cầu 1; còn lại 0
TXN-OPTIMISTIC-00151,REQ-SIM-00151,-,CUS-00151,FSI-00167,1,OPTIMISTIC,pool-4-thread-151,3863202202200,3866125349400,false,Hết hàng! Sản phẩm Flash Sale 'FSI-00167': yêu cầu 1; còn lại 0
TXN-OPTIMISTIC-00657,REQ-SIM-00657,-,CUS-00657,FSI-00167,1,OPTIMISTIC,pool-4-thread-657,3863210726400,3866125660400,false,Hết hàng! Sản phẩm Flash Sale 'FSI-00167': yêu cầu 1; còn lại 0
TXN-OPTIMISTIC-00296,REQ-SIM-00296,-,CUS-00296,FSI-00167,1,OPTIMISTIC,pool-4-thread-296,3863204854800,3866126101700,false,Hết hàng! Sản phẩm Flash Sale 'FSI-00167': yêu cầu 1; còn lại 0
TXN-OPTIMISTIC-00877,REQ-SIM-00877,-,CUS-00877,FSI-00167,1,OPTIMISTIC,pool-4-thread-877,3863214130500,3866126430700,false,Hết hàng! Sản phẩm Flash Sale 'FSI-00167': yêu cầu 1; còn lại 0
TXN-OPTIMISTIC-00816,REQ-SIM-00816,-,CUS-00816,FSI-00167,1,OPTIMISTIC,pool-4-thread-816,3863213113000,3866126989700,false,Hết hàng! Sản phẩm Flash Sale 'FSI-00167': yêu cầu 1; còn lại 0
TXN-OPTIMISTIC-00718,REQ-SIM-00718,-,CUS-00718,FSI-00167,1,OPTIMISTIC,pool-4-thread-718,3863211755100,3866127135900,false,Hết hàng! Sản phẩm Flash Sale 'FSI-00167': yêu cầu 1; còn lại 0
TXN-OPTIMISTIC-00829,REQ-SIM-00829,-,CUS-00829,FSI-00167,1,OPTIMISTIC,pool-4-thread-829,3863213394700,3866127531500,false,Hết hàng! Sản phẩm Flash Sale 'FSI-00167': yêu cầu 1; còn lại 0
TXN-OPTIMISTIC-00833,REQ-SIM-00833,-,CUS-00833,FSI-00167,1,OPTIMISTIC,pool-4-thread-833,3863213455000,3866128047500,false,Hết hàng! Sản phẩm Flash Sale 'FSI-00167': yêu cầu 1; còn lại 0
TXN-OPTIMISTIC-00564,REQ-SIM-00564,-,CUS-00564,FSI-00167,1,OPTIMISTIC,pool-4-thread-564,3863209428600,3866128391800,false,Hết hàng! Sản phẩm Flash Sale 'FSI-00167': yêu cầu 1; còn lại 0
TXN-OPTIMISTIC-00311,REQ-SIM-00311,-,CUS-00311,FSI-00167,1,OPTIMISTIC,pool-4-thread-311,3863205081800,3866128713400,false,Hết hàng! Sản phẩm Flash Sale 'FSI-00167': yêu cầu 1; còn lại 0
TXN-OPTIMISTIC-00793,REQ-SIM-00793,-,CUS-00793,FSI-00167,1,OPTIMISTIC,pool-4-thread-793,3863212790900,3866129015600,false,Hết hàng! Sản phẩm Flash Sale 'FSI-00167': yêu cầu 1; còn lại 0
TXN-OPTIMISTIC-00261,REQ-SIM-00261,-,CUS-00261,FSI-00167,1,OPTIMISTIC,pool-4-thread-261,3863204209200,3866129638800,false,Hết hàng! Sản phẩm Flash Sale 'FSI-00167': yêu cầu 1; còn lại 0
TXN-OPTIMISTIC-00811,REQ-SIM-00811,-,CUS-00811,FSI-00167,1,OPTIMISTIC,pool-4-thread-811,3863213046200,3866129758400,false,Hết hàng! Sản phẩm Flash Sale 'FSI-00167': yêu cầu 1; còn lại 0
TXN-OPTIMISTIC-00799,REQ-SIM-00799,-,CUS-00799,FSI-00167,1,OPTIMISTIC,pool-4-thread-799,3863212873300,3866130184300,false,Hết hàng! Sản phẩm Flash Sale 'FSI-00167': yêu cầu 1; còn lại 0
TXN-OPTIMISTIC-00323,REQ-SIM-00323,-,CUS-00323,FSI-00167,1,OPTIMISTIC,pool-4-thread-323,3863205275500,3866130530500,false,Hết hàng! Sản phẩm Flash Sale 'FSI-00167': yêu cầu 1; còn lại 0
TXN-OPTIMISTIC-00810,REQ-SIM-00810,-,CUS-00810,FSI-00167,1,OPTIMISTIC,pool-4-thread-810,3863213030900,3866130809400,false,Hết hàng! Sản phẩm Flash Sale 'FSI-00167': yêu cầu 1; còn lại 0
TXN-OPTIMISTIC-00798,REQ-SIM-00798,-,CUS-00798,FSI-00167,1,OPTIMISTIC,pool-4-thread-798,3863212860700,3866131164800,false,Hết hàng! Sản phẩm Flash Sale 'FSI-00167': yêu cầu 1; còn lại 0
TXN-OPTIMISTIC-00671,REQ-SIM-00671,-,CUS-00671,FSI-00167,1,OPTIMISTIC,pool-4-thread-671,3863210960500,3866131487100,false,Hết hàng! Sản phẩm Flash Sale 'FSI-00167': yêu cầu 1; còn lại 0
TXN-OPTIMISTIC-00273,REQ-SIM-00273,-,CUS-00273,FSI-00167,1,OPTIMISTIC,pool-4-thread-273,3863204415100,3866131875400,false,Hết hàng! Sản phẩm Flash Sale 'FSI-00167': yêu cầu 1; còn lại 0
TXN-OPTIMISTIC-00318,REQ-SIM-00318,-,CUS-00318,FSI-00167,1,OPTIMISTIC,pool-4-thread-318,3863205199800,3866132211300,false,Hết hàng! Sản phẩm Flash Sale 'FSI-00167': yêu cầu 1; còn lại 0
TXN-OPTIMISTIC-00292,REQ-SIM-00292,-,CUS-00292,FSI-00167,1,OPTIMISTIC,pool-4-thread-292,3863204775100,3866132496600,false,Hết hàng! Sản phẩm Flash Sale 'FSI-00167': yêu cầu 1; còn lại 0
TXN-OPTIMISTIC-00780,REQ-SIM-00780,-,CUS-00780,FSI-00167,1,OPTIMISTIC,pool-4-thread-780,3863212617100,3866132770500,false,Hết hàng! Sản phẩm Flash Sale 'FSI-00167': yêu cầu 1; còn lại 0
TXN-OPTIMISTIC-00244,REQ-SIM-00244,-,CUS-00244,FSI-00167,1,OPTIMISTIC,pool-4-thread-244,3863203830000,3866133093900,false,Hết hàng! Sản phẩm Flash Sale 'FSI-00167': yêu cầu 1; còn lại 0
TXN-OPTIMISTIC-00304,REQ-SIM-00304,-,CUS-00304,FSI-00167,1,OPTIMISTIC,pool-4-thread-304,3863205003100,3866133383400,false,Hết hàng! Sản phẩm Flash Sale 'FSI-00167': yêu cầu 1; còn lại 0
TXN-OPTIMISTIC-00535,REQ-SIM-00535,-,CUS-00535,FSI-00167,1,OPTIMISTIC,pool-4-thread-535,3863208912500,3866133640500,false,Hết hàng! Sản phẩm Flash Sale 'FSI-00167': yêu cầu 1; còn lại 0
TXN-OPTIMISTIC-00268,REQ-SIM-00268,-,CUS-00268,FSI-00167,1,OPTIMISTIC,pool-4-thread-268,3863204364200,3866134002700,false,Hết hàng! Sản phẩm Flash Sale 'FSI-00167': yêu cầu 1; còn lại 0
TXN-OPTIMISTIC-00787,REQ-SIM-00787,-,CUS-00787,FSI-00167,1,OPTIMISTIC,pool-4-thread-787,3863212706500,3866134240600,false,Hết hàng! Sản phẩm Flash Sale 'FSI-00167': yêu cầu 1; còn lại 0
TXN-OPTIMISTIC-00629,REQ-SIM-00629,-,CUS-00629,FSI-00167,1,OPTIMISTIC,pool-4-thread-629,3863210306700,3866134530900,false,Hết hàng! Sản phẩm Flash Sale 'FSI-00167': yêu cầu 1; còn lại 0
TXN-OPTIMISTIC-00231,REQ-SIM-00231,-,CUS-00231,FSI-00167,1,OPTIMISTIC,pool-4-thread-231,3863203623800,3866134878200,false,Hết hàng! Sản phẩm Flash Sale 'FSI-00167': yêu cầu 1; còn lại 0
TXN-OPTIMISTIC-00786,REQ-SIM-00786,-,CUS-00786,FSI-00167,1,OPTIMISTIC,pool-4-thread-786,3863212693900,3866135245300,false,Hết hàng! Sản phẩm Flash Sale 'FSI-00167': yêu cầu 1; còn lại 0
TXN-OPTIMISTIC-00249,REQ-SIM-00249,-,CUS-00249,FSI-00167,1,OPTIMISTIC,pool-4-thread-249,3863203967100,3866135562900,false,Hết hàng! Sản phẩm Flash Sale 'FSI-00167': yêu cầu 1; còn lại 0
TXN-OPTIMISTIC-00236,REQ-SIM-00236,-,CUS-00236,FSI-00167,1,OPTIMISTIC,pool-4-thread-236,3863203723500,3866135835300,false,Hết hàng! Sản phẩm Flash Sale 'FSI-00167': yêu cầu 1; còn lại 0
TXN-OPTIMISTIC-00356,REQ-SIM-00356,-,CUS-00356,FSI-00167,1,OPTIMISTIC,pool-4-thread-356,3863205809100,3866136222600,false,Hết hàng! Sản phẩm Flash Sale 'FSI-00167': yêu cầu 1; còn lại 0
TXN-OPTIMISTIC-00189,REQ-SIM-00189,-,CUS-00189,FSI-00167,1,OPTIMISTIC,pool-4-thread-189,3863202961500,3866136591300,false,Hết hàng! Sản phẩm Flash Sale 'FSI-00167': yêu cầu 1; còn lại 0
TXN-OPTIMISTIC-00538,REQ-SIM-00538,-,CUS-00538,FSI-00167,1,OPTIMISTIC,pool-4-thread-538,3863208956500,3866136853300,false,Hết hàng! Sản phẩm Flash Sale 'FSI-00167': yêu cầu 1; còn lại 0
TXN-OPTIMISTIC-00194,REQ-SIM-00194,-,CUS-00194,FSI-00167,1,OPTIMISTIC,pool-4-thread-194,3863203038200,3866137187000,false,Hết hàng! Sản phẩm Flash Sale 'FSI-00167': yêu cầu 1; còn lại 0
TXN-OPTIMISTIC-00224,REQ-SIM-00224,-,CUS-00224,FSI-00167,1,OPTIMISTIC,pool-4-thread-224,3863203520400,3866137490900,false,Hết hàng! Sản phẩm Flash Sale 'FSI-00167': yêu cầu 1; còn lại 0
TXN-OPTIMISTIC-00286,REQ-SIM-00286,-,CUS-00286,FSI-00167,1,OPTIMISTIC,pool-4-thread-286,3863204685500,3866137825500,false,Hết hàng! Sản phẩm Flash Sale 'FSI-00167': yêu cầu 1; còn lại 0
TXN-OPTIMISTIC-00281,REQ-SIM-00281,-,CUS-00281,FSI-00167,1,OPTIMISTIC,pool-4-thread-281,3863204586300,3866138105900,false,Hết hàng! Sản phẩm Flash Sale 'FSI-00167': yêu cầu 1; còn lại 0
TXN-OPTIMISTIC-00174,REQ-SIM-00174,-,CUS-00174,FSI-00167,1,OPTIMISTIC,pool-4-thread-174,3863202725600,3866138403100,false,Hết hàng! Sản phẩm Flash Sale 'FSI-00167': yêu cầu 1; còn lại 0
TXN-OPTIMISTIC-00750,REQ-SIM-00750,-,CUS-00750,FSI-00167,1,OPTIMISTIC,pool-4-thread-750,3863212190400,3866138946900,false,Hết hàng! Sản phẩm Flash Sale 'FSI-00167': yêu cầu 1; còn lại 0
TXN-OPTIMISTIC-00348,REQ-SIM-00348,-,CUS-00348,FSI-00167,1,OPTIMISTIC,pool-4-thread-348,3863205670800,3866139147800,false,Hết hàng! Sản phẩm Flash Sale 'FSI-00167': yêu cầu 1; còn lại 0
TXN-OPTIMISTIC-00820,REQ-SIM-00820,-,CUS-00820,FSI-00167,1,OPTIMISTIC,pool-4-thread-820,3863213170700,3866139446300,false,Hết hàng! Sản phẩm Flash Sale 'FSI-00167': yêu cầu 1; còn lại 0
TXN-OPTIMISTIC-00306,REQ-SIM-00306,-,CUS-00306,FSI-00167,1,OPTIMISTIC,pool-4-thread-306,3863205029100,3866139715100,false,Hết hàng! Sản phẩm Flash Sale 'FSI-00167': yêu cầu 1; còn lại 0
TXN-OPTIMISTIC-00312,REQ-SIM-00312,-,CUS-00312,FSI-00167,1,OPTIMISTIC,pool-4-thread-312,3863205106900,3866140235300,false,Hết hàng! Sản phẩm Flash Sale 'FSI-00167': yêu cầu 1; còn lại 0
TXN-OPTIMISTIC-00274,REQ-SIM-00274,-,CUS-00274,FSI-00167,1,OPTIMISTIC,pool-4-thread-274,3863204453000,3866140433800,false,Hết hàng! Sản phẩm Flash Sale 'FSI-00167': yêu cầu 1; còn lại 0
TXN-OPTIMISTIC-00239,REQ-SIM-00239,-,CUS-00239,FSI-00167,1,OPTIMISTIC,pool-4-thread-239,3863203766100,3866141051800,false,Hết hàng! Sản phẩm Flash Sale 'FSI-00167': yêu cầu 1; còn lại 0
TXN-OPTIMISTIC-00409,REQ-SIM-00409,-,CUS-00409,FSI-00167,1,OPTIMISTIC,pool-4-thread-409,3863206804600,3866141182000,false,Hết hàng! Sản phẩm Flash Sale 'FSI-00167': yêu cầu 1; còn lại 0
TXN-OPTIMISTIC-00426,REQ-SIM-00426,-,CUS-00426,FSI-00167,1,OPTIMISTIC,pool-4-thread-426,3863207153000,3866141442000,false,Hết hàng! Sản phẩm Flash Sale 'FSI-00167': yêu cầu 1; còn lại 0
TXN-OPTIMISTIC-00245,REQ-SIM-00245,-,CUS-00245,FSI-00167,1,OPTIMISTIC,pool-4-thread-245,3863203843300,3866141780900,false,Hết hàng! Sản phẩm Flash Sale 'FSI-00167': yêu cầu 1; còn lại 0
TXN-OPTIMISTIC-00714,REQ-SIM-00714,-,CUS-00714,FSI-00167,1,OPTIMISTIC,pool-4-thread-714,3863211701800,3866142158200,false,Hết hàng! Sản phẩm Flash Sale 'FSI-00167': yêu cầu 1; còn lại 0
TXN-OPTIMISTIC-00190,REQ-SIM-00190,-,CUS-00190,FSI-00167,1,OPTIMISTIC,pool-4-thread-190,3863202974000,3866142525800,false,Hết hàng! Sản phẩm Flash Sale 'FSI-00167': yêu cầu 1; còn lại 0
TXN-OPTIMISTIC-00667,REQ-SIM-00667,-,CUS-00667,FSI-00167,1,OPTIMISTIC,pool-4-thread-667,3863210906200,3866142837300,false,Hết hàng! Sản phẩm Flash Sale 'FSI-00167': yêu cầu 1; còn lại 0
TXN-OPTIMISTIC-00226,REQ-SIM-00226,-,CUS-00226,FSI-00167,1,OPTIMISTIC,pool-4-thread-226,3863203548600,3866143194100,false,Hết hàng! Sản phẩm Flash Sale 'FSI-00167': yêu cầu 1; còn lại 0
TXN-OPTIMISTIC-00659,REQ-SIM-00659,-,CUS-00659,FSI-00167,1,OPTIMISTIC,pool-4-thread-659,3863210753000,3866143556700,false,Hết hàng! Sản phẩm Flash Sale 'FSI-00167': yêu cầu 1; còn lại 0
TXN-OPTIMISTIC-00684,REQ-SIM-00684,-,CUS-00684,FSI-00167,1,OPTIMISTIC,pool-4-thread-684,3863211243100,3866143976000,false,Hết hàng! Sản phẩm Flash Sale 'FSI-00167': yêu cầu 1; còn lại 0
TXN-OPTIMISTIC-00510,REQ-SIM-00510,-,CUS-00510,FSI-00167,1,OPTIMISTIC,pool-4-thread-510,3863208554400,3866144297000,false,Hết hàng! Sản phẩm Flash Sale 'FSI-00167': yêu cầu 1; còn lại 0
TXN-OPTIMISTIC-00170,REQ-SIM-00170,-,CUS-00170,FSI-00167,1,OPTIMISTIC,pool-4-thread-170,3863202600700,3866144719300,false,Hết hàng! Sản phẩm Flash Sale 'FSI-00167': yêu cầu 1; còn lại 0
TXN-OPTIMISTIC-00666,REQ-SIM-00666,-,CUS-00666,FSI-00167,1,OPTIMISTIC,pool-4-thread-666,3863210896100,3866145117700,false,Hết hàng! Sản phẩm Flash Sale 'FSI-00167': yêu cầu 1; còn lại 0
TXN-OPTIMISTIC-00191,REQ-SIM-00191,-,CUS-00191,FSI-00167,1,OPTIMISTIC,pool-4-thread-191,3863202992600,3866145499700,false,Hết hàng! Sản phẩm Flash Sale 'FSI-00167': yêu cầu 1; còn lại 0
TXN-OPTIMISTIC-00213,REQ-SIM-00213,-,CUS-00213,FSI-00167,1,OPTIMISTIC,pool-4-thread-213,3863203360100,3866145961100,false,Hết hàng! Sản phẩm Flash Sale 'FSI-00167': yêu cầu 1; còn lại 0
TXN-OPTIMISTIC-00230,REQ-SIM-00230,-,CUS-00230,FSI-00167,1,OPTIMISTIC,pool-4-thread-230,3863203603100,3866146256900,false,Hết hàng! Sản phẩm Flash Sale 'FSI-00167': yêu cầu 1; còn lại 0
TXN-OPTIMISTIC-00159,REQ-SIM-00159,-,CUS-00159,FSI-00167,1,OPTIMISTIC,pool-4-thread-159,3863202342500,3866146575300,false,Hết hàng! Sản phẩm Flash Sale 'FSI-00167': yêu cầu 1; còn lại 0
TXN-OPTIMISTIC-00177,REQ-SIM-00177,-,CUS-00177,FSI-00167,1,OPTIMISTIC,pool-4-thread-177,3863202774100,3866146857800,false,Hết hàng! Sản phẩm Flash Sale 'FSI-00167': yêu cầu 1; còn lại 0
TXN-OPTIMISTIC-00220,REQ-SIM-00220,-,CUS-00220,FSI-00167,1,OPTIMISTIC,pool-4-thread-220,3863203439500,3866147445200,false,Hết hàng! Sản phẩm Flash Sale 'FSI-00167': yêu cầu 1; còn lại 0
TXN-OPTIMISTIC-00134,REQ-SIM-00134,-,CUS-00134,FSI-00167,1,OPTIMISTIC,pool-4-thread-134,3863201874500,3866147533900,false,Hết hàng! Sản phẩm Flash Sale 'FSI-00167': yêu cầu 1; còn lại 0
TXN-OPTIMISTIC-00161,REQ-SIM-00161,-,CUS-00161,FSI-00167,1,OPTIMISTIC,pool-4-thread-161,3863202373400,3866148098900,false,Hết hàng! Sản phẩm Flash Sale 'FSI-00167': yêu cầu 1; còn lại 0
TXN-OPTIMISTIC-00508,REQ-SIM-00508,-,CUS-00508,FSI-00167,1,OPTIMISTIC,pool-4-thread-508,3863208524600,3866148323900,false,Hết hàng! Sản phẩm Flash Sale 'FSI-00167': yêu cầu 1; còn lại 0
TXN-OPTIMISTIC-00578,REQ-SIM-00578,-,CUS-00578,FSI-00167,1,OPTIMISTIC,pool-4-thread-578,3863209651300,3866148698900,false,Hết hàng! Sản phẩm Flash Sale 'FSI-00167': yêu cầu 1; còn lại 0
TXN-OPTIMISTIC-00148,REQ-SIM-00148,-,CUS-00148,FSI-00167,1,OPTIMISTIC,pool-4-thread-148,3863202226200,3866148989200,false,Hết hàng! Sản phẩm Flash Sale 'FSI-00167': yêu cầu 1; còn lại 0
TXN-OPTIMISTIC-00070,REQ-SIM-00070,-,CUS-00070,FSI-00167,1,OPTIMISTIC,pool-4-thread-70,3863200915600,3866149619300,false,Hết hàng! Sản phẩm Flash Sale 'FSI-00167': yêu cầu 1; còn lại 0
TXN-OPTIMISTIC-00555,REQ-SIM-00555,-,CUS-00555,FSI-00167,1,OPTIMISTIC,pool-4-thread-555,3863209244300,3866149905600,false,Hết hàng! Sản phẩm Flash Sale 'FSI-00167': yêu cầu 1; còn lại 0
TXN-OPTIMISTIC-00127,REQ-SIM-00127,-,CUS-00127,FSI-00167,1,OPTIMISTIC,pool-4-thread-127,3863201774000,3866150333300,false,Hết hàng! Sản phẩm Flash Sale 'FSI-00167': yêu cầu 1; còn lại 0
TXN-OPTIMISTIC-00141,REQ-SIM-00141,-,CUS-00141,FSI-00167,1,OPTIMISTIC,pool-4-thread-141,3863202002700,3866150701800,false,Hết hàng! Sản phẩm Flash Sale 'FSI-00167': yêu cầu 1; còn lại 0
TXN-OPTIMISTIC-00672,REQ-SIM-00672,-,CUS-00672,FSI-00167,1,OPTIMISTIC,pool-4-thread-672,3863210972200,3866151051500,false,Hết hàng! Sản phẩm Flash Sale 'FSI-00167': yêu cầu 1; còn lại 0
TXN-OPTIMISTIC-00265,REQ-SIM-00265,-,CUS-00265,FSI-00167,1,OPTIMISTIC,pool-4-thread-265,3863204261900,3866151376100,false,Hết hàng! Sản phẩm Flash Sale 'FSI-00167': yêu cầu 1; còn lại 0
TXN-OPTIMISTIC-00137,REQ-SIM-00137,-,CUS-00137,FSI-00167,1,OPTIMISTIC,pool-4-thread-137,3863201954900,3866151677500,false,Hết hàng! Sản phẩm Flash Sale 'FSI-00167': yêu cầu 1; còn lại 0
TXN-OPTIMISTIC-00055,REQ-SIM-00055,-,CUS-00055,FSI-00167,1,OPTIMISTIC,pool-4-thread-55,3863200719700,3866152012200,false,Hết hàng! Sản phẩm Flash Sale 'FSI-00167': yêu cầu 1; còn lại 0
TXN-OPTIMISTIC-00658,REQ-SIM-00658,-,CUS-00658,FSI-00167,1,OPTIMISTIC,pool-4-thread-658,3863210739900,3866152268900,false,Hết hàng! Sản phẩm Flash Sale 'FSI-00167': yêu cầu 1; còn lại 0
TXN-OPTIMISTIC-00430,REQ-SIM-00430,-,CUS-00430,FSI-00167,1,OPTIMISTIC,pool-4-thread-430,3863207206500,3866152578400,false,Hết hàng! Sản phẩm Flash Sale 'FSI-00167': yêu cầu 1; còn lại 0
TXN-OPTIMISTIC-00678,REQ-SIM-00678,-,CUS-00678,FSI-00167,1,OPTIMISTIC,pool-4-thread-678,3863211156900,3866152896800,false,Hết hàng! Sản phẩm Flash Sale 'FSI-00167': yêu cầu 1; còn lại 0
TXN-OPTIMISTIC-00129,REQ-SIM-00129,-,CUS-00129,FSI-00167,1,OPTIMISTIC,pool-4-thread-129,3863201803000,3866153236400,false,Hết hàng! Sản phẩm Flash Sale 'FSI-00167': yêu cầu 1; còn lại 0
TXN-OPTIMISTIC-00643,REQ-SIM-00643,-,CUS-00643,FSI-00167,1,OPTIMISTIC,pool-4-thread-643,3863210518500,3866153530700,false,Hết hàng! Sản phẩm Flash Sale 'FSI-00167': yêu cầu 1; còn lại 0
TXN-OPTIMISTIC-00101,REQ-SIM-00101,-,CUS-00101,FSI-00167,1,OPTIMISTIC,pool-4-thread-101,3863201492600,3866153943500,false,Hết hàng! Sản phẩm Flash Sale 'FSI-00167': yêu cầu 1; còn lại 0
TXN-OPTIMISTIC-00063,REQ-SIM-00063,-,CUS-00063,FSI-00167,1,OPTIMISTIC,pool-4-thread-63,3863200808300,3866154247500,false,Hết hàng! Sản phẩm Flash Sale 'FSI-00167': yêu cầu 1; còn lại 0
TXN-OPTIMISTIC-00288,REQ-SIM-00288,-,CUS-00288,FSI-00167,1,OPTIMISTIC,pool-4-thread-288,3863204711100,3866154538200,false,Hết hàng! Sản phẩm Flash Sale 'FSI-00167': yêu cầu 1; còn lại 0
TXN-OPTIMISTIC-00136,REQ-SIM-00136,-,CUS-00136,FSI-00167,1,OPTIMISTIC,pool-4-thread-136,3863202047300,3866154916400,false,Hết hàng! Sản phẩm Flash Sale 'FSI-00167': yêu cầu 1; còn lại 0
TXN-OPTIMISTIC-00642,REQ-SIM-00642,-,CUS-00642,FSI-00167,1,OPTIMISTIC,pool-4-thread-642,3863210506600,3866155288200,false,Hết hàng! Sản phẩm Flash Sale 'FSI-00167': yêu cầu 1; còn lại 0
TXN-OPTIMISTIC-00180,REQ-SIM-00180,-,CUS-00180,FSI-00167,1,OPTIMISTIC,pool-4-thread-180,3863202810900,3866155741200,false,Hết hàng! Sản phẩm Flash Sale 'FSI-00167': yêu cầu 1; còn lại 0
TXN-OPTIMISTIC-00788,REQ-SIM-00788,-,CUS-00788,FSI-00167,1,OPTIMISTIC,pool-4-thread-788,3863212726500,3866156200100,false,Hết hàng! Sản phẩm Flash Sale 'FSI-00167': yêu cầu 1; còn lại 0
TXN-OPTIMISTIC-00045,REQ-SIM-00045,-,CUS-00045,FSI-00167,1,OPTIMISTIC,pool-4-thread-45,3863200416500,3866156475200,false,Hết hàng! Sản phẩm Flash Sale 'FSI-00167': yêu cầu 1; còn lại 0
TXN-OPTIMISTIC-00123,REQ-SIM-00123,-,CUS-00123,FSI-00167,1,OPTIMISTIC,pool-4-thread-123,3863201836400,3866156720900,false,Hết hàng! Sản phẩm Flash Sale 'FSI-00167': yêu cầu 1; còn lại 0
TXN-OPTIMISTIC-00390,REQ-SIM-00390,-,CUS-00390,FSI-00167,1,OPTIMISTIC,pool-4-thread-390,3863206348700,3866157215400,false,Hết hàng! Sản phẩm Flash Sale 'FSI-00167': yêu cầu 1; còn lại 0
TXN-OPTIMISTIC-00113,REQ-SIM-00113,-,CUS-00113,FSI-00167,1,OPTIMISTIC,pool-4-thread-113,3863201550200,3866157644000,false,Hết hàng! Sản phẩm Flash Sale 'FSI-00167': yêu cầu 1; còn lại 0
TXN-OPTIMISTIC-00728,REQ-SIM-00728,-,CUS-00728,FSI-00167,1,OPTIMISTIC,pool-4-thread-728,3863211893900,3866158025100,false,Hết hàng! Sản phẩm Flash Sale 'FSI-00167': yêu cầu 1; còn lại 0
TXN-OPTIMISTIC-00122,REQ-SIM-00122,-,CUS-00122,FSI-00167,1,OPTIMISTIC,pool-4-thread-122,3863201705300,3866158324300,false,Hết hàng! Sản phẩm Flash Sale 'FSI-00167': yêu cầu 1; còn lại 0
TXN-OPTIMISTIC-00162,REQ-SIM-00162,-,CUS-00162,FSI-00167,1,OPTIMISTIC,pool-4-thread-162,3863202405800,3866158954800,false,Hết hàng! Sản phẩm Flash Sale 'FSI-00167': yêu cầu 1; còn lại 0
TXN-OPTIMISTIC-00441,REQ-SIM-00441,-,CUS-00441,FSI-00167,1,OPTIMISTIC,pool-4-thread-441,3863207392200,3866159069300,false,Hết hàng! Sản phẩm Flash Sale 'FSI-00167': yêu cầu 1; còn lại 0
TXN-OPTIMISTIC-00100,REQ-SIM-00100,-,CUS-00100,FSI-00167,1,OPTIMISTIC,pool-4-thread-100,3863201354500,3866159509400,false,Hết hàng! Sản phẩm Flash Sale 'FSI-00167': yêu cầu 1; còn lại 0
TXN-OPTIMISTIC-00606,REQ-SIM-00606,-,CUS-00606,FSI-00167,1,OPTIMISTIC,pool-4-thread-606,3863209996900,3866161461600,false,Hết hàng! Sản phẩm Flash Sale 'FSI-00167': yêu cầu 1; còn lại 0
TXN-OPTIMISTIC-00625,REQ-SIM-00625,-,CUS-00625,FSI-00167,1,OPTIMISTIC,pool-4-thread-625,3863210263400,3866161735600,false,Hết hàng! Sản phẩm Flash Sale 'FSI-00167': yêu cầu 1; còn lại 0
TXN-OPTIMISTIC-00147,REQ-SIM-00147,-,CUS-00147,FSI-00167,1,OPTIMISTIC,pool-4-thread-147,3863202128000,3866162036700,false,Hết hàng! Sản phẩm Flash Sale 'FSI-00167': yêu cầu 1; còn lại 0
TXN-OPTIMISTIC-00619,REQ-SIM-00619,-,CUS-00619,FSI-00167,1,OPTIMISTIC,pool-4-thread-619,3863210187000,3866162470800,false,Hết hàng! Sản phẩm Flash Sale 'FSI-00167': yêu cầu 1; còn lại 0
TXN-OPTIMISTIC-00095,REQ-SIM-00095,-,CUS-00095,FSI-00167,1,OPTIMISTIC,pool-4-thread-95,3863201414800,3866162800300,false,Hết hàng! Sản phẩm Flash Sale 'FSI-00167': yêu cầu 1; còn lại 0
TXN-OPTIMISTIC-00124,REQ-SIM-00124,-,CUS-00124,FSI-00167,1,OPTIMISTIC,pool-4-thread-124,3863201729700,3866163059700,false,Hết hàng! Sản phẩm Flash Sale 'FSI-00167': yêu cầu 1; còn lại 0
TXN-OPTIMISTIC-00110,REQ-SIM-00110,-,CUS-00110,FSI-00167,1,OPTIMISTIC,pool-4-thread-110,3863201366000,3866163402500,false,Hết hàng! Sản phẩm Flash Sale 'FSI-00167': yêu cầu 1; còn lại 0
TXN-OPTIMISTIC-00107,REQ-SIM-00107,-,CUS-00107,FSI-00167,1,OPTIMISTIC,pool-4-thread-107,3863201454300,3866163762000,false,Hết hàng! Sản phẩm Flash Sale 'FSI-00167': yêu cầu 1; còn lại 0
TXN-OPTIMISTIC-00088,REQ-SIM-00088,-,CUS-00088,FSI-00167,1,OPTIMISTIC,pool-4-thread-88,3863201339900,3866164093100,false,Hết hàng! Sản phẩm Flash Sale 'FSI-00167': yêu cầu 1; còn lại 0
TXN-OPTIMISTIC-00146,REQ-SIM-00146,-,CUS-00146,FSI-00167,1,OPTIMISTIC,pool-4-thread-146,3863202099000,3866164376900,false,Hết hàng! Sản phẩm Flash Sale 'FSI-00167': yêu cầu 1; còn lại 0
TXN-OPTIMISTIC-00358,REQ-SIM-00358,-,CUS-00358,FSI-00167,1,OPTIMISTIC,pool-4-thread-358,3863205835500,3866164736200,false,Hết hàng! Sản phẩm Flash Sale 'FSI-00167': yêu cầu 1; còn lại 0
TXN-OPTIMISTIC-00106,REQ-SIM-00106,-,CUS-00106,FSI-00167,1,OPTIMISTIC,pool-4-thread-106,3863201441300,3866165064000,false,Hết hàng! Sản phẩm Flash Sale 'FSI-00167': yêu cầu 1; còn lại 0
TXN-OPTIMISTIC-00716,REQ-SIM-00716,-,CUS-00716,FSI-00167,1,OPTIMISTIC,pool-4-thread-716,3863211726900,3866165678500,false,Hết hàng! Sản phẩm Flash Sale 'FSI-00167': yêu cầu 1; còn lại 0
TXN-OPTIMISTIC-00098,REQ-SIM-00098,-,CUS-00098,FSI-00167,1,OPTIMISTIC,pool-4-thread-98,3863201331000,3866165820100,false,Hết hàng! Sản phẩm Flash Sale 'FSI-00167': yêu cầu 1; còn lại 0
TXN-OPTIMISTIC-00634,REQ-SIM-00634,-,CUS-00634,FSI-00167,1,OPTIMISTIC,pool-4-thread-634,3863210396000,3866166232100,false,Hết hàng! Sản phẩm Flash Sale 'FSI-00167': yêu cầu 1; còn lại 0
TXN-OPTIMISTIC-00589,REQ-SIM-00589,-,CUS-00589,FSI-00167,1,OPTIMISTIC,pool-4-thread-589,3863209781300,3866166444300,false,Hết hàng! Sản phẩm Flash Sale 'FSI-00167': yêu cầu 1; còn lại 0
TXN-OPTIMISTIC-00595,REQ-SIM-00595,-,CUS-00595,FSI-00167,1,OPTIMISTIC,pool-4-thread-595,3863209861300,3866166932600,false,Hết hàng! Sản phẩm Flash Sale 'FSI-00167': yêu cầu 1; còn lại 0
TXN-OPTIMISTIC-00128,REQ-SIM-00128,-,CUS-00128,FSI-00167,1,OPTIMISTIC,pool-4-thread-128,3863201786300,3866167362600,false,Hết hàng! Sản phẩm Flash Sale 'FSI-00167': yêu cầu 1; còn lại 0
TXN-OPTIMISTIC-00087,REQ-SIM-00087,-,CUS-00087,FSI-00167,1,OPTIMISTIC,pool-4-thread-87,3863201167100,3866167696600,false,Hết hàng! Sản phẩm Flash Sale 'FSI-00167': yêu cầu 1; còn lại 0
TXN-OPTIMISTIC-00438,REQ-SIM-00438,-,CUS-00438,FSI-00167,1,OPTIMISTIC,pool-4-thread-438,3863207344600,3866167946400,false,Hết hàng! Sản phẩm Flash Sale 'FSI-00167': yêu cầu 1; còn lại 0
TXN-OPTIMISTIC-00601,REQ-SIM-00601,-,CUS-00601,FSI-00167,1,OPTIMISTIC,pool-4-thread-601,3863209941200,3866168386800,false,Hết hàng! Sản phẩm Flash Sale 'FSI-00167': yêu cầu 1; còn lại 0
TXN-OPTIMISTIC-00094,REQ-SIM-00094,-,CUS-00094,FSI-00167,1,OPTIMISTIC,pool-4-thread-94,3863201282300,3866168704100,false,Hết hàng! Sản phẩm Flash Sale 'FSI-00167': yêu cầu 1; còn lại 0
TXN-OPTIMISTIC-00131,REQ-SIM-00131,-,CUS-00131,FSI-00167,1,OPTIMISTIC,pool-4-thread-131,3863201701700,3866169219300,false,Hết hàng! Sản phẩm Flash Sale 'FSI-00167': yêu cầu 1; còn lại 0
TXN-OPTIMISTIC-00686,REQ-SIM-00686,-,CUS-00686,FSI-00167,1,OPTIMISTIC,pool-4-thread-686,3863211269000,3866169325100,false,Hết hàng! Sản phẩm Flash Sale 'FSI-00167': yêu cầu 1; còn lại 0
TXN-OPTIMISTIC-00867,REQ-SIM-00867,-,CUS-00867,FSI-00167,1,OPTIMISTIC,pool-4-thread-867,3863213996400,3866169587400,false,Hết hàng! Sản phẩm Flash Sale 'FSI-00167': yêu cầu 1; còn lại 0
TXN-OPTIMISTIC-00294,REQ-SIM-00294,-,CUS-00294,FSI-00167,1,OPTIMISTIC,pool-4-thread-294,3863204802900,3866169915500,false,Hết hàng! Sản phẩm Flash Sale 'FSI-00167': yêu cầu 1; còn lại 0
TXN-OPTIMISTIC-00118,REQ-SIM-00118,-,CUS-00118,FSI-00167,1,OPTIMISTIC,pool-4-thread-118,3863201650700,3866170245900,false,Hết hàng! Sản phẩm Flash Sale 'FSI-00167': yêu cầu 1; còn lại 0
TXN-OPTIMISTIC-00583,REQ-SIM-00583,-,CUS-00583,FSI-00167,1,OPTIMISTIC,pool-4-thread-583,3863209705800,3866170513000,false,Hết hàng! Sản phẩm Flash Sale 'FSI-00167': yêu cầu 1; còn lại 0
TXN-OPTIMISTIC-00305,REQ-SIM-00305,-,CUS-00305,FSI-00167,1,OPTIMISTIC,pool-4-thread-305,3863205015400,3866170819100,false,Hết hàng! Sản phẩm Flash Sale 'FSI-00167': yêu cầu 1; còn lại 0
TXN-OPTIMISTIC-00208,REQ-SIM-00208,-,CUS-00208,FSI-00167,1,OPTIMISTIC,pool-4-thread-208,3863203234700,3866171167400,false,Hết hàng! Sản phẩm Flash Sale 'FSI-00167': yêu cầu 1; còn lại 0
TXN-OPTIMISTIC-00533,REQ-SIM-00533,-,CUS-00533,FSI-00167,1,OPTIMISTIC,pool-4-thread-533,3863208874800,3866171418600,false,Hết hàng! Sản phẩm Flash Sale 'FSI-00167': yêu cầu 1; còn lại 0
TXN-OPTIMISTIC-00115,REQ-SIM-00115,-,CUS-00115,FSI-00167,1,OPTIMISTIC,pool-4-thread-115,3863201576400,3866171776300,false,Hết hàng! Sản phẩm Flash Sale 'FSI-00167': yêu cầu 1; còn lại 0
TXN-OPTIMISTIC-00367,REQ-SIM-00367,-,CUS-00367,FSI-00167,1,OPTIMISTIC,pool-4-thread-367,3863205981500,3866172094200,false,Hết hàng! Sản phẩm Flash Sale 'FSI-00167': yêu cầu 1; còn lại 0
TXN-OPTIMISTIC-00522,REQ-SIM-00522,-,CUS-00522,FSI-00167,1,OPTIMISTIC,pool-4-thread-522,3863208725000,3866172366500,false,Hết hàng! Sản phẩm Flash Sale 'FSI-00167': yêu cầu 1; còn lại 0
TXN-OPTIMISTIC-00419,REQ-SIM-00419,-,CUS-00419,FSI-00167,1,OPTIMISTIC,pool-4-thread-419,3863207044600,3866172670200,false,Hết hàng! Sản phẩm Flash Sale 'FSI-00167': yêu cầu 1; còn lại 0
TXN-OPTIMISTIC-00534,REQ-SIM-00534,-,CUS-00534,FSI-00167,1,OPTIMISTIC,pool-4-thread-534,3863208894000,3866172992200,false,Hết hàng! Sản phẩm Flash Sale 'FSI-00167': yêu cầu 1; còn lại 0
TXN-OPTIMISTIC-00475,REQ-SIM-00475,-,CUS-00475,FSI-00167,1,OPTIMISTIC,pool-4-thread-475,3863207880900,3866173266200,false,Hết hàng! Sản phẩm Flash Sale 'FSI-00167': yêu cầu 1; còn lại 0
TXN-OPTIMISTIC-00505,REQ-SIM-00505,-,CUS-00505,FSI-00167,1,OPTIMISTIC,pool-4-thread-505,3863208481400,3866173592800,false,Hết hàng! Sản phẩm Flash Sale 'FSI-00167': yêu cầu 1; còn lại 0
TXN-OPTIMISTIC-00503,REQ-SIM-00503,-,CUS-00503,FSI-00167,1,OPTIMISTIC,pool-4-thread-503,3863208446300,3866173917200,false,Hết hàng! Sản phẩm Flash Sale 'FSI-00167': yêu cầu 1; còn lại 0
TXN-OPTIMISTIC-00343,REQ-SIM-00343,-,CUS-00343,FSI-00167,1,OPTIMISTIC,pool-4-thread-343,3863205599400,3866174195100,false,Hết hàng! Sản phẩm Flash Sale 'FSI-00167': yêu cầu 1; còn lại 0
TXN-OPTIMISTIC-00247,REQ-SIM-00247,-,CUS-00247,FSI-00167,1,OPTIMISTIC,pool-4-thread-247,3863203869000,3866174509600,false,Hết hàng! Sản phẩm Flash Sale 'FSI-00167': yêu cầu 1; còn lại 0
TXN-OPTIMISTIC-00838,REQ-SIM-00838,-,CUS-00838,FSI-00167,1,OPTIMISTIC,pool-4-thread-838,3863213523700,3866174889800,false,Hết hàng! Sản phẩm Flash Sale 'FSI-00167': yêu cầu 1; còn lại 0
TXN-OPTIMISTIC-00347,REQ-SIM-00347,-,CUS-00347,FSI-00167,1,OPTIMISTIC,pool-4-thread-347,3863205656900,3866175121700,false,Hết hàng! Sản phẩm Flash Sale 'FSI-00167': yêu cầu 1; còn lại 0
TXN-OPTIMISTIC-00439,REQ-SIM-00439,-,CUS-00439,FSI-00167,1,OPTIMISTIC,pool-4-thread-439,3863207358600,3866175557800,false,Hết hàng! Sản phẩm Flash Sale 'FSI-00167': yêu cầu 1; còn lại 0
TXN-OPTIMISTIC-00468,REQ-SIM-00468,-,CUS-00468,FSI-00167,1,OPTIMISTIC,pool-4-thread-468,3863207778400,3866175864700,false,Hết hàng! Sản phẩm Flash Sale 'FSI-00167': yêu cầu 1; còn lại 0
TXN-OPTIMISTIC-00331,REQ-SIM-00331,-,CUS-00331,FSI-00167,1,OPTIMISTIC,pool-4-thread-331,3863205425700,3866176267600,false,Hết hàng! Sản phẩm Flash Sale 'FSI-00167': yêu cầu 1; còn lại 0
TXN-OPTIMISTIC-00354,REQ-SIM-00354,-,CUS-00354,FSI-00167,1,OPTIMISTIC,pool-4-thread-354,3863205750100,3866176609800,false,Hết hàng! Sản phẩm Flash Sale 'FSI-00167': yêu cầu 1; còn lại 0
TXN-OPTIMISTIC-00481,REQ-SIM-00481,-,CUS-00481,FSI-00167,1,OPTIMISTIC,pool-4-thread-481,3863207959700,3866176855400,false,Hết hàng! Sản phẩm Flash Sale 'FSI-00167': yêu cầu 1; còn lại 0
TXN-OPTIMISTIC-00252,REQ-SIM-00252,-,CUS-00252,FSI-00167,1,OPTIMISTIC,pool-4-thread-252,3863204004300,3866177169500,false,Hết hàng! Sản phẩm Flash Sale 'FSI-00167': yêu cầu 1; còn lại 0
TXN-OPTIMISTIC-00571,REQ-SIM-00571,-,CUS-00571,FSI-00167,1,OPTIMISTIC,pool-4-thread-571,3863209548400,3866177448100,false,Hết hàng! Sản phẩm Flash Sale 'FSI-00167': yêu cầu 1; còn lại 0
TXN-OPTIMISTIC-00474,REQ-SIM-00474,-,CUS-00474,FSI-00167,1,OPTIMISTIC,pool-4-thread-474,3863207863800,3866177748500,false,Hết hàng! Sản phẩm Flash Sale 'FSI-00167': yêu cầu 1; còn lại 0
TXN-OPTIMISTIC-00379,REQ-SIM-00379,-,CUS-00379,FSI-00167,1,OPTIMISTIC,pool-4-thread-379,3863206148100,3866178041300,false,Hết hàng! Sản phẩm Flash Sale 'FSI-00167': yêu cầu 1; còn lại 0
TXN-OPTIMISTIC-00511,REQ-SIM-00511,-,CUS-00511,FSI-00167,1,OPTIMISTIC,pool-4-thread-511,3863208569800,3866178329300,false,Hết hàng! Sản phẩm Flash Sale 'FSI-00167': yêu cầu 1; còn lại 0
TXN-OPTIMISTIC-00330,REQ-SIM-00330,-,CUS-00330,FSI-00167,1,OPTIMISTIC,pool-4-thread-330,3863205412400,3866178693300,false,Hết hàng! Sản phẩm Flash Sale 'FSI-00167': yêu cầu 1; còn lại 0
TXN-OPTIMISTIC-00783,REQ-SIM-00783,-,CUS-00783,FSI-00167,1,OPTIMISTIC,pool-4-thread-783,3863212656700,3866178949000,false,Hết hàng! Sản phẩm Flash Sale 'FSI-00167': yêu cầu 1; còn lại 0
TXN-OPTIMISTIC-00919,REQ-SIM-00919,-,CUS-00919,FSI-00167,1,OPTIMISTIC,pool-4-thread-919,3863214733500,3866179211300,false,Hết hàng! Sản phẩm Flash Sale 'FSI-00167': yêu cầu 1; còn lại 0
TXN-OPTIMISTIC-00999,REQ-SIM-00999,-,CUS-00999,FSI-00167,1,OPTIMISTIC,pool-4-thread-999,3863216021800,3866179518400,false,Hết hàng! Sản phẩm Flash Sale 'FSI-00167': yêu cầu 1; còn lại 0
TXN-OPTIMISTIC-00789,REQ-SIM-00789,-,CUS-00789,FSI-00167,1,OPTIMISTIC,pool-4-thread-789,3863212739700,3866179832100,false,Hết hàng! Sản phẩm Flash Sale 'FSI-00167': yêu cầu 1; còn lại 0
TXN-OPTIMISTIC-00873,REQ-SIM-00873,-,CUS-00873,FSI-00167,1,OPTIMISTIC,pool-4-thread-873,3863214084800,3866180177600,false,Hết hàng! Sản phẩm Flash Sale 'FSI-00167': yêu cầu 1; còn lại 0
TXN-OPTIMISTIC-00391,REQ-SIM-00391,-,CUS-00391,FSI-00167,1,OPTIMISTIC,pool-4-thread-391,3863206362500,3866180501100,false,Hết hàng! Sản phẩm Flash Sale 'FSI-00167': yêu cầu 1; còn lại 0
TXN-OPTIMISTIC-00499,REQ-SIM-00499,-,CUS-00499,FSI-00167,1,OPTIMISTIC,pool-4-thread-499,3863208369700,3866180881100,false,Hết hàng! Sản phẩm Flash Sale 'FSI-00167': yêu cầu 1; còn lại 0
TXN-OPTIMISTIC-00024,REQ-SIM-00024,-,CUS-00024,FSI-00167,1,OPTIMISTIC,pool-4-thread-24,3863200543900,3866181215500,false,Hết hàng! Sản phẩm Flash Sale 'FSI-00167': yêu cầu 1; còn lại 0
TXN-OPTIMISTIC-00968,REQ-SIM-00968,-,CUS-00968,FSI-00167,1,OPTIMISTIC,pool-4-thread-968,3863215551100,3866181501300,false,Hết hàng! Sản phẩm Flash Sale 'FSI-00167': yêu cầu 1; còn lại 0
TXN-OPTIMISTIC-00517,REQ-SIM-00517,-,CUS-00517,FSI-00167,1,OPTIMISTIC,pool-4-thread-517,3863208662900,3866181816100,false,Hết hàng! Sản phẩm Flash Sale 'FSI-00167': yêu cầu 1; còn lại 0
TXN-OPTIMISTIC-00175,REQ-SIM-00175,-,CUS-00175,FSI-00167,1,OPTIMISTIC,pool-4-thread-175,3863202747800,3866182148900,false,Hết hàng! Sản phẩm Flash Sale 'FSI-00167': yêu cầu 1; còn lại 0
TXN-OPTIMISTIC-00121,REQ-SIM-00121,-,CUS-00121,FSI-00167,1,OPTIMISTIC,pool-4-thread-121,3863201678600,3866182427900,false,Hết hàng! Sản phẩm Flash Sale 'FSI-00167': yêu cầu 1; còn lại 0
TXN-OPTIMISTIC-00889,REQ-SIM-00889,-,CUS-00889,FSI-00167,1,OPTIMISTIC,pool-4-thread-889,3863214305300,3866182726600,false,Hết hàng! Sản phẩm Flash Sale 'FSI-00167': yêu cầu 1; còn lại 0
TXN-OPTIMISTIC-00615,REQ-SIM-00615,-,CUS-00615,FSI-00167,1,OPTIMISTIC,pool-4-thread-615,3863210126000,3866183023400,false,Hết hàng! Sản phẩm Flash Sale 'FSI-00167': yêu cầu 1; còn lại 0
TXN-OPTIMISTIC-00764,REQ-SIM-00764,-,CUS-00764,FSI-00167,1,OPTIMISTIC,pool-4-thread-764,3863212373200,3866183373200,false,Hết hàng! Sản phẩm Flash Sale 'FSI-00167': yêu cầu 1; còn lại 0
TXN-OPTIMISTIC-00381,REQ-SIM-00381,-,CUS-00381,FSI-00167,1,OPTIMISTIC,pool-4-thread-381,3863206197400,3866183659600,false,Hết hàng! Sản phẩm Flash Sale 'FSI-00167': yêu cầu 1; còn lại 0
TXN-OPTIMISTIC-00019,REQ-SIM-00019,-,CUS-00019,FSI-00167,1,OPTIMISTIC,pool-4-thread-19,3863200147900,3866183976900,false,Hết hàng! Sản phẩm Flash Sale 'FSI-00167': yêu cầu 1; còn lại 0
TXN-OPTIMISTIC-00413,REQ-SIM-00413,-,CUS-00413,FSI-00167,1,OPTIMISTIC,pool-4-thread-413,3863206920500,3866184647600,false,Hết hàng! Sản phẩm Flash Sale 'FSI-00167': yêu cầu 1; còn lại 0
TXN-OPTIMISTIC-00504,REQ-SIM-00504,-,CUS-00504,FSI-00167,1,OPTIMISTIC,pool-4-thread-504,3863208466600,3866184793400,false,Hết hàng! Sản phẩm Flash Sale 'FSI-00167': yêu cầu 1; còn lại 0
TXN-OPTIMISTIC-00733,REQ-SIM-00733,-,CUS-00733,FSI-00167,1,OPTIMISTIC,pool-4-thread-733,3863211962100,3866185120400,false,Hết hàng! Sản phẩm Flash Sale 'FSI-00167': yêu cầu 1; còn lại 0
TXN-OPTIMISTIC-00526,REQ-SIM-00526,-,CUS-00526,FSI-00167,1,OPTIMISTIC,pool-4-thread-526,3863208781600,3866185538200,false,Hết hàng! Sản phẩm Flash Sale 'FSI-00167': yêu cầu 1; còn lại 0
TXN-OPTIMISTIC-00484,REQ-SIM-00484,-,CUS-00484,FSI-00167,1,OPTIMISTIC,pool-4-thread-484,3863208003800,3866185876100,false,Hết hàng! Sản phẩm Flash Sale 'FSI-00167': yêu cầu 1; còn lại 0
TXN-OPTIMISTIC-00215,REQ-SIM-00215,-,CUS-00215,FSI-00167,1,OPTIMISTIC,pool-4-thread-215,3863203385500,3866186218700,false,Hết hàng! Sản phẩm Flash Sale 'FSI-00167': yêu cầu 1; còn lại 0
TXN-OPTIMISTIC-00209,REQ-SIM-00209,-,CUS-00209,FSI-00167,1,OPTIMISTIC,pool-4-thread-209,3863203247900,3866186854300,false,Hết hàng! Sản phẩm Flash Sale 'FSI-00167': yêu cầu 1; còn lại 0
TXN-OPTIMISTIC-00514,REQ-SIM-00514,-,CUS-00514,FSI-00167,1,OPTIMISTIC,pool-4-thread-514,3863208612300,3866186973700,false,Hết hàng! Sản phẩm Flash Sale 'FSI-00167': yêu cầu 1; còn lại 0
TXN-OPTIMISTIC-00586,REQ-SIM-00586,-,CUS-00586,FSI-00167,1,OPTIMISTIC,pool-4-thread-586,3863209749100,3866187269100,false,Hết hàng! Sản phẩm Flash Sale 'FSI-00167': yêu cầu 1; còn lại 0
TXN-OPTIMISTIC-00443,REQ-SIM-00443,-,CUS-00443,FSI-00167,1,OPTIMISTIC,pool-4-thread-443,3863207423200,3866187638300,false,Hết hàng! Sản phẩm Flash Sale 'FSI-00167': yêu cầu 1; còn lại 0
TXN-OPTIMISTIC-00617,REQ-SIM-00617,-,CUS-00617,FSI-00167,1,OPTIMISTIC,pool-4-thread-617,3863210157700,3866187891900,false,Hết hàng! Sản phẩm Flash Sale 'FSI-00167': yêu cầu 1; còn lại 0
TXN-OPTIMISTIC-00267,REQ-SIM-00267,-,CUS-00267,FSI-00167,1,OPTIMISTIC,pool-4-thread-267,3863204324100,3866188538000,false,Hết hàng! Sản phẩm Flash Sale 'FSI-00167': yêu cầu 1; còn lại 0
TXN-OPTIMISTIC-00772,REQ-SIM-00772,-,CUS-00772,FSI-00167,1,OPTIMISTIC,pool-4-thread-772,3863212493900,3866188648000,false,Hết hàng! Sản phẩm Flash Sale 'FSI-00167': yêu cầu 1; còn lại 0
TXN-OPTIMISTIC-00501,REQ-SIM-00501,-,CUS-00501,FSI-00167,1,OPTIMISTIC,pool-4-thread-501,3863208420900,3866188991200,false,Hết hàng! Sản phẩm Flash Sale 'FSI-00167': yêu cầu 1; còn lại 0
TXN-OPTIMISTIC-00512,REQ-SIM-00512,-,CUS-00512,FSI-00167,1,OPTIMISTIC,pool-4-thread-512,3863208583500,3866189251900,false,Hết hàng! Sản phẩm Flash Sale 'FSI-00167': yêu cầu 1; còn lại 0
TXN-OPTIMISTIC-00144,REQ-SIM-00144,-,CUS-00144,FSI-00167,1,OPTIMISTIC,pool-4-thread-144,3863202071400,3866189835800,false,Hết hàng! Sản phẩm Flash Sale 'FSI-00167': yêu cầu 1; còn lại 0
TXN-OPTIMISTIC-00846,REQ-SIM-00846,-,CUS-00846,FSI-00167,1,OPTIMISTIC,pool-4-thread-846,3863213701800,3866190161800,false,Hết hàng! Sản phẩm Flash Sale 'FSI-00167': yêu cầu 1; còn lại 0
TXN-OPTIMISTIC-00670,REQ-SIM-00670,-,CUS-00670,FSI-00167,1,OPTIMISTIC,pool-4-thread-670,3863210947000,3866190356500,false,Hết hàng! Sản phẩm Flash Sale 'FSI-00167': yêu cầu 1; còn lại 0
TXN-OPTIMISTIC-00960,REQ-SIM-00960,-,CUS-00960,FSI-00167,1,OPTIMISTIC,pool-4-thread-960,3863215397400,3866190689300,false,Hết hàng! Sản phẩm Flash Sale 'FSI-00167': yêu cầu 1; còn lại 0
TXN-OPTIMISTIC-00688,REQ-SIM-00688,-,CUS-00688,FSI-00167,1,OPTIMISTIC,pool-4-thread-688,3863211293700,3866191161500,false,Hết hàng! Sản phẩm Flash Sale 'FSI-00167': yêu cầu 1; còn lại 0
TXN-OPTIMISTIC-00405,REQ-SIM-00405,-,CUS-00405,FSI-00167,1,OPTIMISTIC,pool-4-thread-405,3863206576100,3866191681900,false,Hết hàng! Sản phẩm Flash Sale 'FSI-00167': yêu cầu 1; còn lại 0
TXN-OPTIMISTIC-00954,REQ-SIM-00954,-,CUS-00954,FSI-00167,1,OPTIMISTIC,pool-4-thread-954,3863215306000,3866192048300,false,Hết hàng! Sản phẩm Flash Sale 'FSI-00167': yêu cầu 1; còn lại 0
TXN-OPTIMISTIC-00840,REQ-SIM-00840,-,CUS-00840,FSI-00167,1,OPTIMISTIC,pool-4-thread-840,3863213577200,3866192395900,false,Hết hàng! Sản phẩm Flash Sale 'FSI-00167': yêu cầu 1; còn lại 0
TXN-OPTIMISTIC-00641,REQ-SIM-00641,-,CUS-00641,FSI-00167,1,OPTIMISTIC,pool-4-thread-641,3863210495000,3866192930200,false,Hết hàng! Sản phẩm Flash Sale 'FSI-00167': yêu cầu 1; còn lại 0
TXN-OPTIMISTIC-00701,REQ-SIM-00701,-,CUS-00701,FSI-00167,1,OPTIMISTIC,pool-4-thread-701,3863211512700,3866193380400,false,Hết hàng! Sản phẩm Flash Sale 'FSI-00167': yêu cầu 1; còn lại 0
TXN-OPTIMISTIC-00410,REQ-SIM-00410,-,CUS-00410,FSI-00167,1,OPTIMISTIC,pool-4-thread-410,3863206815100,3866193684600,false,Hết hàng! Sản phẩm Flash Sale 'FSI-00167': yêu cầu 1; còn lại 0
TXN-OPTIMISTIC-00345,REQ-SIM-00345,-,CUS-00345,FSI-00167,1,OPTIMISTIC,pool-4-thread-345,3863205628100,3866194023000,false,Hết hàng! Sản phẩm Flash Sale 'FSI-00167': yêu cầu 1; còn lại 0
TXN-OPTIMISTIC-00588,REQ-SIM-00588,-,CUS-00588,FSI-00167,1,OPTIMISTIC,pool-4-thread-588,3863209768200,3866194576900,false,Hết hàng! Sản phẩm Flash Sale 'FSI-00167': yêu cầu 1; còn lại 0
TXN-OPTIMISTIC-00380,REQ-SIM-00380,-,CUS-00380,FSI-00167,1,OPTIMISTIC,pool-4-thread-380,3863206175400,3866194741100,false,Hết hàng! Sản phẩm Flash Sale 'FSI-00167': yêu cầu 1; còn lại 0
TXN-OPTIMISTIC-00561,REQ-SIM-00561,-,CUS-00561,FSI-00167,1,OPTIMISTIC,pool-4-thread-561,3863209363000,3866195340300,false,Hết hàng! Sản phẩm Flash Sale 'FSI-00167': yêu cầu 1; còn lại 0
TXN-OPTIMISTIC-00507,REQ-SIM-00507,-,CUS-00507,FSI-00167,1,OPTIMISTIC,pool-4-thread-507,3863208509600,3866195587200,false,Hết hàng! Sản phẩm Flash Sale 'FSI-00167': yêu cầu 1; còn lại 0
TXN-OPTIMISTIC-00997,REQ-SIM-00997,-,CUS-00997,FSI-00167,1,OPTIMISTIC,pool-4-thread-997,3863215998200,3866195940300,false,Hết hàng! Sản phẩm Flash Sale 'FSI-00167': yêu cầu 1; còn lại 0
TXN-OPTIMISTIC-00490,REQ-SIM-00490,-,CUS-00490,FSI-00167,1,OPTIMISTIC,pool-4-thread-490,3863208083900,3866196261800,false,Hết hàng! Sản phẩm Flash Sale 'FSI-00167': yêu cầu 1; còn lại 0
TXN-OPTIMISTIC-00967,REQ-SIM-00967,-,CUS-00967,FSI-00167,1,OPTIMISTIC,pool-4-thread-967,3863215521700,3866196546500,false,Hết hàng! Sản phẩm Flash Sale 'FSI-00167': yêu cầu 1; còn lại 0
TXN-OPTIMISTIC-00727,REQ-SIM-00727,-,CUS-00727,FSI-00167,1,OPTIMISTIC,pool-4-thread-727,3863211884300,3866196876700,false,Hết hàng! Sản phẩm Flash Sale 'FSI-00167': yêu cầu 1; còn lại 0
TXN-OPTIMISTIC-00553,REQ-SIM-00553,-,CUS-00553,FSI-00167,1,OPTIMISTIC,pool-4-thread-553,3863209167800,3866197129100,false,Hết hàng! Sản phẩm Flash Sale 'FSI-00167': yêu cầu 1; còn lại 0
TXN-OPTIMISTIC-00852,REQ-SIM-00852,-,CUS-00852,FSI-00167,1,OPTIMISTIC,pool-4-thread-852,3863213787200,3866197439400,false,Hết hàng! Sản phẩm Flash Sale 'FSI-00167': yêu cầu 1; còn lại 0
TXN-OPTIMISTIC-00841,REQ-SIM-00841,-,CUS-00841,FSI-00167,1,OPTIMISTIC,pool-4-thread-841,3863213590300,3866197736400,false,Hết hàng! Sản phẩm Flash Sale 'FSI-00167': yêu cầu 1; còn lại 0
TXN-OPTIMISTIC-00377,REQ-SIM-00377,-,CUS-00377,FSI-00167,1,OPTIMISTIC,pool-4-thread-377,3863206125000,3866198097800,false,Hết hàng! Sản phẩm Flash Sale 'FSI-00167': yêu cầu 1; còn lại 0
TXN-OPTIMISTIC-00745,REQ-SIM-00745,-,CUS-00745,FSI-00167,1,OPTIMISTIC,pool-4-thread-745,3863212122300,3866198369900,false,Hết hàng! Sản phẩm Flash Sale 'FSI-00167': yêu cầu 1; còn lại 0
TXN-OPTIMISTIC-00428,REQ-SIM-00428,-,CUS-00428,FSI-00167,1,OPTIMISTIC,pool-4-thread-428,3863207173700,3866198671400,false,Hết hàng! Sản phẩm Flash Sale 'FSI-00167': yêu cầu 1; còn lại 0
TXN-OPTIMISTIC-00651,REQ-SIM-00651,-,CUS-00651,FSI-00167,1,OPTIMISTIC,pool-4-thread-651,3863210643000,3866198926300,false,Hết hàng! Sản phẩm Flash Sale 'FSI-00167': yêu cầu 1; còn lại 0
TXN-OPTIMISTIC-00389,REQ-SIM-00389,-,CUS-00389,FSI-00167,1,OPTIMISTIC,pool-4-thread-389,3863206332900,3866199296800,false,Hết hàng! Sản phẩm Flash Sale 'FSI-00167': yêu cầu 1; còn lại 0
TXN-OPTIMISTIC-00768,REQ-SIM-00768,-,CUS-00768,FSI-00167,1,OPTIMISTIC,pool-4-thread-768,3863212429900,3866199526900,false,Hết hàng! Sản phẩm Flash Sale 'FSI-00167': yêu cầu 1; còn lại 0
TXN-OPTIMISTIC-00412,REQ-SIM-00412,-,CUS-00412,FSI-00167,1,OPTIMISTIC,pool-4-thread-412,3863206900700,3866200004600,false,Hết hàng! Sản phẩm Flash Sale 'FSI-00167': yêu cầu 1; còn lại 0
TXN-OPTIMISTIC-00395,REQ-SIM-00395,-,CUS-00395,FSI-00167,1,OPTIMISTIC,pool-4-thread-395,3863206433000,3866200333900,false,Hết hàng! Sản phẩm Flash Sale 'FSI-00167': yêu cầu 1; còn lại 0
TXN-OPTIMISTIC-00539,REQ-SIM-00539,-,CUS-00539,FSI-00167,1,OPTIMISTIC,pool-4-thread-539,3863208971700,3866200554300,false,Hết hàng! Sản phẩm Flash Sale 'FSI-00167': yêu cầu 1; còn lại 0
TXN-OPTIMISTIC-00214,REQ-SIM-00214,-,CUS-00214,FSI-00167,1,OPTIMISTIC,pool-4-thread-214,3863203373300,3866200888800,false,Hết hàng! Sản phẩm Flash Sale 'FSI-00167': yêu cầu 1; còn lại 0
TXN-OPTIMISTIC-00697,REQ-SIM-00697,-,CUS-00697,FSI-00167,1,OPTIMISTIC,pool-4-thread-697,3863211452400,3866201157900,false,Hết hàng! Sản phẩm Flash Sale 'FSI-00167': yêu cầu 1; còn lại 0
TXN-OPTIMISTIC-00418,REQ-SIM-00418,-,CUS-00418,FSI-00167,1,OPTIMISTIC,pool-4-thread-418,3863207027300,3866201598400,false,Hết hàng! Sản phẩm Flash Sale 'FSI-00167': yêu cầu 1; còn lại 0
TXN-OPTIMISTIC-00431,REQ-SIM-00431,-,CUS-00431,FSI-00167,1,OPTIMISTIC,pool-4-thread-431,3863207224800,3866201905400,false,Hết hàng! Sản phẩm Flash Sale 'FSI-00167': yêu cầu 1; còn lại 0
TXN-OPTIMISTIC-00025,REQ-SIM-00025,-,CUS-00025,FSI-00167,1,OPTIMISTIC,pool-4-thread-25,3863200355400,3866202315500,false,Hết hàng! Sản phẩm Flash Sale 'FSI-00167': yêu cầu 1; còn lại 0
TXN-OPTIMISTIC-00031,REQ-SIM-00031,-,CUS-00031,FSI-00167,1,OPTIMISTIC,pool-4-thread-31,3863200401900,3866202666600,false,Hết hàng! Sản phẩm Flash Sale 'FSI-00167': yêu cầu 1; còn lại 0
TXN-OPTIMISTIC-00638,REQ-SIM-00638,-,CUS-00638,FSI-00167,1,OPTIMISTIC,pool-4-thread-638,3863210457900,3866202883400,false,Hết hàng! Sản phẩm Flash Sale 'FSI-00167': yêu cầu 1; còn lại 0
TXN-OPTIMISTIC-00502,REQ-SIM-00502,-,CUS-00502,FSI-00167,1,OPTIMISTIC,pool-4-thread-502,3863208433700,3866203300600,false,Hết hàng! Sản phẩm Flash Sale 'FSI-00167': yêu cầu 1; còn lại 0
TXN-OPTIMISTIC-00648,REQ-SIM-00648,-,CUS-00648,FSI-00167,1,OPTIMISTIC,pool-4-thread-648,3863210609000,3866203590600,false,Hết hàng! Sản phẩm Flash Sale 'FSI-00167': yêu cầu 1; còn lại 0
TXN-OPTIMISTIC-00362,REQ-SIM-00362,-,CUS-00362,FSI-00167,1,OPTIMISTIC,pool-4-thread-362,3863205889100,3866203929700,false,Hết hàng! Sản phẩm Flash Sale 'FSI-00167': yêu cầu 1; còn lại 0
TXN-OPTIMISTIC-00250,REQ-SIM-00250,-,CUS-00250,FSI-00167,1,OPTIMISTIC,pool-4-thread-250,3863203981100,3866204202900,false,Hết hàng! Sản phẩm Flash Sale 'FSI-00167': yêu cầu 1; còn lại 0
TXN-OPTIMISTIC-00090,REQ-SIM-00090,-,CUS-00090,FSI-00167,1,OPTIMISTIC,pool-4-thread-90,3863201217400,3866204586300,false,Hết hàng! Sản phẩm Flash Sale 'FSI-00167': yêu cầu 1; còn lại 0
TXN-OPTIMISTIC-00255,REQ-SIM-00255,-,CUS-00255,FSI-00167,1,OPTIMISTIC,pool-4-thread-255,3863204074700,3866204941200,false,Hết hàng! Sản phẩm Flash Sale 'FSI-00167': yêu cầu 1; còn lại 0
TXN-OPTIMISTIC-00030,REQ-SIM-00030,-,CUS-00030,FSI-00167,1,OPTIMISTIC,pool-4-thread-30,3863200380000,3866205210400,false,Hết hàng! Sản phẩm Flash Sale 'FSI-00167': yêu cầu 1; còn lại 0
TXN-OPTIMISTIC-00574,REQ-SIM-00574,-,CUS-00574,FSI-00167,1,OPTIMISTIC,pool-4-thread-574,3863209590200,3866205490000,false,Hết hàng! Sản phẩm Flash Sale 'FSI-00167': yêu cầu 1; còn lại 0
TXN-OPTIMISTIC-00160,REQ-SIM-00160,-,CUS-00160,FSI-00167,1,OPTIMISTIC,pool-4-thread-160,3863202355900,3866205801200,false,Hết hàng! Sản phẩm Flash Sale 'FSI-00167': yêu cầu 1; còn lại 0
TXN-OPTIMISTIC-00611,REQ-SIM-00611,-,CUS-00611,FSI-00167,1,OPTIMISTIC,pool-4-thread-611,3863210052500,3866206094700,false,Hết hàng! Sản phẩm Flash Sale 'FSI-00167': yêu cầu 1; còn lại 0
TXN-OPTIMISTIC-00901,REQ-SIM-00901,-,CUS-00901,FSI-00167,1,OPTIMISTIC,pool-4-thread-901,3863214463600,3866206447900,false,Hết hàng! Sản phẩm Flash Sale 'FSI-00167': yêu cầu 1; còn lại 0
TXN-OPTIMISTIC-00455,REQ-SIM-00455,-,CUS-00455,FSI-00167,1,OPTIMISTIC,pool-4-thread-455,3863207590000,3866206644900,false,Hết hàng! Sản phẩm Flash Sale 'FSI-00167': yêu cầu 1; còn lại 0
TXN-OPTIMISTIC-00831,REQ-SIM-00831,-,CUS-00831,FSI-00167,1,OPTIMISTIC,pool-4-thread-831,3863213421800,3866207321400,false,Hết hàng! Sản phẩm Flash Sale 'FSI-00167': yêu cầu 1; còn lại 0
TXN-OPTIMISTIC-00704,REQ-SIM-00704,-,CUS-00704,FSI-00167,1,OPTIMISTIC,pool-4-thread-704,3863211568500,3866207765600,false,Hết hàng! Sản phẩm Flash Sale 'FSI-00167': yêu cầu 1; còn lại 0
TXN-OPTIMISTIC-00817,REQ-SIM-00817,-,CUS-00817,FSI-00167,1,OPTIMISTIC,pool-4-thread-817,3863213127200,3866207873800,false,Hết hàng! Sản phẩm Flash Sale 'FSI-00167': yêu cầu 1; còn lại 0
TXN-OPTIMISTIC-00828,REQ-SIM-00828,-,CUS-00828,FSI-00167,1,OPTIMISTIC,pool-4-thread-828,3863213377900,3866208161200,false,Hết hàng! Sản phẩm Flash Sale 'FSI-00167': yêu cầu 1; còn lại 0
TXN-OPTIMISTIC-00077,REQ-SIM-00077,-,CUS-00077,FSI-00167,1,OPTIMISTIC,pool-4-thread-77,3863201011800,3866208761600,false,Hết hàng! Sản phẩm Flash Sale 'FSI-00167': yêu cầu 1; còn lại 0
TXN-OPTIMISTIC-00097,REQ-SIM-00097,-,CUS-00097,FSI-00167,1,OPTIMISTIC,pool-4-thread-97,3863201318500,3866208916600,false,Hết hàng! Sản phẩm Flash Sale 'FSI-00167': yêu cầu 1; còn lại 0
TXN-OPTIMISTIC-00594,REQ-SIM-00594,-,CUS-00594,FSI-00167,1,OPTIMISTIC,pool-4-thread-594,3863209850700,3866209346900,false,Hết hàng! Sản phẩm Flash Sale 'FSI-00167': yêu cầu 1; còn lại 0
TXN-OPTIMISTIC-00593,REQ-SIM-00593,-,CUS-00593,FSI-00167,1,OPTIMISTIC,pool-4-thread-593,3863209840100,3866209761700,false,Hết hàng! Sản phẩm Flash Sale 'FSI-00167': yêu cầu 1; còn lại 0
TXN-OPTIMISTIC-00154,REQ-SIM-00154,-,CUS-00154,FSI-00167,1,OPTIMISTIC,pool-4-thread-154,3863202253300,3866210108900,false,Hết hàng! Sản phẩm Flash Sale 'FSI-00167': yêu cầu 1; còn lại 0
TXN-OPTIMISTIC-00528,REQ-SIM-00528,-,CUS-00528,FSI-00167,1,OPTIMISTIC,pool-4-thread-528,3863208808500,3866210415200,false,Hết hàng! Sản phẩm Flash Sale 'FSI-00167': yêu cầu 1; còn lại 0
TXN-OPTIMISTIC-00184,REQ-SIM-00184,-,CUS-00184,FSI-00167,1,OPTIMISTIC,pool-4-thread-184,3863202847800,3866210975200,false,Hết hàng! Sản phẩm Flash Sale 'FSI-00167': yêu cầu 1; còn lại 0
TXN-OPTIMISTIC-00924,REQ-SIM-00924,-,CUS-00924,FSI-00167,1,OPTIMISTIC,pool-4-thread-924,3863214894900,3866211229800,false,Hết hàng! Sản phẩm Flash Sale 'FSI-00167': yêu cầu 1; còn lại 0
TXN-OPTIMISTIC-00076,REQ-SIM-00076,-,CUS-00076,FSI-00167,1,OPTIMISTIC,pool-4-thread-76,3863200999300,3866211606800,false,Hết hàng! Sản phẩm Flash Sale 'FSI-00167': yêu cầu 1; còn lại 0
TXN-OPTIMISTIC-00130,REQ-SIM-00130,-,CUS-00130,FSI-00167,1,OPTIMISTIC,pool-4-thread-130,3863201822100,3866211872600,false,Hết hàng! Sản phẩm Flash Sale 'FSI-00167': yêu cầu 1; còn lại 0
TXN-OPTIMISTIC-00847,REQ-SIM-00847,-,CUS-00847,FSI-00167,1,OPTIMISTIC,pool-4-thread-847,3863213717900,3866212265800,false,Hết hàng! Sản phẩm Flash Sale 'FSI-00167': yêu cầu 1; còn lại 0
TXN-OPTIMISTIC-00125,REQ-SIM-00125,-,CUS-00125,FSI-00167,1,OPTIMISTIC,pool-4-thread-125,3863201739500,3866212619000,false,Hết hàng! Sản phẩm Flash Sale 'FSI-00167': yêu cầu 1; còn lại 0
TXN-OPTIMISTIC-00907,REQ-SIM-00907,-,CUS-00907,FSI-00167,1,OPTIMISTIC,pool-4-thread-907,3863214558900,3866212893700,false,Hết hàng! Sản phẩm Flash Sale 'FSI-00167': yêu cầu 1; còn lại 0
TXN-OPTIMISTIC-00119,REQ-SIM-00119,-,CUS-00119,FSI-00167,1,OPTIMISTIC,pool-4-thread-119,3863201635800,3866213421000,false,Hết hàng! Sản phẩm Flash Sale 'FSI-00167': yêu cầu 1; còn lại 0
TXN-OPTIMISTIC-00830,REQ-SIM-00830,-,CUS-00830,FSI-00167,1,OPTIMISTIC,pool-4-thread-830,3863213408600,3866213668500,false,Hết hàng! Sản phẩm Flash Sale 'FSI-00167': yêu cầu 1; còn lại 0
TXN-OPTIMISTIC-00969,REQ-SIM-00969,-,CUS-00969,FSI-00167,1,OPTIMISTIC,pool-4-thread-969,3863215571600,3866214012400,false,Hết hàng! Sản phẩm Flash Sale 'FSI-00167': yêu cầu 1; còn lại 0
TXN-OPTIMISTIC-00957,REQ-SIM-00957,-,CUS-00957,FSI-00167,1,OPTIMISTIC,pool-4-thread-957,3863215351300,3866214340600,false,Hết hàng! Sản phẩm Flash Sale 'FSI-00167': yêu cầu 1; còn lại 0
TXN-OPTIMISTIC-00883,REQ-SIM-00883,-,CUS-00883,FSI-00167,1,OPTIMISTIC,pool-4-thread-883,3863214236200,3866214646000,false,Hết hàng! Sản phẩm Flash Sale 'FSI-00167': yêu cầu 1; còn lại 0
TXN-OPTIMISTIC-00185,REQ-SIM-00185,-,CUS-00185,FSI-00167,1,OPTIMISTIC,pool-4-thread-185,3863202918800,3866214921300,false,Hết hàng! Sản phẩm Flash Sale 'FSI-00167': yêu cầu 1; còn lại 0
TXN-OPTIMISTIC-00795,REQ-SIM-00795,-,CUS-00795,FSI-00167,1,OPTIMISTIC,pool-4-thread-795,3863212820100,3866215214300,false,Hết hàng! Sản phẩm Flash Sale 'FSI-00167': yêu cầu 1; còn lại 0
TXN-OPTIMISTIC-00936,REQ-SIM-00936,-,CUS-00936,FSI-00167,1,OPTIMISTIC,pool-4-thread-936,3863215066400,3866215447000,false,Hết hàng! Sản phẩm Flash Sale 'FSI-00167': yêu cầu 1; còn lại 0
TXN-OPTIMISTIC-00914,REQ-SIM-00914,-,CUS-00914,FSI-00167,1,OPTIMISTIC,pool-4-thread-914,3863214670300,3866215699900,false,Hết hàng! Sản phẩm Flash Sale 'FSI-00167': yêu cầu 1; còn lại 0
TXN-OPTIMISTIC-00958,REQ-SIM-00958,-,CUS-00958,FSI-00167,1,OPTIMISTIC,pool-4-thread-958,3863215365700,3866216001200,false,Hết hàng! Sản phẩm Flash Sale 'FSI-00167': yêu cầu 1; còn lại 0
TXN-OPTIMISTIC-00604,REQ-SIM-00604,-,CUS-00604,FSI-00167,1,OPTIMISTIC,pool-4-thread-604,3863209973900,3866216313500,false,Hết hàng! Sản phẩm Flash Sale 'FSI-00167': yêu cầu 1; còn lại 0
TXN-OPTIMISTIC-00776,REQ-SIM-00776,-,CUS-00776,FSI-00167,1,OPTIMISTIC,pool-4-thread-776,3863212546800,3866216631800,false,Hết hàng! Sản phẩm Flash Sale 'FSI-00167': yêu cầu 1; còn lại 0
TXN-OPTIMISTIC-00951,REQ-SIM-00951,-,CUS-00951,FSI-00167,1,OPTIMISTIC,pool-4-thread-951,3863215273400,3866216931700,false,Hết hàng! Sản phẩm Flash Sale 'FSI-00167': yêu cầu 1; còn lại 0
TXN-OPTIMISTIC-00930,REQ-SIM-00930,-,CUS-00930,FSI-00167,1,OPTIMISTIC,pool-4-thread-930,3863214985700,3866217211500,false,Hết hàng! Sản phẩm Flash Sale 'FSI-00167': yêu cầu 1; còn lại 0
TXN-OPTIMISTIC-00472,REQ-SIM-00472,-,CUS-00472,FSI-00167,1,OPTIMISTIC,pool-4-thread-472,3863207835700,3866217525100,false,Hết hàng! Sản phẩm Flash Sale 'FSI-00167': yêu cầu 1; còn lại 0
TXN-OPTIMISTIC-00955,REQ-SIM-00955,-,CUS-00955,FSI-00167,1,OPTIMISTIC,pool-4-thread-955,3863215319400,3866217818100,false,Hết hàng! Sản phẩm Flash Sale 'FSI-00167': yêu cầu 1; còn lại 0
TXN-OPTIMISTIC-00263,REQ-SIM-00263,-,CUS-00263,FSI-00167,1,OPTIMISTIC,pool-4-thread-263,3863204234000,3866218153100,false,Hết hàng! Sản phẩm Flash Sale 'FSI-00167': yêu cầu 1; còn lại 0
TXN-OPTIMISTIC-00334,REQ-SIM-00334,-,CUS-00334,FSI-00167,1,OPTIMISTIC,pool-4-thread-334,3863205471700,3866218442800,false,Hết hàng! Sản phẩm Flash Sale 'FSI-00167': yêu cầu 1; còn lại 0
TXN-OPTIMISTIC-00456,REQ-SIM-00456,-,CUS-00456,FSI-00167,1,OPTIMISTIC,pool-4-thread-456,3863207603200,3866218757200,false,Hết hàng! Sản phẩm Flash Sale 'FSI-00167': yêu cầu 1; còn lại 0
TXN-OPTIMISTIC-00108,REQ-SIM-00108,-,CUS-00108,FSI-00167,1,OPTIMISTIC,pool-4-thread-108,3863201465700,3866219060300,false,Hết hàng! Sản phẩm Flash Sale 'FSI-00167': yêu cầu 1; còn lại 0
TXN-OPTIMISTIC-00757,REQ-SIM-00757,-,CUS-00757,FSI-00167,1,OPTIMISTIC,pool-4-thread-757,3863212277100,3866219337900,false,Hết hàng! Sản phẩm Flash Sale 'FSI-00167': yêu cầu 1; còn lại 0
TXN-OPTIMISTIC-00738,REQ-SIM-00738,-,CUS-00738,FSI-00167,1,OPTIMISTIC,pool-4-thread-738,3863212024900,3866219665300,false,Hết hàng! Sản phẩm Flash Sale 'FSI-00167': yêu cầu 1; còn lại 0
TXN-OPTIMISTIC-00691,REQ-SIM-00691,-,CUS-00691,FSI-00167,1,OPTIMISTIC,pool-4-thread-691,3863211330400,3866219942400,false,Hết hàng! Sản phẩm Flash Sale 'FSI-00167': yêu cầu 1; còn lại 0
TXN-OPTIMISTIC-00486,REQ-SIM-00486,-,CUS-00486,FSI-00167,1,OPTIMISTIC,pool-4-thread-486,3863208026100,3866220213800,false,Hết hàng! Sản phẩm Flash Sale 'FSI-00167': yêu cầu 1; còn lại 0
TXN-OPTIMISTIC-00385,REQ-SIM-00385,-,CUS-00385,FSI-00167,1,OPTIMISTIC,pool-4-thread-385,3863206259600,3866220548000,false,Hết hàng! Sản phẩm Flash Sale 'FSI-00167': yêu cầu 1; còn lại 0
TXN-OPTIMISTIC-00370,REQ-SIM-00370,-,CUS-00370,FSI-00167,1,OPTIMISTIC,pool-4-thread-370,3863206027700,3866220828600,false,Hết hàng! Sản phẩm Flash Sale 'FSI-00167': yêu cầu 1; còn lại 0
TXN-OPTIMISTIC-00495,REQ-SIM-00495,-,CUS-00495,FSI-00167,1,OPTIMISTIC,pool-4-thread-495,3863208313000,3866221144200,false,Hết hàng! Sản phẩm Flash Sale 'FSI-00167': yêu cầu 1; còn lại 0
TXN-OPTIMISTIC-00763,REQ-SIM-00763,-,CUS-00763,FSI-00167,1,OPTIMISTIC,pool-4-thread-763,3863212358300,3866221407400,false,Hết hàng! Sản phẩm Flash Sale 'FSI-00167': yêu cầu 1; còn lại 0
TXN-OPTIMISTIC-00998,REQ-SIM-00998,-,CUS-00998,FSI-00167,1,OPTIMISTIC,pool-4-thread-998,3863216013000,3866221730800,false,Hết hàng! Sản phẩm Flash Sale 'FSI-00167': yêu cầu 1; còn lại 0
TXN-OPTIMISTIC-00251,REQ-SIM-00251,-,CUS-00251,FSI-00167,1,OPTIMISTIC,pool-4-thread-251,3863203994700,3866222102200,false,Hết hàng! Sản phẩm Flash Sale 'FSI-00167': yêu cầu 1; còn lại 0
TXN-OPTIMISTIC-00900,REQ-SIM-00900,-,CUS-00900,FSI-00167,1,OPTIMISTIC,pool-4-thread-900,3863214453700,3866222488100,false,Hết hàng! Sản phẩm Flash Sale 'FSI-00167': yêu cầu 1; còn lại 0
TXN-OPTIMISTIC-00233,REQ-SIM-00233,-,CUS-00233,FSI-00167,1,OPTIMISTIC,pool-4-thread-233,3863203684800,3866222818900,false,Hết hàng! Sản phẩm Flash Sale 'FSI-00167': yêu cầu 1; còn lại 0
TXN-OPTIMISTIC-00993,REQ-SIM-00993,-,CUS-00993,FSI-00167,1,OPTIMISTIC,pool-4-thread-993,3863215948300,3866223159500,false,Hết hàng! Sản phẩm Flash Sale 'FSI-00167': yêu cầu 1; còn lại 0
TXN-OPTIMISTIC-00620,REQ-SIM-00620,-,CUS-00620,FSI-00167,1,OPTIMISTIC,pool-4-thread-620,3863210198500,3866223573200,false,Hết hàng! Sản phẩm Flash Sale 'FSI-00167': yêu cầu 1; còn lại 0
TXN-OPTIMISTIC-00483,REQ-SIM-00483,-,CUS-00483,FSI-00167,1,OPTIMISTIC,pool-4-thread-483,3863207989600,3866223856500,false,Hết hàng! Sản phẩm Flash Sale 'FSI-00167': yêu cầu 1; còn lại 0
TXN-OPTIMISTIC-00290,REQ-SIM-00290,-,CUS-00290,FSI-00167,1,OPTIMISTIC,pool-4-thread-290,3863204752600,3866224136600,false,Hết hàng! Sản phẩm Flash Sale 'FSI-00167': yêu cầu 1; còn lại 0
TXN-OPTIMISTIC-00491,REQ-SIM-00491,-,CUS-00491,FSI-00167,1,OPTIMISTIC,pool-4-thread-491,3863208101500,3866224397500,false,Hết hàng! Sản phẩm Flash Sale 'FSI-00167': yêu cầu 1; còn lại 0
TXN-OPTIMISTIC-00489,REQ-SIM-00489,-,CUS-00489,FSI-00167,1,OPTIMISTIC,pool-4-thread-489,3863208069500,3866224717300,false,Hết hàng! Sản phẩm Flash Sale 'FSI-00167': yêu cầu 1; còn lại 0
TXN-OPTIMISTIC-00705,REQ-SIM-00705,-,CUS-00705,FSI-00167,1,OPTIMISTIC,pool-4-thread-705,3863211547900,3866225012700,false,Hết hàng! Sản phẩm Flash Sale 'FSI-00167': yêu cầu 1; còn lại 0
TXN-OPTIMISTIC-00584,REQ-SIM-00584,-,CUS-00584,FSI-00167,1,OPTIMISTIC,pool-4-thread-584,3863209717000,3866225300000,false,Hết hàng! Sản phẩm Flash Sale 'FSI-00167': yêu cầu 1; còn lại 0
TXN-OPTIMISTIC-00371,REQ-SIM-00371,-,CUS-00371,FSI-00167,1,OPTIMISTIC,pool-4-thread-371,3863206039700,3866225598400,false,Hết hàng! Sản phẩm Flash Sale 'FSI-00167': yêu cầu 1; còn lại 0
TXN-OPTIMISTIC-00759,REQ-SIM-00759,-,CUS-00759,FSI-00167,1,OPTIMISTIC,pool-4-thread-759,3863212303900,3866225911100,false,Hết hàng! Sản phẩm Flash Sale 'FSI-00167': yêu cầu 1; còn lại 0
TXN-OPTIMISTIC-00417,REQ-SIM-00417,-,CUS-00417,FSI-00167,1,OPTIMISTIC,pool-4-thread-417,3863207008000,3866226196100,false,Hết hàng! Sản phẩm Flash Sale 'FSI-00167': yêu cầu 1; còn lại 0
TXN-OPTIMISTIC-00157,REQ-SIM-00157,-,CUS-00157,FSI-00167,1,OPTIMISTIC,pool-4-thread-157,3863202314900,3866226501800,false,Hết hàng! Sản phẩm Flash Sale 'FSI-00167': yêu cầu 1; còn lại 0
TXN-OPTIMISTIC-00448,REQ-SIM-00448,-,CUS-00448,FSI-00167,1,OPTIMISTIC,pool-4-thread-448,3863207488700,3866226776300,false,Hết hàng! Sản phẩm Flash Sale 'FSI-00167': yêu cầu 1; còn lại 0
TXN-OPTIMISTIC-00912,REQ-SIM-00912,-,CUS-00912,FSI-00167,1,OPTIMISTIC,pool-4-thread-912,3863214638400,3866227073600,false,Hết hàng! Sản phẩm Flash Sale 'FSI-00167': yêu cầu 1; còn lại 0
TXN-OPTIMISTIC-00894,REQ-SIM-00894,-,CUS-00894,FSI-00167,1,OPTIMISTIC,pool-4-thread-894,3863214375300,3866227374500,false,Hết hàng! Sản phẩm Flash Sale 'FSI-00167': yêu cầu 1; còn lại 0
TXN-OPTIMISTIC-00404,REQ-SIM-00404,-,CUS-00404,FSI-00167,1,OPTIMISTIC,pool-4-thread-404,3863206562800,3866227718900,false,Hết hàng! Sản phẩm Flash Sale 'FSI-00167': yêu cầu 1; còn lại 0
TXN-OPTIMISTIC-00353,REQ-SIM-00353,-,CUS-00353,FSI-00167,1,OPTIMISTIC,pool-4-thread-353,3863205737800,3866227994000,false,Hết hàng! Sản phẩm Flash Sale 'FSI-00167': yêu cầu 1; còn lại 0
TXN-OPTIMISTIC-00376,REQ-SIM-00376,-,CUS-00376,FSI-00167,1,OPTIMISTIC,pool-4-thread-376,3863206114400,3866228309100,false,Hết hàng! Sản phẩm Flash Sale 'FSI-00167': yêu cầu 1; còn lại 0
TXN-OPTIMISTIC-00478,REQ-SIM-00478,-,CUS-00478,FSI-00167,1,OPTIMISTIC,pool-4-thread-478,3863207916900,3866228567500,false,Hết hàng! Sản phẩm Flash Sale 'FSI-00167': yêu cầu 1; còn lại 0
TXN-OPTIMISTIC-00444,REQ-SIM-00444,-,CUS-00444,FSI-00167,1,OPTIMISTIC,pool-4-thread-444,3863207434600,3866228846400,false,Hết hàng! Sản phẩm Flash Sale 'FSI-00167': yêu cầu 1; còn lại 0
TXN-OPTIMISTIC-00916,REQ-SIM-00916,-,CUS-00916,FSI-00167,1,OPTIMISTIC,pool-4-thread-916,3863214698500,3866229151300,false,Hết hàng! Sản phẩm Flash Sale 'FSI-00167': yêu cầu 1; còn lại 0
TXN-OPTIMISTIC-00741,REQ-SIM-00741,-,CUS-00741,FSI-00167,1,OPTIMISTIC,pool-4-thread-741,3863212068700,3866229448100,false,Hết hàng! Sản phẩm Flash Sale 'FSI-00167': yêu cầu 1; còn lại 0
TXN-OPTIMISTIC-00310,REQ-SIM-00310,-,CUS-00310,FSI-00167,1,OPTIMISTIC,pool-4-thread-310,3863205092700,3866229780600,false,Hết hàng! Sản phẩm Flash Sale 'FSI-00167': yêu cầu 1; còn lại 0
TXN-OPTIMISTIC-00394,REQ-SIM-00394,-,CUS-00394,FSI-00167,1,OPTIMISTIC,pool-4-thread-394,3863206421700,3866230091600,false,Hết hàng! Sản phẩm Flash Sale 'FSI-00167': yêu cầu 1; còn lại 0
TXN-OPTIMISTIC-00322,REQ-SIM-00322,-,CUS-00322,FSI-00167,1,OPTIMISTIC,pool-4-thread-322,3863205264500,3866230360600,false,Hết hàng! Sản phẩm Flash Sale 'FSI-00167': yêu cầu 1; còn lại 0
TXN-OPTIMISTIC-00242,REQ-SIM-00242,-,CUS-00242,FSI-00167,1,OPTIMISTIC,pool-4-thread-242,3863203795400,3866230688400,false,Hết hàng! Sản phẩm Flash Sale 'FSI-00167': yêu cầu 1; còn lại 0
TXN-OPTIMISTIC-00248,REQ-SIM-00248,-,CUS-00248,FSI-00167,1,OPTIMISTIC,pool-4-thread-248,3863203931600,3866231013700,false,Hết hàng! Sản phẩm Flash Sale 'FSI-00167': yêu cầu 1; còn lại 0
TXN-OPTIMISTIC-00257,REQ-SIM-00257,-,CUS-00257,FSI-00167,1,OPTIMISTIC,pool-4-thread-257,3863204103000,3866231304300,false,Hết hàng! Sản phẩm Flash Sale 'FSI-00167': yêu cầu 1; còn lại 0
TXN-OPTIMISTIC-00258,REQ-SIM-00258,-,CUS-00258,FSI-00167,1,OPTIMISTIC,pool-4-thread-258,3863204116700,3866231638800,false,Hết hàng! Sản phẩm Flash Sale 'FSI-00167': yêu cầu 1; còn lại 0
TXN-OPTIMISTIC-00315,REQ-SIM-00315,-,CUS-00315,FSI-00167,1,OPTIMISTIC,pool-4-thread-315,3863205145700,3866231896900,false,Hết hàng! Sản phẩm Flash Sale 'FSI-00167': yêu cầu 1; còn lại 0
TXN-OPTIMISTIC-00690,REQ-SIM-00690,-,CUS-00690,FSI-00167,1,OPTIMISTIC,pool-4-thread-690,3863211319600,3866232166900,false,Hết hàng! Sản phẩm Flash Sale 'FSI-00167': yêu cầu 1; còn lại 0
TXN-OPTIMISTIC-00132,REQ-SIM-00132,-,CUS-00132,FSI-00167,1,OPTIMISTIC,pool-4-thread-132,3863201850000,3866232471900,false,Hết hàng! Sản phẩm Flash Sale 'FSI-00167': yêu cầu 1; còn lại 0
TXN-OPTIMISTIC-00779,REQ-SIM-00779,-,CUS-00779,FSI-00167,1,OPTIMISTIC,pool-4-thread-779,3863212600400,3866232795200,false,Hết hàng! Sản phẩm Flash Sale 'FSI-00167': yêu cầu 1; còn lại 0
TXN-OPTIMISTIC-00859,REQ-SIM-00859,-,CUS-00859,FSI-00167,1,OPTIMISTIC,pool-4-thread-859,3863213874200,3866233062000,false,Hết hàng! Sản phẩm Flash Sale 'FSI-00167': yêu cầu 1; còn lại 0
TXN-OPTIMISTIC-00493,REQ-SIM-00493,-,CUS-00493,FSI-00167,1,OPTIMISTIC,pool-4-thread-493,3863208127600,3866233467500,false,Hết hàng! Sản phẩm Flash Sale 'FSI-00167': yêu cầu 1; còn lại 0
TXN-OPTIMISTIC-00143,REQ-SIM-00143,-,CUS-00143,FSI-00167,1,OPTIMISTIC,pool-4-thread-143,3863202058900,3866233801400,false,Hết hàng! Sản phẩm Flash Sale 'FSI-00167': yêu cầu 1; còn lại 0
TXN-OPTIMISTIC-00445,REQ-SIM-00445,-,CUS-00445,FSI-00167,1,OPTIMISTIC,pool-4-thread-445,3863207447200,3866234068000,false,Hết hàng! Sản phẩm Flash Sale 'FSI-00167': yêu cầu 1; còn lại 0
TXN-OPTIMISTIC-00218,REQ-SIM-00218,-,CUS-00218,FSI-00167,1,OPTIMISTIC,pool-4-thread-218,3863203425800,3866234382500,false,Hết hàng! Sản phẩm Flash Sale 'FSI-00167': yêu cầu 1; còn lại 0
TXN-OPTIMISTIC-00661,REQ-SIM-00661,-,CUS-00661,FSI-00167,1,OPTIMISTIC,pool-4-thread-661,3863210776200,3866234684100,false,Hết hàng! Sản phẩm Flash Sale 'FSI-00167': yêu cầu 1; còn lại 0
TXN-OPTIMISTIC-00082,REQ-SIM-00082,-,CUS-00082,FSI-00167,1,OPTIMISTIC,pool-4-thread-82,3863201079200,3866235000000,false,Hết hàng! Sản phẩm Flash Sale 'FSI-00167': yêu cầu 1; còn lại 0
TXN-OPTIMISTIC-00591,REQ-SIM-00591,-,CUS-00591,FSI-00167,1,OPTIMISTIC,pool-4-thread-591,3863209815100,3866235323400,false,Hết hàng! Sản phẩm Flash Sale 'FSI-00167': yêu cầu 1; còn lại 0
TXN-OPTIMISTIC-00835,REQ-SIM-00835,-,CUS-00835,FSI-00167,1,OPTIMISTIC,pool-4-thread-835,3863213478900,3866235625200,false,Hết hàng! Sản phẩm Flash Sale 'FSI-00167': yêu cầu 1; còn lại 0
TXN-OPTIMISTIC-00384,REQ-SIM-00384,-,CUS-00384,FSI-00167,1,OPTIMISTIC,pool-4-thread-384,3863206244300,3866235943800,false,Hết hàng! Sản phẩm Flash Sale 'FSI-00167': yêu cầu 1; còn lại 0
TXN-OPTIMISTIC-00142,REQ-SIM-00142,-,CUS-00142,FSI-00167,1,OPTIMISTIC,pool-4-thread-142,3863201899700,3866236270000,false,Hết hàng! Sản phẩm Flash Sale 'FSI-00167': yêu cầu 1; còn lại 0
TXN-OPTIMISTIC-00623,REQ-SIM-00623,-,CUS-00623,FSI-00167,1,OPTIMISTIC,pool-4-thread-623,3863210240800,3866236860700,false,Hết hàng! Sản phẩm Flash Sale 'FSI-00167': yêu cầu 1; còn lại 0
TXN-OPTIMISTIC-00632,REQ-SIM-00632,-,CUS-00632,FSI-00167,1,OPTIMISTIC,pool-4-thread-632,3863210363900,3866236958400,false,Hết hàng! Sản phẩm Flash Sale 'FSI-00167': yêu cầu 1; còn lại 0
TXN-OPTIMISTIC-00523,REQ-SIM-00523,-,CUS-00523,FSI-00167,1,OPTIMISTIC,pool-4-thread-523,3863208742400,3866237257900,false,Hết hàng! Sản phẩm Flash Sale 'FSI-00167': yêu cầu 1; còn lại 0
TXN-OPTIMISTIC-00826,REQ-SIM-00826,-,CUS-00826,FSI-00167,1,OPTIMISTIC,pool-4-thread-826,3863213348800,3866237594600,false,Hết hàng! Sản phẩm Flash Sale 'FSI-00167': yêu cầu 1; còn lại 0
TXN-OPTIMISTIC-00592,REQ-SIM-00592,-,CUS-00592,FSI-00167,1,OPTIMISTIC,pool-4-thread-592,3863209826600,3866237846700,false,Hết hàng! Sản phẩm Flash Sale 'FSI-00167': yêu cầu 1; còn lại 0
TXN-OPTIMISTIC-00188,REQ-SIM-00188,-,CUS-00188,FSI-00167,1,OPTIMISTIC,pool-4-thread-188,3863202948100,3866238153600,false,Hết hàng! Sản phẩm Flash Sale 'FSI-00167': yêu cầu 1; còn lại 0
TXN-OPTIMISTIC-00536,REQ-SIM-00536,-,CUS-00536,FSI-00167,1,OPTIMISTIC,pool-4-thread-536,3863208928400,3866238432400,false,Hết hàng! Sản phẩm Flash Sale 'FSI-00167': yêu cầu 1; còn lại 0
TXN-OPTIMISTIC-00587,REQ-SIM-00587,-,CUS-00587,FSI-00167,1,OPTIMISTIC,pool-4-thread-587,3863209758500,3866238823300,false,Hết hàng! Sản phẩm Flash Sale 'FSI-00167': yêu cầu 1; còn lại 0
TXN-OPTIMISTIC-00365,REQ-SIM-00365,-,CUS-00365,FSI-00167,1,OPTIMISTIC,pool-4-thread-365,3863205942100,3866239158200,false,Hết hàng! Sản phẩm Flash Sale 'FSI-00167': yêu cầu 1; còn lại 0
TXN-OPTIMISTIC-00790,REQ-SIM-00790,-,CUS-00790,FSI-00167,1,OPTIMISTIC,pool-4-thread-790,3863212752500,3866239501900,false,Hết hàng! Sản phẩm Flash Sale 'FSI-00167': yêu cầu 1; còn lại 0
TXN-OPTIMISTIC-00509,REQ-SIM-00509,-,CUS-00509,FSI-00167,1,OPTIMISTIC,pool-4-thread-509,3863208539700,3866239741600,false,Hết hàng! Sản phẩm Flash Sale 'FSI-00167': yêu cầu 1; còn lại 0
TXN-OPTIMISTIC-00762,REQ-SIM-00762,-,CUS-00762,FSI-00167,1,OPTIMISTIC,pool-4-thread-762,3863212346700,3866240028300,false,Hết hàng! Sản phẩm Flash Sale 'FSI-00167': yêu cầu 1; còn lại 0
TXN-OPTIMISTIC-00898,REQ-SIM-00898,-,CUS-00898,FSI-00167,1,OPTIMISTIC,pool-4-thread-898,3863214427600,3866240338500,false,Hết hàng! Sản phẩm Flash Sale 'FSI-00167': yêu cầu 1; còn lại 0
TXN-OPTIMISTIC-00560,REQ-SIM-00560,-,CUS-00560,FSI-00167,1,OPTIMISTIC,pool-4-thread-560,3863209339500,3866240724700,false,Hết hàng! Sản phẩm Flash Sale 'FSI-00167': yêu cầu 1; còn lại 0
TXN-OPTIMISTIC-00529,REQ-SIM-00529,-,CUS-00529,FSI-00167,1,OPTIMISTIC,pool-4-thread-529,3863208818700,3866241047200,false,Hết hàng! Sản phẩm Flash Sale 'FSI-00167': yêu cầu 1; còn lại 0
TXN-OPTIMISTIC-00683,REQ-SIM-00683,-,CUS-00683,FSI-00167,1,OPTIMISTIC,pool-4-thread-683,3863211230300,3866241369500,false,Hết hàng! Sản phẩm Flash Sale 'FSI-00167': yêu cầu 1; còn lại 0
TXN-OPTIMISTIC-00732,REQ-SIM-00732,-,CUS-00732,FSI-00167,1,OPTIMISTIC,pool-4-thread-732,3863211945000,3866241641200,false,Hết hàng! Sản phẩm Flash Sale 'FSI-00167': yêu cầu 1; còn lại 0
TXN-OPTIMISTIC-00677,REQ-SIM-00677,-,CUS-00677,FSI-00167,1,OPTIMISTIC,pool-4-thread-677,3863211143300,3866241964200,false,Hết hàng! Sản phẩm Flash Sale 'FSI-00167': yêu cầu 1; còn lại 0
TXN-OPTIMISTIC-00181,REQ-SIM-00181,-,CUS-00181,FSI-00167,1,OPTIMISTIC,pool-4-thread-181,3863202824900,3866242280100,false,Hết hàng! Sản phẩm Flash Sale 'FSI-00167': yêu cầu 1; còn lại 0
TXN-OPTIMISTIC-00340,REQ-SIM-00340,-,CUS-00340,FSI-00167,1,OPTIMISTIC,pool-4-thread-340,3863205561000,3866242551000,false,Hết hàng! Sản phẩm Flash Sale 'FSI-00167': yêu cầu 1; còn lại 0
TXN-OPTIMISTIC-00792,REQ-SIM-00792,-,CUS-00792,FSI-00167,1,OPTIMISTIC,pool-4-thread-792,3863212778100,3866242842800,false,Hết hàng! Sản phẩm Flash Sale 'FSI-00167': yêu cầu 1; còn lại 0
TXN-OPTIMISTIC-00649,REQ-SIM-00649,-,CUS-00649,FSI-00167,1,OPTIMISTIC,pool-4-thread-649,3863210619600,3866243290400,false,Hết hàng! Sản phẩm Flash Sale 'FSI-00167': yêu cầu 1; còn lại 0
TXN-OPTIMISTIC-00479,REQ-SIM-00479,-,CUS-00479,FSI-00167,1,OPTIMISTIC,pool-4-thread-479,3863207930400,3866243629300,false,Hết hàng! Sản phẩm Flash Sale 'FSI-00167': yêu cầu 1; còn lại 0
TXN-OPTIMISTIC-00317,REQ-SIM-00317,-,CUS-00317,FSI-00167,1,OPTIMISTIC,pool-4-thread-317,3863205187300,3866243983800,false,Hết hàng! Sản phẩm Flash Sale 'FSI-00167': yêu cầu 1; còn lại 0
TXN-OPTIMISTIC-00256,REQ-SIM-00256,-,CUS-00256,FSI-00167,1,OPTIMISTIC,pool-4-thread-256,3863204090300,3866244392900,false,Hết hàng! Sản phẩm Flash Sale 'FSI-00167': yêu cầu 1; còn lại 0
TXN-OPTIMISTIC-00863,REQ-SIM-00863,-,CUS-00863,FSI-00167,1,OPTIMISTIC,pool-4-thread-863,3863213935500,3866244720900,false,Hết hàng! Sản phẩm Flash Sale 'FSI-00167': yêu cầu 1; còn lại 0
TXN-OPTIMISTIC-00767,REQ-SIM-00767,-,CUS-00767,FSI-00167,1,OPTIMISTIC,pool-4-thread-767,3863212418200,3866245136200,false,Hết hàng! Sản phẩm Flash Sale 'FSI-00167': yêu cầu 1; còn lại 0
TXN-OPTIMISTIC-00485,REQ-SIM-00485,-,CUS-00485,FSI-00167,1,OPTIMISTIC,pool-4-thread-485,3863208016600,3866245440500,false,Hết hàng! Sản phẩm Flash Sale 'FSI-00167': yêu cầu 1; còn lại 0
TXN-OPTIMISTIC-00023,REQ-SIM-00023,-,CUS-00023,FSI-00167,1,OPTIMISTIC,pool-4-thread-23,3863200235700,3866245762500,false,Hết hàng! Sản phẩm Flash Sale 'FSI-00167': yêu cầu 1; còn lại 0
TXN-OPTIMISTIC-00282,REQ-SIM-00282,-,CUS-00282,FSI-00167,1,OPTIMISTIC,pool-4-thread-282,3863204597300,3866246075500,false,Hết hàng! Sản phẩm Flash Sale 'FSI-00167': yêu cầu 1; còn lại 0
TXN-OPTIMISTIC-00487,REQ-SIM-00487,-,CUS-00487,FSI-00167,1,OPTIMISTIC,pool-4-thread-487,3863208039500,3866246494300,false,Hết hàng! Sản phẩm Flash Sale 'FSI-00167': yêu cầu 1; còn lại 0
TXN-OPTIMISTIC-00692,REQ-SIM-00692,-,CUS-00692,FSI-00167,1,OPTIMISTIC,pool-4-thread-692,3863211343600,3866246821100,false,Hết hàng! Sản phẩm Flash Sale 'FSI-00167': yêu cầu 1; còn lại 0
TXN-OPTIMISTIC-00685,REQ-SIM-00685,-,CUS-00685,FSI-00167,1,OPTIMISTIC,pool-4-thread-685,3863211253800,3866247291900,false,Hết hàng! Sản phẩm Flash Sale 'FSI-00167': yêu cầu 1; còn lại 0
TXN-OPTIMISTIC-00383,REQ-SIM-00383,-,CUS-00383,FSI-00167,1,OPTIMISTIC,pool-4-thread-383,3863206230600,3866247593400,false,Hết hàng! Sản phẩm Flash Sale 'FSI-00167': yêu cầu 1; còn lại 0
TXN-OPTIMISTIC-00972,REQ-SIM-00972,-,CUS-00972,FSI-00167,1,OPTIMISTIC,pool-4-thread-972,3863215621100,3866247941700,false,Hết hàng! Sản phẩm Flash Sale 'FSI-00167': yêu cầu 1; còn lại 0
TXN-OPTIMISTIC-00573,REQ-SIM-00573,-,CUS-00573,FSI-00167,1,OPTIMISTIC,pool-4-thread-573,3863209577100,3866248231700,false,Hết hàng! Sản phẩm Flash Sale 'FSI-00167': yêu cầu 1; còn lại 0
TXN-OPTIMISTIC-00590,REQ-SIM-00590,-,CUS-00590,FSI-00167,1,OPTIMISTIC,pool-4-thread-590,3863209793000,3866248757000,false,Hết hàng! Sản phẩm Flash Sale 'FSI-00167': yêu cầu 1; còn lại 0
TXN-OPTIMISTIC-00196,REQ-SIM-00196,-,CUS-00196,FSI-00167,1,OPTIMISTIC,pool-4-thread-196,3863203074900,3866248968100,false,Hết hàng! Sản phẩm Flash Sale 'FSI-00167': yêu cầu 1; còn lại 0
TXN-OPTIMISTIC-00624,REQ-SIM-00624,-,CUS-00624,FSI-00167,1,OPTIMISTIC,pool-4-thread-624,3863210252800,3866249295700,false,Hết hàng! Sản phẩm Flash Sale 'FSI-00167': yêu cầu 1; còn lại 0
TXN-OPTIMISTIC-00906,REQ-SIM-00906,-,CUS-00906,FSI-00167,1,OPTIMISTIC,pool-4-thread-906,3863214546600,3866249618200,false,Hết hàng! Sản phẩm Flash Sale 'FSI-00167': yêu cầu 1; còn lại 0
TXN-OPTIMISTIC-00197,REQ-SIM-00197,-,CUS-00197,FSI-00167,1,OPTIMISTIC,pool-4-thread-197,3863203088500,3866249992000,false,Hết hàng! Sản phẩm Flash Sale 'FSI-00167': yêu cầu 1; còn lại 0
TXN-OPTIMISTIC-00645,REQ-SIM-00645,-,CUS-00645,FSI-00167,1,OPTIMISTIC,pool-4-thread-645,3863210559400,3866250324700,false,Hết hàng! Sản phẩm Flash Sale 'FSI-00167': yêu cầu 1; còn lại 0
TXN-OPTIMISTIC-00939,REQ-SIM-00939,-,CUS-00939,FSI-00167,1,OPTIMISTIC,pool-4-thread-939,3863215108500,3866250626100,false,Hết hàng! Sản phẩm Flash Sale 'FSI-00167': yêu cầu 1; còn lại 0
TXN-OPTIMISTIC-00022,REQ-SIM-00022,-,CUS-00022,FSI-00167,1,OPTIMISTIC,pool-4-thread-22,3863200249500,3866251002300,false,Hết hàng! Sản phẩm Flash Sale 'FSI-00167': yêu cầu 1; còn lại 0
TXN-OPTIMISTIC-00985,REQ-SIM-00985,-,CUS-00985,FSI-00167,1,OPTIMISTIC,pool-4-thread-985,3863215806000,3866251356700,false,Hết hàng! Sản phẩm Flash Sale 'FSI-00167': yêu cầu 1; còn lại 0
TXN-OPTIMISTIC-00731,REQ-SIM-00731,-,CUS-00731,FSI-00167,1,OPTIMISTIC,pool-4-thread-731,3863211929100,3866251918700,false,Hết hàng! Sản phẩm Flash Sale 'FSI-00167': yêu cầu 1; còn lại 0
TXN-OPTIMISTIC-00711,REQ-SIM-00711,-,CUS-00711,FSI-00167,1,OPTIMISTIC,pool-4-thread-711,3863211657800,3866252142000,false,Hết hàng! Sản phẩm Flash Sale 'FSI-00167': yêu cầu 1; còn lại 0
TXN-OPTIMISTIC-00349,REQ-SIM-00349,-,CUS-00349,FSI-00167,1,OPTIMISTIC,pool-4-thread-349,3863205685000,3866252526800,false,Hết hàng! Sản phẩm Flash Sale 'FSI-00167': yêu cầu 1; còn lại 0
TXN-OPTIMISTIC-00469,REQ-SIM-00469,-,CUS-00469,FSI-00167,1,OPTIMISTIC,pool-4-thread-469,3863207792300,3866252814600,false,Hết hàng! Sản phẩm Flash Sale 'FSI-00167': yêu cầu 1; còn lại 0
TXN-OPTIMISTIC-00398,REQ-SIM-00398,-,CUS-00398,FSI-00167,1,OPTIMISTIC,pool-4-thread-398,3863206475800,3866253269400,false,Hết hàng! Sản phẩm Flash Sale 'FSI-00167': yêu cầu 1; còn lại 0
TXN-OPTIMISTIC-00774,REQ-SIM-00774,-,CUS-00774,FSI-00167,1,OPTIMISTIC,pool-4-thread-774,3863212515100,3866253531500,false,Hết hàng! Sản phẩm Flash Sale 'FSI-00167': yêu cầu 1; còn lại 0
TXN-OPTIMISTIC-00575,REQ-SIM-00575,-,CUS-00575,FSI-00167,1,OPTIMISTIC,pool-4-thread-575,3863209603200,3866253835000,false,Hết hàng! Sản phẩm Flash Sale 'FSI-00167': yêu cầu 1; còn lại 0
TXN-OPTIMISTIC-00442,REQ-SIM-00442,-,CUS-00442,FSI-00167,1,OPTIMISTIC,pool-4-thread-442,3863207409800,3866254047200,false,Hết hàng! Sản phẩm Flash Sale 'FSI-00167': yêu cầu 1; còn lại 0
