transactionId,requestId,orderId,customerId,flashItemId,quantity,mechanism,threadName,startTime,endTime,success,errorMessage
TXN-NO_LOCK-00140,REQ-SIM-00140,SIM-NO_LOCK-00140,CUS-00140,FSI-00167,1,NO_LOCK,pool-1-thread-140,3824674014700,3825440232900,true,
TXN-NO_LOCK-00205,REQ-SIM-00205,SIM-NO_LOCK-00205,CUS-00205,FSI-00167,1,NO_LOCK,pool-1-thread-205,3824675922600,3825441436600,true,
TXN-NO_LOCK-00198,REQ-SIM-00198,SIM-NO_LOCK-00198,CUS-00198,FSI-00167,1,NO_LOCK,pool-1-thread-198,3824675768800,3825441578200,true,
TXN-NO_LOCK-00716,REQ-SIM-00716,SIM-NO_LOCK-00716,CUS-00716,FSI-00167,1,NO_LOCK,pool-1-thread-716,3824691246400,3825441693100,true,
TXN-NO_LOCK-00157,REQ-SIM-00157,SIM-NO_LOCK-00157,CUS-00157,FSI-00167,1,NO_LOCK,pool-1-thread-157,3824674520400,3825441731600,true,
TXN-NO_LOCK-00240,REQ-SIM-00240,SIM-NO_LOCK-00240,CUS-00240,FSI-00167,1,NO_LOCK,pool-1-thread-240,3824676754200,3825441730500,true,
TXN-NO_LOCK-00054,REQ-SIM-00054,SIM-NO_LOCK-00054,CUS-00054,FSI-00167,1,NO_LOCK,pool-1-thread-54,3824669689100,3825441845500,true,
TXN-NO_LOCK-00034,REQ-SIM-00034,SIM-NO_LOCK-00034,CUS-00034,FSI-00167,1,NO_LOCK,pool-1-thread-34,3824669345600,3825441923500,true,
TXN-NO_LOCK-00051,REQ-SIM-00051,SIM-NO_LOCK-00051,CUS-00051,FSI-00167,1,NO_LOCK,pool-1-thread-51,3824669643400,3825441950800,true,
TXN-NO_LOCK-00756,REQ-SIM-00756,SIM-NO_LOCK-00756,CUS-00756,FSI-00167,1,NO_LOCK,pool-1-thread-756,3824690840200,3825441981600,true,
TXN-NO_LOCK-00234,REQ-SIM-00234,SIM-NO_LOCK-00234,CUS-00234,FSI-00167,1,NO_LOCK,pool-1-thread-234,3824676590400,3825441637500,true,
TXN-NO_LOCK-00390,REQ-SIM-00390,SIM-NO_LOCK-00390,CUS-00390,FSI-00167,1,NO_LOCK,pool-1-thread-390,3824680704000,3825441461600,true,
TXN-NO_LOCK-00192,REQ-SIM-00192,SIM-NO_LOCK-00192,CUS-00192,FSI-00167,1,NO_LOCK,pool-1-thread-192,3824675636000,3825442100200,true,
TXN-NO_LOCK-00114,REQ-SIM-00114,SIM-NO_LOCK-00114,CUS-00114,FSI-00167,1,NO_LOCK,pool-1-thread-114,3824673349700,3825442925800,true,
TXN-NO_LOCK-00126,REQ-SIM-00126,SIM-NO_LOCK-00126,CUS-00126,FSI-00167,1,NO_LOCK,pool-1-thread-126,3824673673400,3825443440800,true,
TXN-NO_LOCK-00216,REQ-SIM-00216,SIM-NO_LOCK-00216,CUS-00216,FSI-00167,1,NO_LOCK,pool-1-thread-216,3824676136600,3825443540400,true,
TXN-NO_LOCK-00762,REQ-SIM-00762,SIM-NO_LOCK-00762,CUS-00762,FSI-00167,1,NO_LOCK,pool-1-thread-762,3824692729000,3825472176600,true,
TXN-NO_LOCK-00039,REQ-SIM-00039,SIM-NO_LOCK-00039,CUS-00039,FSI-00167,1,NO_LOCK,pool-1-thread-39,3824669436500,3825481362400,true,
TXN-NO_LOCK-00543,REQ-SIM-00543,SIM-NO_LOCK-00543,CUS-00543,FSI-00167,1,NO_LOCK,pool-1-thread-543,3824685558700,3825483948300,true,
TXN-NO_LOCK-00049,REQ-SIM-00049,SIM-NO_LOCK-00049,CUS-00049,FSI-00167,1,NO_LOCK,pool-1-thread-49,3824669613200,3825495836500,true,
TXN-NO_LOCK-00957,REQ-SIM-00957,SIM-NO_LOCK-00957,CUS-00957,FSI-00167,1,NO_LOCK,pool-1-thread-957,3824698238200,3825498105000,true,
TXN-NO_LOCK-00237,REQ-SIM-00237,SIM-NO_LOCK-00237,CUS-00237,FSI-00167,1,NO_LOCK,pool-1-thread-237,3824676698700,3825513590100,true,
TXN-NO_LOCK-00046,REQ-SIM-00046,SIM-NO_LOCK-00046,CUS-00046,FSI-00167,1,NO_LOCK,pool-1-thread-46,3824669567000,3825513584900,true,
TXN-NO_LOCK-00074,REQ-SIM-00074,SIM-NO_LOCK-00074,CUS-00074,FSI-00167,1,NO_LOCK,pool-1-thread-74,3824671609900,3825513592700,true,
TXN-NO_LOCK-00110,REQ-SIM-00110,SIM-NO_LOCK-00110,CUS-00110,FSI-00167,1,NO_LOCK,pool-1-thread-110,3824673260000,3825513588200,true,
TXN-NO_LOCK-00023,REQ-SIM-00023,SIM-NO_LOCK-00023,CUS-00023,FSI-00167,1,NO_LOCK,pool-1-thread-23,3824669198400,3825514073900,true,
TXN-NO_LOCK-00030,REQ-SIM-00030,SIM-NO_LOCK-00030,CUS-00030,FSI-00167,1,NO_LOCK,pool-1-thread-30,3824669299300,3825514081100,true,
TXN-NO_LOCK-00113,REQ-SIM-00113,SIM-NO_LOCK-00113,CUS-00113,FSI-00167,1,NO_LOCK,pool-1-thread-113,3824673335000,3825514496000,true,
TXN-NO_LOCK-00305,REQ-SIM-00305,SIM-NO_LOCK-00305,CUS-00305,FSI-00167,1,NO_LOCK,pool-1-thread-305,3824678372000,3825514497500,true,
TXN-NO_LOCK-00185,REQ-SIM-00185,SIM-NO_LOCK-00185,CUS-00185,FSI-00167,1,NO_LOCK,pool-1-thread-185,3824675437200,3825514577700,true,
TXN-NO_LOCK-00984,REQ-SIM-00984,SIM-NO_LOCK-00984,CUS-00984,FSI-00167,1,NO_LOCK,pool-1-thread-984,3824698986500,3825515294200,true,
TXN-NO_LOCK-00060,REQ-SIM-00060,SIM-NO_LOCK-00060,CUS-00060,FSI-00167,1,NO_LOCK,pool-1-thread-60,3824669851500,3825515461300,true,
TXN-NO_LOCK-00146,REQ-SIM-00146,SIM-NO_LOCK-00146,CUS-00146,FSI-00167,1,NO_LOCK,pool-1-thread-146,3824674153000,3825516055300,true,
TXN-NO_LOCK-00176,REQ-SIM-00176,SIM-NO_LOCK-00176,CUS-00176,FSI-00167,1,NO_LOCK,pool-1-thread-176,3824675131200,3825517011600,true,
TXN-NO_LOCK-00097,REQ-SIM-00097,SIM-NO_LOCK-00097,CUS-00097,FSI-00167,1,NO_LOCK,pool-1-thread-97,3824672763900,3825517614400,true,
TXN-NO_LOCK-00246,REQ-SIM-00246,SIM-NO_LOCK-00246,CUS-00246,FSI-00167,1,NO_LOCK,pool-1-thread-246,3824676921000,3825517728200,true,
TXN-NO_LOCK-00696,REQ-SIM-00696,SIM-NO_LOCK-00696,CUS-00696,FSI-00167,1,NO_LOCK,pool-1-thread-696,3824690577000,3825517906300,true,
TXN-NO_LOCK-00206,REQ-SIM-00206,SIM-NO_LOCK-00206,CUS-00206,FSI-00167,1,NO_LOCK,pool-1-thread-206,3824675940200,3825518054600,true,
TXN-NO_LOCK-00075,REQ-SIM-00075,SIM-NO_LOCK-00075,CUS-00075,FSI-00167,1,NO_LOCK,pool-1-thread-75,3824671626000,3825517884000,true,
TXN-NO_LOCK-00058,REQ-SIM-00058,SIM-NO_LOCK-00058,CUS-00058,FSI-00167,1,NO_LOCK,pool-1-thread-58,3824669818500,3825518248800,true,
TXN-NO_LOCK-00036,REQ-SIM-00036,SIM-NO_LOCK-00036,CUS-00036,FSI-00167,1,NO_LOCK,pool-1-thread-36,3824669386900,3825518287600,true,
TXN-NO_LOCK-00091,REQ-SIM-00091,SIM-NO_LOCK-00091,CUS-00091,FSI-00167,1,NO_LOCK,pool-1-thread-91,3824672443500,3825518348200,true,
TXN-NO_LOCK-00978,REQ-SIM-00978,SIM-NO_LOCK-00978,CUS-00978,FSI-00167,1,NO_LOCK,pool-1-thread-978,3824698807200,3825518383600,true,
TXN-NO_LOCK-00004,REQ-SIM-00004,SIM-NO_LOCK-00004,CUS-00004,FSI-00167,1,NO_LOCK,pool-1-thread-4,3824668811600,3825518460500,true,
TXN-NO_LOCK-00141,REQ-SIM-00141,SIM-NO_LOCK-00141,CUS-00141,FSI-00167,1,NO_LOCK,pool-1-thread-141,3824674067200,3825518534100,true,
TXN-NO_LOCK-00070,REQ-SIM-00070,SIM-NO_LOCK-00070,CUS-00070,FSI-00167,1,NO_LOCK,pool-1-thread-70,3824670944200,3825518673000,true,
TXN-NO_LOCK-00108,REQ-SIM-00108,SIM-NO_LOCK-00108,CUS-00108,FSI-00167,1,NO_LOCK,pool-1-thread-108,3824673189500,3825518648300,true,
TXN-NO_LOCK-00099,REQ-SIM-00099,SIM-NO_LOCK-00099,CUS-00099,FSI-00167,1,NO_LOCK,pool-1-thread-99,3824672815000,3825518811200,true,
TXN-NO_LOCK-00151,REQ-SIM-00151,SIM-NO_LOCK-00151,CUS-00151,FSI-00167,1,NO_LOCK,pool-1-thread-151,3824674348600,3825518857500,true,
TXN-NO_LOCK-00122,REQ-SIM-00122,SIM-NO_LOCK-00122,CUS-00122,FSI-00167,1,NO_LOCK,pool-1-thread-122,3824673552700,3825518909500,true,
TXN-NO_LOCK-00011,REQ-SIM-00011,SIM-NO_LOCK-00011,CUS-00011,FSI-00167,1,NO_LOCK,pool-1-thread-11,3824668988800,3825518891500,true,
TXN-NO_LOCK-00865,REQ-SIM-00865,SIM-NO_LOCK-00865,CUS-00865,FSI-00167,1,NO_LOCK,pool-1-thread-865,3824692611100,3825519016800,true,
TXN-NO_LOCK-00241,REQ-SIM-00241,SIM-NO_LOCK-00241,CUS-00241,FSI-00167,1,NO_LOCK,pool-1-thread-241,3824676787800,3825519038100,true,
TXN-NO_LOCK-00180,REQ-SIM-00180,SIM-NO_LOCK-00180,CUS-00180,FSI-00167,1,NO_LOCK,pool-1-thread-180,3824675271300,3825519095400,true,
TXN-NO_LOCK-00726,REQ-SIM-00726,SIM-NO_LOCK-00726,CUS-00726,FSI-00167,1,NO_LOCK,pool-1-thread-726,3824691439300,3825519101900,true,
TXN-NO_LOCK-00145,REQ-SIM-00145,SIM-NO_LOCK-00145,CUS-00145,FSI-00167,1,NO_LOCK,pool-1-thread-145,3824674129700,3825518787300,true,
TXN-NO_LOCK-00414,REQ-SIM-00414,SIM-NO_LOCK-00414,CUS-00414,FSI-00167,1,NO_LOCK,pool-1-thread-414,3824681674100,3825519246800,true,
TXN-NO_LOCK-00133,REQ-SIM-00133,SIM-NO_LOCK-00133,CUS-00133,FSI-00167,1,NO_LOCK,pool-1-thread-133,3824673830600,3825519322500,true,
TXN-NO_LOCK-00003,REQ-SIM-00003,SIM-NO_LOCK-00003,CUS-00003,FSI-00167,1,NO_LOCK,pool-1-thread-3,3824668789600,3825519348200,true,
TXN-NO_LOCK-00895,REQ-SIM-00895,SIM-NO_LOCK-00895,CUS-00895,FSI-00167,1,NO_LOCK,pool-1-thread-895,3824698357900,3825519400300,true,
TXN-NO_LOCK-00117,REQ-SIM-00117,SIM-NO_LOCK-00117,CUS-00117,FSI-00167,1,NO_LOCK,pool-1-thread-117,3824673440700,3825519435200,true,
TXN-NO_LOCK-00174,REQ-SIM-00174,SIM-NO_LOCK-00174,CUS-00174,FSI-00167,1,NO_LOCK,pool-1-thread-174,3824675091800,3825519524100,true,
TXN-NO_LOCK-00204,REQ-SIM-00204,SIM-NO_LOCK-00204,CUS-00204,FSI-00167,1,NO_LOCK,pool-1-thread-204,3824675896400,3825519591600,true,
TXN-NO_LOCK-00971,REQ-SIM-00971,SIM-NO_LOCK-00971,CUS-00971,FSI-00167,1,NO_LOCK,pool-1-thread-971,3824696897800,3825519629600,true,
TXN-NO_LOCK-00104,REQ-SIM-00104,SIM-NO_LOCK-00104,CUS-00104,FSI-00167,1,NO_LOCK,pool-1-thread-104,3824673026000,3825519697800,true,
TXN-NO_LOCK-00047,REQ-SIM-00047,SIM-NO_LOCK-00047,CUS-00047,FSI-00167,1,NO_LOCK,pool-1-thread-47,3824669580700,3825519590700,true,
TXN-NO_LOCK-00968,REQ-SIM-00968,SIM-NO_LOCK-00968,CUS-00968,FSI-00167,1,NO_LOCK,pool-1-thread-968,3824698600500,3825519770600,true,
TXN-NO_LOCK-00124,REQ-SIM-00124,SIM-NO_LOCK-00124,CUS-00124,FSI-00167,1,NO_LOCK,pool-1-thread-124,3824673611700,3825519782700,true,
TXN-NO_LOCK-00989,REQ-SIM-00989,SIM-NO_LOCK-00989,CUS-00989,FSI-00167,1,NO_LOCK,pool-1-thread-989,3824699091500,3825519886700,true,
TXN-NO_LOCK-00092,REQ-SIM-00092,SIM-NO_LOCK-00092,CUS-00092,FSI-00167,1,NO_LOCK,pool-1-thread-92,3824672449200,3825519943300,true,
TXN-NO_LOCK-00221,REQ-SIM-00221,SIM-NO_LOCK-00221,CUS-00221,FSI-00167,1,NO_LOCK,pool-1-thread-221,3824676251300,3825519982200,true,
TXN-NO_LOCK-00484,REQ-SIM-00484,SIM-NO_LOCK-00484,CUS-00484,FSI-00167,1,NO_LOCK,pool-1-thread-484,3824683668800,3825519917100,true,
TXN-NO_LOCK-00299,REQ-SIM-00299,SIM-NO_LOCK-00299,CUS-00299,FSI-00167,1,NO_LOCK,pool-1-thread-299,3824678190500,3825520164200,true,
TXN-NO_LOCK-00235,REQ-SIM-00235,SIM-NO_LOCK-00235,CUS-00235,FSI-00167,1,NO_LOCK,pool-1-thread-235,3824676609200,3825520182000,true,
TXN-NO_LOCK-00973,REQ-SIM-00973,SIM-NO_LOCK-00973,CUS-00973,FSI-00167,1,NO_LOCK,pool-1-thread-973,3824698689900,3825520169700,true,
TXN-NO_LOCK-00125,REQ-SIM-00125,SIM-NO_LOCK-00125,CUS-00125,FSI-00167,1,NO_LOCK,pool-1-thread-125,3824673627300,3825520255600,true,
TXN-NO_LOCK-00219,REQ-SIM-00219,SIM-NO_LOCK-00219,CUS-00219,FSI-00167,1,NO_LOCK,pool-1-thread-219,3824676191600,3825520397700,true,
TXN-NO_LOCK-00678,REQ-SIM-00678,SIM-NO_LOCK-00678,CUS-00678,FSI-00167,1,NO_LOCK,pool-1-thread-678,3824689990400,3825520412600,true,
TXN-NO_LOCK-00289,REQ-SIM-00289,SIM-NO_LOCK-00289,CUS-00289,FSI-00167,1,NO_LOCK,pool-1-thread-289,3824677921700,3825520429300,true,
TXN-NO_LOCK-00189,REQ-SIM-00189,SIM-NO_LOCK-00189,CUS-00189,FSI-00167,1,NO_LOCK,pool-1-thread-189,3824675517300,3825520487200,true,
TXN-NO_LOCK-00161,REQ-SIM-00161,SIM-NO_LOCK-00161,CUS-00161,FSI-00167,1,NO_LOCK,pool-1-thread-161,3824674657300,3825520521900,true,
TXN-NO_LOCK-00991,REQ-SIM-00991,SIM-NO_LOCK-00991,CUS-00991,FSI-00167,1,NO_LOCK,pool-1-thread-991,3824699118500,3825520568100,true,
TXN-NO_LOCK-00012,REQ-SIM-00012,SIM-NO_LOCK-00012,CUS-00012,FSI-00167,1,NO_LOCK,pool-1-thread-12,3824669004500,3825520624000,true,
TXN-NO_LOCK-00733,REQ-SIM-00733,SIM-NO_LOCK-00733,CUS-00733,FSI-00167,1,NO_LOCK,pool-1-thread-733,3824691708500,3825520447000,true,
TXN-NO_LOCK-00121,REQ-SIM-00121,SIM-NO_LOCK-00121,CUS-00121,FSI-00167,1,NO_LOCK,pool-1-thread-121,3824673515600,3825520662200,true,
TXN-NO_LOCK-00964,REQ-SIM-00964,SIM-NO_LOCK-00964,CUS-00964,FSI-00167,1,NO_LOCK,pool-1-thread-964,3824698444400,3825520727800,true,
TXN-NO_LOCK-00708,REQ-SIM-00708,SIM-NO_LOCK-00708,CUS-00708,FSI-00167,1,NO_LOCK,pool-1-thread-708,3824690928100,3825520769800,true,
TXN-NO_LOCK-00165,REQ-SIM-00165,SIM-NO_LOCK-00165,CUS-00165,FSI-00167,1,NO_LOCK,pool-1-thread-165,3824674770900,3825520810200,true,
TXN-NO_LOCK-00550,REQ-SIM-00550,SIM-NO_LOCK-00550,CUS-00550,FSI-00167,1,NO_LOCK,pool-1-thread-550,3824685772400,3825520861500,true,
TXN-NO_LOCK-00127,REQ-SIM-00127,SIM-NO_LOCK-00127,CUS-00127,FSI-00167,1,NO_LOCK,pool-1-thread-127,3824673723900,3825520920000,true,
TXN-NO_LOCK-00194,REQ-SIM-00194,SIM-NO_LOCK-00194,CUS-00194,FSI-00167,1,NO_LOCK,pool-1-thread-194,3824675672200,3825520944600,true,
TXN-NO_LOCK-00016,REQ-SIM-00016,SIM-NO_LOCK-00016,CUS-00016,FSI-00167,1,NO_LOCK,pool-1-thread-16,3824669070600,3825520998700,true,
TXN-NO_LOCK-00154,REQ-SIM-00154,SIM-NO_LOCK-00154,CUS-00154,FSI-00167,1,NO_LOCK,pool-1-thread-154,3824674416000,3825521045600,true,
TXN-NO_LOCK-00261,REQ-SIM-00261,SIM-NO_LOCK-00261,CUS-00261,FSI-00167,1,NO_LOCK,pool-1-thread-261,3824677309200,3825521096200,true,
TXN-NO_LOCK-00106,REQ-SIM-00106,SIM-NO_LOCK-00106,CUS-00106,FSI-00167,1,NO_LOCK,pool-1-thread-106,3824673134100,3825521131200,true,
TXN-NO_LOCK-00147,REQ-SIM-00147,SIM-NO_LOCK-00147,CUS-00147,FSI-00167,1,NO_LOCK,pool-1-thread-147,3824674171400,3825521209400,true,
TXN-NO_LOCK-00064,REQ-SIM-00064,SIM-NO_LOCK-00064,CUS-00064,FSI-00167,1,NO_LOCK,pool-1-thread-64,3824670026200,3825521247100,true,
TXN-NO_LOCK-00178,REQ-SIM-00178,SIM-NO_LOCK-00178,CUS-00178,FSI-00167,1,NO_LOCK,pool-1-thread-178,3824675199200,3825521346100,true,
TXN-NO_LOCK-00163,REQ-SIM-00163,SIM-NO_LOCK-00163,CUS-00163,FSI-00167,1,NO_LOCK,pool-1-thread-163,3824674687400,3825521406600,true,
TXN-NO_LOCK-00213,REQ-SIM-00213,SIM-NO_LOCK-00213,CUS-00213,FSI-00167,1,NO_LOCK,pool-1-thread-213,3824676082400,3825521412700,true,
TXN-NO_LOCK-00118,REQ-SIM-00118,SIM-NO_LOCK-00118,CUS-00118,FSI-00167,1,NO_LOCK,pool-1-thread-118,3824673464600,3825521460600,true,
TXN-NO_LOCK-00195,REQ-SIM-00195,SIM-NO_LOCK-00195,CUS-00195,FSI-00167,1,NO_LOCK,pool-1-thread-195,3824675704400,3825521540600,true,
TXN-NO_LOCK-00250,REQ-SIM-00250,SIM-NO_LOCK-00250,CUS-00250,FSI-00167,1,NO_LOCK,pool-1-thread-250,3824677014900,3825521578200,true,
TXN-NO_LOCK-00148,REQ-SIM-00148,SIM-NO_LOCK-00148,CUS-00148,FSI-00167,1,NO_LOCK,pool-1-thread-148,3824674207100,3825521703800,true,
TXN-NO_LOCK-00300,REQ-SIM-00300,SIM-NO_LOCK-00300,CUS-00300,FSI-00167,1,NO_LOCK,pool-1-thread-300,3824678243000,3825521722100,true,
TXN-NO_LOCK-00229,REQ-SIM-00229,SIM-NO_LOCK-00229,CUS-00229,FSI-00167,1,NO_LOCK,pool-1-thread-229,3824676483900,3825521729700,true,
TXN-NO_LOCK-00681,REQ-SIM-00681,SIM-NO_LOCK-00681,CUS-00681,FSI-00167,1,NO_LOCK,pool-1-thread-681,3824692468100,3825521793000,true,
TXN-NO_LOCK-00346,REQ-SIM-00346,SIM-NO_LOCK-00346,CUS-00346,FSI-00167,1,NO_LOCK,pool-1-thread-346,3824679467200,3825521829900,true,
TXN-NO_LOCK-00137,REQ-SIM-00137,SIM-NO_LOCK-00137,CUS-00137,FSI-00167,1,NO_LOCK,pool-1-thread-137,3824673956800,3825521908800,true,
TXN-NO_LOCK-00340,REQ-SIM-00340,SIM-NO_LOCK-00340,CUS-00340,FSI-00167,1,NO_LOCK,pool-1-thread-340,3824679209700,3825521945000,true,
TXN-NO_LOCK-00139,REQ-SIM-00139,SIM-NO_LOCK-00139,CUS-00139,FSI-00167,1,NO_LOCK,pool-1-thread-139,3824673997700,3825522037600,true,
TXN-NO_LOCK-00186,REQ-SIM-00186,SIM-NO_LOCK-00186,CUS-00186,FSI-00167,1,NO_LOCK,pool-1-thread-186,3824675458000,3825522036600,true,
TXN-NO_LOCK-00105,REQ-SIM-00105,SIM-NO_LOCK-00105,CUS-00105,FSI-00167,1,NO_LOCK,pool-1-thread-105,3824673062300,3825522161000,true,
TXN-NO_LOCK-00281,REQ-SIM-00281,SIM-NO_LOCK-00281,CUS-00281,FSI-00167,1,NO_LOCK,pool-1-thread-281,3824677763200,3825522229900,true,
TXN-NO_LOCK-00322,REQ-SIM-00322,SIM-NO_LOCK-00322,CUS-00322,FSI-00167,1,NO_LOCK,pool-1-thread-322,3824678772000,3825522260400,true,
TXN-NO_LOCK-00274,REQ-SIM-00274,SIM-NO_LOCK-00274,CUS-00274,FSI-00167,1,NO_LOCK,pool-1-thread-274,3824677581400,3825522255500,true,
TXN-NO_LOCK-00310,REQ-SIM-00310,SIM-NO_LOCK-00310,CUS-00310,FSI-00167,1,NO_LOCK,pool-1-thread-310,3824678476000,3825522303600,true,
TXN-NO_LOCK-00120,REQ-SIM-00120,SIM-NO_LOCK-00120,CUS-00120,FSI-00167,1,NO_LOCK,pool-1-thread-120,3824673498100,3825522366900,true,
TXN-NO_LOCK-00041,REQ-SIM-00041,SIM-NO_LOCK-00041,CUS-00041,FSI-00167,1,NO_LOCK,pool-1-thread-41,3824669474000,3825522412500,true,
TXN-NO_LOCK-00684,REQ-SIM-00684,SIM-NO_LOCK-00684,CUS-00684,FSI-00167,1,NO_LOCK,pool-1-thread-684,3824690203700,3825522484200,true,
TXN-NO_LOCK-00714,REQ-SIM-00714,SIM-NO_LOCK-00714,CUS-00714,FSI-00167,1,NO_LOCK,pool-1-thread-714,3824691148600,3825522505300,true,
TXN-NO_LOCK-00013,REQ-SIM-00013,SIM-NO_LOCK-00013,CUS-00013,FSI-00167,1,NO_LOCK,pool-1-thread-13,3824669025000,3825522580000,true,
TXN-NO_LOCK-00079,REQ-SIM-00079,SIM-NO_LOCK-00079,CUS-00079,FSI-00167,1,NO_LOCK,pool-1-thread-79,3824671873100,3825522604300,true,
TXN-NO_LOCK-00685,REQ-SIM-00685,SIM-NO_LOCK-00685,CUS-00685,FSI-00167,1,NO_LOCK,pool-1-thread-685,3824690267500,3825522668600,true,
TXN-NO_LOCK-00078,REQ-SIM-00078,SIM-NO_LOCK-00078,CUS-00078,FSI-00167,1,NO_LOCK,pool-1-thread-78,3824671827000,3825522723500,true,
TXN-NO_LOCK-00251,REQ-SIM-00251,SIM-NO_LOCK-00251,CUS-00251,FSI-00167,1,NO_LOCK,pool-1-thread-251,3824677080300,3825522757800,true,
TXN-NO_LOCK-00259,REQ-SIM-00259,SIM-NO_LOCK-00259,CUS-00259,FSI-00167,1,NO_LOCK,pool-1-thread-259,3824677245600,3825523000800,true,
TXN-NO_LOCK-00266,REQ-SIM-00266,SIM-NO_LOCK-00266,CUS-00266,FSI-00167,1,NO_LOCK,pool-1-thread-266,3824677441100,3825523032400,true,
TXN-NO_LOCK-00173,REQ-SIM-00173,SIM-NO_LOCK-00173,CUS-00173,FSI-00167,1,NO_LOCK,pool-1-thread-173,3824675073600,3825522939900,true,
TXN-NO_LOCK-00119,REQ-SIM-00119,SIM-NO_LOCK-00119,CUS-00119,FSI-00167,1,NO_LOCK,pool-1-thread-119,3824673477300,3825523115700,true,
TXN-NO_LOCK-00365,REQ-SIM-00365,SIM-NO_LOCK-00365,CUS-00365,FSI-00167,1,NO_LOCK,pool-1-thread-365,3824679981400,3825523205000,true,
TXN-NO_LOCK-00035,REQ-SIM-00035,SIM-NO_LOCK-00035,CUS-00035,FSI-00167,1,NO_LOCK,pool-1-thread-35,3824669360300,3825523430300,true,
TXN-NO_LOCK-00203,REQ-SIM-00203,SIM-NO_LOCK-00203,CUS-00203,FSI-00167,1,NO_LOCK,pool-1-thread-203,3824675879900,3825523486700,true,
TXN-NO_LOCK-00245,REQ-SIM-00245,SIM-NO_LOCK-00245,CUS-00245,FSI-00167,1,NO_LOCK,pool-1-thread-245,3824676904100,3825523580500,true,
TXN-NO_LOCK-00207,REQ-SIM-00207,SIM-NO_LOCK-00207,CUS-00207,FSI-00167,1,NO_LOCK,pool-1-thread-207,3824675959600,3825523628800,true,
TXN-NO_LOCK-00257,REQ-SIM-00257,SIM-NO_LOCK-00257,CUS-00257,FSI-00167,1,NO_LOCK,pool-1-thread-257,3824677212000,3825523672000,true,
TXN-NO_LOCK-00017,REQ-SIM-00017,SIM-NO_LOCK-00017,CUS-00017,FSI-00167,1,NO_LOCK,pool-1-thread-17,3824669094700,3825523766700,true,
TXN-NO_LOCK-00026,REQ-SIM-00026,SIM-NO_LOCK-00026,CUS-00026,FSI-00167,1,NO_LOCK,pool-1-thread-26,3824669239600,3825523833300,true,
TXN-NO_LOCK-00155,REQ-SIM-00155,SIM-NO_LOCK-00155,CUS-00155,FSI-00167,1,NO_LOCK,pool-1-thread-155,3824674480000,3825523868500,true,
TXN-NO_LOCK-00164,REQ-SIM-00164,SIM-NO_LOCK-00164,CUS-00164,FSI-00167,1,NO_LOCK,pool-1-thread-164,3824674705900,3825523942600,true,
TXN-NO_LOCK-00218,REQ-SIM-00218,SIM-NO_LOCK-00218,CUS-00218,FSI-00167,1,NO_LOCK,pool-1-thread-218,3824676178500,3825523983200,true,
TXN-NO_LOCK-00230,REQ-SIM-00230,SIM-NO_LOCK-00230,CUS-00230,FSI-00167,1,NO_LOCK,pool-1-thread-230,3824676511100,3825523896800,true,
TXN-NO_LOCK-00976,REQ-SIM-00976,SIM-NO_LOCK-00976,CUS-00976,FSI-00167,1,NO_LOCK,pool-1-thread-976,3824698720700,3825524024800,true,
TXN-NO_LOCK-00071,REQ-SIM-00071,SIM-NO_LOCK-00071,CUS-00071,FSI-00167,1,NO_LOCK,pool-1-thread-71,3824670965000,3825523848200,true,
TXN-NO_LOCK-00143,REQ-SIM-00143,SIM-NO_LOCK-00143,CUS-00143,FSI-00167,1,NO_LOCK,pool-1-thread-143,3824674099500,3825524112600,true,
TXN-NO_LOCK-00980,REQ-SIM-00980,SIM-NO_LOCK-00980,CUS-00980,FSI-00167,1,NO_LOCK,pool-1-thread-980,3824698911100,3825524163400,true,
TXN-NO_LOCK-00032,REQ-SIM-00032,SIM-NO_LOCK-00032,CUS-00032,FSI-00167,1,NO_LOCK,pool-1-thread-32,3824669322100,3825523761100,true,
TXN-NO_LOCK-00214,REQ-SIM-00214,SIM-NO_LOCK-00214,CUS-00214,FSI-00167,1,NO_LOCK,pool-1-thread-214,3824676102800,3825524203100,true,
TXN-NO_LOCK-00067,REQ-SIM-00067,SIM-NO_LOCK-00067,CUS-00067,FSI-00167,1,NO_LOCK,pool-1-thread-67,3824670622400,3825523257000,true,
TXN-NO_LOCK-00095,REQ-SIM-00095,SIM-NO_LOCK-00095,CUS-00095,FSI-00167,1,NO_LOCK,pool-1-thread-95,3824672735000,3825524270400,true,
TXN-NO_LOCK-00152,REQ-SIM-00152,SIM-NO_LOCK-00152,CUS-00152,FSI-00167,1,NO_LOCK,pool-1-thread-152,3824674372100,3825524400000,true,
TXN-NO_LOCK-00135,REQ-SIM-00135,SIM-NO_LOCK-00135,CUS-00135,FSI-00167,1,NO_LOCK,pool-1-thread-135,3824673889500,3825524489600,true,
TXN-NO_LOCK-00215,REQ-SIM-00215,SIM-NO_LOCK-00215,CUS-00215,FSI-00167,1,NO_LOCK,pool-1-thread-215,3824676118600,3825524561700,true,
TXN-NO_LOCK-00053,REQ-SIM-00053,SIM-NO_LOCK-00053,CUS-00053,FSI-00167,1,NO_LOCK,pool-1-thread-53,3824669667200,3825524601800,true,
TXN-NO_LOCK-00352,REQ-SIM-00352,SIM-NO_LOCK-00352,CUS-00352,FSI-00167,1,NO_LOCK,pool-1-thread-352,3824679632800,3825524652600,true,
TXN-NO_LOCK-00130,REQ-SIM-00130,SIM-NO_LOCK-00130,CUS-00130,FSI-00167,1,NO_LOCK,pool-1-thread-130,3824673783800,3825524590000,true,
TXN-NO_LOCK-00212,REQ-SIM-00212,SIM-NO_LOCK-00212,CUS-00212,FSI-00167,1,NO_LOCK,pool-1-thread-212,3824676067100,3825524733500,true,
TXN-NO_LOCK-00244,REQ-SIM-00244,SIM-NO_LOCK-00244,CUS-00244,FSI-00167,1,NO_LOCK,pool-1-thread-244,3824676887800,3825524808400,true,
TXN-NO_LOCK-00239,REQ-SIM-00239,SIM-NO_LOCK-00239,CUS-00239,FSI-00167,1,NO_LOCK,pool-1-thread-239,3824676736700,3825524811800,true,
TXN-NO_LOCK-00983,REQ-SIM-00983,SIM-NO_LOCK-00983,CUS-00983,FSI-00167,1,NO_LOCK,pool-1-thread-983,3824698952300,3825524831200,true,
TXN-NO_LOCK-00442,REQ-SIM-00442,SIM-NO_LOCK-00442,CUS-00442,FSI-00167,1,NO_LOCK,pool-1-thread-442,3824682480500,3825524881100,true,
TXN-NO_LOCK-00301,REQ-SIM-00301,SIM-NO_LOCK-00301,CUS-00301,FSI-00167,1,NO_LOCK,pool-1-thread-301,3824678279800,3825524956900,true,
TXN-NO_LOCK-00385,REQ-SIM-00385,SIM-NO_LOCK-00385,CUS-00385,FSI-00167,1,NO_LOCK,pool-1-thread-385,3824680595800,3825525015600,true,
TXN-NO_LOCK-00293,REQ-SIM-00293,SIM-NO_LOCK-00293,CUS-00293,FSI-00167,1,NO_LOCK,pool-1-thread-293,3824678011000,3825525116300,true,
TXN-NO_LOCK-00188,REQ-SIM-00188,SIM-NO_LOCK-00188,CUS-00188,FSI-00167,1,NO_LOCK,pool-1-thread-188,3824675506000,3825525167700,true,
TXN-NO_LOCK-00464,REQ-SIM-00464,SIM-NO_LOCK-00464,CUS-00464,FSI-00167,1,NO_LOCK,pool-1-thread-464,3824683016700,3825525229900,true,
TXN-NO_LOCK-00134,REQ-SIM-00134,SIM-NO_LOCK-00134,CUS-00134,FSI-00167,1,NO_LOCK,pool-1-thread-134,3824673855900,3825525317600,true,
TXN-NO_LOCK-00014,REQ-SIM-00014,SIM-NO_LOCK-00014,CUS-00014,FSI-00167,1,NO_LOCK,pool-1-thread-14,3824669040900,3825525365100,true,
TXN-NO_LOCK-00015,REQ-SIM-00015,SIM-NO_LOCK-00015,CUS-00015,FSI-00167,1,NO_LOCK,pool-1-thread-15,3824669056600,3825525363800,true,
TXN-NO_LOCK-00738,REQ-SIM-00738,SIM-NO_LOCK-00738,CUS-00738,FSI-00167,1,NO_LOCK,pool-1-thread-738,3824691931500,3825525586500,true,
TXN-NO_LOCK-00282,REQ-SIM-00282,SIM-NO_LOCK-00282,CUS-00282,FSI-00167,1,NO_LOCK,pool-1-thread-282,3824677789400,3825525591600,true,
TXN-NO_LOCK-00063,REQ-SIM-00063,SIM-NO_LOCK-00063,CUS-00063,FSI-00167,1,NO_LOCK,pool-1-thread-63,3824669902900,3825525787000,true,
TXN-NO_LOCK-00084,REQ-SIM-00084,SIM-NO_LOCK-00084,CUS-00084,FSI-00167,1,NO_LOCK,pool-1-thread-84,3824672113300,3825525794700,true,
TXN-NO_LOCK-00199,REQ-SIM-00199,SIM-NO_LOCK-00199,CUS-00199,FSI-00167,1,NO_LOCK,pool-1-thread-199,3824675783600,3825525593200,true,
TXN-NO_LOCK-00739,REQ-SIM-00739,SIM-NO_LOCK-00739,CUS-00739,FSI-00167,1,NO_LOCK,pool-1-thread-739,3824691944500,3825525864300,true,
TXN-NO_LOCK-00774,REQ-SIM-00774,SIM-NO_LOCK-00774,CUS-00774,FSI-00167,1,NO_LOCK,pool-1-thread-774,3824692836600,3825525966700,true,
TXN-NO_LOCK-00168,REQ-SIM-00168,SIM-NO_LOCK-00168,CUS-00168,FSI-00167,1,NO_LOCK,pool-1-thread-168,3824674903800,3825525962500,true,
TXN-NO_LOCK-00254,REQ-SIM-00254,SIM-NO_LOCK-00254,CUS-00254,FSI-00167,1,NO_LOCK,pool-1-thread-254,3824677150400,3825526025100,true,
TXN-NO_LOCK-00144,REQ-SIM-00144,SIM-NO_LOCK-00144,CUS-00144,FSI-00167,1,NO_LOCK,pool-1-thread-144,3824674117300,3825526067500,true,
TXN-NO_LOCK-00721,REQ-SIM-00721,SIM-NO_LOCK-00721,CUS-00721,FSI-00167,1,NO_LOCK,pool-1-thread-721,3824699039800,3825526192100,true,
TXN-NO_LOCK-00247,REQ-SIM-00247,SIM-NO_LOCK-00247,CUS-00247,FSI-00167,1,NO_LOCK,pool-1-thread-247,3824676935300,3825526202600,true,
TXN-NO_LOCK-00311,REQ-SIM-00311,SIM-NO_LOCK-00311,CUS-00311,FSI-00167,1,NO_LOCK,pool-1-thread-311,3824678489900,3825526236500,true,
TXN-NO_LOCK-00202,REQ-SIM-00202,SIM-NO_LOCK-00202,CUS-00202,FSI-00167,1,NO_LOCK,pool-1-thread-202,3824675859500,3825526286800,true,
TXN-NO_LOCK-00098,REQ-SIM-00098,SIM-NO_LOCK-00098,CUS-00098,FSI-00167,1,NO_LOCK,pool-1-thread-98,3824672802000,3825526340000,true,
TXN-NO_LOCK-00979,REQ-SIM-00979,SIM-NO_LOCK-00979,CUS-00979,FSI-00167,1,NO_LOCK,pool-1-thread-979,3824698847800,3825526413000,true,
TXN-NO_LOCK-00167,REQ-SIM-00167,SIM-NO_LOCK-00167,CUS-00167,FSI-00167,1,NO_LOCK,pool-1-thread-167,3824674885900,3825526455900,true,
TXN-NO_LOCK-00750,REQ-SIM-00750,SIM-NO_LOCK-00750,CUS-00750,FSI-00167,1,NO_LOCK,pool-1-thread-750,3824692279300,3825526623400,true,
TXN-NO_LOCK-00667,REQ-SIM-00667,SIM-NO_LOCK-00667,CUS-00667,FSI-00167,1,NO_LOCK,pool-1-thread-667,3824689120800,3825526611900,true,
TXN-NO_LOCK-00116,REQ-SIM-00116,SIM-NO_LOCK-00116,CUS-00116,FSI-00167,1,NO_LOCK,pool-1-thread-116,3824673425800,3825526644100,true,
TXN-NO_LOCK-00990,REQ-SIM-00990,SIM-NO_LOCK-00990,CUS-00990,FSI-00167,1,NO_LOCK,pool-1-thread-990,3824699106900,3825526709400,true,
TXN-NO_LOCK-00228,REQ-SIM-00228,SIM-NO_LOCK-00228,CUS-00228,FSI-00167,1,NO_LOCK,pool-1-thread-228,3824676471500,3825526773000,true,
TXN-NO_LOCK-00217,REQ-SIM-00217,SIM-NO_LOCK-00217,CUS-00217,FSI-00167,1,NO_LOCK,pool-1-thread-217,3824676154000,3825526794700,true,
TXN-NO_LOCK-00093,REQ-SIM-00093,SIM-NO_LOCK-00093,CUS-00093,FSI-00167,1,NO_LOCK,pool-1-thread-93,3824672533600,3825526850100,true,
TXN-NO_LOCK-00271,REQ-SIM-00271,SIM-NO_LOCK-00271,CUS-00271,FSI-00167,1,NO_LOCK,pool-1-thread-271,3824677527900,3825526843400,true,
TXN-NO_LOCK-00258,REQ-SIM-00258,SIM-NO_LOCK-00258,CUS-00258,FSI-00167,1,NO_LOCK,pool-1-thread-258,3824677232600,3825526959500,true,
TXN-NO_LOCK-00223,REQ-SIM-00223,SIM-NO_LOCK-00223,CUS-00223,FSI-00167,1,NO_LOCK,pool-1-thread-223,3824676348200,3825526986000,true,
TXN-NO_LOCK-00842,REQ-SIM-00842,SIM-NO_LOCK-00842,CUS-00842,FSI-00167,1,NO_LOCK,pool-1-thread-842,3824691416800,3825527076300,true,
TXN-NO_LOCK-00264,REQ-SIM-00264,SIM-NO_LOCK-00264,CUS-00264,FSI-00167,1,NO_LOCK,pool-1-thread-264,3824677367700,3825527319600,true,
TXN-NO_LOCK-00387,REQ-SIM-00387,SIM-NO_LOCK-00387,CUS-00387,FSI-00167,1,NO_LOCK,pool-1-thread-387,3824680639400,3825527208300,true,
TXN-NO_LOCK-00769,REQ-SIM-00769,SIM-NO_LOCK-00769,CUS-00769,FSI-00167,1,NO_LOCK,pool-1-thread-769,3824692820800,3825527452900,true,
TXN-NO_LOCK-00236,REQ-SIM-00236,SIM-NO_LOCK-00236,CUS-00236,FSI-00167,1,NO_LOCK,pool-1-thread-236,3824676638200,3825527579100,true,
TXN-NO_LOCK-00666,REQ-SIM-00666,SIM-NO_LOCK-00666,CUS-00666,FSI-00167,1,NO_LOCK,pool-1-thread-666,3824689604500,3825527614600,true,
TXN-NO_LOCK-00193,REQ-SIM-00193,SIM-NO_LOCK-00193,CUS-00193,FSI-00167,1,NO_LOCK,pool-1-thread-193,3824675655200,3825527605800,true,
TXN-NO_LOCK-00966,REQ-SIM-00966,SIM-NO_LOCK-00966,CUS-00966,FSI-00167,1,NO_LOCK,pool-1-thread-966,3824698505000,3825527663100,true,
TXN-NO_LOCK-00153,REQ-SIM-00153,SIM-NO_LOCK-00153,CUS-00153,FSI-00167,1,NO_LOCK,pool-1-thread-153,3824674401300,3825527770500,true,
TXN-NO_LOCK-00491,REQ-SIM-00491,SIM-NO_LOCK-00491,CUS-00491,FSI-00167,1,NO_LOCK,pool-1-thread-491,3824683902000,3825527753600,true,
TXN-NO_LOCK-00018,REQ-SIM-00018,SIM-NO_LOCK-00018,CUS-00018,FSI-00167,1,NO_LOCK,pool-1-thread-18,3824669120100,3825527949100,true,
TXN-NO_LOCK-00660,REQ-SIM-00660,SIM-NO_LOCK-00660,CUS-00660,FSI-00167,1,NO_LOCK,pool-1-thread-660,3824689435500,3825528021800,true,
TXN-NO_LOCK-00673,REQ-SIM-00673,SIM-NO_LOCK-00673,CUS-00673,FSI-00167,1,NO_LOCK,pool-1-thread-673,3824689818400,3825528039000,true,
TXN-NO_LOCK-00072,REQ-SIM-00072,SIM-NO_LOCK-00072,CUS-00072,FSI-00167,1,NO_LOCK,pool-1-thread-72,3824670989100,3825528076800,true,
TXN-NO_LOCK-00128,REQ-SIM-00128,SIM-NO_LOCK-00128,CUS-00128,FSI-00167,1,NO_LOCK,pool-1-thread-128,3824673743700,3825528112200,true,
TXN-NO_LOCK-00697,REQ-SIM-00697,SIM-NO_LOCK-00697,CUS-00697,FSI-00167,1,NO_LOCK,pool-1-thread-697,3824690593200,3825528117600,true,
TXN-NO_LOCK-00183,REQ-SIM-00183,SIM-NO_LOCK-00183,CUS-00183,FSI-00167,1,NO_LOCK,pool-1-thread-183,3824675318800,3825528121200,true,
TXN-NO_LOCK-00242,REQ-SIM-00242,SIM-NO_LOCK-00242,CUS-00242,FSI-00167,1,NO_LOCK,pool-1-thread-242,3824676806900,3825528245300,true,
TXN-NO_LOCK-00087,REQ-SIM-00087,SIM-NO_LOCK-00087,CUS-00087,FSI-00167,1,NO_LOCK,pool-1-thread-87,3824672251700,3825528324800,true,
TXN-NO_LOCK-00804,REQ-SIM-00804,SIM-NO_LOCK-00804,CUS-00804,FSI-00167,1,NO_LOCK,pool-1-thread-804,3824693734700,3825528334300,true,
TXN-NO_LOCK-00999,REQ-SIM-00999,SIM-NO_LOCK-00999,CUS-00999,FSI-00167,1,NO_LOCK,pool-1-thread-999,3824699417100,3825528302000,true,
TXN-NO_LOCK-00081,REQ-SIM-00081,SIM-NO_LOCK-00081,CUS-00081,FSI-00167,1,NO_LOCK,pool-1-thread-81,3824671988200,3825528431700,true,
TXN-NO_LOCK-00187,REQ-SIM-00187,SIM-NO_LOCK-00187,CUS-00187,FSI-00167,1,NO_LOCK,pool-1-thread-187,3824675488900,3825528334300,true,
TXN-NO_LOCK-00386,REQ-SIM-00386,SIM-NO_LOCK-00386,CUS-00386,FSI-00167,1,NO_LOCK,pool-1-thread-386,3824680607600,3825527924300,true,
TXN-NO_LOCK-00662,REQ-SIM-00662,SIM-NO_LOCK-00662,CUS-00662,FSI-00167,1,NO_LOCK,pool-1-thread-662,3824689533000,3825528499200,true,
TXN-NO_LOCK-00059,REQ-SIM-00059,SIM-NO_LOCK-00059,CUS-00059,FSI-00167,1,NO_LOCK,pool-1-thread-59,3824669837300,3825528549100,true,
TXN-NO_LOCK-00065,REQ-SIM-00065,SIM-NO_LOCK-00065,CUS-00065,FSI-00167,1,NO_LOCK,pool-1-thread-65,3824670124500,3825528548900,true,
TXN-NO_LOCK-00972,REQ-SIM-00972,SIM-NO_LOCK-00972,CUS-00972,FSI-00167,1,NO_LOCK,pool-1-thread-972,3824698674700,3825528592000,true,
TXN-NO_LOCK-00975,REQ-SIM-00975,SIM-NO_LOCK-00975,CUS-00975,FSI-00167,1,NO_LOCK,pool-1-thread-975,3824698737200,3825528597100,true,
TXN-NO_LOCK-00457,REQ-SIM-00457,SIM-NO_LOCK-00457,CUS-00457,FSI-00167,1,NO_LOCK,pool-1-thread-457,3824682865600,3825528684300,true,
TXN-NO_LOCK-00129,REQ-SIM-00129,SIM-NO_LOCK-00129,CUS-00129,FSI-00167,1,NO_LOCK,pool-1-thread-129,3824673767700,3825528743100,true,
TXN-NO_LOCK-00924,REQ-SIM-00924,SIM-NO_LOCK-00924,CUS-00924,FSI-00167,1,NO_LOCK,pool-1-thread-924,3824697471800,3825528722700,true,
TXN-NO_LOCK-00086,REQ-SIM-00086,SIM-NO_LOCK-00086,CUS-00086,FSI-00167,1,NO_LOCK,pool-1-thread-86,3824672235700,3825528707400,true,
TXN-NO_LOCK-00029,REQ-SIM-00029,SIM-NO_LOCK-00029,CUS-00029,FSI-00167,1,NO_LOCK,pool-1-thread-29,3824669281900,3825528502700,true,
TXN-NO_LOCK-00727,REQ-SIM-00727,SIM-NO_LOCK-00727,CUS-00727,FSI-00167,1,NO_LOCK,pool-1-thread-727,3824691564800,3825528629200,true,
TXN-NO_LOCK-00651,REQ-SIM-00651,SIM-NO_LOCK-00651,CUS-00651,FSI-00167,1,NO_LOCK,pool-1-thread-651,3824689144600,3825528829200,true,
TXN-NO_LOCK-00006,REQ-SIM-00006,SIM-NO_LOCK-00006,CUS-00006,FSI-00167,1,NO_LOCK,pool-1-thread-6,3824668906300,3825528944800,true,
TXN-NO_LOCK-00123,REQ-SIM-00123,SIM-NO_LOCK-00123,CUS-00123,FSI-00167,1,NO_LOCK,pool-1-thread-123,3824673593300,3825528960800,true,
TXN-NO_LOCK-00463,REQ-SIM-00463,SIM-NO_LOCK-00463,CUS-00463,FSI-00167,1,NO_LOCK,pool-1-thread-463,3824683005200,3825528882800,true,
TXN-NO_LOCK-00341,REQ-SIM-00341,SIM-NO_LOCK-00341,CUS-00341,FSI-00167,1,NO_LOCK,pool-1-thread-341,3824679191200,3825529064100,true,
TXN-NO_LOCK-00024,REQ-SIM-00024,SIM-NO_LOCK-00024,CUS-00024,FSI-00167,1,NO_LOCK,pool-1-thread-24,3824669213000,3825529060700,true,
TXN-NO_LOCK-00077,REQ-SIM-00077,SIM-NO_LOCK-00077,CUS-00077,FSI-00167,1,NO_LOCK,pool-1-thread-77,3824671791100,3825529081500,true,
TXN-NO_LOCK-00876,REQ-SIM-00876,SIM-NO_LOCK-00876,CUS-00876,FSI-00167,1,NO_LOCK,pool-1-thread-876,3824695955700,3825529078400,true,
TXN-NO_LOCK-00211,REQ-SIM-00211,SIM-NO_LOCK-00211,CUS-00211,FSI-00167,1,NO_LOCK,pool-1-thread-211,3824676049200,3825529160600,true,
TXN-NO_LOCK-00042,REQ-SIM-00042,SIM-NO_LOCK-00042,CUS-00042,FSI-00167,1,NO_LOCK,pool-1-thread-42,3824669491600,3825529168700,true,
TXN-NO_LOCK-00291,REQ-SIM-00291,SIM-NO_LOCK-00291,CUS-00291,FSI-00167,1,NO_LOCK,pool-1-thread-291,3824677976000,3825529238000,true,
TXN-NO_LOCK-00418,REQ-SIM-00418,SIM-NO_LOCK-00418,CUS-00418,FSI-00167,1,NO_LOCK,pool-1-thread-418,3824681853700,3825529299800,true,
TXN-NO_LOCK-00436,REQ-SIM-00436,SIM-NO_LOCK-00436,CUS-00436,FSI-00167,1,NO_LOCK,pool-1-thread-436,3824682339100,3825529406800,true,
TXN-NO_LOCK-00936,REQ-SIM-00936,SIM-NO_LOCK-00936,CUS-00936,FSI-00167,1,NO_LOCK,pool-1-thread-936,3824697760700,3825529420500,true,
TXN-NO_LOCK-00686,REQ-SIM-00686,SIM-NO_LOCK-00686,CUS-00686,FSI-00167,1,NO_LOCK,pool-1-thread-686,3824690284500,3825529480400,true,
TXN-NO_LOCK-00775,REQ-SIM-00775,SIM-NO_LOCK-00775,CUS-00775,FSI-00167,1,NO_LOCK,pool-1-thread-775,3824692865200,3825529573000,true,
TXN-NO_LOCK-00657,REQ-SIM-00657,SIM-NO_LOCK-00657,CUS-00657,FSI-00167,1,NO_LOCK,pool-1-thread-657,3824689389700,3825529604300,true,
TXN-NO_LOCK-00406,REQ-SIM-00406,SIM-NO_LOCK-00406,CUS-00406,FSI-00167,1,NO_LOCK,pool-1-thread-406,3824681418800,3825529695400,true,
TXN-NO_LOCK-00260,REQ-SIM-00260,SIM-NO_LOCK-00260,CUS-00260,FSI-00167,1,NO_LOCK,pool-1-thread-260,3824677263700,3825529763600,true,
TXN-NO_LOCK-00320,REQ-SIM-00320,SIM-NO_LOCK-00320,CUS-00320,FSI-00167,1,NO_LOCK,pool-1-thread-320,3824678738000,3825529691400,true,
TXN-NO_LOCK-00624,REQ-SIM-00624,SIM-NO_LOCK-00624,CUS-00624,FSI-00167,1,NO_LOCK,pool-1-thread-624,3824688322600,3825529805500,true,
TXN-NO_LOCK-00547,REQ-SIM-00547,SIM-NO_LOCK-00547,CUS-00547,FSI-00167,1,NO_LOCK,pool-1-thread-547,3824685680800,3825529644000,true,
TXN-NO_LOCK-00249,REQ-SIM-00249,SIM-NO_LOCK-00249,CUS-00249,FSI-00167,1,NO_LOCK,pool-1-thread-249,3824676976400,3825529831300,true,
TXN-NO_LOCK-00423,REQ-SIM-00423,SIM-NO_LOCK-00423,CUS-00423,FSI-00167,1,NO_LOCK,pool-1-thread-423,3824682002800,3825529926900,true,
TXN-NO_LOCK-00935,REQ-SIM-00935,SIM-NO_LOCK-00935,CUS-00935,FSI-00167,1,NO_LOCK,pool-1-thread-935,3824697742000,3825529946200,true,
TXN-NO_LOCK-00370,REQ-SIM-00370,SIM-NO_LOCK-00370,CUS-00370,FSI-00167,1,NO_LOCK,pool-1-thread-370,3824680121500,3825530096600,true,
TXN-NO_LOCK-00462,REQ-SIM-00462,SIM-NO_LOCK-00462,CUS-00462,FSI-00167,1,NO_LOCK,pool-1-thread-462,3824682989400,3825530152000,true,
TXN-NO_LOCK-00809,REQ-SIM-00809,SIM-NO_LOCK-00809,CUS-00809,FSI-00167,1,NO_LOCK,pool-1-thread-809,3824694171700,3825530270200,true,
TXN-NO_LOCK-00273,REQ-SIM-00273,SIM-NO_LOCK-00273,CUS-00273,FSI-00167,1,NO_LOCK,pool-1-thread-273,3824677562800,3825530317400,true,
TXN-NO_LOCK-00308,REQ-SIM-00308,SIM-NO_LOCK-00308,CUS-00308,FSI-00167,1,NO_LOCK,pool-1-thread-308,3824678444200,3825530350400,true,
TXN-NO_LOCK-00896,REQ-SIM-00896,SIM-NO_LOCK-00896,CUS-00896,FSI-00167,1,NO_LOCK,pool-1-thread-896,3824696570200,3825530408000,true,
TXN-NO_LOCK-00852,REQ-SIM-00852,SIM-NO_LOCK-00852,CUS-00852,FSI-00167,1,NO_LOCK,pool-1-thread-852,3824695349200,3825530452300,true,
TXN-NO_LOCK-00088,REQ-SIM-00088,SIM-NO_LOCK-00088,CUS-00088,FSI-00167,1,NO_LOCK,pool-1-thread-88,3824672269600,3825530485800,true,
TXN-NO_LOCK-00031,REQ-SIM-00031,SIM-NO_LOCK-00031,CUS-00031,FSI-00167,1,NO_LOCK,pool-1-thread-31,3824669308800,3825530536500,true,
TXN-NO_LOCK-00504,REQ-SIM-00504,SIM-NO_LOCK-00504,CUS-00504,FSI-00167,1,NO_LOCK,pool-1-thread-504,3824684260800,3825530618900,true,
TXN-NO_LOCK-00179,REQ-SIM-00179,SIM-NO_LOCK-00179,CUS-00179,FSI-00167,1,NO_LOCK,pool-1-thread-179,3824675256600,3825530648100,true,
TXN-NO_LOCK-00170,REQ-SIM-00170,SIM-NO_LOCK-00170,CUS-00170,FSI-00167,1,NO_LOCK,pool-1-thread-170,3824674943700,3825530699900,true,
TXN-NO_LOCK-00505,REQ-SIM-00505,SIM-NO_LOCK-00505,CUS-00505,FSI-00167,1,NO_LOCK,pool-1-thread-505,3824684287500,3825530781300,true,
TXN-NO_LOCK-00939,REQ-SIM-00939,SIM-NO_LOCK-00939,CUS-00939,FSI-00167,1,NO_LOCK,pool-1-thread-939,3824695499000,3825530789400,true,
TXN-NO_LOCK-00287,REQ-SIM-00287,SIM-NO_LOCK-00287,CUS-00287,FSI-00167,1,NO_LOCK,pool-1-thread-287,3824677892300,3825530830100,true,
TXN-NO_LOCK-00798,REQ-SIM-00798,SIM-NO_LOCK-00798,CUS-00798,FSI-00167,1,NO_LOCK,pool-1-thread-798,3824693411800,3825530869000,true,
TXN-NO_LOCK-00506,REQ-SIM-00506,SIM-NO_LOCK-00506,CUS-00506,FSI-00167,1,NO_LOCK,pool-1-thread-506,3824684307500,3825531017900,true,
TXN-NO_LOCK-00644,REQ-SIM-00644,SIM-NO_LOCK-00644,CUS-00644,FSI-00167,1,NO_LOCK,pool-1-thread-644,3824688947900,3825531011700,true,
TXN-NO_LOCK-00582,REQ-SIM-00582,SIM-NO_LOCK-00582,CUS-00582,FSI-00167,1,NO_LOCK,pool-1-thread-582,3824686915500,3825531035600,true,
TXN-NO_LOCK-00372,REQ-SIM-00372,SIM-NO_LOCK-00372,CUS-00372,FSI-00167,1,NO_LOCK,pool-1-thread-372,3824680160000,3825531102300,true,
TXN-NO_LOCK-00361,REQ-SIM-00361,SIM-NO_LOCK-00361,CUS-00361,FSI-00167,1,NO_LOCK,pool-1-thread-361,3824679906900,3825531160100,true,
TXN-NO_LOCK-00043,REQ-SIM-00043,SIM-NO_LOCK-00043,CUS-00043,FSI-00167,1,NO_LOCK,pool-1-thread-43,3824669512900,3825531227800,true,
TXN-NO_LOCK-00987,REQ-SIM-00987,SIM-NO_LOCK-00987,CUS-00987,FSI-00167,1,NO_LOCK,pool-1-thread-987,3824699058400,3825531300600,true,
TXN-NO_LOCK-00307,REQ-SIM-00307,SIM-NO_LOCK-00307,CUS-00307,FSI-00167,1,NO_LOCK,pool-1-thread-307,3824678431000,3825531348300,true,
TXN-NO_LOCK-00820,REQ-SIM-00820,SIM-NO_LOCK-00820,CUS-00820,FSI-00167,1,NO_LOCK,pool-1-thread-820,3824694514700,3825531406600,true,
TXN-NO_LOCK-00402,REQ-SIM-00402,SIM-NO_LOCK-00402,CUS-00402,FSI-00167,1,NO_LOCK,pool-1-thread-402,3824681233700,3825531458300,true,
TXN-NO_LOCK-00323,REQ-SIM-00323,SIM-NO_LOCK-00323,CUS-00323,FSI-00167,1,NO_LOCK,pool-1-thread-323,3824678790100,3825531501900,true,
TXN-NO_LOCK-00573,REQ-SIM-00573,SIM-NO_LOCK-00573,CUS-00573,FSI-00167,1,NO_LOCK,pool-1-thread-573,3824686566400,3825531532400,true,
TXN-NO_LOCK-00445,REQ-SIM-00445,SIM-NO_LOCK-00445,CUS-00445,FSI-00167,1,NO_LOCK,pool-1-thread-445,3824682543800,3825531604600,true,
TXN-NO_LOCK-00940,REQ-SIM-00940,SIM-NO_LOCK-00940,CUS-00940,FSI-00167,1,NO_LOCK,pool-1-thread-940,3824695540400,3825531668000,true,
TXN-NO_LOCK-00389,REQ-SIM-00389,SIM-NO_LOCK-00389,CUS-00389,FSI-00167,1,NO_LOCK,pool-1-thread-389,3824680677800,3825531720600,true,
TXN-NO_LOCK-00917,REQ-SIM-00917,SIM-NO_LOCK-00917,CUS-00917,FSI-00167,1,NO_LOCK,pool-1-thread-917,3824697251800,3825531775100,true,
TXN-NO_LOCK-00956,REQ-SIM-00956,SIM-NO_LOCK-00956,CUS-00956,FSI-00167,1,NO_LOCK,pool-1-thread-956,3824696359200,3825531834900,true,
TXN-NO_LOCK-00701,REQ-SIM-00701,SIM-NO_LOCK-00701,CUS-00701,FSI-00167,1,NO_LOCK,pool-1-thread-701,3824690011700,3825531896100,true,
TXN-NO_LOCK-00797,REQ-SIM-00797,SIM-NO_LOCK-00797,CUS-00797,FSI-00167,1,NO_LOCK,pool-1-thread-797,3824696960200,3825531925900,true,
TXN-NO_LOCK-00640,REQ-SIM-00640,SIM-NO_LOCK-00640,CUS-00640,FSI-00167,1,NO_LOCK,pool-1-thread-640,3824688819300,3825531973600,true,
TXN-NO_LOCK-00796,REQ-SIM-00796,SIM-NO_LOCK-00796,CUS-00796,FSI-00167,1,NO_LOCK,pool-1-thread-796,3824690911700,3825532089900,true,
TXN-NO_LOCK-00437,REQ-SIM-00437,SIM-NO_LOCK-00437,CUS-00437,FSI-00167,1,NO_LOCK,pool-1-thread-437,3824682355800,3825532128800,true,
TXN-NO_LOCK-00963,REQ-SIM-00963,SIM-NO_LOCK-00963,CUS-00963,FSI-00167,1,NO_LOCK,pool-1-thread-963,3824698428900,3825532076200,true,
TXN-NO_LOCK-00670,REQ-SIM-00670,SIM-NO_LOCK-00670,CUS-00670,FSI-00167,1,NO_LOCK,pool-1-thread-670,3824689932800,3825532224100,true,
TXN-NO_LOCK-00741,REQ-SIM-00741,SIM-NO_LOCK-00741,CUS-00741,FSI-00167,1,NO_LOCK,pool-1-thread-741,3824692216600,3825532285000,true,
TXN-NO_LOCK-00688,REQ-SIM-00688,SIM-NO_LOCK-00688,CUS-00688,FSI-00167,1,NO_LOCK,pool-1-thread-688,3824690322600,3825532357900,true,
TXN-NO_LOCK-00938,REQ-SIM-00938,SIM-NO_LOCK-00938,CUS-00938,FSI-00167,1,NO_LOCK,pool-1-thread-938,3824697798400,3825532241400,true,
TXN-NO_LOCK-00559,REQ-SIM-00559,SIM-NO_LOCK-00559,CUS-00559,FSI-00167,1,NO_LOCK,pool-1-thread-559,3824685987600,3825532417800,true,
TXN-NO_LOCK-00279,REQ-SIM-00279,SIM-NO_LOCK-00279,CUS-00279,FSI-00167,1,NO_LOCK,pool-1-thread-279,3824677729100,3825532488400,true,
TXN-NO_LOCK-00843,REQ-SIM-00843,SIM-NO_LOCK-00843,CUS-00843,FSI-00167,1,NO_LOCK,pool-1-thread-843,3824695051900,3825532565400,true,
TXN-NO_LOCK-00284,REQ-SIM-00284,SIM-NO_LOCK-00284,CUS-00284,FSI-00167,1,NO_LOCK,pool-1-thread-284,3824677830200,3825532592500,true,
TXN-NO_LOCK-00746,REQ-SIM-00746,SIM-NO_LOCK-00746,CUS-00746,FSI-00167,1,NO_LOCK,pool-1-thread-746,3824692137400,3825532629300,true,
TXN-NO_LOCK-00520,REQ-SIM-00520,SIM-NO_LOCK-00520,CUS-00520,FSI-00167,1,NO_LOCK,pool-1-thread-520,3824684717700,3825532649900,true,
TXN-NO_LOCK-00362,REQ-SIM-00362,SIM-NO_LOCK-00362,CUS-00362,FSI-00167,1,NO_LOCK,pool-1-thread-362,3824679930000,3825532692900,true,
TXN-NO_LOCK-00460,REQ-SIM-00460,SIM-NO_LOCK-00460,CUS-00460,FSI-00167,1,NO_LOCK,pool-1-thread-460,3824682952600,3825532744100,true,
TXN-NO_LOCK-00511,REQ-SIM-00511,SIM-NO_LOCK-00511,CUS-00511,FSI-00167,1,NO_LOCK,pool-1-thread-511,3824684459000,3825532801800,true,
TXN-NO_LOCK-00503,REQ-SIM-00503,SIM-NO_LOCK-00503,CUS-00503,FSI-00167,1,NO_LOCK,pool-1-thread-503,3824684232500,3825532843400,true,
TXN-NO_LOCK-00331,REQ-SIM-00331,SIM-NO_LOCK-00331,CUS-00331,FSI-00167,1,NO_LOCK,pool-1-thread-331,3824678932000,3825532910100,true,
TXN-NO_LOCK-00566,REQ-SIM-00566,SIM-NO_LOCK-00566,CUS-00566,FSI-00167,1,NO_LOCK,pool-1-thread-566,3824686316500,3825532947500,true,
TXN-NO_LOCK-00958,REQ-SIM-00958,SIM-NO_LOCK-00958,CUS-00958,FSI-00167,1,NO_LOCK,pool-1-thread-958,3824698256000,3825532966100,true,
TXN-NO_LOCK-00415,REQ-SIM-00415,SIM-NO_LOCK-00415,CUS-00415,FSI-00167,1,NO_LOCK,pool-1-thread-415,3824681691400,3825533033800,true,
TXN-NO_LOCK-00591,REQ-SIM-00591,SIM-NO_LOCK-00591,CUS-00591,FSI-00167,1,NO_LOCK,pool-1-thread-591,3824687301100,3825533063300,true,
TXN-NO_LOCK-00930,REQ-SIM-00930,SIM-NO_LOCK-00930,CUS-00930,FSI-00167,1,NO_LOCK,pool-1-thread-930,3824697620400,3825533128300,true,
TXN-NO_LOCK-00928,REQ-SIM-00928,SIM-NO_LOCK-00928,CUS-00928,FSI-00167,1,NO_LOCK,pool-1-thread-928,3824695035400,3825533206000,true,
TXN-NO_LOCK-00626,REQ-SIM-00626,SIM-NO_LOCK-00626,CUS-00626,FSI-00167,1,NO_LOCK,pool-1-thread-626,3824688365300,3825533239100,true,
TXN-NO_LOCK-00488,REQ-SIM-00488,SIM-NO_LOCK-00488,CUS-00488,FSI-00167,1,NO_LOCK,pool-1-thread-488,3824683804800,3825533276500,true,
TXN-NO_LOCK-00111,REQ-SIM-00111,SIM-NO_LOCK-00111,CUS-00111,FSI-00167,1,NO_LOCK,pool-1-thread-111,3824673280400,3825533336900,true,
TXN-NO_LOCK-00443,REQ-SIM-00443,SIM-NO_LOCK-00443,CUS-00443,FSI-00167,1,NO_LOCK,pool-1-thread-443,3824682501900,3825533402900,true,
TXN-NO_LOCK-00100,REQ-SIM-00100,SIM-NO_LOCK-00100,CUS-00100,FSI-00167,1,NO_LOCK,pool-1-thread-100,3824672861900,3825533450100,true,
TXN-NO_LOCK-00395,REQ-SIM-00395,SIM-NO_LOCK-00395,CUS-00395,FSI-00167,1,NO_LOCK,pool-1-thread-395,3824680910100,3825533532400,true,
TXN-NO_LOCK-00927,REQ-SIM-00927,SIM-NO_LOCK-00927,CUS-00927,FSI-00167,1,NO_LOCK,pool-1-thread-927,3824697551700,3825533551400,true,
TXN-NO_LOCK-00632,REQ-SIM-00632,SIM-NO_LOCK-00632,CUS-00632,FSI-00167,1,NO_LOCK,pool-1-thread-632,3824688547500,3825533592300,true,
TXN-NO_LOCK-00805,REQ-SIM-00805,SIM-NO_LOCK-00805,CUS-00805,FSI-00167,1,NO_LOCK,pool-1-thread-805,3824693714700,3825533664600,true,
TXN-NO_LOCK-00814,REQ-SIM-00814,SIM-NO_LOCK-00814,CUS-00814,FSI-00167,1,NO_LOCK,pool-1-thread-814,3824694304900,3825533698200,true,
TXN-NO_LOCK-00803,REQ-SIM-00803,SIM-NO_LOCK-00803,CUS-00803,FSI-00167,1,NO_LOCK,pool-1-thread-803,3824693752500,3825533736700,true,
TXN-NO_LOCK-00328,REQ-SIM-00328,SIM-NO_LOCK-00328,CUS-00328,FSI-00167,1,NO_LOCK,pool-1-thread-328,3824678877800,3825533811000,true,
TXN-NO_LOCK-00668,REQ-SIM-00668,SIM-NO_LOCK-00668,CUS-00668,FSI-00167,1,NO_LOCK,pool-1-thread-668,3824689626000,3825533857800,true,
TXN-NO_LOCK-00196,REQ-SIM-00196,SIM-NO_LOCK-00196,CUS-00196,FSI-00167,1,NO_LOCK,pool-1-thread-196,3824675723600,3825533902500,true,
TXN-NO_LOCK-00844,REQ-SIM-00844,SIM-NO_LOCK-00844,CUS-00844,FSI-00167,1,NO_LOCK,pool-1-thread-844,3824695064500,3825533939900,true,
TXN-NO_LOCK-00628,REQ-SIM-00628,SIM-NO_LOCK-00628,CUS-00628,FSI-00167,1,NO_LOCK,pool-1-thread-628,3824688434000,3825533995300,true,
TXN-NO_LOCK-00903,REQ-SIM-00903,SIM-NO_LOCK-00903,CUS-00903,FSI-00167,1,NO_LOCK,pool-1-thread-903,3824698534400,3825534038500,true,
TXN-NO_LOCK-00982,REQ-SIM-00982,SIM-NO_LOCK-00982,CUS-00982,FSI-00167,1,NO_LOCK,pool-1-thread-982,3824698940000,3825534104900,true,
TXN-NO_LOCK-00020,REQ-SIM-00020,SIM-NO_LOCK-00020,CUS-00020,FSI-00167,1,NO_LOCK,pool-1-thread-20,3824669155000,3825534157400,true,
TXN-NO_LOCK-00112,REQ-SIM-00112,SIM-NO_LOCK-00112,CUS-00112,FSI-00167,1,NO_LOCK,pool-1-thread-112,3824673295700,3825534217200,true,
TXN-NO_LOCK-00131,REQ-SIM-00131,SIM-NO_LOCK-00131,CUS-00131,FSI-00167,1,NO_LOCK,pool-1-thread-131,3824673793000,3825534251600,true,
TXN-NO_LOCK-00988,REQ-SIM-00988,SIM-NO_LOCK-00988,CUS-00988,FSI-00167,1,NO_LOCK,pool-1-thread-988,3824699077200,3825534318200,true,
TXN-NO_LOCK-00674,REQ-SIM-00674,SIM-NO_LOCK-00674,CUS-00674,FSI-00167,1,NO_LOCK,pool-1-thread-674,3824690508500,3825534385500,true,
TXN-NO_LOCK-00056,REQ-SIM-00056,SIM-NO_LOCK-00056,CUS-00056,FSI-00167,1,NO_LOCK,pool-1-thread-56,3824669780200,3825534418700,true,
TXN-NO_LOCK-00290,REQ-SIM-00290,SIM-NO_LOCK-00290,CUS-00290,FSI-00167,1,NO_LOCK,pool-1-thread-290,3824677957200,3825534460000,true,
TXN-NO_LOCK-00480,REQ-SIM-00480,SIM-NO_LOCK-00480,CUS-00480,FSI-00167,1,NO_LOCK,pool-1-thread-480,3824683542200,3825534461200,true,
TXN-NO_LOCK-00887,REQ-SIM-00887,SIM-NO_LOCK-00887,CUS-00887,FSI-00167,1,NO_LOCK,pool-1-thread-887,3824698226300,3825534558000,true,
TXN-NO_LOCK-00994,REQ-SIM-00994,SIM-NO_LOCK-00994,CUS-00994,FSI-00167,1,NO_LOCK,pool-1-thread-994,3824699170100,3825534592600,true,
TXN-NO_LOCK-00270,REQ-SIM-00270,SIM-NO_LOCK-00270,CUS-00270,FSI-00167,1,NO_LOCK,pool-1-thread-270,3824677513300,3825534659700,true,
TXN-NO_LOCK-00446,REQ-SIM-00446,SIM-NO_LOCK-00446,CUS-00446,FSI-00167,1,NO_LOCK,pool-1-thread-446,3824682585100,3825534717400,true,
TXN-NO_LOCK-00522,REQ-SIM-00522,SIM-NO_LOCK-00522,CUS-00522,FSI-00167,1,NO_LOCK,pool-1-thread-522,3824684816400,3825534772200,true,
TXN-NO_LOCK-00430,REQ-SIM-00430,SIM-NO_LOCK-00430,CUS-00430,FSI-00167,1,NO_LOCK,pool-1-thread-430,3824682167200,3825534798700,true,
TXN-NO_LOCK-00953,REQ-SIM-00953,SIM-NO_LOCK-00953,CUS-00953,FSI-00167,1,NO_LOCK,pool-1-thread-953,3824698181600,3825534858400,true,
TXN-NO_LOCK-00535,REQ-SIM-00535,SIM-NO_LOCK-00535,CUS-00535,FSI-00167,1,NO_LOCK,pool-1-thread-535,3824685283100,3825534907000,true,
TXN-NO_LOCK-00220,REQ-SIM-00220,SIM-NO_LOCK-00220,CUS-00220,FSI-00167,1,NO_LOCK,pool-1-thread-220,3824676210700,3825534948600,true,
TXN-NO_LOCK-00351,REQ-SIM-00351,SIM-NO_LOCK-00351,CUS-00351,FSI-00167,1,NO_LOCK,pool-1-thread-351,3824679612400,3825534989400,true,
TXN-NO_LOCK-00961,REQ-SIM-00961,SIM-NO_LOCK-00961,CUS-00961,FSI-00167,1,NO_LOCK,pool-1-thread-961,3824696548700,3825535031700,true,
TXN-NO_LOCK-00952,REQ-SIM-00952,SIM-NO_LOCK-00952,CUS-00952,FSI-00167,1,NO_LOCK,pool-1-thread-952,3824698138400,3825535070300,true,
TXN-NO_LOCK-00992,REQ-SIM-00992,SIM-NO_LOCK-00992,CUS-00992,FSI-00167,1,NO_LOCK,pool-1-thread-992,3824699135500,3825535129100,true,
TXN-NO_LOCK-00682,REQ-SIM-00682,SIM-NO_LOCK-00682,CUS-00682,FSI-00167,1,NO_LOCK,pool-1-thread-682,3824690094700,3825535166800,true,
TXN-NO_LOCK-00944,REQ-SIM-00944,SIM-NO_LOCK-00944,CUS-00944,FSI-00167,1,NO_LOCK,pool-1-thread-944,3824697970100,3825535224100,true,
TXN-NO_LOCK-00698,REQ-SIM-00698,SIM-NO_LOCK-00698,CUS-00698,FSI-00167,1,NO_LOCK,pool-1-thread-698,3824691843700,3825535266400,true,
TXN-NO_LOCK-00817,REQ-SIM-00817,SIM-NO_LOCK-00817,CUS-00817,FSI-00167,1,NO_LOCK,pool-1-thread-817,3824694062900,3825535308200,true,
TXN-NO_LOCK-00001,REQ-SIM-00001,SIM-NO_LOCK-00001,CUS-00001,FSI-00167,1,NO_LOCK,pool-1-thread-1,3824668888300,3825535342200,true,
TXN-NO_LOCK-00970,REQ-SIM-00970,SIM-NO_LOCK-00970,CUS-00970,FSI-00167,1,NO_LOCK,pool-1-thread-970,3824698645600,3825535392900,true,
TXN-NO_LOCK-00677,REQ-SIM-00677,SIM-NO_LOCK-00677,CUS-00677,FSI-00167,1,NO_LOCK,pool-1-thread-677,3824690076700,3825535455100,true,
TXN-NO_LOCK-00367,REQ-SIM-00367,SIM-NO_LOCK-00367,CUS-00367,FSI-00167,1,NO_LOCK,pool-1-thread-367,3824680017700,3825535478700,true,
TXN-NO_LOCK-00600,REQ-SIM-00600,SIM-NO_LOCK-00600,CUS-00600,FSI-00167,1,NO_LOCK,pool-1-thread-600,3824687582400,3825535528200,true,
TXN-NO_LOCK-00055,REQ-SIM-00055,SIM-NO_LOCK-00055,CUS-00055,FSI-00167,1,NO_LOCK,pool-1-thread-55,3824669702600,3825535565400,true,
TXN-NO_LOCK-00835,REQ-SIM-00835,SIM-NO_LOCK-00835,CUS-00835,FSI-00167,1,NO_LOCK,pool-1-thread-835,3824694905700,3825535618200,true,
TXN-NO_LOCK-00822,REQ-SIM-00822,SIM-NO_LOCK-00822,CUS-00822,FSI-00167,1,NO_LOCK,pool-1-thread-822,3824694409800,3825535679800,true,
TXN-NO_LOCK-00740,REQ-SIM-00740,SIM-NO_LOCK-00740,CUS-00740,FSI-00167,1,NO_LOCK,pool-1-thread-740,3824691964900,3825535746900,true,
TXN-NO_LOCK-00847,REQ-SIM-00847,SIM-NO_LOCK-00847,CUS-00847,FSI-00167,1,NO_LOCK,pool-1-thread-847,3824695138000,3825535750200,true,
TXN-NO_LOCK-00269,REQ-SIM-00269,SIM-NO_LOCK-00269,CUS-00269,FSI-00167,1,NO_LOCK,pool-1-thread-269,3824677498000,3825535792100,true,
TXN-NO_LOCK-00416,REQ-SIM-00416,SIM-NO_LOCK-00416,CUS-00416,FSI-00167,1,NO_LOCK,pool-1-thread-416,3824681783700,3825535877800,true,
TXN-NO_LOCK-00527,REQ-SIM-00527,SIM-NO_LOCK-00527,CUS-00527,FSI-00167,1,NO_LOCK,pool-1-thread-527,3824684985200,3825535898200,true,
TXN-NO_LOCK-00159,REQ-SIM-00159,SIM-NO_LOCK-00159,CUS-00159,FSI-00167,1,NO_LOCK,pool-1-thread-159,3824674565500,3825535928800,true,
TXN-NO_LOCK-00369,REQ-SIM-00369,SIM-NO_LOCK-00369,CUS-00369,FSI-00167,1,NO_LOCK,pool-1-thread-369,3824680098500,3825535990600,true,
TXN-NO_LOCK-00040,REQ-SIM-00040,SIM-NO_LOCK-00040,CUS-00040,FSI-00167,1,NO_LOCK,pool-1-thread-40,3824669455200,3825536040300,true,
TXN-NO_LOCK-00823,REQ-SIM-00823,SIM-NO_LOCK-00823,CUS-00823,FSI-00167,1,NO_LOCK,pool-1-thread-823,3824694444300,3825536096800,true,
TXN-NO_LOCK-00645,REQ-SIM-00645,SIM-NO_LOCK-00645,CUS-00645,FSI-00167,1,NO_LOCK,pool-1-thread-645,3824689301300,3825536154900,true,
TXN-NO_LOCK-00272,REQ-SIM-00272,SIM-NO_LOCK-00272,CUS-00272,FSI-00167,1,NO_LOCK,pool-1-thread-272,3824677543200,3825536203300,true,
TXN-NO_LOCK-00834,REQ-SIM-00834,SIM-NO_LOCK-00834,CUS-00834,FSI-00167,1,NO_LOCK,pool-1-thread-834,3824694881000,3825536298300,true,
TXN-NO_LOCK-00022,REQ-SIM-00022,SIM-NO_LOCK-00022,CUS-00022,FSI-00167,1,NO_LOCK,pool-1-thread-22,3824669186000,3825536323100,true,
TXN-NO_LOCK-00861,REQ-SIM-00861,SIM-NO_LOCK-00861,CUS-00861,FSI-00167,1,NO_LOCK,pool-1-thread-861,3824697832100,3825536365300,true,
TXN-NO_LOCK-00703,REQ-SIM-00703,SIM-NO_LOCK-00703,CUS-00703,FSI-00167,1,NO_LOCK,pool-1-thread-703,3824690802000,3825536394000,true,
TXN-NO_LOCK-00855,REQ-SIM-00855,SIM-NO_LOCK-00855,CUS-00855,FSI-00167,1,NO_LOCK,pool-1-thread-855,3824697779800,3825536491000,true,
TXN-NO_LOCK-00526,REQ-SIM-00526,SIM-NO_LOCK-00526,CUS-00526,FSI-00167,1,NO_LOCK,pool-1-thread-526,3824684968200,3825536519800,true,
TXN-NO_LOCK-00539,REQ-SIM-00539,SIM-NO_LOCK-00539,CUS-00539,FSI-00167,1,NO_LOCK,pool-1-thread-539,3824685415500,3825536545900,true,
TXN-NO_LOCK-00441,REQ-SIM-00441,SIM-NO_LOCK-00441,CUS-00441,FSI-00167,1,NO_LOCK,pool-1-thread-441,3824682467200,3825536628300,true,
TXN-NO_LOCK-00149,REQ-SIM-00149,SIM-NO_LOCK-00149,CUS-00149,FSI-00167,1,NO_LOCK,pool-1-thread-149,3824674224900,3825536680900,true,
TXN-NO_LOCK-00647,REQ-SIM-00647,SIM-NO_LOCK-00647,CUS-00647,FSI-00167,1,NO_LOCK,pool-1-thread-647,3824689168700,3825536705400,true,
TXN-NO_LOCK-00692,REQ-SIM-00692,SIM-NO_LOCK-00692,CUS-00692,FSI-00167,1,NO_LOCK,pool-1-thread-692,3824690452200,3825536773900,true,
TXN-NO_LOCK-00890,REQ-SIM-00890,SIM-NO_LOCK-00890,CUS-00890,FSI-00167,1,NO_LOCK,pool-1-thread-890,3824696418300,3825536820600,true,
TXN-NO_LOCK-00773,REQ-SIM-00773,SIM-NO_LOCK-00773,CUS-00773,FSI-00167,1,NO_LOCK,pool-1-thread-773,3824693260900,3825536874700,true,
TXN-NO_LOCK-00343,REQ-SIM-00343,SIM-NO_LOCK-00343,CUS-00343,FSI-00167,1,NO_LOCK,pool-1-thread-343,3824679284700,3825536933800,true,
TXN-NO_LOCK-00942,REQ-SIM-00942,SIM-NO_LOCK-00942,CUS-00942,FSI-00167,1,NO_LOCK,pool-1-thread-942,3824697896000,3825536979800,true,
TXN-NO_LOCK-00946,REQ-SIM-00946,SIM-NO_LOCK-00946,CUS-00946,FSI-00167,1,NO_LOCK,pool-1-thread-946,3824695772000,3825537029300,true,
TXN-NO_LOCK-00875,REQ-SIM-00875,SIM-NO_LOCK-00875,CUS-00875,FSI-00167,1,NO_LOCK,pool-1-thread-875,3824695892700,3825537089200,true,
TXN-NO_LOCK-00425,REQ-SIM-00425,SIM-NO_LOCK-00425,CUS-00425,FSI-00167,1,NO_LOCK,pool-1-thread-425,3824682041200,3825537139500,true,
TXN-NO_LOCK-00909,REQ-SIM-00909,SIM-NO_LOCK-00909,CUS-00909,FSI-00167,1,NO_LOCK,pool-1-thread-909,3824696976400,3825537183100,true,
TXN-NO_LOCK-00793,REQ-SIM-00793,SIM-NO_LOCK-00793,CUS-00793,FSI-00167,1,NO_LOCK,pool-1-thread-793,3824693356400,3825537238500,true,
TXN-NO_LOCK-00871,REQ-SIM-00871,SIM-NO_LOCK-00871,CUS-00871,FSI-00167,1,NO_LOCK,pool-1-thread-871,3824695789400,3825537285100,true,
TXN-NO_LOCK-00790,REQ-SIM-00790,SIM-NO_LOCK-00790,CUS-00790,FSI-00167,1,NO_LOCK,pool-1-thread-790,3824693630300,3825537331700,true,
TXN-NO_LOCK-00450,REQ-SIM-00450,SIM-NO_LOCK-00450,CUS-00450,FSI-00167,1,NO_LOCK,pool-1-thread-450,3824682701000,3825537388900,true,
TXN-NO_LOCK-00603,REQ-SIM-00603,SIM-NO_LOCK-00603,CUS-00603,FSI-00167,1,NO_LOCK,pool-1-thread-603,3824687695200,3825537447700,true,
TXN-NO_LOCK-00663,REQ-SIM-00663,SIM-NO_LOCK-00663,CUS-00663,FSI-00167,1,NO_LOCK,pool-1-thread-663,3824689548000,3825537497000,true,
TXN-NO_LOCK-00744,REQ-SIM-00744,SIM-NO_LOCK-00744,CUS-00744,FSI-00167,1,NO_LOCK,pool-1-thread-744,3824691986900,3825537545900,true,
TXN-NO_LOCK-00138,REQ-SIM-00138,SIM-NO_LOCK-00138,CUS-00138,FSI-00167,1,NO_LOCK,pool-1-thread-138,3824673975600,3825537605900,true,
TXN-NO_LOCK-00224,REQ-SIM-00224,SIM-NO_LOCK-00224,CUS-00224,FSI-00167,1,NO_LOCK,pool-1-thread-224,3824676365900,3825537652100,true,
TXN-NO_LOCK-00570,REQ-SIM-00570,SIM-NO_LOCK-00570,CUS-00570,FSI-00167,1,NO_LOCK,pool-1-thread-570,3824686466900,3825537679800,true,
TXN-NO_LOCK-00008,REQ-SIM-00008,SIM-NO_LOCK-00008,CUS-00008,FSI-00167,1,NO_LOCK,pool-1-thread-8,3824668866800,3825537721300,true,
TXN-NO_LOCK-00434,REQ-SIM-00434,SIM-NO_LOCK-00434,CUS-00434,FSI-00167,1,NO_LOCK,pool-1-thread-434,3824682299800,3825537752300,true,
TXN-NO_LOCK-00509,REQ-SIM-00509,SIM-NO_LOCK-00509,CUS-00509,FSI-00167,1,NO_LOCK,pool-1-thread-509,3824684384600,3825537787800,true,
TXN-NO_LOCK-01000,REQ-SIM-01000,SIM-NO_LOCK-01000,CUS-01000,FSI-00167,1,NO_LOCK,pool-1-thread-1000,3824699472700,3825537834600,true,
TXN-NO_LOCK-00894,REQ-SIM-00894,SIM-NO_LOCK-00894,CUS-00894,FSI-00167,1,NO_LOCK,pool-1-thread-894,3824696498200,3825537879700,true,
TXN-NO_LOCK-00594,REQ-SIM-00594,SIM-NO_LOCK-00594,CUS-00594,FSI-00167,1,NO_LOCK,pool-1-thread-594,3824687396200,3825537926400,true,
TXN-NO_LOCK-00929,REQ-SIM-00929,SIM-NO_LOCK-00929,CUS-00929,FSI-00167,1,NO_LOCK,pool-1-thread-929,3824697603700,3825537997200,true,
TXN-NO_LOCK-00965,REQ-SIM-00965,SIM-NO_LOCK-00965,CUS-00965,FSI-00167,1,NO_LOCK,pool-1-thread-965,3824698489900,3825538030300,true,
TXN-NO_LOCK-00471,REQ-SIM-00471,SIM-NO_LOCK-00471,CUS-00471,FSI-00167,1,NO_LOCK,pool-1-thread-471,3824683278100,3825538042700,true,
TXN-NO_LOCK-00856,REQ-SIM-00856,SIM-NO_LOCK-00856,CUS-00856,FSI-00167,1,NO_LOCK,pool-1-thread-856,3824695454000,3825538102900,true,
TXN-NO_LOCK-00745,REQ-SIM-00745,SIM-NO_LOCK-00745,CUS-00745,FSI-00167,1,NO_LOCK,pool-1-thread-745,3824692121400,3825538135600,true,
TXN-NO_LOCK-00955,REQ-SIM-00955,SIM-NO_LOCK-00955,CUS-00955,FSI-00167,1,NO_LOCK,pool-1-thread-955,3824698212400,3825538171400,true,
TXN-NO_LOCK-00508,REQ-SIM-00508,SIM-NO_LOCK-00508,CUS-00508,FSI-00167,1,NO_LOCK,pool-1-thread-508,3824684334800,3825538227000,true,
TXN-NO_LOCK-00061,REQ-SIM-00061,SIM-NO_LOCK-00061,CUS-00061,FSI-00167,1,NO_LOCK,pool-1-thread-61,3824669869700,3825538290500,true,
TXN-NO_LOCK-00675,REQ-SIM-00675,SIM-NO_LOCK-00675,CUS-00675,FSI-00167,1,NO_LOCK,pool-1-thread-675,3824689875000,3825538294900,true,
TXN-NO_LOCK-00689,REQ-SIM-00689,SIM-NO_LOCK-00689,CUS-00689,FSI-00167,1,NO_LOCK,pool-1-thread-689,3824690371800,3825538389100,true,
TXN-NO_LOCK-00598,REQ-SIM-00598,SIM-NO_LOCK-00598,CUS-00598,FSI-00167,1,NO_LOCK,pool-1-thread-598,3824687503000,3825538478900,true,
TXN-NO_LOCK-00476,REQ-SIM-00476,SIM-NO_LOCK-00476,CUS-00476,FSI-00167,1,NO_LOCK,pool-1-thread-476,3824683396400,3825538487700,true,
TXN-NO_LOCK-00581,REQ-SIM-00581,SIM-NO_LOCK-00581,CUS-00581,FSI-00167,1,NO_LOCK,pool-1-thread-581,3824686895300,3825538508900,true,
TXN-NO_LOCK-00818,REQ-SIM-00818,SIM-NO_LOCK-00818,CUS-00818,FSI-00167,1,NO_LOCK,pool-1-thread-818,3824697115900,3825538579600,true,
TXN-NO_LOCK-00783,REQ-SIM-00783,SIM-NO_LOCK-00783,CUS-00783,FSI-00167,1,NO_LOCK,pool-1-thread-783,3824696301500,3825538619800,true,
TXN-NO_LOCK-00359,REQ-SIM-00359,SIM-NO_LOCK-00359,CUS-00359,FSI-00167,1,NO_LOCK,pool-1-thread-359,3824679825600,3825538674100,true,
TXN-NO_LOCK-00096,REQ-SIM-00096,SIM-NO_LOCK-00096,CUS-00096,FSI-00167,1,NO_LOCK,pool-1-thread-96,3824672752500,3825538706900,true,
TXN-NO_LOCK-00082,REQ-SIM-00082,SIM-NO_LOCK-00082,CUS-00082,FSI-00167,1,NO_LOCK,pool-1-thread-82,3824672027200,3825538783900,true,
TXN-NO_LOCK-00420,REQ-SIM-00420,SIM-NO_LOCK-00420,CUS-00420,FSI-00167,1,NO_LOCK,pool-1-thread-420,3824681888500,3825538834100,true,
TXN-NO_LOCK-00998,REQ-SIM-00998,SIM-NO_LOCK-00998,CUS-00998,FSI-00167,1,NO_LOCK,pool-1-thread-998,3824699401000,3825538884200,true,
TXN-NO_LOCK-00821,REQ-SIM-00821,SIM-NO_LOCK-00821,CUS-00821,FSI-00167,1,NO_LOCK,pool-1-thread-821,3824694535500,3825538926400,true,
TXN-NO_LOCK-00502,REQ-SIM-00502,SIM-NO_LOCK-00502,CUS-00502,FSI-00167,1,NO_LOCK,pool-1-thread-502,3824684211500,3825538965900,true,
TXN-NO_LOCK-00360,REQ-SIM-00360,SIM-NO_LOCK-00360,CUS-00360,FSI-00167,1,NO_LOCK,pool-1-thread-360,3824679866000,3825539047400,true,
TXN-NO_LOCK-00704,REQ-SIM-00704,SIM-NO_LOCK-00704,CUS-00704,FSI-00167,1,NO_LOCK,pool-1-thread-704,3824690821200,3825539111300,true,
TXN-NO_LOCK-00642,REQ-SIM-00642,SIM-NO_LOCK-00642,CUS-00642,FSI-00167,1,NO_LOCK,pool-1-thread-642,3824688863300,3825539158500,true,
TXN-NO_LOCK-00201,REQ-SIM-00201,SIM-NO_LOCK-00201,CUS-00201,FSI-00167,1,NO_LOCK,pool-1-thread-201,3824675842300,3825539214900,true,
TXN-NO_LOCK-00449,REQ-SIM-00449,SIM-NO_LOCK-00449,CUS-00449,FSI-00167,1,NO_LOCK,pool-1-thread-449,3824682678000,3825539247900,true,
TXN-NO_LOCK-00665,REQ-SIM-00665,SIM-NO_LOCK-00665,CUS-00665,FSI-00167,1,NO_LOCK,pool-1-thread-665,3824689890500,3825539334500,true,
TXN-NO_LOCK-00592,REQ-SIM-00592,SIM-NO_LOCK-00592,CUS-00592,FSI-00167,1,NO_LOCK,pool-1-thread-592,3824687336000,3825539389700,true,
TXN-NO_LOCK-00337,REQ-SIM-00337,SIM-NO_LOCK-00337,CUS-00337,FSI-00167,1,NO_LOCK,pool-1-thread-337,3824679132700,3825539433600,true,
TXN-NO_LOCK-00588,REQ-SIM-00588,SIM-NO_LOCK-00588,CUS-00588,FSI-00167,1,NO_LOCK,pool-1-thread-588,3824687175600,3825539481400,true,
TXN-NO_LOCK-00737,REQ-SIM-00737,SIM-NO_LOCK-00737,CUS-00737,FSI-00167,1,NO_LOCK,pool-1-thread-737,3824691882400,3825539538100,true,
TXN-NO_LOCK-00267,REQ-SIM-00267,SIM-NO_LOCK-00267,CUS-00267,FSI-00167,1,NO_LOCK,pool-1-thread-267,3824677459000,3825539577300,true,
TXN-NO_LOCK-00867,REQ-SIM-00867,SIM-NO_LOCK-00867,CUS-00867,FSI-00167,1,NO_LOCK,pool-1-thread-867,3824695707300,3825539640100,true,
TXN-NO_LOCK-00496,REQ-SIM-00496,SIM-NO_LOCK-00496,CUS-00496,FSI-00167,1,NO_LOCK,pool-1-thread-496,3824684008600,3825539694500,true,
TXN-NO_LOCK-00338,REQ-SIM-00338,SIM-NO_LOCK-00338,CUS-00338,FSI-00167,1,NO_LOCK,pool-1-thread-338,3824679152300,3825539735500,true,
TXN-NO_LOCK-00523,REQ-SIM-00523,SIM-NO_LOCK-00523,CUS-00523,FSI-00167,1,NO_LOCK,pool-1-thread-523,3824684823800,3825539783200,true,
TXN-NO_LOCK-00720,REQ-SIM-00720,SIM-NO_LOCK-00720,CUS-00720,FSI-00167,1,NO_LOCK,pool-1-thread-720,3824695023000,3825539837600,true,
TXN-NO_LOCK-00585,REQ-SIM-00585,SIM-NO_LOCK-00585,CUS-00585,FSI-00167,1,NO_LOCK,pool-1-thread-585,3824687023900,3825539892900,true,
TXN-NO_LOCK-00728,REQ-SIM-00728,SIM-NO_LOCK-00728,CUS-00728,FSI-00167,1,NO_LOCK,pool-1-thread-728,3824691625600,3825539945900,true,
TXN-NO_LOCK-00553,REQ-SIM-00553,SIM-NO_LOCK-00553,CUS-00553,FSI-00167,1,NO_LOCK,pool-1-thread-553,3824685838100,3825540002900,true,
TXN-NO_LOCK-00771,REQ-SIM-00771,SIM-NO_LOCK-00771,CUS-00771,FSI-00167,1,NO_LOCK,pool-1-thread-771,3824692952600,3825540043900,true,
TXN-NO_LOCK-00232,REQ-SIM-00232,SIM-NO_LOCK-00232,CUS-00232,FSI-00167,1,NO_LOCK,pool-1-thread-232,3824676550600,3825540103500,true,
TXN-NO_LOCK-00606,REQ-SIM-00606,SIM-NO_LOCK-00606,CUS-00606,FSI-00167,1,NO_LOCK,pool-1-thread-606,3824687797900,3825540155300,true,
TXN-NO_LOCK-00518,REQ-SIM-00518,SIM-NO_LOCK-00518,CUS-00518,FSI-00167,1,NO_LOCK,pool-1-thread-518,3824684665600,3825540216900,true,
TXN-NO_LOCK-00627,REQ-SIM-00627,SIM-NO_LOCK-00627,CUS-00627,FSI-00167,1,NO_LOCK,pool-1-thread-627,3824688453200,3825540247000,true,
TXN-NO_LOCK-00487,REQ-SIM-00487,SIM-NO_LOCK-00487,CUS-00487,FSI-00167,1,NO_LOCK,pool-1-thread-487,3824683753700,3825540303500,true,
TXN-NO_LOCK-00699,REQ-SIM-00699,SIM-NO_LOCK-00699,CUS-00699,FSI-00167,1,NO_LOCK,pool-1-thread-699,3824690623700,3825540351700,true,
TXN-NO_LOCK-00182,REQ-SIM-00182,SIM-NO_LOCK-00182,CUS-00182,FSI-00167,1,NO_LOCK,pool-1-thread-182,3824675300400,3825540404600,true,
TXN-NO_LOCK-00650,REQ-SIM-00650,SIM-NO_LOCK-00650,CUS-00650,FSI-00167,1,NO_LOCK,pool-1-thread-650,3824689025100,3825540456200,true,
TXN-NO_LOCK-00874,REQ-SIM-00874,SIM-NO_LOCK-00874,CUS-00874,FSI-00167,1,NO_LOCK,pool-1-thread-874,3824695879100,3825540515800,true,
TXN-NO_LOCK-00687,REQ-SIM-00687,SIM-NO_LOCK-00687,CUS-00687,FSI-00167,1,NO_LOCK,pool-1-thread-687,3824690301900,3825540559200,true,
TXN-NO_LOCK-00068,REQ-SIM-00068,SIM-NO_LOCK-00068,CUS-00068,FSI-00167,1,NO_LOCK,pool-1-thread-68,3824670696900,3825540627800,true,
TXN-NO_LOCK-00567,REQ-SIM-00567,SIM-NO_LOCK-00567,CUS-00567,FSI-00167,1,NO_LOCK,pool-1-thread-567,3824686333100,3825540668900,true,
TXN-NO_LOCK-00826,REQ-SIM-00826,SIM-NO_LOCK-00826,CUS-00826,FSI-00167,1,NO_LOCK,pool-1-thread-826,3824690962100,3825540736700,true,
TXN-NO_LOCK-00838,REQ-SIM-00838,SIM-NO_LOCK-00838,CUS-00838,FSI-00167,1,NO_LOCK,pool-1-thread-838,3824697532500,3825540742400,true,
TXN-NO_LOCK-00384,REQ-SIM-00384,SIM-NO_LOCK-00384,CUS-00384,FSI-00167,1,NO_LOCK,pool-1-thread-384,3824680549100,3825540792600,true,
TXN-NO_LOCK-00521,REQ-SIM-00521,SIM-NO_LOCK-00521,CUS-00521,FSI-00167,1,NO_LOCK,pool-1-thread-521,3824684749900,3825540849500,true,
TXN-NO_LOCK-00860,REQ-SIM-00860,SIM-NO_LOCK-00860,CUS-00860,FSI-00167,1,NO_LOCK,pool-1-thread-860,3824695513600,3825540884400,true,
TXN-NO_LOCK-00778,REQ-SIM-00778,SIM-NO_LOCK-00778,CUS-00778,FSI-00167,1,NO_LOCK,pool-1-thread-778,3824693296600,3825540923300,true,
TXN-NO_LOCK-00613,REQ-SIM-00613,SIM-NO_LOCK-00613,CUS-00613,FSI-00167,1,NO_LOCK,pool-1-thread-613,3824687979600,3825540968800,true,
TXN-NO_LOCK-00499,REQ-SIM-00499,SIM-NO_LOCK-00499,CUS-00499,FSI-00167,1,NO_LOCK,pool-1-thread-499,3824684141600,3825541030600,true,
TXN-NO_LOCK-00631,REQ-SIM-00631,SIM-NO_LOCK-00631,CUS-00631,FSI-00167,1,NO_LOCK,pool-1-thread-631,3824688500800,3825541061900,true,
TXN-NO_LOCK-00761,REQ-SIM-00761,SIM-NO_LOCK-00761,CUS-00761,FSI-00167,1,NO_LOCK,pool-1-thread-761,3824693106100,3825541114700,true,
TXN-NO_LOCK-00742,REQ-SIM-00742,SIM-NO_LOCK-00742,CUS-00742,FSI-00167,1,NO_LOCK,pool-1-thread-742,3824692008700,3825541171700,true,
TXN-NO_LOCK-00571,REQ-SIM-00571,SIM-NO_LOCK-00571,CUS-00571,FSI-00167,1,NO_LOCK,pool-1-thread-571,3824686506000,3825541216100,true,
TXN-NO_LOCK-00562,REQ-SIM-00562,SIM-NO_LOCK-00562,CUS-00562,FSI-00167,1,NO_LOCK,pool-1-thread-562,3824686169700,3825541264800,true,
TXN-NO_LOCK-00419,REQ-SIM-00419,SIM-NO_LOCK-00419,CUS-00419,FSI-00167,1,NO_LOCK,pool-1-thread-419,3824681834200,3825541351200,true,
TXN-NO_LOCK-00399,REQ-SIM-00399,SIM-NO_LOCK-00399,CUS-00399,FSI-00167,1,NO_LOCK,pool-1-thread-399,3824681119600,3825541362000,true,
TXN-NO_LOCK-00494,REQ-SIM-00494,SIM-NO_LOCK-00494,CUS-00494,FSI-00167,1,NO_LOCK,pool-1-thread-494,3824683972100,3825541378800,true,
TXN-NO_LOCK-00695,REQ-SIM-00695,SIM-NO_LOCK-00695,CUS-00695,FSI-00167,1,NO_LOCK,pool-1-thread-695,3824690528600,3825541423900,true,
TXN-NO_LOCK-00368,REQ-SIM-00368,SIM-NO_LOCK-00368,CUS-00368,FSI-00167,1,NO_LOCK,pool-1-thread-368,3824680052600,3825541455600,true,
TXN-NO_LOCK-00815,REQ-SIM-00815,SIM-NO_LOCK-00815,CUS-00815,FSI-00167,1,NO_LOCK,pool-1-thread-815,3824694348800,3825541512000,true,
TXN-NO_LOCK-00102,REQ-SIM-00102,SIM-NO_LOCK-00102,CUS-00102,FSI-00167,1,NO_LOCK,pool-1-thread-102,3824672977200,3825541570200,true,
TXN-NO_LOCK-00057,REQ-SIM-00057,SIM-NO_LOCK-00057,CUS-00057,FSI-00167,1,NO_LOCK,pool-1-thread-57,3824669802200,3825541610400,true,
TXN-NO_LOCK-00435,REQ-SIM-00435,SIM-NO_LOCK-00435,CUS-00435,FSI-00167,1,NO_LOCK,pool-1-thread-435,3824682321200,3825541655600,true,
TXN-NO_LOCK-00602,REQ-SIM-00602,SIM-NO_LOCK-00602,CUS-00602,FSI-00167,1,NO_LOCK,pool-1-thread-602,3824687635100,3825541713300,true,
TXN-NO_LOCK-00898,REQ-SIM-00898,SIM-NO_LOCK-00898,CUS-00898,FSI-00167,1,NO_LOCK,pool-1-thread-898,3824696602500,3825541765000,true,
TXN-NO_LOCK-00811,REQ-SIM-00811,SIM-NO_LOCK-00811,CUS-00811,FSI-00167,1,NO_LOCK,pool-1-thread-811,3824693848500,3825541817400,true,
TXN-NO_LOCK-00816,REQ-SIM-00816,SIM-NO_LOCK-00816,CUS-00816,FSI-00167,1,NO_LOCK,pool-1-thread-816,3824694042700,3825541865800,true,
TXN-NO_LOCK-00620,REQ-SIM-00620,SIM-NO_LOCK-00620,CUS-00620,FSI-00167,1,NO_LOCK,pool-1-thread-620,3824688232600,3825541897500,true,
TXN-NO_LOCK-00713,REQ-SIM-00713,SIM-NO_LOCK-00713,CUS-00713,FSI-00167,1,NO_LOCK,pool-1-thread-713,3824691113400,3825541949000,true,
TXN-NO_LOCK-00950,REQ-SIM-00950,SIM-NO_LOCK-00950,CUS-00950,FSI-00167,1,NO_LOCK,pool-1-thread-950,3824698109800,3825542016200,true,
TXN-NO_LOCK-00354,REQ-SIM-00354,SIM-NO_LOCK-00354,CUS-00354,FSI-00167,1,NO_LOCK,pool-1-thread-354,3824679672500,3825542044600,true,
TXN-NO_LOCK-00316,REQ-SIM-00316,SIM-NO_LOCK-00316,CUS-00316,FSI-00167,1,NO_LOCK,pool-1-thread-316,3824678637600,3825542102400,true,
TXN-NO_LOCK-00848,REQ-SIM-00848,SIM-NO_LOCK-00848,CUS-00848,FSI-00167,1,NO_LOCK,pool-1-thread-848,3824695274400,3825542134600,true,
TXN-NO_LOCK-00595,REQ-SIM-00595,SIM-NO_LOCK-00595,CUS-00595,FSI-00167,1,NO_LOCK,pool-1-thread-595,3824687442100,3825542199900,true,
TXN-NO_LOCK-00298,REQ-SIM-00298,SIM-NO_LOCK-00298,CUS-00298,FSI-00167,1,NO_LOCK,pool-1-thread-298,3824678177300,3825542266000,true,
TXN-NO_LOCK-00622,REQ-SIM-00622,SIM-NO_LOCK-00622,CUS-00622,FSI-00167,1,NO_LOCK,pool-1-thread-622,3824688270300,3825542295100,true,
TXN-NO_LOCK-00294,REQ-SIM-00294,SIM-NO_LOCK-00294,CUS-00294,FSI-00167,1,NO_LOCK,pool-1-thread-294,3824678053000,3825542344300,true,
TXN-NO_LOCK-00812,REQ-SIM-00812,SIM-NO_LOCK-00812,CUS-00812,FSI-00167,1,NO_LOCK,pool-1-thread-812,3824694210000,3825542384400,true,
TXN-NO_LOCK-00587,REQ-SIM-00587,SIM-NO_LOCK-00587,CUS-00587,FSI-00167,1,NO_LOCK,pool-1-thread-587,3824687156200,3825542440100,true,
TXN-NO_LOCK-00614,REQ-SIM-00614,SIM-NO_LOCK-00614,CUS-00614,FSI-00167,1,NO_LOCK,pool-1-thread-614,3824688013100,3825542478200,true,
TXN-NO_LOCK-00717,REQ-SIM-00717,SIM-NO_LOCK-00717,CUS-00717,FSI-00167,1,NO_LOCK,pool-1-thread-717,3824691226900,3825542510000,true,
TXN-NO_LOCK-00208,REQ-SIM-00208,SIM-NO_LOCK-00208,CUS-00208,FSI-00167,1,NO_LOCK,pool-1-thread-208,3824675978000,3825542599600,true,
TXN-NO_LOCK-00329,REQ-SIM-00329,SIM-NO_LOCK-00329,CUS-00329,FSI-00167,1,NO_LOCK,pool-1-thread-329,3824678896900,3825542612800,true,
TXN-NO_LOCK-00474,REQ-SIM-00474,SIM-NO_LOCK-00474,CUS-00474,FSI-00167,1,NO_LOCK,pool-1-thread-474,3824683346100,3825542659900,true,
TXN-NO_LOCK-00510,REQ-SIM-00510,SIM-NO_LOCK-00510,CUS-00510,FSI-00167,1,NO_LOCK,pool-1-thread-510,3824684431900,3825542694400,true,
TXN-NO_LOCK-00827,REQ-SIM-00827,SIM-NO_LOCK-00827,CUS-00827,FSI-00167,1,NO_LOCK,pool-1-thread-827,3824694577700,3825542761000,true,
TXN-NO_LOCK-00849,REQ-SIM-00849,SIM-NO_LOCK-00849,CUS-00849,FSI-00167,1,NO_LOCK,pool-1-thread-849,3824695297300,3825542810000,true,
TXN-NO_LOCK-00426,REQ-SIM-00426,SIM-NO_LOCK-00426,CUS-00426,FSI-00167,1,NO_LOCK,pool-1-thread-426,3824682056800,3825542843500,true,
TXN-NO_LOCK-00335,REQ-SIM-00335,SIM-NO_LOCK-00335,CUS-00335,FSI-00167,1,NO_LOCK,pool-1-thread-335,3824679017400,3825542887400,true,
TXN-NO_LOCK-00388,REQ-SIM-00388,SIM-NO_LOCK-00388,CUS-00388,FSI-00167,1,NO_LOCK,pool-1-thread-388,3824680659000,3825542929400,true,
TXN-NO_LOCK-00986,REQ-SIM-00986,SIM-NO_LOCK-00986,CUS-00986,FSI-00167,1,NO_LOCK,pool-1-thread-986,3824697589100,3825542977100,true,
TXN-NO_LOCK-00872,REQ-SIM-00872,SIM-NO_LOCK-00872,CUS-00872,FSI-00167,1,NO_LOCK,pool-1-thread-872,3824695805300,3825543038000,true,
TXN-NO_LOCK-00262,REQ-SIM-00262,SIM-NO_LOCK-00262,CUS-00262,FSI-00167,1,NO_LOCK,pool-1-thread-262,3824677326400,3825543076600,true,
TXN-NO_LOCK-00764,REQ-SIM-00764,SIM-NO_LOCK-00764,CUS-00764,FSI-00167,1,NO_LOCK,pool-1-thread-764,3824692768200,3825543122400,true,
TXN-NO_LOCK-00643,REQ-SIM-00643,SIM-NO_LOCK-00643,CUS-00643,FSI-00167,1,NO_LOCK,pool-1-thread-643,3824688879700,3825543161200,true,
TXN-NO_LOCK-00977,REQ-SIM-00977,SIM-NO_LOCK-00977,CUS-00977,FSI-00167,1,NO_LOCK,pool-1-thread-977,3824697203500,3825543217700,true,
TXN-NO_LOCK-00669,REQ-SIM-00669,SIM-NO_LOCK-00669,CUS-00669,FSI-00167,1,NO_LOCK,pool-1-thread-669,3824689644900,3825543265400,true,
TXN-NO_LOCK-00615,REQ-SIM-00615,SIM-NO_LOCK-00615,CUS-00615,FSI-00167,1,NO_LOCK,pool-1-thread-615,3824688029500,3825543303800,true,
TXN-NO_LOCK-00630,REQ-SIM-00630,SIM-NO_LOCK-00630,CUS-00630,FSI-00167,1,NO_LOCK,pool-1-thread-630,3824688486400,3825543338300,true,
TXN-NO_LOCK-00589,REQ-SIM-00589,SIM-NO_LOCK-00589,CUS-00589,FSI-00167,1,NO_LOCK,pool-1-thread-589,3824687217700,3825543391300,true,
TXN-NO_LOCK-00854,REQ-SIM-00854,SIM-NO_LOCK-00854,CUS-00854,FSI-00167,1,NO_LOCK,pool-1-thread-854,3824695410800,3825543422700,true,
TXN-NO_LOCK-00766,REQ-SIM-00766,SIM-NO_LOCK-00766,CUS-00766,FSI-00167,1,NO_LOCK,pool-1-thread-766,3824693206300,3825543479100,true,
TXN-NO_LOCK-00706,REQ-SIM-00706,SIM-NO_LOCK-00706,CUS-00706,FSI-00167,1,NO_LOCK,pool-1-thread-706,3824693067700,3825543520600,true,
TXN-NO_LOCK-00605,REQ-SIM-00605,SIM-NO_LOCK-00605,CUS-00605,FSI-00167,1,NO_LOCK,pool-1-thread-605,3824687745700,3825543568300,true,
TXN-NO_LOCK-00784,REQ-SIM-00784,SIM-NO_LOCK-00784,CUS-00784,FSI-00167,1,NO_LOCK,pool-1-thread-784,3824693497400,3825543615500,true,
TXN-NO_LOCK-00500,REQ-SIM-00500,SIM-NO_LOCK-00500,CUS-00500,FSI-00167,1,NO_LOCK,pool-1-thread-500,3824684175100,3825543659100,true,
TXN-NO_LOCK-00888,REQ-SIM-00888,SIM-NO_LOCK-00888,CUS-00888,FSI-00167,1,NO_LOCK,pool-1-thread-888,3824693471800,3825543715600,true,
TXN-NO_LOCK-00472,REQ-SIM-00472,SIM-NO_LOCK-00472,CUS-00472,FSI-00167,1,NO_LOCK,pool-1-thread-472,3824683290700,3825543767900,true,
TXN-NO_LOCK-00160,REQ-SIM-00160,SIM-NO_LOCK-00160,CUS-00160,FSI-00167,1,NO_LOCK,pool-1-thread-160,3824674580600,3825543823000,true,
TXN-NO_LOCK-00379,REQ-SIM-00379,SIM-NO_LOCK-00379,CUS-00379,FSI-00167,1,NO_LOCK,pool-1-thread-379,3824680368200,3825543862100,true,
TXN-NO_LOCK-00853,REQ-SIM-00853,SIM-NO_LOCK-00853,CUS-00853,FSI-00167,1,NO_LOCK,pool-1-thread-853,3824695367700,3825543925100,true,
TXN-NO_LOCK-00083,REQ-SIM-00083,SIM-NO_LOCK-00083,CUS-00083,FSI-00167,1,NO_LOCK,pool-1-thread-83,3824672097100,3825543968100,true,
TXN-NO_LOCK-00918,REQ-SIM-00918,SIM-NO_LOCK-00918,CUS-00918,FSI-00167,1,NO_LOCK,pool-1-thread-918,3824697270500,3825544011700,true,
TXN-NO_LOCK-00601,REQ-SIM-00601,SIM-NO_LOCK-00601,CUS-00601,FSI-00167,1,NO_LOCK,pool-1-thread-601,3824687614100,3825544047200,true,
TXN-NO_LOCK-00736,REQ-SIM-00736,SIM-NO_LOCK-00736,CUS-00736,FSI-00167,1,NO_LOCK,pool-1-thread-736,3824691860800,3825544124800,true,
TXN-NO_LOCK-00996,REQ-SIM-00996,SIM-NO_LOCK-00996,CUS-00996,FSI-00167,1,NO_LOCK,pool-1-thread-996,3824697884300,3825544126700,true,
TXN-NO_LOCK-00295,REQ-SIM-00295,SIM-NO_LOCK-00295,CUS-00295,FSI-00167,1,NO_LOCK,pool-1-thread-295,3824678066200,3825544192800,true,
TXN-NO_LOCK-00787,REQ-SIM-00787,SIM-NO_LOCK-00787,CUS-00787,FSI-00167,1,NO_LOCK,pool-1-thread-787,3824693188400,3825544233700,true,
TXN-NO_LOCK-00524,REQ-SIM-00524,SIM-NO_LOCK-00524,CUS-00524,FSI-00167,1,NO_LOCK,pool-1-thread-524,3824684941200,3825544277800,true,
TXN-NO_LOCK-00902,REQ-SIM-00902,SIM-NO_LOCK-00902,CUS-00902,FSI-00167,1,NO_LOCK,pool-1-thread-902,3824696685800,3825544324700,true,
TXN-NO_LOCK-00422,REQ-SIM-00422,SIM-NO_LOCK-00422,CUS-00422,FSI-00167,1,NO_LOCK,pool-1-thread-422,3824681955100,3825544348100,true,
TXN-NO_LOCK-00327,REQ-SIM-00327,SIM-NO_LOCK-00327,CUS-00327,FSI-00167,1,NO_LOCK,pool-1-thread-327,3824678858500,3825544390300,true,
TXN-NO_LOCK-00801,REQ-SIM-00801,SIM-NO_LOCK-00801,CUS-00801,FSI-00167,1,NO_LOCK,pool-1-thread-801,3824693985200,3825544435100,true,
TXN-NO_LOCK-00348,REQ-SIM-00348,SIM-NO_LOCK-00348,CUS-00348,FSI-00167,1,NO_LOCK,pool-1-thread-348,3824679520400,3825544467500,true,
TXN-NO_LOCK-00941,REQ-SIM-00941,SIM-NO_LOCK-00941,CUS-00941,FSI-00167,1,NO_LOCK,pool-1-thread-941,3824699387000,3825544518500,true,
TXN-NO_LOCK-00448,REQ-SIM-00448,SIM-NO_LOCK-00448,CUS-00448,FSI-00167,1,NO_LOCK,pool-1-thread-448,3824682658200,3825544556700,true,
TXN-NO_LOCK-00410,REQ-SIM-00410,SIM-NO_LOCK-00410,CUS-00410,FSI-00167,1,NO_LOCK,pool-1-thread-410,3824681570800,3825544603500,true,
TXN-NO_LOCK-00181,REQ-SIM-00181,SIM-NO_LOCK-00181,CUS-00181,FSI-00167,1,NO_LOCK,pool-1-thread-181,3824675286500,3825544650100,true,
TXN-NO_LOCK-00382,REQ-SIM-00382,SIM-NO_LOCK-00382,CUS-00382,FSI-00167,1,NO_LOCK,pool-1-thread-382,3824680493000,3825544701200,true,
TXN-NO_LOCK-00489,REQ-SIM-00489,SIM-NO_LOCK-00489,CUS-00489,FSI-00167,1,NO_LOCK,pool-1-thread-489,3824683833500,3825544760900,true,
TXN-NO_LOCK-00002,REQ-SIM-00002,SIM-NO_LOCK-00002,CUS-00002,FSI-00167,1,NO_LOCK,pool-1-thread-2,3824668825900,3825544813100,true,
TXN-NO_LOCK-00718,REQ-SIM-00718,SIM-NO_LOCK-00718,CUS-00718,FSI-00167,1,NO_LOCK,pool-1-thread-718,3824691266200,3825544904800,true,
TXN-NO_LOCK-00711,REQ-SIM-00711,SIM-NO_LOCK-00711,CUS-00711,FSI-00167,1,NO_LOCK,pool-1-thread-711,3824691036200,3825544912700,true,
TXN-NO_LOCK-00658,REQ-SIM-00658,SIM-NO_LOCK-00658,CUS-00658,FSI-00167,1,NO_LOCK,pool-1-thread-658,3824689406600,3825544973500,true,
TXN-NO_LOCK-00884,REQ-SIM-00884,SIM-NO_LOCK-00884,CUS-00884,FSI-00167,1,NO_LOCK,pool-1-thread-884,3824696180400,3825545002100,true,
TXN-NO_LOCK-00156,REQ-SIM-00156,SIM-NO_LOCK-00156,CUS-00156,FSI-00167,1,NO_LOCK,pool-1-thread-156,3824674498400,3825545047400,true,
TXN-NO_LOCK-00715,REQ-SIM-00715,SIM-NO_LOCK-00715,CUS-00715,FSI-00167,1,NO_LOCK,pool-1-thread-715,3824691176000,3825545085200,true,
TXN-NO_LOCK-00349,REQ-SIM-00349,SIM-NO_LOCK-00349,CUS-00349,FSI-00167,1,NO_LOCK,pool-1-thread-349,3824679553800,3825545158200,true,
TXN-NO_LOCK-00791,REQ-SIM-00791,SIM-NO_LOCK-00791,CUS-00791,FSI-00167,1,NO_LOCK,pool-1-thread-791,3824693662600,3825545205200,true,
TXN-NO_LOCK-00608,REQ-SIM-00608,SIM-NO_LOCK-00608,CUS-00608,FSI-00167,1,NO_LOCK,pool-1-thread-608,3824687849200,3825545246200,true,
TXN-NO_LOCK-00132,REQ-SIM-00132,SIM-NO_LOCK-00132,CUS-00132,FSI-00167,1,NO_LOCK,pool-1-thread-132,3824673815600,3825545301600,true,
TXN-NO_LOCK-00317,REQ-SIM-00317,SIM-NO_LOCK-00317,CUS-00317,FSI-00167,1,NO_LOCK,pool-1-thread-317,3824678650600,3825545335300,true,
TXN-NO_LOCK-00609,REQ-SIM-00609,SIM-NO_LOCK-00609,CUS-00609,FSI-00167,1,NO_LOCK,pool-1-thread-609,3824687869200,3825545370700,true,
TXN-NO_LOCK-00768,REQ-SIM-00768,SIM-NO_LOCK-00768,CUS-00768,FSI-00167,1,NO_LOCK,pool-1-thread-768,3824698019400,3825545416000,true,
TXN-NO_LOCK-00376,REQ-SIM-00376,SIM-NO_LOCK-00376,CUS-00376,FSI-00167,1,NO_LOCK,pool-1-thread-376,3824680312500,3825545471900,true,
TXN-NO_LOCK-00371,REQ-SIM-00371,SIM-NO_LOCK-00371,CUS-00371,FSI-00167,1,NO_LOCK,pool-1-thread-371,3824680140100,3825545520700,true,
TXN-NO_LOCK-00076,REQ-SIM-00076,SIM-NO_LOCK-00076,CUS-00076,FSI-00167,1,NO_LOCK,pool-1-thread-76,3824671638900,3825545555800,true,
TXN-NO_LOCK-00873,REQ-SIM-00873,SIM-NO_LOCK-00873,CUS-00873,FSI-00167,1,NO_LOCK,pool-1-thread-873,3824695865300,3825545607100,true,
TXN-NO_LOCK-00028,REQ-SIM-00028,SIM-NO_LOCK-00028,CUS-00028,FSI-00167,1,NO_LOCK,pool-1-thread-28,3824669270100,3825545672000,true,
TXN-NO_LOCK-00314,REQ-SIM-00314,SIM-NO_LOCK-00314,CUS-00314,FSI-00167,1,NO_LOCK,pool-1-thread-314,3824678594700,3825545699900,true,
TXN-NO_LOCK-00357,REQ-SIM-00357,SIM-NO_LOCK-00357,CUS-00357,FSI-00167,1,NO_LOCK,pool-1-thread-357,3824679796500,3825545755400,true,
TXN-NO_LOCK-00683,REQ-SIM-00683,SIM-NO_LOCK-00683,CUS-00683,FSI-00167,1,NO_LOCK,pool-1-thread-683,3824690164000,3825545808700,true,
TXN-NO_LOCK-00577,REQ-SIM-00577,SIM-NO_LOCK-00577,CUS-00577,FSI-00167,1,NO_LOCK,pool-1-thread-577,3824686774500,3825545849900,true,
TXN-NO_LOCK-00561,REQ-SIM-00561,SIM-NO_LOCK-00561,CUS-00561,FSI-00167,1,NO_LOCK,pool-1-thread-561,3824686064600,3825545903700,true,
TXN-NO_LOCK-00226,REQ-SIM-00226,SIM-NO_LOCK-00226,CUS-00226,FSI-00167,1,NO_LOCK,pool-1-thread-226,3824676438600,3825545946300,true,
TXN-NO_LOCK-00427,REQ-SIM-00427,SIM-NO_LOCK-00427,CUS-00427,FSI-00167,1,NO_LOCK,pool-1-thread-427,3824682093800,3825546007000,true,
TXN-NO_LOCK-00808,REQ-SIM-00808,SIM-NO_LOCK-00808,CUS-00808,FSI-00167,1,NO_LOCK,pool-1-thread-808,3824694122300,3825546063600,true,
TXN-NO_LOCK-00089,REQ-SIM-00089,SIM-NO_LOCK-00089,CUS-00089,FSI-00167,1,NO_LOCK,pool-1-thread-89,3824672284500,3825546119500,true,
TXN-NO_LOCK-00009,REQ-SIM-00009,SIM-NO_LOCK-00009,CUS-00009,FSI-00167,1,NO_LOCK,pool-1-thread-9,3824668966700,3825546147500,true,
TXN-NO_LOCK-00997,REQ-SIM-00997,SIM-NO_LOCK-00997,CUS-00997,FSI-00167,1,NO_LOCK,pool-1-thread-997,3824699371300,3825546192800,true,
TXN-NO_LOCK-00276,REQ-SIM-00276,SIM-NO_LOCK-00276,CUS-00276,FSI-00167,1,NO_LOCK,pool-1-thread-276,3824677634400,3825546281800,true,
TXN-NO_LOCK-00394,REQ-SIM-00394,SIM-NO_LOCK-00394,CUS-00394,FSI-00167,1,NO_LOCK,pool-1-thread-394,3824680876700,3825546282100,true,
TXN-NO_LOCK-00525,REQ-SIM-00525,SIM-NO_LOCK-00525,CUS-00525,FSI-00167,1,NO_LOCK,pool-1-thread-525,3824684840600,3825546373500,true,
TXN-NO_LOCK-00286,REQ-SIM-00286,SIM-NO_LOCK-00286,CUS-00286,FSI-00167,1,NO_LOCK,pool-1-thread-286,3824677873200,3825546420100,true,
TXN-NO_LOCK-00836,REQ-SIM-00836,SIM-NO_LOCK-00836,CUS-00836,FSI-00167,1,NO_LOCK,pool-1-thread-836,3824694924800,3825546507600,true,
TXN-NO_LOCK-00115,REQ-SIM-00115,SIM-NO_LOCK-00115,CUS-00115,FSI-00167,1,NO_LOCK,pool-1-thread-115,3824673407800,3825546557600,true,
TXN-NO_LOCK-00227,REQ-SIM-00227,SIM-NO_LOCK-00227,CUS-00227,FSI-00167,1,NO_LOCK,pool-1-thread-227,3824676452000,3825546593000,true,
TXN-NO_LOCK-00085,REQ-SIM-00085,SIM-NO_LOCK-00085,CUS-00085,FSI-00167,1,NO_LOCK,pool-1-thread-85,3824672188400,3825546660100,true,
TXN-NO_LOCK-00954,REQ-SIM-00954,SIM-NO_LOCK-00954,CUS-00954,FSI-00167,1,NO_LOCK,pool-1-thread-954,3824698199000,3825546718600,true,
TXN-NO_LOCK-00428,REQ-SIM-00428,SIM-NO_LOCK-00428,CUS-00428,FSI-00167,1,NO_LOCK,pool-1-thread-428,3824682124600,3825546796100,true,
TXN-NO_LOCK-00904,REQ-SIM-00904,SIM-NO_LOCK-00904,CUS-00904,FSI-00167,1,NO_LOCK,pool-1-thread-904,3824696760800,3825546873500,true,
TXN-NO_LOCK-00576,REQ-SIM-00576,SIM-NO_LOCK-00576,CUS-00576,FSI-00167,1,NO_LOCK,pool-1-thread-576,3824686688600,3825546908300,true,
TXN-NO_LOCK-00470,REQ-SIM-00470,SIM-NO_LOCK-00470,CUS-00470,FSI-00167,1,NO_LOCK,pool-1-thread-470,3824683238500,3825546963900,true,
TXN-NO_LOCK-00586,REQ-SIM-00586,SIM-NO_LOCK-00586,CUS-00586,FSI-00167,1,NO_LOCK,pool-1-thread-586,3824687054600,3825547017800,true,
TXN-NO_LOCK-00735,REQ-SIM-00735,SIM-NO_LOCK-00735,CUS-00735,FSI-00167,1,NO_LOCK,pool-1-thread-735,3824690679800,3825547069000,true,
TXN-NO_LOCK-00497,REQ-SIM-00497,SIM-NO_LOCK-00497,CUS-00497,FSI-00167,1,NO_LOCK,pool-1-thread-497,3824684065500,3825547109600,true,
TXN-NO_LOCK-00048,REQ-SIM-00048,SIM-NO_LOCK-00048,CUS-00048,FSI-00167,1,NO_LOCK,pool-1-thread-48,3824669595800,3825547166700,true,
TXN-NO_LOCK-00655,REQ-SIM-00655,SIM-NO_LOCK-00655,CUS-00655,FSI-00167,1,NO_LOCK,pool-1-thread-655,3824689285600,3825547233900,true,
TXN-NO_LOCK-00319,REQ-SIM-00319,SIM-NO_LOCK-00319,CUS-00319,FSI-00167,1,NO_LOCK,pool-1-thread-319,3824678722700,3825547356500,true,
TXN-NO_LOCK-00919,REQ-SIM-00919,SIM-NO_LOCK-00919,CUS-00919,FSI-00167,1,NO_LOCK,pool-1-thread-919,3824694696200,3825547384900,true,
TXN-NO_LOCK-00910,REQ-SIM-00910,SIM-NO_LOCK-00910,CUS-00910,FSI-00167,1,NO_LOCK,pool-1-thread-910,3824697087300,3825547416700,true,
TXN-NO_LOCK-00452,REQ-SIM-00452,SIM-NO_LOCK-00452,CUS-00452,FSI-00167,1,NO_LOCK,pool-1-thread-452,3824682737800,3825547432700,true,
TXN-NO_LOCK-00634,REQ-SIM-00634,SIM-NO_LOCK-00634,CUS-00634,FSI-00167,1,NO_LOCK,pool-1-thread-634,3824688599500,3825547498200,true,
TXN-NO_LOCK-00283,REQ-SIM-00283,SIM-NO_LOCK-00283,CUS-00283,FSI-00167,1,NO_LOCK,pool-1-thread-283,3824677812200,3825547550800,true,
TXN-NO_LOCK-00549,REQ-SIM-00549,SIM-NO_LOCK-00549,CUS-00549,FSI-00167,1,NO_LOCK,pool-1-thread-549,3824685758600,3825547607800,true,
TXN-NO_LOCK-00413,REQ-SIM-00413,SIM-NO_LOCK-00413,CUS-00413,FSI-00167,1,NO_LOCK,pool-1-thread-413,3824681649000,3825547662800,true,
TXN-NO_LOCK-00862,REQ-SIM-00862,SIM-NO_LOCK-00862,CUS-00862,FSI-00167,1,NO_LOCK,pool-1-thread-862,3824695554500,3825547705600,true,
TXN-NO_LOCK-00540,REQ-SIM-00540,SIM-NO_LOCK-00540,CUS-00540,FSI-00167,1,NO_LOCK,pool-1-thread-540,3824685430000,3825547754800,true,
TXN-NO_LOCK-00749,REQ-SIM-00749,SIM-NO_LOCK-00749,CUS-00749,FSI-00167,1,NO_LOCK,pool-1-thread-749,3824692403700,3825547807300,true,
TXN-NO_LOCK-00315,REQ-SIM-00315,SIM-NO_LOCK-00315,CUS-00315,FSI-00167,1,NO_LOCK,pool-1-thread-315,3824678620300,3825547847000,true,
TXN-NO_LOCK-00288,REQ-SIM-00288,SIM-NO_LOCK-00288,CUS-00288,FSI-00167,1,NO_LOCK,pool-1-thread-288,3824677910000,3825547863500,true,
TXN-NO_LOCK-00641,REQ-SIM-00641,SIM-NO_LOCK-00641,CUS-00641,FSI-00167,1,NO_LOCK,pool-1-thread-641,3824688844700,3825547987400,true,
TXN-NO_LOCK-00932,REQ-SIM-00932,SIM-NO_LOCK-00932,CUS-00932,FSI-00167,1,NO_LOCK,pool-1-thread-932,3824697662600,3825548013800,true,
TXN-NO_LOCK-00265,REQ-SIM-00265,SIM-NO_LOCK-00265,CUS-00265,FSI-00167,1,NO_LOCK,pool-1-thread-265,3824677424900,3825548059500,true,
TXN-NO_LOCK-00782,REQ-SIM-00782,SIM-NO_LOCK-00782,CUS-00782,FSI-00167,1,NO_LOCK,pool-1-thread-782,3824693374600,3825548099200,true,
TXN-NO_LOCK-00833,REQ-SIM-00833,SIM-NO_LOCK-00833,CUS-00833,FSI-00167,1,NO_LOCK,pool-1-thread-833,3824691052900,3825548192100,true,
TXN-NO_LOCK-00052,REQ-SIM-00052,SIM-NO_LOCK-00052,CUS-00052,FSI-00167,1,NO_LOCK,pool-1-thread-52,3824669654700,3825548242200,true,
TXN-NO_LOCK-00479,REQ-SIM-00479,SIM-NO_LOCK-00479,CUS-00479,FSI-00167,1,NO_LOCK,pool-1-thread-479,3824683511900,3825548241500,true,
TXN-NO_LOCK-00916,REQ-SIM-00916,SIM-NO_LOCK-00916,CUS-00916,FSI-00167,1,NO_LOCK,pool-1-thread-916,3824697236500,3825548288600,true,
TXN-NO_LOCK-00969,REQ-SIM-00969,SIM-NO_LOCK-00969,CUS-00969,FSI-00167,1,NO_LOCK,pool-1-thread-969,3824698633000,3825548321900,true,
TXN-NO_LOCK-00498,REQ-SIM-00498,SIM-NO_LOCK-00498,CUS-00498,FSI-00167,1,NO_LOCK,pool-1-thread-498,3824684093400,3825548365300,true,
TXN-NO_LOCK-00786,REQ-SIM-00786,SIM-NO_LOCK-00786,CUS-00786,FSI-00167,1,NO_LOCK,pool-1-thread-786,3824693138500,3825548398700,true,
TXN-NO_LOCK-00974,REQ-SIM-00974,SIM-NO_LOCK-00974,CUS-00974,FSI-00167,1,NO_LOCK,pool-1-thread-974,3824698703600,3825548445800,true,
TXN-NO_LOCK-00292,REQ-SIM-00292,SIM-NO_LOCK-00292,CUS-00292,FSI-00167,1,NO_LOCK,pool-1-thread-292,3824677994900,3825548489700,true,
TXN-NO_LOCK-00313,REQ-SIM-00313,SIM-NO_LOCK-00313,CUS-00313,FSI-00167,1,NO_LOCK,pool-1-thread-313,3824678576100,3825548518000,true,
TXN-NO_LOCK-00777,REQ-SIM-00777,SIM-NO_LOCK-00777,CUS-00777,FSI-00167,1,NO_LOCK,pool-1-thread-777,3824693042300,3825548574100,true,
TXN-NO_LOCK-00616,REQ-SIM-00616,SIM-NO_LOCK-00616,CUS-00616,FSI-00167,1,NO_LOCK,pool-1-thread-616,3824688081600,3825548608700,true,
TXN-NO_LOCK-00580,REQ-SIM-00580,SIM-NO_LOCK-00580,CUS-00580,FSI-00167,1,NO_LOCK,pool-1-thread-580,3824686828700,3825548647900,true,
TXN-NO_LOCK-00324,REQ-SIM-00324,SIM-NO_LOCK-00324,CUS-00324,FSI-00167,1,NO_LOCK,pool-1-thread-324,3824678808700,3825548674600,true,
TXN-NO_LOCK-00653,REQ-SIM-00653,SIM-NO_LOCK-00653,CUS-00653,FSI-00167,1,NO_LOCK,pool-1-thread-653,3824689271800,3825548715800,true,
TXN-NO_LOCK-00830,REQ-SIM-00830,SIM-NO_LOCK-00830,CUS-00830,FSI-00167,1,NO_LOCK,pool-1-thread-830,3824694677200,3825548765300,true,
TXN-NO_LOCK-00534,REQ-SIM-00534,SIM-NO_LOCK-00534,CUS-00534,FSI-00167,1,NO_LOCK,pool-1-thread-534,3824685220000,3825548804900,true,
TXN-NO_LOCK-00433,REQ-SIM-00433,SIM-NO_LOCK-00433,CUS-00433,FSI-00167,1,NO_LOCK,pool-1-thread-433,3824682227900,3825548855900,true,
TXN-NO_LOCK-00321,REQ-SIM-00321,SIM-NO_LOCK-00321,CUS-00321,FSI-00167,1,NO_LOCK,pool-1-thread-321,3824678750100,3825548885300,true,
TXN-NO_LOCK-00542,REQ-SIM-00542,SIM-NO_LOCK-00542,CUS-00542,FSI-00167,1,NO_LOCK,pool-1-thread-542,3824685475400,3825548998300,true,
TXN-NO_LOCK-00166,REQ-SIM-00166,SIM-NO_LOCK-00166,CUS-00166,FSI-00167,1,NO_LOCK,pool-1-thread-166,3824674834100,3825548989800,true,
TXN-NO_LOCK-00649,REQ-SIM-00649,SIM-NO_LOCK-00649,CUS-00649,FSI-00167,1,NO_LOCK,pool-1-thread-649,3824689108700,3825549059900,true,
TXN-NO_LOCK-00398,REQ-SIM-00398,SIM-NO_LOCK-00398,CUS-00398,FSI-00167,1,NO_LOCK,pool-1-thread-398,3824681098200,3825549118000,true,
TXN-NO_LOCK-00424,REQ-SIM-00424,SIM-NO_LOCK-00424,CUS-00424,FSI-00167,1,NO_LOCK,pool-1-thread-424,3824682019500,3825549167100,true,
TXN-NO_LOCK-00191,REQ-SIM-00191,SIM-NO_LOCK-00191,CUS-00191,FSI-00167,1,NO_LOCK,pool-1-thread-191,3824675614800,3825549213800,true,
TXN-NO_LOCK-00564,REQ-SIM-00564,SIM-NO_LOCK-00564,CUS-00564,FSI-00167,1,NO_LOCK,pool-1-thread-564,3824686215300,3825549284500,true,
TXN-NO_LOCK-00850,REQ-SIM-00850,SIM-NO_LOCK-00850,CUS-00850,FSI-00167,1,NO_LOCK,pool-1-thread-850,3824691821300,3825549328600,true,
TXN-NO_LOCK-00554,REQ-SIM-00554,SIM-NO_LOCK-00554,CUS-00554,FSI-00167,1,NO_LOCK,pool-1-thread-554,3824685873100,3825549378500,true,
TXN-NO_LOCK-00883,REQ-SIM-00883,SIM-NO_LOCK-00883,CUS-00883,FSI-00167,1,NO_LOCK,pool-1-thread-883,3824696152300,3825549430600,true,
TXN-NO_LOCK-00937,REQ-SIM-00937,SIM-NO_LOCK-00937,CUS-00937,FSI-00167,1,NO_LOCK,pool-1-thread-937,3824695426500,3825549488500,true,
TXN-NO_LOCK-00454,REQ-SIM-00454,SIM-NO_LOCK-00454,CUS-00454,FSI-00167,1,NO_LOCK,pool-1-thread-454,3824682797700,3825549537400,true,
TXN-NO_LOCK-00891,REQ-SIM-00891,SIM-NO_LOCK-00891,CUS-00891,FSI-00167,1,NO_LOCK,pool-1-thread-891,3824696443000,3825549596300,true,
TXN-NO_LOCK-00475,REQ-SIM-00475,SIM-NO_LOCK-00475,CUS-00475,FSI-00167,1,NO_LOCK,pool-1-thread-475,3824683382400,3825549646900,true,
TXN-NO_LOCK-00233,REQ-SIM-00233,SIM-NO_LOCK-00233,CUS-00233,FSI-00167,1,NO_LOCK,pool-1-thread-233,3824676569200,3825549703200,true,
TXN-NO_LOCK-00197,REQ-SIM-00197,SIM-NO_LOCK-00197,CUS-00197,FSI-00167,1,NO_LOCK,pool-1-thread-197,3824675737100,3825549756300,true,
TXN-NO_LOCK-00637,REQ-SIM-00637,SIM-NO_LOCK-00637,CUS-00637,FSI-00167,1,NO_LOCK,pool-1-thread-637,3824688698200,3825549809000,true,
TXN-NO_LOCK-00483,REQ-SIM-00483,SIM-NO_LOCK-00483,CUS-00483,FSI-00167,1,NO_LOCK,pool-1-thread-483,3824683604700,3825549856100,true,
TXN-NO_LOCK-00723,REQ-SIM-00723,SIM-NO_LOCK-00723,CUS-00723,FSI-00167,1,NO_LOCK,pool-1-thread-723,3824691388400,3825549902900,true,
TXN-NO_LOCK-00451,REQ-SIM-00451,SIM-NO_LOCK-00451,CUS-00451,FSI-00167,1,NO_LOCK,pool-1-thread-451,3824682722800,3825549950100,true,
TXN-NO_LOCK-00702,REQ-SIM-00702,SIM-NO_LOCK-00702,CUS-00702,FSI-00167,1,NO_LOCK,pool-1-thread-702,3824690730100,3825550011500,true,
TXN-NO_LOCK-00238,REQ-SIM-00238,SIM-NO_LOCK-00238,CUS-00238,FSI-00167,1,NO_LOCK,pool-1-thread-238,3824676717300,3825550049800,true,
TXN-NO_LOCK-00107,REQ-SIM-00107,SIM-NO_LOCK-00107,CUS-00107,FSI-00167,1,NO_LOCK,pool-1-thread-107,3824673170700,3825550095600,true,
TXN-NO_LOCK-00066,REQ-SIM-00066,SIM-NO_LOCK-00066,CUS-00066,FSI-00167,1,NO_LOCK,pool-1-thread-66,3824670247500,3825550133900,true,
TXN-NO_LOCK-00528,REQ-SIM-00528,SIM-NO_LOCK-00528,CUS-00528,FSI-00167,1,NO_LOCK,pool-1-thread-528,3824685016600,3825550194400,true,
TXN-NO_LOCK-00190,REQ-SIM-00190,SIM-NO_LOCK-00190,CUS-00190,FSI-00167,1,NO_LOCK,pool-1-thread-190,3824675569700,3825550244900,true,
TXN-NO_LOCK-00021,REQ-SIM-00021,SIM-NO_LOCK-00021,CUS-00021,FSI-00167,1,NO_LOCK,pool-1-thread-21,3824669174100,3825550281700,true,
TXN-NO_LOCK-00184,REQ-SIM-00184,SIM-NO_LOCK-00184,CUS-00184,FSI-00167,1,NO_LOCK,pool-1-thread-184,3824675375000,3825550336400,true,
TXN-NO_LOCK-00312,REQ-SIM-00312,SIM-NO_LOCK-00312,CUS-00312,FSI-00167,1,NO_LOCK,pool-1-thread-312,3824678532600,3825550385800,true,
TXN-NO_LOCK-00776,REQ-SIM-00776,SIM-NO_LOCK-00776,CUS-00776,FSI-00167,1,NO_LOCK,pool-1-thread-776,3824692999500,3825550421700,true,
TXN-NO_LOCK-00383,REQ-SIM-00383,SIM-NO_LOCK-00383,CUS-00383,FSI-00167,1,NO_LOCK,pool-1-thread-383,3824680517600,3825550476100,true,
TXN-NO_LOCK-00920,REQ-SIM-00920,SIM-NO_LOCK-00920,CUS-00920,FSI-00167,1,NO_LOCK,pool-1-thread-920,3824694718400,3825550518800,true,
TXN-NO_LOCK-00175,REQ-SIM-00175,SIM-NO_LOCK-00175,CUS-00175,FSI-00167,1,NO_LOCK,pool-1-thread-175,3824675111300,3825550550100,true,
TXN-NO_LOCK-00062,REQ-SIM-00062,SIM-NO_LOCK-00062,CUS-00062,FSI-00167,1,NO_LOCK,pool-1-thread-62,3824669886500,3825550609900,true,
TXN-NO_LOCK-00297,REQ-SIM-00297,SIM-NO_LOCK-00297,CUS-00297,FSI-00167,1,NO_LOCK,pool-1-thread-297,3824678157800,3825550651300,true,
TXN-NO_LOCK-00172,REQ-SIM-00172,SIM-NO_LOCK-00172,CUS-00172,FSI-00167,1,NO_LOCK,pool-1-thread-172,3824674990600,3825550693700,true,
TXN-NO_LOCK-00069,REQ-SIM-00069,SIM-NO_LOCK-00069,CUS-00069,FSI-00167,1,NO_LOCK,pool-1-thread-69,3824670815600,3825550735200,true,
TXN-NO_LOCK-00080,REQ-SIM-00080,SIM-NO_LOCK-00080,CUS-00080,FSI-00167,1,NO_LOCK,pool-1-thread-80,3824671845800,3825550783200,true,
TXN-NO_LOCK-00231,REQ-SIM-00231,SIM-NO_LOCK-00231,CUS-00231,FSI-00167,1,NO_LOCK,pool-1-thread-231,3824676533800,3825550867900,true,
TXN-NO_LOCK-00757,REQ-SIM-00757,SIM-NO_LOCK-00757,CUS-00757,FSI-00167,1,NO_LOCK,pool-1-thread-757,3824692495000,3825550901100,true,
TXN-NO_LOCK-00691,REQ-SIM-00691,SIM-NO_LOCK-00691,CUS-00691,FSI-00167,1,NO_LOCK,pool-1-thread-691,3824690418500,3825550953000,true,
TXN-NO_LOCK-00802,REQ-SIM-00802,SIM-NO_LOCK-00802,CUS-00802,FSI-00167,1,NO_LOCK,pool-1-thread-802,3824694224800,3825550997200,true,
TXN-NO_LOCK-00363,REQ-SIM-00363,SIM-NO_LOCK-00363,CUS-00363,FSI-00167,1,NO_LOCK,pool-1-thread-363,3824679945300,3825551031000,true,
TXN-NO_LOCK-00027,REQ-SIM-00027,SIM-NO_LOCK-00027,CUS-00027,FSI-00167,1,NO_LOCK,pool-1-thread-27,3824669258900,3825551105500,true,
TXN-NO_LOCK-00391,REQ-SIM-00391,SIM-NO_LOCK-00391,CUS-00391,FSI-00167,1,NO_LOCK,pool-1-thread-391,3824680739600,3825551126500,true,
TXN-NO_LOCK-00839,REQ-SIM-00839,SIM-NO_LOCK-00839,CUS-00839,FSI-00167,1,NO_LOCK,pool-1-thread-839,3824694989500,3825551165800,true,
TXN-NO_LOCK-00005,REQ-SIM-00005,SIM-NO_LOCK-00005,CUS-00005,FSI-00167,1,NO_LOCK,pool-1-thread-5,3824668845000,3825551242800,true,
TXN-NO_LOCK-00334,REQ-SIM-00334,SIM-NO_LOCK-00334,CUS-00334,FSI-00167,1,NO_LOCK,pool-1-thread-334,3824678995800,3825551247700,true,
TXN-NO_LOCK-00557,REQ-SIM-00557,SIM-NO_LOCK-00557,CUS-00557,FSI-00167,1,NO_LOCK,pool-1-thread-557,3824685974800,3825551306000,true,
TXN-NO_LOCK-00560,REQ-SIM-00560,SIM-NO_LOCK-00560,CUS-00560,FSI-00167,1,NO_LOCK,pool-1-thread-560,3824686015900,3825551366200,true,
TXN-NO_LOCK-00103,REQ-SIM-00103,SIM-NO_LOCK-00103,CUS-00103,FSI-00167,1,NO_LOCK,pool-1-thread-103,3824673007900,3825551400200,true,
TXN-NO_LOCK-00136,REQ-SIM-00136,SIM-NO_LOCK-00136,CUS-00136,FSI-00167,1,NO_LOCK,pool-1-thread-136,3824673905800,3825551441700,true,
TXN-NO_LOCK-00045,REQ-SIM-00045,SIM-NO_LOCK-00045,CUS-00045,FSI-00167,1,NO_LOCK,pool-1-thread-45,3824669549900,3825551475800,true,
TXN-NO_LOCK-00546,REQ-SIM-00546,SIM-NO_LOCK-00546,CUS-00546,FSI-00167,1,NO_LOCK,pool-1-thread-546,3824685661300,3825551531900,true,
TXN-NO_LOCK-00889,REQ-SIM-00889,SIM-NO_LOCK-00889,CUS-00889,FSI-00167,1,NO_LOCK,pool-1-thread-889,3824696402700,3825551571200,true,
TXN-NO_LOCK-00899,REQ-SIM-00899,SIM-NO_LOCK-00899,CUS-00899,FSI-00167,1,NO_LOCK,pool-1-thread-899,3824696636000,3825551599200,true,
TXN-NO_LOCK-00722,REQ-SIM-00722,SIM-NO_LOCK-00722,CUS-00722,FSI-00167,1,NO_LOCK,pool-1-thread-722,3824691328000,3825551657100,true,
TXN-NO_LOCK-00296,REQ-SIM-00296,SIM-NO_LOCK-00296,CUS-00296,FSI-00167,1,NO_LOCK,pool-1-thread-296,3824678141100,3825551712900,true,
TXN-NO_LOCK-00412,REQ-SIM-00412,SIM-NO_LOCK-00412,CUS-00412,FSI-00167,1,NO_LOCK,pool-1-thread-412,3824681608900,3825551759100,true,
TXN-NO_LOCK-00610,REQ-SIM-00610,SIM-NO_LOCK-00610,CUS-00610,FSI-00167,1,NO_LOCK,pool-1-thread-610,3824687899000,3825551799100,true,
TXN-NO_LOCK-00447,REQ-SIM-00447,SIM-NO_LOCK-00447,CUS-00447,FSI-00167,1,NO_LOCK,pool-1-thread-447,3824682617500,3825551837300,true,
TXN-NO_LOCK-00763,REQ-SIM-00763,SIM-NO_LOCK-00763,CUS-00763,FSI-00167,1,NO_LOCK,pool-1-thread-763,3824695754200,3825551883900,true,
TXN-NO_LOCK-00492,REQ-SIM-00492,SIM-NO_LOCK-00492,CUS-00492,FSI-00167,1,NO_LOCK,pool-1-thread-492,3824683920700,3825551931800,true,
TXN-NO_LOCK-00863,REQ-SIM-00863,SIM-NO_LOCK-00863,CUS-00863,FSI-00167,1,NO_LOCK,pool-1-thread-863,3824695579900,3825551961400,true,
TXN-NO_LOCK-00465,REQ-SIM-00465,SIM-NO_LOCK-00465,CUS-00465,FSI-00167,1,NO_LOCK,pool-1-thread-465,3824683107600,3825552008100,true,
TXN-NO_LOCK-00366,REQ-SIM-00366,SIM-NO_LOCK-00366,CUS-00366,FSI-00167,1,NO_LOCK,pool-1-thread-366,3824679999300,3825552053500,true,
TXN-NO_LOCK-00840,REQ-SIM-00840,SIM-NO_LOCK-00840,CUS-00840,FSI-00167,1,NO_LOCK,pool-1-thread-840,3824695004900,3825552102900,true,
TXN-NO_LOCK-00947,REQ-SIM-00947,SIM-NO_LOCK-00947,CUS-00947,FSI-00167,1,NO_LOCK,pool-1-thread-947,3824698067900,3825552142000,true,
TXN-NO_LOCK-00962,REQ-SIM-00962,SIM-NO_LOCK-00962,CUS-00962,FSI-00167,1,NO_LOCK,pool-1-thread-962,3824698374900,3825552196900,true,
TXN-NO_LOCK-00353,REQ-SIM-00353,SIM-NO_LOCK-00353,CUS-00353,FSI-00167,1,NO_LOCK,pool-1-thread-353,3824679653300,3825552238400,true,
TXN-NO_LOCK-00635,REQ-SIM-00635,SIM-NO_LOCK-00635,CUS-00635,FSI-00167,1,NO_LOCK,pool-1-thread-635,3824688637100,3825552274600,true,
TXN-NO_LOCK-00831,REQ-SIM-00831,SIM-NO_LOCK-00831,CUS-00831,FSI-00167,1,NO_LOCK,pool-1-thread-831,3824694735100,3825552315400,true,
TXN-NO_LOCK-00306,REQ-SIM-00306,SIM-NO_LOCK-00306,CUS-00306,FSI-00167,1,NO_LOCK,pool-1-thread-306,3824678392300,3825552428000,true,
TXN-NO_LOCK-00829,REQ-SIM-00829,SIM-NO_LOCK-00829,CUS-00829,FSI-00167,1,NO_LOCK,pool-1-thread-829,3824697351000,3825552442500,true,
TXN-NO_LOCK-00593,REQ-SIM-00593,SIM-NO_LOCK-00593,CUS-00593,FSI-00167,1,NO_LOCK,pool-1-thread-593,3824687373300,3825552475000,true,
TXN-NO_LOCK-00765,REQ-SIM-00765,SIM-NO_LOCK-00765,CUS-00765,FSI-00167,1,NO_LOCK,pool-1-thread-765,3824692935500,3825552523900,true,
TXN-NO_LOCK-00516,REQ-SIM-00516,SIM-NO_LOCK-00516,CUS-00516,FSI-00167,1,NO_LOCK,pool-1-thread-516,3824684625400,3825552565500,true,
TXN-NO_LOCK-00444,REQ-SIM-00444,SIM-NO_LOCK-00444,CUS-00444,FSI-00167,1,NO_LOCK,pool-1-thread-444,3824682522900,3825552611800,true,
TXN-NO_LOCK-00911,REQ-SIM-00911,SIM-NO_LOCK-00911,CUS-00911,FSI-00167,1,NO_LOCK,pool-1-thread-911,3824694326500,3825552658300,true,
TXN-NO_LOCK-00584,REQ-SIM-00584,SIM-NO_LOCK-00584,CUS-00584,FSI-00167,1,NO_LOCK,pool-1-thread-584,3824686991000,3825552690600,true,
TXN-NO_LOCK-00466,REQ-SIM-00466,SIM-NO_LOCK-00466,CUS-00466,FSI-00167,1,NO_LOCK,pool-1-thread-466,3824683131600,3825552723700,true,
TXN-NO_LOCK-00364,REQ-SIM-00364,SIM-NO_LOCK-00364,CUS-00364,FSI-00167,1,NO_LOCK,pool-1-thread-364,3824679963600,3825552790600,true,
TXN-NO_LOCK-00981,REQ-SIM-00981,SIM-NO_LOCK-00981,CUS-00981,FSI-00167,1,NO_LOCK,pool-1-thread-981,3824698924500,3825552851100,true,
TXN-NO_LOCK-00619,REQ-SIM-00619,SIM-NO_LOCK-00619,CUS-00619,FSI-00167,1,NO_LOCK,pool-1-thread-619,3824688172700,3825552895800,true,
TXN-NO_LOCK-00923,REQ-SIM-00923,SIM-NO_LOCK-00923,CUS-00923,FSI-00167,1,NO_LOCK,pool-1-thread-923,3824697456900,3825552920000,true,
TXN-NO_LOCK-00548,REQ-SIM-00548,SIM-NO_LOCK-00548,CUS-00548,FSI-00167,1,NO_LOCK,pool-1-thread-548,3824685700200,3825553019100,true,
TXN-NO_LOCK-00732,REQ-SIM-00732,SIM-NO_LOCK-00732,CUS-00732,FSI-00167,1,NO_LOCK,pool-1-thread-732,3824691691700,3825553020100,true,
TXN-NO_LOCK-00870,REQ-SIM-00870,SIM-NO_LOCK-00870,CUS-00870,FSI-00167,1,NO_LOCK,pool-1-thread-870,3824692804300,3825553065200,true,
TXN-NO_LOCK-00841,REQ-SIM-00841,SIM-NO_LOCK-00841,CUS-00841,FSI-00167,1,NO_LOCK,pool-1-thread-841,3824691403800,3825553115000,true,
TXN-NO_LOCK-00664,REQ-SIM-00664,SIM-NO_LOCK-00664,CUS-00664,FSI-00167,1,NO_LOCK,pool-1-thread-664,3824690472600,3825553156500,true,
TXN-NO_LOCK-00326,REQ-SIM-00326,SIM-NO_LOCK-00326,CUS-00326,FSI-00167,1,NO_LOCK,pool-1-thread-326,3824678843400,3825553200300,true,
TXN-NO_LOCK-00532,REQ-SIM-00532,SIM-NO_LOCK-00532,CUS-00532,FSI-00167,1,NO_LOCK,pool-1-thread-532,3824685142300,3825553268900,true,
TXN-NO_LOCK-00758,REQ-SIM-00758,SIM-NO_LOCK-00758,CUS-00758,FSI-00167,1,NO_LOCK,pool-1-thread-758,3824692627600,3825553315400,true,
TXN-NO_LOCK-00985,REQ-SIM-00985,SIM-NO_LOCK-00985,CUS-00985,FSI-00167,1,NO_LOCK,pool-1-thread-985,3824699000500,3825553359000,true,
TXN-NO_LOCK-00646,REQ-SIM-00646,SIM-NO_LOCK-00646,CUS-00646,FSI-00167,1,NO_LOCK,pool-1-thread-646,3824689784000,3825553431400,true,
TXN-NO_LOCK-00781,REQ-SIM-00781,SIM-NO_LOCK-00781,CUS-00781,FSI-00167,1,NO_LOCK,pool-1-thread-781,3824690861700,3825553449900,true,
TXN-NO_LOCK-00209,REQ-SIM-00209,SIM-NO_LOCK-00209,CUS-00209,FSI-00167,1,NO_LOCK,pool-1-thread-209,3824675994200,3825553494200,true,
TXN-NO_LOCK-00819,REQ-SIM-00819,SIM-NO_LOCK-00819,CUS-00819,FSI-00167,1,NO_LOCK,pool-1-thread-819,3824694394300,3825553578100,true,
TXN-NO_LOCK-00010,REQ-SIM-00010,SIM-NO_LOCK-00010,CUS-00010,FSI-00167,1,NO_LOCK,pool-1-thread-10,3824668923400,3825553583600,true,
TXN-NO_LOCK-00551,REQ-SIM-00551,SIM-NO_LOCK-00551,CUS-00551,FSI-00167,1,NO_LOCK,pool-1-thread-551,3824685793900,3825553624800,true,
TXN-NO_LOCK-00277,REQ-SIM-00277,SIM-NO_LOCK-00277,CUS-00277,FSI-00167,1,NO_LOCK,pool-1-thread-277,3824677686700,3825553668800,true,
TXN-NO_LOCK-00568,REQ-SIM-00568,SIM-NO_LOCK-00568,CUS-00568,FSI-00167,1,NO_LOCK,pool-1-thread-568,3824686388100,3825553713100,true,
TXN-NO_LOCK-00807,REQ-SIM-00807,SIM-NO_LOCK-00807,CUS-00807,FSI-00167,1,NO_LOCK,pool-1-thread-807,3824694020300,3825553750700,true,
TXN-NO_LOCK-00537,REQ-SIM-00537,SIM-NO_LOCK-00537,CUS-00537,FSI-00167,1,NO_LOCK,pool-1-thread-537,3824685375000,3825553782500,true,
TXN-NO_LOCK-00877,REQ-SIM-00877,SIM-NO_LOCK-00877,CUS-00877,FSI-00167,1,NO_LOCK,pool-1-thread-877,3824695969000,3825553836900,true,
TXN-NO_LOCK-00611,REQ-SIM-00611,SIM-NO_LOCK-00611,CUS-00611,FSI-00167,1,NO_LOCK,pool-1-thread-611,3824687918000,3825553882900,true,
TXN-NO_LOCK-00672,REQ-SIM-00672,SIM-NO_LOCK-00672,CUS-00672,FSI-00167,1,NO_LOCK,pool-1-thread-672,3824689768800,3825553931300,true,
TXN-NO_LOCK-00629,REQ-SIM-00629,SIM-NO_LOCK-00629,CUS-00629,FSI-00167,1,NO_LOCK,pool-1-thread-629,3824688480300,3825553969200,true,
TXN-NO_LOCK-00813,REQ-SIM-00813,SIM-NO_LOCK-00813,CUS-00813,FSI-00167,1,NO_LOCK,pool-1-thread-813,3824694106700,3825554020200,true,
TXN-NO_LOCK-00090,REQ-SIM-00090,SIM-NO_LOCK-00090,CUS-00090,FSI-00167,1,NO_LOCK,pool-1-thread-90,3824672346300,3825554090300,true,
TXN-NO_LOCK-00169,REQ-SIM-00169,SIM-NO_LOCK-00169,CUS-00169,FSI-00167,1,NO_LOCK,pool-1-thread-169,3824674925600,3825554115500,true,
TXN-NO_LOCK-00515,REQ-SIM-00515,SIM-NO_LOCK-00515,CUS-00515,FSI-00167,1,NO_LOCK,pool-1-thread-515,3824684609700,3825554133500,true,
TXN-NO_LOCK-00915,REQ-SIM-00915,SIM-NO_LOCK-00915,CUS-00915,FSI-00167,1,NO_LOCK,pool-1-thread-915,3824694497500,3825554173100,true,
TXN-NO_LOCK-00993,REQ-SIM-00993,SIM-NO_LOCK-00993,CUS-00993,FSI-00167,1,NO_LOCK,pool-1-thread-993,3824699200100,3825554211300,true,
TXN-NO_LOCK-00467,REQ-SIM-00467,SIM-NO_LOCK-00467,CUS-00467,FSI-00167,1,NO_LOCK,pool-1-thread-467,3824683151600,3825554261300,true,
TXN-NO_LOCK-00263,REQ-SIM-00263,SIM-NO_LOCK-00263,CUS-00263,FSI-00167,1,NO_LOCK,pool-1-thread-263,3824677351400,3825554306800,true,
TXN-NO_LOCK-00393,REQ-SIM-00393,SIM-NO_LOCK-00393,CUS-00393,FSI-00167,1,NO_LOCK,pool-1-thread-393,3824680832100,3825554347500,true,
TXN-NO_LOCK-00661,REQ-SIM-00661,SIM-NO_LOCK-00661,CUS-00661,FSI-00167,1,NO_LOCK,pool-1-thread-661,3824689480200,3825554384000,true,
TXN-NO_LOCK-00158,REQ-SIM-00158,SIM-NO_LOCK-00158,CUS-00158,FSI-00167,1,NO_LOCK,pool-1-thread-158,3824674539300,3825554444400,true,
TXN-NO_LOCK-00439,REQ-SIM-00439,SIM-NO_LOCK-00439,CUS-00439,FSI-00167,1,NO_LOCK,pool-1-thread-439,3824682405800,3825554486000,true,
TXN-NO_LOCK-00893,REQ-SIM-00893,SIM-NO_LOCK-00893,CUS-00893,FSI-00167,1,NO_LOCK,pool-1-thread-893,3824696477900,3825554536600,true,
TXN-NO_LOCK-00679,REQ-SIM-00679,SIM-NO_LOCK-00679,CUS-00679,FSI-00167,1,NO_LOCK,pool-1-thread-679,3824690713700,3825554592600,true,
TXN-NO_LOCK-00253,REQ-SIM-00253,SIM-NO_LOCK-00253,CUS-00253,FSI-00167,1,NO_LOCK,pool-1-thread-253,3824677121000,3825554629900,true,
TXN-NO_LOCK-00280,REQ-SIM-00280,SIM-NO_LOCK-00280,CUS-00280,FSI-00167,1,NO_LOCK,pool-1-thread-280,3824677743800,3825554679000,true,
TXN-NO_LOCK-00333,REQ-SIM-00333,SIM-NO_LOCK-00333,CUS-00333,FSI-00167,1,NO_LOCK,pool-1-thread-333,3824678976300,3825554719600,true,
TXN-NO_LOCK-00760,REQ-SIM-00760,SIM-NO_LOCK-00760,CUS-00760,FSI-00167,1,NO_LOCK,pool-1-thread-760,3824696006000,3825554750500,true,
TXN-NO_LOCK-00897,REQ-SIM-00897,SIM-NO_LOCK-00897,CUS-00897,FSI-00167,1,NO_LOCK,pool-1-thread-897,3824696590300,3825554805900,true,
TXN-NO_LOCK-00725,REQ-SIM-00725,SIM-NO_LOCK-00725,CUS-00725,FSI-00167,1,NO_LOCK,pool-1-thread-725,3824691542200,3825554849800,true,
TXN-NO_LOCK-00795,REQ-SIM-00795,SIM-NO_LOCK-00795,CUS-00795,FSI-00167,1,NO_LOCK,pool-1-thread-795,3824693909200,3825554891200,true,
TXN-NO_LOCK-00625,REQ-SIM-00625,SIM-NO_LOCK-00625,CUS-00625,FSI-00167,1,NO_LOCK,pool-1-thread-625,3824688348000,3825554945800,true,
TXN-NO_LOCK-00825,REQ-SIM-00825,SIM-NO_LOCK-00825,CUS-00825,FSI-00167,1,NO_LOCK,pool-1-thread-825,3824697221700,3825554993100,true,
TXN-NO_LOCK-00461,REQ-SIM-00461,SIM-NO_LOCK-00461,CUS-00461,FSI-00167,1,NO_LOCK,pool-1-thread-461,3824682971000,3825555052900,true,
TXN-NO_LOCK-00033,REQ-SIM-00033,SIM-NO_LOCK-00033,CUS-00033,FSI-00167,1,NO_LOCK,pool-1-thread-33,3824669331000,3825555100900,true,
TXN-NO_LOCK-00751,REQ-SIM-00751,SIM-NO_LOCK-00751,CUS-00751,FSI-00167,1,NO_LOCK,pool-1-thread-751,3824692291700,3825555134700,true,
TXN-NO_LOCK-00906,REQ-SIM-00906,SIM-NO_LOCK-00906,CUS-00906,FSI-00167,1,NO_LOCK,pool-1-thread-906,3824698659700,3825555182600,true,
TXN-NO_LOCK-00731,REQ-SIM-00731,SIM-NO_LOCK-00731,CUS-00731,FSI-00167,1,NO_LOCK,pool-1-thread-731,3824695315100,3825555229300,true,
TXN-NO_LOCK-00243,REQ-SIM-00243,SIM-NO_LOCK-00243,CUS-00243,FSI-00167,1,NO_LOCK,pool-1-thread-243,3824676868600,3825555274200,true,
TXN-NO_LOCK-00545,REQ-SIM-00545,SIM-NO_LOCK-00545,CUS-00545,FSI-00167,1,NO_LOCK,pool-1-thread-545,3824685623800,3825555313500,true,
TXN-NO_LOCK-00345,REQ-SIM-00345,SIM-NO_LOCK-00345,CUS-00345,FSI-00167,1,NO_LOCK,pool-1-thread-345,3824679444000,3825555371400,true,
TXN-NO_LOCK-00575,REQ-SIM-00575,SIM-NO_LOCK-00575,CUS-00575,FSI-00167,1,NO_LOCK,pool-1-thread-575,3824686675700,3825555418800,true,
TXN-NO_LOCK-00405,REQ-SIM-00405,SIM-NO_LOCK-00405,CUS-00405,FSI-00167,1,NO_LOCK,pool-1-thread-405,3824681400800,3825555456900,true,
TXN-NO_LOCK-00690,REQ-SIM-00690,SIM-NO_LOCK-00690,CUS-00690,FSI-00167,1,NO_LOCK,pool-1-thread-690,3824690399700,3825555524000,true,
TXN-NO_LOCK-00908,REQ-SIM-00908,SIM-NO_LOCK-00908,CUS-00908,FSI-00167,1,NO_LOCK,pool-1-thread-908,3824694193200,3825555562700,true,
TXN-NO_LOCK-00780,REQ-SIM-00780,SIM-NO_LOCK-00780,CUS-00780,FSI-00167,1,NO_LOCK,pool-1-thread-780,3824692917700,3825555615300,true,
TXN-NO_LOCK-00019,REQ-SIM-00019,SIM-NO_LOCK-00019,CUS-00019,FSI-00167,1,NO_LOCK,pool-1-thread-19,3824669138500,3825555662300,true,
TXN-NO_LOCK-00858,REQ-SIM-00858,SIM-NO_LOCK-00858,CUS-00858,FSI-00167,1,NO_LOCK,pool-1-thread-858,3824695478800,3825555690900,true,
TXN-NO_LOCK-00607,REQ-SIM-00607,SIM-NO_LOCK-00607,CUS-00607,FSI-00167,1,NO_LOCK,pool-1-thread-607,3824687811200,3825555744100,true,
TXN-NO_LOCK-00851,REQ-SIM-00851,SIM-NO_LOCK-00851,CUS-00851,FSI-00167,1,NO_LOCK,pool-1-thread-851,3824695327800,3825555780700,true,
TXN-NO_LOCK-00392,REQ-SIM-00392,SIM-NO_LOCK-00392,CUS-00392,FSI-00167,1,NO_LOCK,pool-1-thread-392,3824680762300,3825555823100,true,
TXN-NO_LOCK-00707,REQ-SIM-00707,SIM-NO_LOCK-00707,CUS-00707,FSI-00167,1,NO_LOCK,pool-1-thread-707,3824693822500,3825555872000,true,
TXN-NO_LOCK-00495,REQ-SIM-00495,SIM-NO_LOCK-00495,CUS-00495,FSI-00167,1,NO_LOCK,pool-1-thread-495,3824683997000,3825555922600,true,
TXN-NO_LOCK-00569,REQ-SIM-00569,SIM-NO_LOCK-00569,CUS-00569,FSI-00167,1,NO_LOCK,pool-1-thread-569,3824686445700,3825555974600,true,
TXN-NO_LOCK-00458,REQ-SIM-00458,SIM-NO_LOCK-00458,CUS-00458,FSI-00167,1,NO_LOCK,pool-1-thread-458,3824682882800,3825556000300,true,
TXN-NO_LOCK-00618,REQ-SIM-00618,SIM-NO_LOCK-00618,CUS-00618,FSI-00167,1,NO_LOCK,pool-1-thread-618,3824688145700,3825556046400,true,
TXN-NO_LOCK-00579,REQ-SIM-00579,SIM-NO_LOCK-00579,CUS-00579,FSI-00167,1,NO_LOCK,pool-1-thread-579,3824686813200,3825556078500,true,
TXN-NO_LOCK-00901,REQ-SIM-00901,SIM-NO_LOCK-00901,CUS-00901,FSI-00167,1,NO_LOCK,pool-1-thread-901,3824696663600,3825556126500,true,
TXN-NO_LOCK-00922,REQ-SIM-00922,SIM-NO_LOCK-00922,CUS-00922,FSI-00167,1,NO_LOCK,pool-1-thread-922,3824697406100,3825556180000,true,
TXN-NO_LOCK-00960,REQ-SIM-00960,SIM-NO_LOCK-00960,CUS-00960,FSI-00167,1,NO_LOCK,pool-1-thread-960,3824698333300,3825556217900,true,
TXN-NO_LOCK-00886,REQ-SIM-00886,SIM-NO_LOCK-00886,CUS-00886,FSI-00167,1,NO_LOCK,pool-1-thread-886,3824693389900,3825556276500,true,
TXN-NO_LOCK-00676,REQ-SIM-00676,SIM-NO_LOCK-00676,CUS-00676,FSI-00167,1,NO_LOCK,pool-1-thread-676,3824689969600,3825556310000,true,
TXN-NO_LOCK-00590,REQ-SIM-00590,SIM-NO_LOCK-00590,CUS-00590,FSI-00167,1,NO_LOCK,pool-1-thread-590,3824687256400,3825556355000,true,
TXN-NO_LOCK-00907,REQ-SIM-00907,SIM-NO_LOCK-00907,CUS-00907,FSI-00167,1,NO_LOCK,pool-1-thread-907,3824696927500,3825556399100,true,
TXN-NO_LOCK-00806,REQ-SIM-00806,SIM-NO_LOCK-00806,CUS-00806,FSI-00167,1,NO_LOCK,pool-1-thread-806,3824694002800,3825556446800,true,
TXN-NO_LOCK-00411,REQ-SIM-00411,SIM-NO_LOCK-00411,CUS-00411,FSI-00167,1,NO_LOCK,pool-1-thread-411,3824681586000,3825556545700,true,
TXN-NO_LOCK-00094,REQ-SIM-00094,SIM-NO_LOCK-00094,CUS-00094,FSI-00167,1,NO_LOCK,pool-1-thread-94,3824672655900,3825556548000,true,
TXN-NO_LOCK-00468,REQ-SIM-00468,SIM-NO_LOCK-00468,CUS-00468,FSI-00167,1,NO_LOCK,pool-1-thread-468,3824683167300,3825556597400,true,
TXN-NO_LOCK-00578,REQ-SIM-00578,SIM-NO_LOCK-00578,CUS-00578,FSI-00167,1,NO_LOCK,pool-1-thread-578,3824686790200,3825556653200,true,
TXN-NO_LOCK-00150,REQ-SIM-00150,SIM-NO_LOCK-00150,CUS-00150,FSI-00167,1,NO_LOCK,pool-1-thread-150,3824674240800,3825556703500,true,
TXN-NO_LOCK-00859,REQ-SIM-00859,SIM-NO_LOCK-00859,CUS-00859,FSI-00167,1,NO_LOCK,pool-1-thread-859,3824697815900,3825556745600,true,
TXN-NO_LOCK-00431,REQ-SIM-00431,SIM-NO_LOCK-00431,CUS-00431,FSI-00167,1,NO_LOCK,pool-1-thread-431,3824682186000,3825556797300,true,
TXN-NO_LOCK-00719,REQ-SIM-00719,SIM-NO_LOCK-00719,CUS-00719,FSI-00167,1,NO_LOCK,pool-1-thread-719,3824691310400,3825556837300,true,
TXN-NO_LOCK-00754,REQ-SIM-00754,SIM-NO_LOCK-00754,CUS-00754,FSI-00167,1,NO_LOCK,pool-1-thread-754,3824692420900,3825556877700,true,
TXN-NO_LOCK-00555,REQ-SIM-00555,SIM-NO_LOCK-00555,CUS-00555,FSI-00167,1,NO_LOCK,pool-1-thread-555,3824685888100,3825556914300,true,
TXN-NO_LOCK-00710,REQ-SIM-00710,SIM-NO_LOCK-00710,CUS-00710,FSI-00167,1,NO_LOCK,pool-1-thread-710,3824694862900,3825556955100,true,
TXN-NO_LOCK-00355,REQ-SIM-00355,SIM-NO_LOCK-00355,CUS-00355,FSI-00167,1,NO_LOCK,pool-1-thread-355,3824679741800,3825557007500,true,
TXN-NO_LOCK-00869,REQ-SIM-00869,SIM-NO_LOCK-00869,CUS-00869,FSI-00167,1,NO_LOCK,pool-1-thread-869,3824692786700,3825557055000,true,
TXN-NO_LOCK-00519,REQ-SIM-00519,SIM-NO_LOCK-00519,CUS-00519,FSI-00167,1,NO_LOCK,pool-1-thread-519,3824684701600,3825557083600,true,
TXN-NO_LOCK-00162,REQ-SIM-00162,SIM-NO_LOCK-00162,CUS-00162,FSI-00167,1,NO_LOCK,pool-1-thread-162,3824674674400,3825557127300,true,
TXN-NO_LOCK-00951,REQ-SIM-00951,SIM-NO_LOCK-00951,CUS-00951,FSI-00167,1,NO_LOCK,pool-1-thread-951,3824698124800,3825557161900,true,
TXN-NO_LOCK-00109,REQ-SIM-00109,SIM-NO_LOCK-00109,CUS-00109,FSI-00167,1,NO_LOCK,pool-1-thread-109,3824673224600,3825557243800,true,
TXN-NO_LOCK-00785,REQ-SIM-00785,SIM-NO_LOCK-00785,CUS-00785,FSI-00167,1,NO_LOCK,pool-1-thread-785,3824693582900,3825557247600,true,
TXN-NO_LOCK-00767,REQ-SIM-00767,SIM-NO_LOCK-00767,CUS-00767,FSI-00167,1,NO_LOCK,pool-1-thread-767,3824696197400,3825557291100,true,
TXN-NO_LOCK-00073,REQ-SIM-00073,SIM-NO_LOCK-00073,CUS-00073,FSI-00167,1,NO_LOCK,pool-1-thread-73,3824671377100,3825557342400,true,
TXN-NO_LOCK-00693,REQ-SIM-00693,SIM-NO_LOCK-00693,CUS-00693,FSI-00167,1,NO_LOCK,pool-1-thread-693,3824689661900,3825557368700,true,
TXN-NO_LOCK-00623,REQ-SIM-00623,SIM-NO_LOCK-00623,CUS-00623,FSI-00167,1,NO_LOCK,pool-1-thread-623,3824688287700,3825557418600,true,
TXN-NO_LOCK-00885,REQ-SIM-00885,SIM-NO_LOCK-00885,CUS-00885,FSI-00167,1,NO_LOCK,pool-1-thread-885,3824696261600,3825557445700,true,
TXN-NO_LOCK-00429,REQ-SIM-00429,SIM-NO_LOCK-00429,CUS-00429,FSI-00167,1,NO_LOCK,pool-1-thread-429,3824682144500,3825557484400,true,
TXN-NO_LOCK-00303,REQ-SIM-00303,SIM-NO_LOCK-00303,CUS-00303,FSI-00167,1,NO_LOCK,pool-1-thread-303,3824678330100,3825557508500,true,
TXN-NO_LOCK-00248,REQ-SIM-00248,SIM-NO_LOCK-00248,CUS-00248,FSI-00167,1,NO_LOCK,pool-1-thread-248,3824676962400,3825557552200,true,
TXN-NO_LOCK-00541,REQ-SIM-00541,SIM-NO_LOCK-00541,CUS-00541,FSI-00167,1,NO_LOCK,pool-1-thread-541,3824685460900,3825557596500,true,
TXN-NO_LOCK-00513,REQ-SIM-00513,SIM-NO_LOCK-00513,CUS-00513,FSI-00167,1,NO_LOCK,pool-1-thread-513,3824684517800,3825557641500,true,
TXN-NO_LOCK-00747,REQ-SIM-00747,SIM-NO_LOCK-00747,CUS-00747,FSI-00167,1,NO_LOCK,pool-1-thread-747,3824692250800,3825557685100,true,
TXN-NO_LOCK-00404,REQ-SIM-00404,SIM-NO_LOCK-00404,CUS-00404,FSI-00167,1,NO_LOCK,pool-1-thread-404,3824681336700,3825557721700,true,
TXN-NO_LOCK-00596,REQ-SIM-00596,SIM-NO_LOCK-00596,CUS-00596,FSI-00167,1,NO_LOCK,pool-1-thread-596,3824687462500,3825557775000,true,
TXN-NO_LOCK-00621,REQ-SIM-00621,SIM-NO_LOCK-00621,CUS-00621,FSI-00167,1,NO_LOCK,pool-1-thread-621,3824688248900,3825557807800,true,
TXN-NO_LOCK-00278,REQ-SIM-00278,SIM-NO_LOCK-00278,CUS-00278,FSI-00167,1,NO_LOCK,pool-1-thread-278,3824677708800,3825557853200,true,
TXN-NO_LOCK-00638,REQ-SIM-00638,SIM-NO_LOCK-00638,CUS-00638,FSI-00167,1,NO_LOCK,pool-1-thread-638,3824688734700,3825557873400,true,
TXN-NO_LOCK-00459,REQ-SIM-00459,SIM-NO_LOCK-00459,CUS-00459,FSI-00167,1,NO_LOCK,pool-1-thread-459,3824682895000,3825557929100,true,
TXN-NO_LOCK-00255,REQ-SIM-00255,SIM-NO_LOCK-00255,CUS-00255,FSI-00167,1,NO_LOCK,pool-1-thread-255,3824677176900,3825557969800,true,
TXN-NO_LOCK-00339,REQ-SIM-00339,SIM-NO_LOCK-00339,CUS-00339,FSI-00167,1,NO_LOCK,pool-1-thread-339,3824679173700,3825558000800,true,
TXN-NO_LOCK-00530,REQ-SIM-00530,SIM-NO_LOCK-00530,CUS-00530,FSI-00167,1,NO_LOCK,pool-1-thread-530,3824685098500,3825558047000,true,
TXN-NO_LOCK-00639,REQ-SIM-00639,SIM-NO_LOCK-00639,CUS-00639,FSI-00167,1,NO_LOCK,pool-1-thread-639,3824688768900,3825558097100,true,
TXN-NO_LOCK-00374,REQ-SIM-00374,SIM-NO_LOCK-00374,CUS-00374,FSI-00167,1,NO_LOCK,pool-1-thread-374,3824680244500,3825558159300,true,
TXN-NO_LOCK-00597,REQ-SIM-00597,SIM-NO_LOCK-00597,CUS-00597,FSI-00167,1,NO_LOCK,pool-1-thread-597,3824687479500,3825558171100,true,
TXN-NO_LOCK-00921,REQ-SIM-00921,SIM-NO_LOCK-00921,CUS-00921,FSI-00167,1,NO_LOCK,pool-1-thread-921,3824697369000,3825558221400,true,
TXN-NO_LOCK-00344,REQ-SIM-00344,SIM-NO_LOCK-00344,CUS-00344,FSI-00167,1,NO_LOCK,pool-1-thread-344,3824679326500,3825558270600,true,
TXN-NO_LOCK-00914,REQ-SIM-00914,SIM-NO_LOCK-00914,CUS-00914,FSI-00167,1,NO_LOCK,pool-1-thread-914,3824698758000,3825558307900,true,
TXN-NO_LOCK-00381,REQ-SIM-00381,SIM-NO_LOCK-00381,CUS-00381,FSI-00167,1,NO_LOCK,pool-1-thread-381,3824680467700,3825558351500,true,
TXN-NO_LOCK-00536,REQ-SIM-00536,SIM-NO_LOCK-00536,CUS-00536,FSI-00167,1,NO_LOCK,pool-1-thread-536,3824685327600,3825558386200,true,
TXN-NO_LOCK-00538,REQ-SIM-00538,SIM-NO_LOCK-00538,CUS-00538,FSI-00167,1,NO_LOCK,pool-1-thread-538,3824685394400,3825558422400,true,
TXN-NO_LOCK-00177,REQ-SIM-00177,SIM-NO_LOCK-00177,CUS-00177,FSI-00167,1,NO_LOCK,pool-1-thread-177,3824675144400,3825558468600,true,
TXN-NO_LOCK-00770,REQ-SIM-00770,SIM-NO_LOCK-00770,CUS-00770,FSI-00167,1,NO_LOCK,pool-1-thread-770,3824692977700,3825558520100,true,
TXN-NO_LOCK-00309,REQ-SIM-00309,SIM-NO_LOCK-00309,CUS-00309,FSI-00167,1,NO_LOCK,pool-1-thread-309,3824678463500,3825558573800,true,
TXN-NO_LOCK-00959,REQ-SIM-00959,SIM-NO_LOCK-00959,CUS-00959,FSI-00167,1,NO_LOCK,pool-1-thread-959,3824698306500,3825558621200,true,
TXN-NO_LOCK-00507,REQ-SIM-00507,SIM-NO_LOCK-00507,CUS-00507,FSI-00167,1,NO_LOCK,pool-1-thread-507,3824684321500,3825558661900,true,
TXN-NO_LOCK-00356,REQ-SIM-00356,SIM-NO_LOCK-00356,CUS-00356,FSI-00167,1,NO_LOCK,pool-1-thread-356,3824679777500,3825558693600,true,
TXN-NO_LOCK-00350,REQ-SIM-00350,SIM-NO_LOCK-00350,CUS-00350,FSI-00167,1,NO_LOCK,pool-1-thread-350,3824679573300,3825558715200,true,
TXN-NO_LOCK-00453,REQ-SIM-00453,SIM-NO_LOCK-00453,CUS-00453,FSI-00167,1,NO_LOCK,pool-1-thread-453,3824682754300,3825558749700,true,
TXN-NO_LOCK-00455,REQ-SIM-00455,SIM-NO_LOCK-00455,CUS-00455,FSI-00167,1,NO_LOCK,pool-1-thread-455,3824682826700,3825558793300,true,
TXN-NO_LOCK-00332,REQ-SIM-00332,SIM-NO_LOCK-00332,CUS-00332,FSI-00167,1,NO_LOCK,pool-1-thread-332,3824678961800,3825558821800,true,
TXN-NO_LOCK-00880,REQ-SIM-00880,SIM-NO_LOCK-00880,CUS-00880,FSI-00167,1,NO_LOCK,pool-1-thread-880,3824696105700,3825558871100,true,
TXN-NO_LOCK-00633,REQ-SIM-00633,SIM-NO_LOCK-00633,CUS-00633,FSI-00167,1,NO_LOCK,pool-1-thread-633,3824688579000,3825558921200,true,
TXN-NO_LOCK-00044,REQ-SIM-00044,SIM-NO_LOCK-00044,CUS-00044,FSI-00167,1,NO_LOCK,pool-1-thread-44,3824669527500,3825558970000,true,
TXN-NO_LOCK-00671,REQ-SIM-00671,SIM-NO_LOCK-00671,CUS-00671,FSI-00167,1,NO_LOCK,pool-1-thread-671,3824689907400,3825559002900,true,
TXN-NO_LOCK-00050,REQ-SIM-00050,SIM-NO_LOCK-00050,CUS-00050,FSI-00167,1,NO_LOCK,pool-1-thread-50,3824669629600,3825559091000,true,
TXN-NO_LOCK-00268,REQ-SIM-00268,SIM-NO_LOCK-00268,CUS-00268,FSI-00167,1,NO_LOCK,pool-1-thread-268,3824677477900,3825559096200,true,
TXN-NO_LOCK-00866,REQ-SIM-00866,SIM-NO_LOCK-00866,CUS-00866,FSI-00167,1,NO_LOCK,pool-1-thread-866,3824695659400,3825559168800,true,
TXN-NO_LOCK-00574,REQ-SIM-00574,SIM-NO_LOCK-00574,CUS-00574,FSI-00167,1,NO_LOCK,pool-1-thread-574,3824686652500,3825559169000,true,
TXN-NO_LOCK-00753,REQ-SIM-00753,SIM-NO_LOCK-00753,CUS-00753,FSI-00167,1,NO_LOCK,pool-1-thread-753,3824697936300,3825559220800,true,
TXN-NO_LOCK-00171,REQ-SIM-00171,SIM-NO_LOCK-00171,CUS-00171,FSI-00167,1,NO_LOCK,pool-1-thread-171,3824674960100,3825559280000,true,
TXN-NO_LOCK-00025,REQ-SIM-00025,SIM-NO_LOCK-00025,CUS-00025,FSI-00167,1,NO_LOCK,pool-1-thread-25,3824669230200,3825559313000,true,
TXN-NO_LOCK-00007,REQ-SIM-00007,SIM-NO_LOCK-00007,CUS-00007,FSI-00167,1,NO_LOCK,pool-1-thread-7,3824668938400,3825559367700,true,
TXN-NO_LOCK-00407,REQ-SIM-00407,SIM-NO_LOCK-00407,CUS-00407,FSI-00167,1,NO_LOCK,pool-1-thread-407,3824681434000,3825559431500,true,
TXN-NO_LOCK-00101,REQ-SIM-00101,SIM-NO_LOCK-00101,CUS-00101,FSI-00167,1,NO_LOCK,pool-1-thread-101,3824672965700,3825559476300,true,
TXN-NO_LOCK-00038,REQ-SIM-00038,SIM-NO_LOCK-00038,CUS-00038,FSI-00167,1,NO_LOCK,pool-1-thread-38,3824669422000,3825559530600,true,
TXN-NO_LOCK-00995,REQ-SIM-00995,SIM-NO_LOCK-00995,CUS-00995,FSI-00167,1,NO_LOCK,pool-1-thread-995,3824699336500,3825559561900,true,
TXN-NO_LOCK-00857,REQ-SIM-00857,SIM-NO_LOCK-00857,CUS-00857,FSI-00167,1,NO_LOCK,pool-1-thread-857,3824695467100,3825559607600,true,
TXN-NO_LOCK-00845,REQ-SIM-00845,SIM-NO_LOCK-00845,CUS-00845,FSI-00167,1,NO_LOCK,pool-1-thread-845,3824695123200,3825559646700,true,
TXN-NO_LOCK-00037,REQ-SIM-00037,SIM-NO_LOCK-00037,CUS-00037,FSI-00167,1,NO_LOCK,pool-1-thread-37,3824669406500,3825559687400,true,
TXN-NO_LOCK-00325,REQ-SIM-00325,SIM-NO_LOCK-00325,CUS-00325,FSI-00167,1,NO_LOCK,pool-1-thread-325,3824678825600,3825559725100,true,
TXN-NO_LOCK-00700,REQ-SIM-00700,SIM-NO_LOCK-00700,CUS-00700,FSI-00167,1,NO_LOCK,pool-1-thread-700,3824690695600,3825559748800,true,
TXN-NO_LOCK-00347,REQ-SIM-00347,SIM-NO_LOCK-00347,CUS-00347,FSI-00167,1,NO_LOCK,pool-1-thread-347,3824679484000,3825559805500,true,
TXN-NO_LOCK-00477,REQ-SIM-00477,SIM-NO_LOCK-00477,CUS-00477,FSI-00167,1,NO_LOCK,pool-1-thread-477,3824683463200,3825559856300,true,
TXN-NO_LOCK-00482,REQ-SIM-00482,SIM-NO_LOCK-00482,CUS-00482,FSI-00167,1,NO_LOCK,pool-1-thread-482,3824683579700,3825559930300,true,
TXN-NO_LOCK-00878,REQ-SIM-00878,SIM-NO_LOCK-00878,CUS-00878,FSI-00167,1,NO_LOCK,pool-1-thread-878,3824693088300,3825559932400,true,
TXN-NO_LOCK-00656,REQ-SIM-00656,SIM-NO_LOCK-00656,CUS-00656,FSI-00167,1,NO_LOCK,pool-1-thread-656,3824689348600,3825560000000,true,
TXN-NO_LOCK-00729,REQ-SIM-00729,SIM-NO_LOCK-00729,CUS-00729,FSI-00167,1,NO_LOCK,pool-1-thread-729,3824691672700,3825560057100,true,
TXN-NO_LOCK-00789,REQ-SIM-00789,SIM-NO_LOCK-00789,CUS-00789,FSI-00167,1,NO_LOCK,pool-1-thread-789,3824693613000,3825560152500,true,
TXN-NO_LOCK-00734,REQ-SIM-00734,SIM-NO_LOCK-00734,CUS-00734,FSI-00167,1,NO_LOCK,pool-1-thread-734,3824691741800,3825560153100,true,
TXN-NO_LOCK-00377,REQ-SIM-00377,SIM-NO_LOCK-00377,CUS-00377,FSI-00167,1,NO_LOCK,pool-1-thread-377,3824680328100,3825560223600,true,
TXN-NO_LOCK-00837,REQ-SIM-00837,SIM-NO_LOCK-00837,CUS-00837,FSI-00167,1,NO_LOCK,pool-1-thread-837,3824694940400,3825560282900,true,
TXN-NO_LOCK-00256,REQ-SIM-00256,SIM-NO_LOCK-00256,CUS-00256,FSI-00167,1,NO_LOCK,pool-1-thread-256,3824677193400,3825560339300,true,
TXN-NO_LOCK-00755,REQ-SIM-00755,SIM-NO_LOCK-00755,CUS-00755,FSI-00167,1,NO_LOCK,pool-1-thread-755,3824692443400,3825560371200,true,
TXN-NO_LOCK-00832,REQ-SIM-00832,SIM-NO_LOCK-00832,CUS-00832,FSI-00167,1,NO_LOCK,pool-1-thread-832,3824694784800,3825560435400,true,
TXN-NO_LOCK-00680,REQ-SIM-00680,SIM-NO_LOCK-00680,CUS-00680,FSI-00167,1,NO_LOCK,pool-1-thread-680,3824690030500,3825560482600,true,
TXN-NO_LOCK-00512,REQ-SIM-00512,SIM-NO_LOCK-00512,CUS-00512,FSI-00167,1,NO_LOCK,pool-1-thread-512,3824684477600,3825560551000,true,
TXN-NO_LOCK-00200,REQ-SIM-00200,SIM-NO_LOCK-00200,CUS-00200,FSI-00167,1,NO_LOCK,pool-1-thread-200,3824675799800,3825560567100,true,
TXN-NO_LOCK-00879,REQ-SIM-00879,SIM-NO_LOCK-00879,CUS-00879,FSI-00167,1,NO_LOCK,pool-1-thread-879,3824696068500,3825560628200,true,
TXN-NO_LOCK-00652,REQ-SIM-00652,SIM-NO_LOCK-00652,CUS-00652,FSI-00167,1,NO_LOCK,pool-1-thread-652,3824689236300,3825560651400,true,
TXN-NO_LOCK-00743,REQ-SIM-00743,SIM-NO_LOCK-00743,CUS-00743,FSI-00167,1,NO_LOCK,pool-1-thread-743,3824692106900,3825560721000,true,
TXN-NO_LOCK-00225,REQ-SIM-00225,SIM-NO_LOCK-00225,CUS-00225,FSI-00167,1,NO_LOCK,pool-1-thread-225,3824676418500,3825560795500,true,
TXN-NO_LOCK-00417,REQ-SIM-00417,SIM-NO_LOCK-00417,CUS-00417,FSI-00167,1,NO_LOCK,pool-1-thread-417,3824681816800,3825560914400,true,
TXN-NO_LOCK-00752,REQ-SIM-00752,SIM-NO_LOCK-00752,CUS-00752,FSI-00167,1,NO_LOCK,pool-1-thread-752,3824692592800,3825560921500,true,
TXN-NO_LOCK-00759,REQ-SIM-00759,SIM-NO_LOCK-00759,CUS-00759,FSI-00167,1,NO_LOCK,pool-1-thread-759,3824692713900,3825560978300,true,
TXN-NO_LOCK-00440,REQ-SIM-00440,SIM-NO_LOCK-00440,CUS-00440,FSI-00167,1,NO_LOCK,pool-1-thread-440,3824682431600,3825561027200,true,
TXN-NO_LOCK-00788,REQ-SIM-00788,SIM-NO_LOCK-00788,CUS-00788,FSI-00167,1,NO_LOCK,pool-1-thread-788,3824693517200,3825561071800,true,
TXN-NO_LOCK-00705,REQ-SIM-00705,SIM-NO_LOCK-00705,CUS-00705,FSI-00167,1,NO_LOCK,pool-1-thread-705,3824690174300,3825561148400,true,
TXN-NO_LOCK-00380,REQ-SIM-00380,SIM-NO_LOCK-00380,CUS-00380,FSI-00167,1,NO_LOCK,pool-1-thread-380,3824680410900,3825561191000,true,
TXN-NO_LOCK-00501,REQ-SIM-00501,SIM-NO_LOCK-00501,CUS-00501,FSI-00167,1,NO_LOCK,pool-1-thread-501,3824684191700,3825561247200,true,
TXN-NO_LOCK-00375,REQ-SIM-00375,SIM-NO_LOCK-00375,CUS-00375,FSI-00167,1,NO_LOCK,pool-1-thread-375,3824680293500,3825561327700,true,
TXN-NO_LOCK-00945,REQ-SIM-00945,SIM-NO_LOCK-00945,CUS-00945,FSI-00167,1,NO_LOCK,pool-1-thread-945,3824698002200,3825561341600,true,
TXN-NO_LOCK-00794,REQ-SIM-00794,SIM-NO_LOCK-00794,CUS-00794,FSI-00167,1,NO_LOCK,pool-1-thread-794,3824693866000,3825561395300,true,
TXN-NO_LOCK-00926,REQ-SIM-00926,SIM-NO_LOCK-00926,CUS-00926,FSI-00167,1,NO_LOCK,pool-1-thread-926,3824694971300,3825561434800,true,
TXN-NO_LOCK-00824,REQ-SIM-00824,SIM-NO_LOCK-00824,CUS-00824,FSI-00167,1,NO_LOCK,pool-1-thread-824,3824694462300,3825561481800,true,
TXN-NO_LOCK-00933,REQ-SIM-00933,SIM-NO_LOCK-00933,CUS-00933,FSI-00167,1,NO_LOCK,pool-1-thread-933,3824697677800,3825561533900,true,
TXN-NO_LOCK-00572,REQ-SIM-00572,SIM-NO_LOCK-00572,CUS-00572,FSI-00167,1,NO_LOCK,pool-1-thread-572,3824686521000,3825561560100,true,
TXN-NO_LOCK-00531,REQ-SIM-00531,SIM-NO_LOCK-00531,CUS-00531,FSI-00167,1,NO_LOCK,pool-1-thread-531,3824685115100,3825561635000,true,
TXN-NO_LOCK-00882,REQ-SIM-00882,SIM-NO_LOCK-00882,CUS-00882,FSI-00167,1,NO_LOCK,pool-1-thread-882,3824693243100,3825561675400,true,
TXN-NO_LOCK-00302,REQ-SIM-00302,SIM-NO_LOCK-00302,CUS-00302,FSI-00167,1,NO_LOCK,pool-1-thread-302,3824678313700,3825561762600,true,
TXN-NO_LOCK-00285,REQ-SIM-00285,SIM-NO_LOCK-00285,CUS-00285,FSI-00167,1,NO_LOCK,pool-1-thread-285,3824677841500,3825561763600,true,
TXN-NO_LOCK-00800,REQ-SIM-00800,SIM-NO_LOCK-00800,CUS-00800,FSI-00167,1,NO_LOCK,pool-1-thread-800,3824693959100,3825561863900,true,
TXN-NO_LOCK-00648,REQ-SIM-00648,SIM-NO_LOCK-00648,CUS-00648,FSI-00167,1,NO_LOCK,pool-1-thread-648,3824689058000,3825561877000,true,
TXN-NO_LOCK-00748,REQ-SIM-00748,SIM-NO_LOCK-00748,CUS-00748,FSI-00167,1,NO_LOCK,pool-1-thread-748,3824692320500,3825561911800,true,
TXN-NO_LOCK-00330,REQ-SIM-00330,SIM-NO_LOCK-00330,CUS-00330,FSI-00167,1,NO_LOCK,pool-1-thread-330,3824678914400,3825562002500,true,
TXN-NO_LOCK-00846,REQ-SIM-00846,SIM-NO_LOCK-00846,CUS-00846,FSI-00167,1,NO_LOCK,pool-1-thread-846,3824697645900,3825562041400,true,
TXN-NO_LOCK-00556,REQ-SIM-00556,SIM-NO_LOCK-00556,CUS-00556,FSI-00167,1,NO_LOCK,pool-1-thread-556,3824685909500,3825562132600,true,
TXN-NO_LOCK-00828,REQ-SIM-00828,SIM-NO_LOCK-00828,CUS-00828,FSI-00167,1,NO_LOCK,pool-1-thread-828,3824697313600,3825562174300,true,
TXN-NO_LOCK-00636,REQ-SIM-00636,SIM-NO_LOCK-00636,CUS-00636,FSI-00167,1,NO_LOCK,pool-1-thread-636,3824688684600,3825562273100,true,
TXN-NO_LOCK-00378,REQ-SIM-00378,SIM-NO_LOCK-00378,CUS-00378,FSI-00167,1,NO_LOCK,pool-1-thread-378,3824680350500,3825562278700,true,
TXN-NO_LOCK-00654,REQ-SIM-00654,SIM-NO_LOCK-00654,CUS-00654,FSI-00167,1,NO_LOCK,pool-1-thread-654,3824689077400,3825562324500,true,
TXN-NO_LOCK-00456,REQ-SIM-00456,SIM-NO_LOCK-00456,CUS-00456,FSI-00167,1,NO_LOCK,pool-1-thread-456,3824682855700,3825562350600,true,
TXN-NO_LOCK-00478,REQ-SIM-00478,SIM-NO_LOCK-00478,CUS-00478,FSI-00167,1,NO_LOCK,pool-1-thread-478,3824683479100,3825562387500,true,
TXN-NO_LOCK-00792,REQ-SIM-00792,SIM-NO_LOCK-00792,CUS-00792,FSI-00167,1,NO_LOCK,pool-1-thread-792,3824693278200,3825562496300,true,
TXN-NO_LOCK-00949,REQ-SIM-00949,SIM-NO_LOCK-00949,CUS-00949,FSI-00167,1,NO_LOCK,pool-1-thread-949,3824698093700,3825562539300,true,
TXN-NO_LOCK-00473,REQ-SIM-00473,SIM-NO_LOCK-00473,CUS-00473,FSI-00167,1,NO_LOCK,pool-1-thread-473,3824683335700,3825562551400,true,
TXN-NO_LOCK-00612,REQ-SIM-00612,SIM-NO_LOCK-00612,CUS-00612,FSI-00167,1,NO_LOCK,pool-1-thread-612,3824687942300,3825562601800,true,
TXN-NO_LOCK-00604,REQ-SIM-00604,SIM-NO_LOCK-00604,CUS-00604,FSI-00167,1,NO_LOCK,pool-1-thread-604,3824687710600,3825562674900,true,
TXN-NO_LOCK-00659,REQ-SIM-00659,SIM-NO_LOCK-00659,CUS-00659,FSI-00167,1,NO_LOCK,pool-1-thread-659,3824689514800,3825562705000,true,
TXN-NO_LOCK-00142,REQ-SIM-00142,SIM-NO_LOCK-00142,CUS-00142,FSI-00167,1,NO_LOCK,pool-1-thread-142,3824674087200,3825562742100,true,
TXN-NO_LOCK-00318,REQ-SIM-00318,SIM-NO_LOCK-00318,CUS-00318,FSI-00167,1,NO_LOCK,pool-1-thread-318,3824678684000,3825562798500,true,
TXN-NO_LOCK-00342,REQ-SIM-00342,SIM-NO_LOCK-00342,CUS-00342,FSI-00167,1,NO_LOCK,pool-1-thread-342,3824679253400,3825562846500,true,
TXN-NO_LOCK-00709,REQ-SIM-00709,SIM-NO_LOCK-00709,CUS-00709,FSI-00167,1,NO_LOCK,pool-1-thread-709,3824694556400,3825562966800,true,
TXN-NO_LOCK-00905,REQ-SIM-00905,SIM-NO_LOCK-00905,CUS-00905,FSI-00167,1,NO_LOCK,pool-1-thread-905,3824696798500,3825563022100,true,
TXN-NO_LOCK-00552,REQ-SIM-00552,SIM-NO_LOCK-00552,CUS-00552,FSI-00167,1,NO_LOCK,pool-1-thread-552,3824685815500,3825563064400,true,
TXN-NO_LOCK-00967,REQ-SIM-00967,SIM-NO_LOCK-00967,CUS-00967,FSI-00167,1,NO_LOCK,pool-1-thread-967,3824696745000,3825563111900,true,
TXN-NO_LOCK-00432,REQ-SIM-00432,SIM-NO_LOCK-00432,CUS-00432,FSI-00167,1,NO_LOCK,pool-1-thread-432,3824682202300,3825563171800,true,
TXN-NO_LOCK-00438,REQ-SIM-00438,SIM-NO_LOCK-00438,CUS-00438,FSI-00167,1,NO_LOCK,pool-1-thread-438,3824682368600,3825563225000,true,
TXN-NO_LOCK-00779,REQ-SIM-00779,SIM-NO_LOCK-00779,CUS-00779,FSI-00167,1,NO_LOCK,pool-1-thread-779,3824693428700,3825563271600,true,
TXN-NO_LOCK-00948,REQ-SIM-00948,SIM-NO_LOCK-00948,CUS-00948,FSI-00167,1,NO_LOCK,pool-1-thread-948,3824698083500,3825563321100,true,
TXN-NO_LOCK-00336,REQ-SIM-00336,SIM-NO_LOCK-00336,CUS-00336,FSI-00167,1,NO_LOCK,pool-1-thread-336,3824679035200,3825563370000,true,
TXN-NO_LOCK-00373,REQ-SIM-00373,SIM-NO_LOCK-00373,CUS-00373,FSI-00167,1,NO_LOCK,pool-1-thread-373,3824680204900,3825563412300,true,
TXN-NO_LOCK-00724,REQ-SIM-00724,SIM-NO_LOCK-00724,CUS-00724,FSI-00167,1,NO_LOCK,pool-1-thread-724,3824691525000,3825563454000,true,
TXN-NO_LOCK-00912,REQ-SIM-00912,SIM-NO_LOCK-00912,CUS-00912,FSI-00167,1,NO_LOCK,pool-1-thread-912,3824697132700,3825563473500,true,
TXN-NO_LOCK-00396,REQ-SIM-00396,SIM-NO_LOCK-00396,CUS-00396,FSI-00167,1,NO_LOCK,pool-1-thread-396,3824680991400,3825563518800,true,
TXN-NO_LOCK-00617,REQ-SIM-00617,SIM-NO_LOCK-00617,CUS-00617,FSI-00167,1,NO_LOCK,pool-1-thread-617,3824688097700,3825563574700,true,
TXN-NO_LOCK-00486,REQ-SIM-00486,SIM-NO_LOCK-00486,CUS-00486,FSI-00167,1,NO_LOCK,pool-1-thread-486,3824683738800,3825563635900,true,
TXN-NO_LOCK-00421,REQ-SIM-00421,SIM-NO_LOCK-00421,CUS-00421,FSI-00167,1,NO_LOCK,pool-1-thread-421,3824681910300,3825563682100,true,
TXN-NO_LOCK-00529,REQ-SIM-00529,SIM-NO_LOCK-00529,CUS-00529,FSI-00167,1,NO_LOCK,pool-1-thread-529,3824685077900,3825563729000,true,
TXN-NO_LOCK-00799,REQ-SIM-00799,SIM-NO_LOCK-00799,CUS-00799,FSI-00167,1,NO_LOCK,pool-1-thread-799,3824696376200,3825563764500,true,
TXN-NO_LOCK-00275,REQ-SIM-00275,SIM-NO_LOCK-00275,CUS-00275,FSI-00167,1,NO_LOCK,pool-1-thread-275,3824677602300,3825563809800,true,
TXN-NO_LOCK-00810,REQ-SIM-00810,SIM-NO_LOCK-00810,CUS-00810,FSI-00167,1,NO_LOCK,pool-1-thread-810,3824693776900,3825563840900,true,
TXN-NO_LOCK-00403,REQ-SIM-00403,SIM-NO_LOCK-00403,CUS-00403,FSI-00167,1,NO_LOCK,pool-1-thread-403,3824681246200,3825563860400,true,
TXN-NO_LOCK-00408,REQ-SIM-00408,SIM-NO_LOCK-00408,CUS-00408,FSI-00167,1,NO_LOCK,pool-1-thread-408,3824681510100,3825563900300,true,
TXN-NO_LOCK-00409,REQ-SIM-00409,SIM-NO_LOCK-00409,CUS-00409,FSI-00167,1,NO_LOCK,pool-1-thread-409,3824681544200,3825563936300,true,
TXN-NO_LOCK-00694,REQ-SIM-00694,SIM-NO_LOCK-00694,CUS-00694,FSI-00167,1,NO_LOCK,pool-1-thread-694,3824689801300,3825563970600,true,
TXN-NO_LOCK-00485,REQ-SIM-00485,SIM-NO_LOCK-00485,CUS-00485,FSI-00167,1,NO_LOCK,pool-1-thread-485,3824683714700,3825563992100,true,
TXN-NO_LOCK-00210,REQ-SIM-00210,SIM-NO_LOCK-00210,CUS-00210,FSI-00167,1,NO_LOCK,pool-1-thread-210,3824676021300,3825564038400,true,
TXN-NO_LOCK-00565,REQ-SIM-00565,SIM-NO_LOCK-00565,CUS-00565,FSI-00167,1,NO_LOCK,pool-1-thread-565,3824686289200,3825564079500,true,
TXN-NO_LOCK-00712,REQ-SIM-00712,SIM-NO_LOCK-00712,CUS-00712,FSI-00167,1,NO_LOCK,pool-1-thread-712,3824691069800,3825564101800,true,
TXN-NO_LOCK-00925,REQ-SIM-00925,SIM-NO_LOCK-00925,CUS-00925,FSI-00167,1,NO_LOCK,pool-1-thread-925,3824697506000,3825564155100,true,
TXN-NO_LOCK-00892,REQ-SIM-00892,SIM-NO_LOCK-00892,CUS-00892,FSI-00167,1,NO_LOCK,pool-1-thread-892,3824696460200,3825564195200,true,
TXN-NO_LOCK-00913,REQ-SIM-00913,SIM-NO_LOCK-00913,CUS-00913,FSI-00167,1,NO_LOCK,pool-1-thread-913,3824697182200,3825564233600,true,
TXN-NO_LOCK-00943,REQ-SIM-00943,SIM-NO_LOCK-00943,CUS-00943,FSI-00167,1,NO_LOCK,pool-1-thread-943,3824695611400,3825564272700,true,
TXN-NO_LOCK-00931,REQ-SIM-00931,SIM-NO_LOCK-00931,CUS-00931,FSI-00167,1,NO_LOCK,pool-1-thread-931,3824695259200,3825564315200,true,
TXN-NO_LOCK-00517,REQ-SIM-00517,SIM-NO_LOCK-00517,CUS-00517,FSI-00167,1,NO_LOCK,pool-1-thread-517,3824684650900,3825564348200,true,
TXN-NO_LOCK-00563,REQ-SIM-00563,SIM-NO_LOCK-00563,CUS-00563,FSI-00167,1,NO_LOCK,pool-1-thread-563,3824686191500,3825564390400,true,
TXN-NO_LOCK-00397,REQ-SIM-00397,SIM-NO_LOCK-00397,CUS-00397,FSI-00167,1,NO_LOCK,pool-1-thread-397,3824681067700,3825564428000,true,
TXN-NO_LOCK-00358,REQ-SIM-00358,SIM-NO_LOCK-00358,CUS-00358,FSI-00167,1,NO_LOCK,pool-1-thread-358,3824679810100,3825564483500,true,
TXN-NO_LOCK-00400,REQ-SIM-00400,SIM-NO_LOCK-00400,CUS-00400,FSI-00167,1,NO_LOCK,pool-1-thread-400,3824681132300,3825564518200,true,
TXN-NO_LOCK-00490,REQ-SIM-00490,SIM-NO_LOCK-00490,CUS-00490,FSI-00167,1,NO_LOCK,pool-1-thread-490,3824683882100,3825564554700,true,
TXN-NO_LOCK-00533,REQ-SIM-00533,SIM-NO_LOCK-00533,CUS-00533,FSI-00167,1,NO_LOCK,pool-1-thread-533,3824685197100,3825564594700,true,
TXN-NO_LOCK-00881,REQ-SIM-00881,SIM-NO_LOCK-00881,CUS-00881,FSI-00167,1,NO_LOCK,pool-1-thread-881,3824693225600,3825564639500,true,
TXN-NO_LOCK-00544,REQ-SIM-00544,SIM-NO_LOCK-00544,CUS-00544,FSI-00167,1,NO_LOCK,pool-1-thread-544,3824685586700,3825564663700,true,
TXN-NO_LOCK-00934,REQ-SIM-00934,SIM-NO_LOCK-00934,CUS-00934,FSI-00167,1,NO_LOCK,pool-1-thread-934,3824697728900,3825564692700,true,
TXN-NO_LOCK-00599,REQ-SIM-00599,SIM-NO_LOCK-00599,CUS-00599,FSI-00167,1,NO_LOCK,pool-1-thread-599,3824687543000,3825564730500,true,
TXN-NO_LOCK-00401,REQ-SIM-00401,SIM-NO_LOCK-00401,CUS-00401,FSI-00167,1,NO_LOCK,pool-1-thread-401,3824681148300,3825564772500,true,
TXN-NO_LOCK-00730,REQ-SIM-00730,SIM-NO_LOCK-00730,CUS-00730,FSI-00167,1,NO_LOCK,pool-1-thread-730,3824691724600,3825564798500,true,
TXN-NO_LOCK-00304,REQ-SIM-00304,SIM-NO_LOCK-00304,CUS-00304,FSI-00167,1,NO_LOCK,pool-1-thread-304,3824678355800,3825564844100,true,
TXN-NO_LOCK-00514,REQ-SIM-00514,SIM-NO_LOCK-00514,CUS-00514,FSI-00167,1,NO_LOCK,pool-1-thread-514,3824684553900,3825564875000,true,
TXN-NO_LOCK-00772,REQ-SIM-00772,SIM-NO_LOCK-00772,CUS-00772,FSI-00167,1,NO_LOCK,pool-1-thread-772,3824696134300,3825564961700,true,
TXN-NO_LOCK-00868,REQ-SIM-00868,SIM-NO_LOCK-00868,CUS-00868,FSI-00167,1,NO_LOCK,pool-1-thread-868,3824695736100,3825564989000,true,
TXN-NO_LOCK-00864,REQ-SIM-00864,SIM-NO_LOCK-00864,CUS-00864,FSI-00167,1,NO_LOCK,pool-1-thread-864,3824695596200,3825565065000,true,
TXN-NO_LOCK-00493,REQ-SIM-00493,SIM-NO_LOCK-00493,CUS-00493,FSI-00167,1,NO_LOCK,pool-1-thread-493,3824683937300,3825565102000,true,
TXN-NO_LOCK-00469,REQ-SIM-00469,SIM-NO_LOCK-00469,CUS-00469,FSI-00167,1,NO_LOCK,pool-1-thread-469,3824683182400,3825565141600,true,
TXN-NO_LOCK-00558,REQ-SIM-00558,SIM-NO_LOCK-00558,CUS-00558,FSI-00167,1,NO_LOCK,pool-1-thread-558,3824685957000,3825565176000,true,
TXN-NO_LOCK-00252,REQ-SIM-00252,SIM-NO_LOCK-00252,CUS-00252,FSI-00167,1,NO_LOCK,pool-1-thread-252,3824677102800,3825565219400,true,
TXN-NO_LOCK-00900,REQ-SIM-00900,SIM-NO_LOCK-00900,CUS-00900,FSI-00167,1,NO_LOCK,pool-1-thread-900,3824696648700,3825565253600,true,
TXN-NO_LOCK-00481,REQ-SIM-00481,SIM-NO_LOCK-00481,CUS-00481,FSI-00167,1,NO_LOCK,pool-1-thread-481,3824683563300,3825565291800,true,
TXN-NO_LOCK-00583,REQ-SIM-00583,SIM-NO_LOCK-00583,CUS-00583,FSI-00167,1,NO_LOCK,pool-1-thread-583,3824686941300,3825565325600,true,
TXN-NO_LOCK-00222,REQ-SIM-00222,SIM-NO_LOCK-00222,CUS-00222,FSI-00167,1,NO_LOCK,pool-1-thread-222,3824676270200,3825565361300,true,
TXN-FILE_LOCK-00054,REQ-SIM-00054,-,CUS-00054,FSI-00167,1,FILE_LOCK,pool-2-thread-54,3825700574600,3825731194100,false,
TXN-FILE_LOCK-00041,REQ-SIM-00041,-,CUS-00041,FSI-00167,1,FILE_LOCK,pool-2-thread-41,3825700398700,3825732024400,false,
TXN-FILE_LOCK-00042,REQ-SIM-00042,-,CUS-00042,FSI-00167,1,FILE_LOCK,pool-2-thread-42,3825700409100,3825732204100,false,
TXN-FILE_LOCK-00087,REQ-SIM-00087,-,CUS-00087,FSI-00167,1,FILE_LOCK,pool-2-thread-87,3825701071600,3825732272300,false,
TXN-FILE_LOCK-00088,REQ-SIM-00088,-,CUS-00088,FSI-00167,1,FILE_LOCK,pool-2-thread-88,3825701091300,3825732373700,false,
TXN-FILE_LOCK-00094,REQ-SIM-00094,-,CUS-00094,FSI-00167,1,FILE_LOCK,pool-2-thread-94,3825701178800,3825732395400,false,
TXN-FILE_LOCK-00047,REQ-SIM-00047,-,CUS-00047,FSI-00167,1,FILE_LOCK,pool-2-thread-47,3825700469300,3825732397900,false,
TXN-FILE_LOCK-00178,REQ-SIM-00178,-,CUS-00178,FSI-00167,1,FILE_LOCK,pool-2-thread-178,3825702860100,3825732512400,false,
TXN-FILE_LOCK-00018,REQ-SIM-00018,-,CUS-00018,FSI-00167,1,FILE_LOCK,pool-2-thread-18,3825699856400,3825732558000,false,
TXN-FILE_LOCK-00014,REQ-SIM-00014,-,CUS-00014,FSI-00167,1,FILE_LOCK,pool-2-thread-14,3825699816900,3825732565900,false,
TXN-FILE_LOCK-00035,REQ-SIM-00035,-,CUS-00035,FSI-00167,1,FILE_LOCK,pool-2-thread-35,3825700287100,3825732608500,false,
TXN-FILE_LOCK-00082,REQ-SIM-00082,-,CUS-00082,FSI-00167,1,FILE_LOCK,pool-2-thread-82,3825700988600,3825732624000,false,
TXN-FILE_LOCK-00036,REQ-SIM-00036,-,CUS-00036,FSI-00167,1,FILE_LOCK,pool-2-thread-36,3825700305400,3825732623300,false,
TXN-FILE_LOCK-00017,REQ-SIM-00017,-,CUS-00017,FSI-00167,1,FILE_LOCK,pool-2-thread-17,3825699846900,3825732642200,false,
TXN-FILE_LOCK-00169,REQ-SIM-00169,-,CUS-00169,FSI-00167,1,FILE_LOCK,pool-2-thread-169,3825702642500,3825732667100,false,
TXN-FILE_LOCK-00099,REQ-SIM-00099,-,CUS-00099,FSI-00167,1,FILE_LOCK,pool-2-thread-99,3825701288900,3825732710400,false,
TXN-FILE_LOCK-00076,REQ-SIM-00076,-,CUS-00076,FSI-00167,1,FILE_LOCK,pool-2-thread-76,3825700903700,3825732727800,false,
TXN-FILE_LOCK-00176,REQ-SIM-00176,-,CUS-00176,FSI-00167,1,FILE_LOCK,pool-2-thread-176,3825702834900,3825732730700,false,
TXN-FILE_LOCK-00150,REQ-SIM-00150,-,CUS-00150,FSI-00167,1,FILE_LOCK,pool-2-thread-150,3825702285800,3825732761800,false,
TXN-FILE_LOCK-00001,REQ-SIM-00001,-,CUS-00001,FSI-00167,1,FILE_LOCK,pool-2-thread-1,3825699639600,3825732746900,false,
TXN-FILE_LOCK-00026,REQ-SIM-00026,-,CUS-00026,FSI-00167,1,FILE_LOCK,pool-2-thread-26,3825700114300,3825732796100,false,
TXN-FILE_LOCK-00081,REQ-SIM-00081,-,CUS-00081,FSI-00167,1,FILE_LOCK,pool-2-thread-81,3825700976600,3825732804600,false,
TXN-FILE_LOCK-00149,REQ-SIM-00149,-,CUS-00149,FSI-00167,1,FILE_LOCK,pool-2-thread-149,3825702254500,3825732873000,false,
TXN-FILE_LOCK-00075,REQ-SIM-00075,-,CUS-00075,FSI-00167,1,FILE_LOCK,pool-2-thread-75,3825700878100,3825732884100,false,
TXN-FILE_LOCK-00093,REQ-SIM-00093,-,CUS-00093,FSI-00167,1,FILE_LOCK,pool-2-thread-93,3825701164300,3825732918800,false,
TXN-FILE_LOCK-00167,REQ-SIM-00167,-,CUS-00167,FSI-00167,1,FILE_LOCK,pool-2-thread-167,3825702595800,3825732948000,false,
TXN-FILE_LOCK-00069,REQ-SIM-00069,-,CUS-00069,FSI-00167,1,FILE_LOCK,pool-2-thread-69,3825700792000,3825733000300,false,
TXN-FILE_LOCK-00070,REQ-SIM-00070,-,CUS-00070,FSI-00167,1,FILE_LOCK,pool-2-thread-70,3825700802400,3825733017500,false,
TXN-FILE_LOCK-00162,REQ-SIM-00162,-,CUS-00162,FSI-00167,1,FILE_LOCK,pool-2-thread-162,3825702524800,3825733061200,false,
TXN-FILE_LOCK-00020,REQ-SIM-00020,-,CUS-00020,FSI-00167,1,FILE_LOCK,pool-2-thread-20,3825699877500,3825733074900,false,
TXN-FILE_LOCK-00144,REQ-SIM-00144,-,CUS-00144,FSI-00167,1,FILE_LOCK,pool-2-thread-144,3825702162800,3825733135000,false,
TXN-FILE_LOCK-00025,REQ-SIM-00025,-,CUS-00025,FSI-00167,1,FILE_LOCK,pool-2-thread-25,3825700081500,3825733143500,false,
TXN-FILE_LOCK-00102,REQ-SIM-00102,-,CUS-00102,FSI-00167,1,FILE_LOCK,pool-2-thread-102,3825701337400,3825733199900,false,
TXN-FILE_LOCK-00107,REQ-SIM-00107,-,CUS-00107,FSI-00167,1,FILE_LOCK,pool-2-thread-107,3825701455100,3825733212600,false,
TXN-FILE_LOCK-00143,REQ-SIM-00143,-,CUS-00143,FSI-00167,1,FILE_LOCK,pool-2-thread-143,3825702150800,3825733233400,false,
TXN-FILE_LOCK-00090,REQ-SIM-00090,-,CUS-00090,FSI-00167,1,FILE_LOCK,pool-2-thread-90,3825701116300,3825733263000,false,
TXN-FILE_LOCK-00155,REQ-SIM-00155,-,CUS-00155,FSI-00167,1,FILE_LOCK,pool-2-thread-155,3825702379400,3825733286300,false,
TXN-FILE_LOCK-00156,REQ-SIM-00156,-,CUS-00156,FSI-00167,1,FILE_LOCK,pool-2-thread-156,3825702392500,3825733294900,false,
TXN-FILE_LOCK-00052,REQ-SIM-00052,-,CUS-00052,FSI-00167,1,FILE_LOCK,pool-2-thread-52,3825700542000,3825733272900,false,
TXN-FILE_LOCK-00019,REQ-SIM-00019,-,CUS-00019,FSI-00167,1,FILE_LOCK,pool-2-thread-19,3825699868700,3825733312700,false,
TXN-FILE_LOCK-00060,REQ-SIM-00060,-,CUS-00060,FSI-00167,1,FILE_LOCK,pool-2-thread-60,3825700648800,3825733370000,false,
TXN-FILE_LOCK-00034,REQ-SIM-00034,-,CUS-00034,FSI-00167,1,FILE_LOCK,pool-2-thread-34,3825700276600,3825733396300,false,
TXN-FILE_LOCK-00039,REQ-SIM-00039,-,CUS-00039,FSI-00167,1,FILE_LOCK,pool-2-thread-39,3825700369400,3825733377100,false,
TXN-FILE_LOCK-00126,REQ-SIM-00126,-,CUS-00126,FSI-00167,1,FILE_LOCK,pool-2-thread-126,3825701833200,3825733458900,false,
TXN-FILE_LOCK-00016,REQ-SIM-00016,-,CUS-00016,FSI-00167,1,FILE_LOCK,pool-2-thread-16,3825699836800,3825733455900,false,
TXN-FILE_LOCK-00120,REQ-SIM-00120,-,CUS-00120,FSI-00167,1,FILE_LOCK,pool-2-thread-120,3825701669300,3825733504300,false,
TXN-FILE_LOCK-00064,REQ-SIM-00064,-,CUS-00064,FSI-00167,1,FILE_LOCK,pool-2-thread-64,3825700714800,3825733572300,false,
TXN-FILE_LOCK-00119,REQ-SIM-00119,-,CUS-00119,FSI-00167,1,FILE_LOCK,pool-2-thread-119,3825701656900,3825733603200,false,
TXN-FILE_LOCK-00096,REQ-SIM-00096,-,CUS-00096,FSI-00167,1,FILE_LOCK,pool-2-thread-96,3825701200900,3825733634500,false,
TXN-FILE_LOCK-00063,REQ-SIM-00063,-,CUS-00063,FSI-00167,1,FILE_LOCK,pool-2-thread-63,3825700696700,3825733705300,false,
TXN-FILE_LOCK-00165,REQ-SIM-00165,-,CUS-00165,FSI-00167,1,FILE_LOCK,pool-2-thread-165,3825702574700,3825733716700,false,
TXN-FILE_LOCK-00101,REQ-SIM-00101,-,CUS-00101,FSI-00167,1,FILE_LOCK,pool-2-thread-101,3825701325600,3825733767700,false,
TXN-FILE_LOCK-00108,REQ-SIM-00108,-,CUS-00108,FSI-00167,1,FILE_LOCK,pool-2-thread-108,3825701501700,3825733793200,false,
TXN-FILE_LOCK-00147,REQ-SIM-00147,-,CUS-00147,FSI-00167,1,FILE_LOCK,pool-2-thread-147,3825702230100,3825733803600,false,
TXN-FILE_LOCK-00131,REQ-SIM-00131,-,CUS-00131,FSI-00167,1,FILE_LOCK,pool-2-thread-131,3825701930900,3825733795800,false,
TXN-FILE_LOCK-00008,REQ-SIM-00008,-,CUS-00008,FSI-00167,1,FILE_LOCK,pool-2-thread-8,3825699725900,3825733831000,false,
TXN-FILE_LOCK-00057,REQ-SIM-00057,-,CUS-00057,FSI-00167,1,FILE_LOCK,pool-2-thread-57,3825700606600,3825733853400,false,
TXN-FILE_LOCK-00173,REQ-SIM-00173,-,CUS-00173,FSI-00167,1,FILE_LOCK,pool-2-thread-173,3825702697400,3825733879800,false,
TXN-FILE_LOCK-00140,REQ-SIM-00140,-,CUS-00140,FSI-00167,1,FILE_LOCK,pool-2-thread-140,3825702112900,3825733927300,false,
TXN-FILE_LOCK-00123,REQ-SIM-00123,-,CUS-00123,FSI-00167,1,FILE_LOCK,pool-2-thread-123,3825701707900,3825733934200,false,
TXN-FILE_LOCK-00137,REQ-SIM-00137,-,CUS-00137,FSI-00167,1,FILE_LOCK,pool-2-thread-137,3825702064800,3825733945400,false,
TXN-FILE_LOCK-00115,REQ-SIM-00115,-,CUS-00115,FSI-00167,1,FILE_LOCK,pool-2-thread-115,3825701607100,3825734020800,false,
TXN-FILE_LOCK-00045,REQ-SIM-00045,-,CUS-00045,FSI-00167,1,FILE_LOCK,pool-2-thread-45,3825700444300,3825734028200,false,
TXN-FILE_LOCK-00013,REQ-SIM-00013,-,CUS-00013,FSI-00167,1,FILE_LOCK,pool-2-thread-13,3825699802200,3825734033800,false,
TXN-FILE_LOCK-00132,REQ-SIM-00132,-,CUS-00132,FSI-00167,1,FILE_LOCK,pool-2-thread-132,3825701965600,3825734054300,false,
TXN-FILE_LOCK-00040,REQ-SIM-00040,-,CUS-00040,FSI-00167,1,FILE_LOCK,pool-2-thread-40,3825700385600,3825734086100,false,
TXN-FILE_LOCK-00125,REQ-SIM-00125,-,CUS-00125,FSI-00167,1,FILE_LOCK,pool-2-thread-125,3825701822400,3825734130700,false,
TXN-FILE_LOCK-00138,REQ-SIM-00138,-,CUS-00138,FSI-00167,1,FILE_LOCK,pool-2-thread-138,3825702075200,3825734149600,false,
TXN-FILE_LOCK-00053,REQ-SIM-00053,-,CUS-00053,FSI-00167,1,FILE_LOCK,pool-2-thread-53,3825700562900,3825734161800,false,
TXN-FILE_LOCK-00111,REQ-SIM-00111,-,CUS-00111,FSI-00167,1,FILE_LOCK,pool-2-thread-111,3825701547300,3825734187400,false,
TXN-FILE_LOCK-00033,REQ-SIM-00033,-,CUS-00033,FSI-00167,1,FILE_LOCK,pool-2-thread-33,3825700263500,3825734214900,false,
TXN-FILE_LOCK-00015,REQ-SIM-00015,-,CUS-00015,FSI-00167,1,FILE_LOCK,pool-2-thread-15,3825699824800,3825734272600,false,
TXN-FILE_LOCK-00172,REQ-SIM-00172,-,CUS-00172,FSI-00167,1,FILE_LOCK,pool-2-thread-172,3825702685500,3825734283800,false,
TXN-FILE_LOCK-00049,REQ-SIM-00049,-,CUS-00049,FSI-00167,1,FILE_LOCK,pool-2-thread-49,3825700494900,3825734347600,false,
TXN-FILE_LOCK-00151,REQ-SIM-00151,-,CUS-00151,FSI-00167,1,FILE_LOCK,pool-2-thread-151,3825702318100,3825734392700,false,
TXN-FILE_LOCK-00084,REQ-SIM-00084,-,CUS-00084,FSI-00167,1,FILE_LOCK,pool-2-thread-84,3825701031600,3825734427600,false,
TXN-FILE_LOCK-00185,REQ-SIM-00185,-,CUS-00185,FSI-00167,1,FILE_LOCK,pool-2-thread-185,3825703011800,3825734518700,false,
TXN-FILE_LOCK-00184,REQ-SIM-00184,-,CUS-00184,FSI-00167,1,FILE_LOCK,pool-2-thread-184,3825702998300,3825734527000,false,
TXN-FILE_LOCK-00114,REQ-SIM-00114,-,CUS-00114,FSI-00167,1,FILE_LOCK,pool-2-thread-114,3825701642600,3825734532700,false,
TXN-FILE_LOCK-00142,REQ-SIM-00142,-,CUS-00142,FSI-00167,1,FILE_LOCK,pool-2-thread-142,3825702137500,3825734520300,false,
TXN-FILE_LOCK-00089,REQ-SIM-00089,-,CUS-00089,FSI-00167,1,FILE_LOCK,pool-2-thread-89,3825701104100,3825734593600,false,
TXN-FILE_LOCK-00043,REQ-SIM-00043,-,CUS-00043,FSI-00167,1,FILE_LOCK,pool-2-thread-43,3825700418700,3825734605400,false,
TXN-FILE_LOCK-00157,REQ-SIM-00157,-,CUS-00157,FSI-00167,1,FILE_LOCK,pool-2-thread-157,3825702461600,3825734628700,false,
TXN-FILE_LOCK-00058,REQ-SIM-00058,-,CUS-00058,FSI-00167,1,FILE_LOCK,pool-2-thread-58,3825700627100,3825734655800,false,
TXN-FILE_LOCK-00186,REQ-SIM-00186,-,CUS-00186,FSI-00167,1,FILE_LOCK,pool-2-thread-186,3825703068100,3825734683400,false,
TXN-FILE_LOCK-00141,REQ-SIM-00141,-,CUS-00141,FSI-00167,1,FILE_LOCK,pool-2-thread-141,3825702124000,3825734711600,false,
TXN-FILE_LOCK-00192,REQ-SIM-00192,-,CUS-00192,FSI-00167,1,FILE_LOCK,pool-2-thread-192,3825703166100,3825734738200,false,
TXN-FILE_LOCK-00080,REQ-SIM-00080,-,CUS-00080,FSI-00167,1,FILE_LOCK,pool-2-thread-80,3825700953300,3825734726100,false,
TXN-FILE_LOCK-00146,REQ-SIM-00146,-,CUS-00146,FSI-00167,1,FILE_LOCK,pool-2-thread-146,3825702216000,3825734741500,false,
TXN-FILE_LOCK-00195,REQ-SIM-00195,-,CUS-00195,FSI-00167,1,FILE_LOCK,pool-2-thread-195,3825703203100,3825734822200,false,
TXN-FILE_LOCK-00199,REQ-SIM-00199,-,CUS-00199,FSI-00167,1,FILE_LOCK,pool-2-thread-199,3825703262500,3825734877200,false,
TXN-FILE_LOCK-00044,REQ-SIM-00044,-,CUS-00044,FSI-00167,1,FILE_LOCK,pool-2-thread-44,3825700434100,3825734919400,false,
TXN-FILE_LOCK-00160,REQ-SIM-00160,-,CUS-00160,FSI-00167,1,FILE_LOCK,pool-2-thread-160,3825702501300,3825735068700,false,
TXN-FILE_LOCK-00196,REQ-SIM-00196,-,CUS-00196,FSI-00167,1,FILE_LOCK,pool-2-thread-196,3825703216000,3825735147800,false,
TXN-FILE_LOCK-00202,REQ-SIM-00202,-,CUS-00202,FSI-00167,1,FILE_LOCK,pool-2-thread-202,3825703318700,3825735026000,false,
TXN-FILE_LOCK-00095,REQ-SIM-00095,-,CUS-00095,FSI-00167,1,FILE_LOCK,pool-2-thread-95,3825701193000,3825735202600,false,
TXN-FILE_LOCK-00168,REQ-SIM-00168,-,CUS-00168,FSI-00167,1,FILE_LOCK,pool-2-thread-168,3825702643000,3825735256300,false,
TXN-FILE_LOCK-00154,REQ-SIM-00154,-,CUS-00154,FSI-00167,1,FILE_LOCK,pool-2-thread-154,3825702365800,3825735235600,false,
TXN-FILE_LOCK-00046,REQ-SIM-00046,-,CUS-00046,FSI-00167,1,FILE_LOCK,pool-2-thread-46,3825700455500,3825735387900,false,
TXN-FILE_LOCK-00148,REQ-SIM-00148,-,CUS-00148,FSI-00167,1,FILE_LOCK,pool-2-thread-148,3825702242600,3825735404300,false,
TXN-FILE_LOCK-00204,REQ-SIM-00204,-,CUS-00204,FSI-00167,1,FILE_LOCK,pool-2-thread-204,3825703350100,3825735457500,false,
TXN-FILE_LOCK-00152,REQ-SIM-00152,-,CUS-00152,FSI-00167,1,FILE_LOCK,pool-2-thread-152,3825702333500,3825735485800,false,
TXN-FILE_LOCK-00136,REQ-SIM-00136,-,CUS-00136,FSI-00167,1,FILE_LOCK,pool-2-thread-136,3825702054000,3825735495900,false,
TXN-FILE_LOCK-00127,REQ-SIM-00127,-,CUS-00127,FSI-00167,1,FILE_LOCK,pool-2-thread-127,3825701843300,3825735546400,false,
TXN-FILE_LOCK-00180,REQ-SIM-00180,-,CUS-00180,FSI-00167,1,FILE_LOCK,pool-2-thread-180,3825702883500,3825735590100,false,
TXN-FILE_LOCK-00051,REQ-SIM-00051,-,CUS-00051,FSI-00167,1,FILE_LOCK,pool-2-thread-51,3825700521100,3825735619100,false,
TXN-FILE_LOCK-00133,REQ-SIM-00133,-,CUS-00133,FSI-00167,1,FILE_LOCK,pool-2-thread-133,3825701985400,3825735629100,false,
TXN-FILE_LOCK-00174,REQ-SIM-00174,-,CUS-00174,FSI-00167,1,FILE_LOCK,pool-2-thread-174,3825702716600,3825735646500,false,
TXN-FILE_LOCK-00153,REQ-SIM-00153,-,CUS-00153,FSI-00167,1,FILE_LOCK,pool-2-thread-153,3825702351200,3825735669000,false,
TXN-FILE_LOCK-00083,REQ-SIM-00083,-,CUS-00083,FSI-00167,1,FILE_LOCK,pool-2-thread-83,3825701004400,3825735712700,false,
TXN-FILE_LOCK-00113,REQ-SIM-00113,-,CUS-00113,FSI-00167,1,FILE_LOCK,pool-2-thread-113,3825701576700,3825735733500,false,
TXN-FILE_LOCK-00124,REQ-SIM-00124,-,CUS-00124,FSI-00167,1,FILE_LOCK,pool-2-thread-124,3825701748900,3825735783700,false,
TXN-FILE_LOCK-00009,REQ-SIM-00009,-,CUS-00009,FSI-00167,1,FILE_LOCK,pool-2-thread-9,3825699749700,3825735834500,false,
TXN-FILE_LOCK-00109,REQ-SIM-00109,-,CUS-00109,FSI-00167,1,FILE_LOCK,pool-2-thread-109,3825701517900,3825735845000,false,
TXN-FILE_LOCK-00104,REQ-SIM-00104,-,CUS-00104,FSI-00167,1,FILE_LOCK,pool-2-thread-104,3825701425700,3825735871000,false,
TXN-FILE_LOCK-00139,REQ-SIM-00139,-,CUS-00139,FSI-00167,1,FILE_LOCK,pool-2-thread-139,3825702089100,3825735841500,false,
TXN-FILE_LOCK-00134,REQ-SIM-00134,-,CUS-00134,FSI-00167,1,FILE_LOCK,pool-2-thread-134,3825701996000,3825735894300,false,
TXN-FILE_LOCK-00158,REQ-SIM-00158,-,CUS-00158,FSI-00167,1,FILE_LOCK,pool-2-thread-158,3825702472600,3825735792200,false,
TXN-FILE_LOCK-00179,REQ-SIM-00179,-,CUS-00179,FSI-00167,1,FILE_LOCK,pool-2-thread-179,3825702871000,3825735919500,false,
TXN-FILE_LOCK-00027,REQ-SIM-00027,-,CUS-00027,FSI-00167,1,FILE_LOCK,pool-2-thread-27,3825700129000,3825736006400,false,
TXN-FILE_LOCK-00030,REQ-SIM-00030,-,CUS-00030,FSI-00167,1,FILE_LOCK,pool-2-thread-30,3825700169700,3825735961000,false,
TXN-FILE_LOCK-00110,REQ-SIM-00110,-,CUS-00110,FSI-00167,1,FILE_LOCK,pool-2-thread-110,3825701528400,3825736136000,false,
TXN-FILE_LOCK-00092,REQ-SIM-00092,-,CUS-00092,FSI-00167,1,FILE_LOCK,pool-2-thread-92,3825701154200,3825736110900,false,
TXN-FILE_LOCK-00055,REQ-SIM-00055,-,CUS-00055,FSI-00167,1,FILE_LOCK,pool-2-thread-55,3825700589400,3825736036300,false,
TXN-FILE_LOCK-00164,REQ-SIM-00164,-,CUS-00164,FSI-00167,1,FILE_LOCK,pool-2-thread-164,3825702555500,3825736179200,false,
TXN-FILE_LOCK-00097,REQ-SIM-00097,-,CUS-00097,FSI-00167,1,FILE_LOCK,pool-2-thread-97,3825701217500,3825735613000,false,
TXN-FILE_LOCK-00010,REQ-SIM-00010,-,CUS-00010,FSI-00167,1,FILE_LOCK,pool-2-thread-10,3825699762300,3825736187400,false,
TXN-FILE_LOCK-00215,REQ-SIM-00215,-,CUS-00215,FSI-00167,1,FILE_LOCK,pool-2-thread-215,3825703559800,3825736609500,false,
TXN-FILE_LOCK-00006,REQ-SIM-00006,-,CUS-00006,FSI-00167,1,FILE_LOCK,pool-2-thread-6,3825699701800,3825736657200,false,
TXN-FILE_LOCK-00216,REQ-SIM-00216,-,CUS-00216,FSI-00167,1,FILE_LOCK,pool-2-thread-216,3825703587200,3825736684200,false,
TXN-FILE_LOCK-00177,REQ-SIM-00177,-,CUS-00177,FSI-00167,1,FILE_LOCK,pool-2-thread-177,3825702846400,3825736697900,false,
TXN-FILE_LOCK-00117,REQ-SIM-00117,-,CUS-00117,FSI-00167,1,FILE_LOCK,pool-2-thread-117,3825701630800,3825736733100,false,
TXN-FILE_LOCK-00166,REQ-SIM-00166,-,CUS-00166,FSI-00167,1,FILE_LOCK,pool-2-thread-166,3825702582300,3825736763100,false,
TXN-FILE_LOCK-00106,REQ-SIM-00106,-,CUS-00106,FSI-00167,1,FILE_LOCK,pool-2-thread-106,3825701441500,3825736784600,false,
TXN-FILE_LOCK-00011,REQ-SIM-00011,-,CUS-00011,FSI-00167,1,FILE_LOCK,pool-2-thread-11,3825699780200,3825736803300,false,
TXN-FILE_LOCK-00121,REQ-SIM-00121,-,CUS-00121,FSI-00167,1,FILE_LOCK,pool-2-thread-121,3825701682400,3825736825600,false,
TXN-FILE_LOCK-00221,REQ-SIM-00221,-,CUS-00221,FSI-00167,1,FILE_LOCK,pool-2-thread-221,3825703659800,3825736774200,false,
TXN-FILE_LOCK-00012,REQ-SIM-00012,-,CUS-00012,FSI-00167,1,FILE_LOCK,pool-2-thread-12,3825699792700,3825736911600,false,
TXN-FILE_LOCK-00171,REQ-SIM-00171,-,CUS-00171,FSI-00167,1,FILE_LOCK,pool-2-thread-171,3825702673100,3825736960300,false,
TXN-FILE_LOCK-00059,REQ-SIM-00059,-,CUS-00059,FSI-00167,1,FILE_LOCK,pool-2-thread-59,3825700635900,3825736980200,false,
TXN-FILE_LOCK-00072,REQ-SIM-00072,-,CUS-00072,FSI-00167,1,FILE_LOCK,pool-2-thread-72,3825700826400,3825737109300,false,
TXN-FILE_LOCK-00037,REQ-SIM-00037,-,CUS-00037,FSI-00167,1,FILE_LOCK,pool-2-thread-37,3825700344600,3825736970000,false,
TXN-FILE_LOCK-00085,REQ-SIM-00085,-,CUS-00085,FSI-00167,1,FILE_LOCK,pool-2-thread-85,3825701044000,3825737113000,false,
TXN-FILE_LOCK-00023,REQ-SIM-00023,-,CUS-00023,FSI-00167,1,FILE_LOCK,pool-2-thread-23,3825700013400,3825737133900,false,
TXN-FILE_LOCK-00234,REQ-SIM-00234,-,CUS-00234,FSI-00167,1,FILE_LOCK,pool-2-thread-234,3825703985800,3825737194200,false,
TXN-FILE_LOCK-00029,REQ-SIM-00029,-,CUS-00029,FSI-00167,1,FILE_LOCK,pool-2-thread-29,3825700155300,3825737217900,false,
TXN-FILE_LOCK-00002,REQ-SIM-00002,-,CUS-00002,FSI-00167,1,FILE_LOCK,pool-2-thread-2,3825699650900,3825737220600,false,
TXN-FILE_LOCK-00183,REQ-SIM-00183,-,CUS-00183,FSI-00167,1,FILE_LOCK,pool-2-thread-183,3825702985700,3825737238800,false,
TXN-FILE_LOCK-00228,REQ-SIM-00228,-,CUS-00228,FSI-00167,1,FILE_LOCK,pool-2-thread-228,3825703890500,3825737253600,false,
TXN-FILE_LOCK-00032,REQ-SIM-00032,-,CUS-00032,FSI-00167,1,FILE_LOCK,pool-2-thread-32,3825700216400,3825737273000,false,
TXN-FILE_LOCK-00240,REQ-SIM-00240,-,CUS-00240,FSI-00167,1,FILE_LOCK,pool-2-thread-240,3825704130300,3825737322100,false,
TXN-FILE_LOCK-00118,REQ-SIM-00118,-,CUS-00118,FSI-00167,1,FILE_LOCK,pool-2-thread-118,3825701647200,3825737325500,false,
TXN-FILE_LOCK-00007,REQ-SIM-00007,-,CUS-00007,FSI-00167,1,FILE_LOCK,pool-2-thread-7,3825699713500,3825737339800,false,
TXN-FILE_LOCK-00066,REQ-SIM-00066,-,CUS-00066,FSI-00167,1,FILE_LOCK,pool-2-thread-66,3825700735200,3825737287900,false,
TXN-FILE_LOCK-00222,REQ-SIM-00222,-,CUS-00222,FSI-00167,1,FILE_LOCK,pool-2-thread-222,3825703671600,3825737397800,false,
TXN-FILE_LOCK-00024,REQ-SIM-00024,-,CUS-00024,FSI-00167,1,FILE_LOCK,pool-2-thread-24,3825700069700,3825737444400,false,
TXN-FILE_LOCK-00077,REQ-SIM-00077,-,CUS-00077,FSI-00167,1,FILE_LOCK,pool-2-thread-77,3825700904500,3825737474800,false,
TXN-FILE_LOCK-00065,REQ-SIM-00065,-,CUS-00065,FSI-00167,1,FILE_LOCK,pool-2-thread-65,3825700727300,3825737508500,false,
TXN-FILE_LOCK-00062,REQ-SIM-00062,-,CUS-00062,FSI-00167,1,FILE_LOCK,pool-2-thread-62,3825700687500,3825737519700,false,
TXN-FILE_LOCK-00068,REQ-SIM-00068,-,CUS-00068,FSI-00167,1,FILE_LOCK,pool-2-thread-68,3825700764400,3825737579200,false,
TXN-FILE_LOCK-00004,REQ-SIM-00004,-,CUS-00004,FSI-00167,1,FILE_LOCK,pool-2-thread-4,3825699675900,3825737588500,false,
TXN-FILE_LOCK-00073,REQ-SIM-00073,-,CUS-00073,FSI-00167,1,FILE_LOCK,pool-2-thread-73,3825700851900,3825737674000,false,
TXN-FILE_LOCK-00211,REQ-SIM-00211,-,CUS-00211,FSI-00167,1,FILE_LOCK,pool-2-thread-211,3825703495200,3825737674100,false,
TXN-FILE_LOCK-00163,REQ-SIM-00163,-,CUS-00163,FSI-00167,1,FILE_LOCK,pool-2-thread-163,3825702542600,3825737702200,false,
TXN-FILE_LOCK-00229,REQ-SIM-00229,-,CUS-00229,FSI-00167,1,FILE_LOCK,pool-2-thread-229,3825703903700,3825737732300,false,
TXN-FILE_LOCK-00230,REQ-SIM-00230,-,CUS-00230,FSI-00167,1,FILE_LOCK,pool-2-thread-230,3825703938800,3825737737900,false,
TXN-FILE_LOCK-00128,REQ-SIM-00128,-,CUS-00128,FSI-00167,1,FILE_LOCK,pool-2-thread-128,3825701881800,3825737750900,false,
TXN-FILE_LOCK-00091,REQ-SIM-00091,-,CUS-00091,FSI-00167,1,FILE_LOCK,pool-2-thread-91,3825701137400,3825737761200,false,
TXN-FILE_LOCK-00079,REQ-SIM-00079,-,CUS-00079,FSI-00167,1,FILE_LOCK,pool-2-thread-79,3825700944500,3825737776600,false,
TXN-FILE_LOCK-00145,REQ-SIM-00145,-,CUS-00145,FSI-00167,1,FILE_LOCK,pool-2-thread-145,3825702173000,3825737771900,false,
TXN-FILE_LOCK-00056,REQ-SIM-00056,-,CUS-00056,FSI-00167,1,FILE_LOCK,pool-2-thread-56,3825700597300,3825737849700,false,
TXN-FILE_LOCK-00021,REQ-SIM-00021,-,CUS-00021,FSI-00167,1,FILE_LOCK,pool-2-thread-21,3825699891500,3825737942600,false,
TXN-FILE_LOCK-00237,REQ-SIM-00237,-,CUS-00237,FSI-00167,1,FILE_LOCK,pool-2-thread-237,3825704041500,3825738144500,false,
TXN-FILE_LOCK-00225,REQ-SIM-00225,-,CUS-00225,FSI-00167,1,FILE_LOCK,pool-2-thread-225,3825703709400,3825738175300,false,
TXN-FILE_LOCK-00242,REQ-SIM-00242,-,CUS-00242,FSI-00167,1,FILE_LOCK,pool-2-thread-242,3825704214900,3825738220500,false,
TXN-FILE_LOCK-00038,REQ-SIM-00038,-,CUS-00038,FSI-00167,1,FILE_LOCK,pool-2-thread-38,3825700358300,3825738464600,false,
TXN-FILE_LOCK-00257,REQ-SIM-00257,-,CUS-00257,FSI-00167,1,FILE_LOCK,pool-2-thread-257,3825704492200,3825738395000,false,
TXN-FILE_LOCK-00226,REQ-SIM-00226,-,CUS-00226,FSI-00167,1,FILE_LOCK,pool-2-thread-226,3825703863500,3825738555800,false,
TXN-FILE_LOCK-00100,REQ-SIM-00100,-,CUS-00100,FSI-00167,1,FILE_LOCK,pool-2-thread-100,3825701313000,3825738602800,false,
TXN-FILE_LOCK-00105,REQ-SIM-00105,-,CUS-00105,FSI-00167,1,FILE_LOCK,pool-2-thread-105,3825701423300,3825737987500,false,
TXN-FILE_LOCK-00247,REQ-SIM-00247,-,CUS-00247,FSI-00167,1,FILE_LOCK,pool-2-thread-247,3825704276600,3825738671100,false,
TXN-FILE_LOCK-00258,REQ-SIM-00258,-,CUS-00258,FSI-00167,1,FILE_LOCK,pool-2-thread-258,3825704505300,3825738708000,false,
TXN-FILE_LOCK-00031,REQ-SIM-00031,-,CUS-00031,FSI-00167,1,FILE_LOCK,pool-2-thread-31,3825700182900,3825738736200,false,
TXN-FILE_LOCK-00022,REQ-SIM-00022,-,CUS-00022,FSI-00167,1,FILE_LOCK,pool-2-thread-22,3825699904400,3825738790500,false,
TXN-FILE_LOCK-00249,REQ-SIM-00249,-,CUS-00249,FSI-00167,1,FILE_LOCK,pool-2-thread-249,3825704343900,3825738932800,false,
TXN-FILE_LOCK-00067,REQ-SIM-00067,-,CUS-00067,FSI-00167,1,FILE_LOCK,pool-2-thread-67,3825700755200,3825738924000,false,
TXN-FILE_LOCK-00246,REQ-SIM-00246,-,CUS-00246,FSI-00167,1,FILE_LOCK,pool-2-thread-246,3825704265100,3825738988700,false,
TXN-FILE_LOCK-00259,REQ-SIM-00259,-,CUS-00259,FSI-00167,1,FILE_LOCK,pool-2-thread-259,3825704587500,3825739492500,false,
TXN-FILE_LOCK-00135,REQ-SIM-00135,-,CUS-00135,FSI-00167,1,FILE_LOCK,pool-2-thread-135,3825702045600,3825739595600,false,
TXN-FILE_LOCK-00274,REQ-SIM-00274,-,CUS-00274,FSI-00167,1,FILE_LOCK,pool-2-thread-274,3825704870200,3825739515900,false,
TXN-FILE_LOCK-00050,REQ-SIM-00050,-,CUS-00050,FSI-00167,1,FILE_LOCK,pool-2-thread-50,3825700507900,3825739797900,false,
TXN-FILE_LOCK-00078,REQ-SIM-00078,-,CUS-00078,FSI-00167,1,FILE_LOCK,pool-2-thread-78,3825700914300,3825739800900,false,
TXN-FILE_LOCK-00175,REQ-SIM-00175,-,CUS-00175,FSI-00167,1,FILE_LOCK,pool-2-thread-175,3825702735600,3825739848700,false,
TXN-FILE_LOCK-00182,REQ-SIM-00182,-,CUS-00182,FSI-00167,1,FILE_LOCK,pool-2-thread-182,3825702972300,3825739876200,false,
TXN-FILE_LOCK-00071,REQ-SIM-00071,-,CUS-00071,FSI-00167,1,FILE_LOCK,pool-2-thread-71,3825700816000,3825739909800,false,
TXN-FILE_LOCK-00290,REQ-SIM-00290,-,CUS-00290,FSI-00167,1,FILE_LOCK,pool-2-thread-290,3825705239700,3825740005000,false,
TXN-FILE_LOCK-00277,REQ-SIM-00277,-,CUS-00277,FSI-00167,1,FILE_LOCK,pool-2-thread-277,3825704966200,3825739955600,false,
TXN-FILE_LOCK-00288,REQ-SIM-00288,-,CUS-00288,FSI-00167,1,FILE_LOCK,pool-2-thread-288,3825705167900,3825740074300,false,
TXN-FILE_LOCK-00299,REQ-SIM-00299,-,CUS-00299,FSI-00167,1,FILE_LOCK,pool-2-thread-299,3825705435900,3825740110500,false,
TXN-FILE_LOCK-00275,REQ-SIM-00275,-,CUS-00275,FSI-00167,1,FILE_LOCK,pool-2-thread-275,3825704917400,3825739948500,false,
TXN-FILE_LOCK-00161,REQ-SIM-00161,-,CUS-00161,FSI-00167,1,FILE_LOCK,pool-2-thread-161,3825702512800,3825739588300,false,
TXN-FILE_LOCK-00272,REQ-SIM-00272,-,CUS-00272,FSI-00167,1,FILE_LOCK,pool-2-thread-272,3825704861200,3825740153400,false,
TXN-FILE_LOCK-00061,REQ-SIM-00061,-,CUS-00061,FSI-00167,1,FILE_LOCK,pool-2-thread-61,3825700671200,3825740220900,false,
TXN-FILE_LOCK-00297,REQ-SIM-00297,-,CUS-00297,FSI-00167,1,FILE_LOCK,pool-2-thread-297,3825705413000,3825740336100,false,
TXN-FILE_LOCK-00122,REQ-SIM-00122,-,CUS-00122,FSI-00167,1,FILE_LOCK,pool-2-thread-122,3825701697000,3825740485600,false,
TXN-FILE_LOCK-00170,REQ-SIM-00170,-,CUS-00170,FSI-00167,1,FILE_LOCK,pool-2-thread-170,3825702660300,3825740424000,false,
TXN-FILE_LOCK-00296,REQ-SIM-00296,-,CUS-00296,FSI-00167,1,FILE_LOCK,pool-2-thread-296,3825705398300,3825740569300,false,
TXN-FILE_LOCK-00159,REQ-SIM-00159,-,CUS-00159,FSI-00167,1,FILE_LOCK,pool-2-thread-159,3825702490100,3825740731000,false,
TXN-FILE_LOCK-00279,REQ-SIM-00279,-,CUS-00279,FSI-00167,1,FILE_LOCK,pool-2-thread-279,3825705001300,3825740787000,false,
TXN-FILE_LOCK-00303,REQ-SIM-00303,-,CUS-00303,FSI-00167,1,FILE_LOCK,pool-2-thread-303,3825705494500,3825740861100,false,
TXN-FILE_LOCK-00273,REQ-SIM-00273,-,CUS-00273,FSI-00167,1,FILE_LOCK,pool-2-thread-273,3825704832600,3825740874900,false,
TXN-FILE_LOCK-00129,REQ-SIM-00129,-,CUS-00129,FSI-00167,1,FILE_LOCK,pool-2-thread-129,3825701892200,3825740947400,false,
TXN-FILE_LOCK-00298,REQ-SIM-00298,-,CUS-00298,FSI-00167,1,FILE_LOCK,pool-2-thread-298,3825705421900,3825740947400,false,
TXN-FILE_LOCK-00188,REQ-SIM-00188,-,CUS-00188,FSI-00167,1,FILE_LOCK,pool-2-thread-188,3825703096500,3825740950200,false,
TXN-FILE_LOCK-00306,REQ-SIM-00306,-,CUS-00306,FSI-00167,1,FILE_LOCK,pool-2-thread-306,3825705528000,3825740960000,false,
TXN-FILE_LOCK-00194,REQ-SIM-00194,-,CUS-00194,FSI-00167,1,FILE_LOCK,pool-2-thread-194,3825703194900,3825740985000,false,
TXN-FILE_LOCK-00190,REQ-SIM-00190,-,CUS-00190,FSI-00167,1,FILE_LOCK,pool-2-thread-190,3825703121500,3825740997100,false,
TXN-FILE_LOCK-00201,REQ-SIM-00201,-,CUS-00201,FSI-00167,1,FILE_LOCK,pool-2-thread-201,3825703306500,3825741038200,false,
TXN-FILE_LOCK-00193,REQ-SIM-00193,-,CUS-00193,FSI-00167,1,FILE_LOCK,pool-2-thread-193,3825703176400,3825741157700,false,
TXN-FILE_LOCK-00294,REQ-SIM-00294,-,CUS-00294,FSI-00167,1,FILE_LOCK,pool-2-thread-294,3825705289300,3825741190900,false,
TXN-FILE_LOCK-00191,REQ-SIM-00191,-,CUS-00191,FSI-00167,1,FILE_LOCK,pool-2-thread-191,3825703137200,3825741188700,false,
TXN-FILE_LOCK-00197,REQ-SIM-00197,-,CUS-00197,FSI-00167,1,FILE_LOCK,pool-2-thread-197,3825703230200,3825741308600,false,
TXN-FILE_LOCK-00198,REQ-SIM-00198,-,CUS-00198,FSI-00167,1,FILE_LOCK,pool-2-thread-198,3825703238800,3825741353200,false,
TXN-FILE_LOCK-00200,REQ-SIM-00200,-,CUS-00200,FSI-00167,1,FILE_LOCK,pool-2-thread-200,3825703293000,3825741452300,false,
TXN-FILE_LOCK-00203,REQ-SIM-00203,-,CUS-00203,FSI-00167,1,FILE_LOCK,pool-2-thread-203,3825703329800,3825741482600,false,
TXN-FILE_LOCK-00206,REQ-SIM-00206,-,CUS-00206,FSI-00167,1,FILE_LOCK,pool-2-thread-206,3825703406600,3825741562400,false,
TXN-FILE_LOCK-00205,REQ-SIM-00205,-,CUS-00205,FSI-00167,1,FILE_LOCK,pool-2-thread-205,3825703375300,3825741603400,false,
TXN-FILE_LOCK-00207,REQ-SIM-00207,-,CUS-00207,FSI-00167,1,FILE_LOCK,pool-2-thread-207,3825703424800,3825741880000,false,
TXN-FILE_LOCK-00208,REQ-SIM-00208,-,CUS-00208,FSI-00167,1,FILE_LOCK,pool-2-thread-208,3825703437800,3825742045200,false,
TXN-FILE_LOCK-00130,REQ-SIM-00130,-,CUS-00130,FSI-00167,1,FILE_LOCK,pool-2-thread-130,3825701916500,3825742048500,false,
TXN-FILE_LOCK-00116,REQ-SIM-00116,-,CUS-00116,FSI-00167,1,FILE_LOCK,pool-2-thread-116,3825701620300,3825742144700,false,
TXN-FILE_LOCK-00210,REQ-SIM-00210,-,CUS-00210,FSI-00167,1,FILE_LOCK,pool-2-thread-210,3825703476000,3825742186700,false,
TXN-FILE_LOCK-00209,REQ-SIM-00209,-,CUS-00209,FSI-00167,1,FILE_LOCK,pool-2-thread-209,3825703457900,3825742200600,false,
TXN-FILE_LOCK-00028,REQ-SIM-00028,-,CUS-00028,FSI-00167,1,FILE_LOCK,pool-2-thread-28,3825700139400,3825742245600,false,
TXN-FILE_LOCK-00212,REQ-SIM-00212,-,CUS-00212,FSI-00167,1,FILE_LOCK,pool-2-thread-212,3825703511800,3825742323300,false,
TXN-FILE_LOCK-00074,REQ-SIM-00074,-,CUS-00074,FSI-00167,1,FILE_LOCK,pool-2-thread-74,3825700864600,3825742372800,false,
TXN-FILE_LOCK-00213,REQ-SIM-00213,-,CUS-00213,FSI-00167,1,FILE_LOCK,pool-2-thread-213,3825703521300,3825742707400,false,
TXN-FILE_LOCK-00214,REQ-SIM-00214,-,CUS-00214,FSI-00167,1,FILE_LOCK,pool-2-thread-214,3825703545800,3825742804000,false,
TXN-FILE_LOCK-00086,REQ-SIM-00086,-,CUS-00086,FSI-00167,1,FILE_LOCK,pool-2-thread-86,3825701057900,3825742803700,false,
TXN-FILE_LOCK-00098,REQ-SIM-00098,-,CUS-00098,FSI-00167,1,FILE_LOCK,pool-2-thread-98,3825701283700,3825742868300,false,
TXN-FILE_LOCK-00005,REQ-SIM-00005,-,CUS-00005,FSI-00167,1,FILE_LOCK,pool-2-thread-5,3825699687200,3825742911600,false,
TXN-FILE_LOCK-00112,REQ-SIM-00112,-,CUS-00112,FSI-00167,1,FILE_LOCK,pool-2-thread-112,3825701562000,3825743151200,false,
TXN-FILE_LOCK-00220,REQ-SIM-00220,-,CUS-00220,FSI-00167,1,FILE_LOCK,pool-2-thread-220,3825703646100,3825743314900,false,
TXN-FILE_LOCK-00218,REQ-SIM-00218,-,CUS-00218,FSI-00167,1,FILE_LOCK,pool-2-thread-218,3825703622200,3825743408500,false,
TXN-FILE_LOCK-00181,REQ-SIM-00181,-,CUS-00181,FSI-00167,1,FILE_LOCK,pool-2-thread-181,3825702948500,3825743444800,false,
TXN-FILE_LOCK-00217,REQ-SIM-00217,-,CUS-00217,FSI-00167,1,FILE_LOCK,pool-2-thread-217,3825703627400,3825743501400,false,
TXN-FILE_LOCK-00223,REQ-SIM-00223,-,CUS-00223,FSI-00167,1,FILE_LOCK,pool-2-thread-223,3825703686900,3825744233200,false,
TXN-FILE_LOCK-00227,REQ-SIM-00227,-,CUS-00227,FSI-00167,1,FILE_LOCK,pool-2-thread-227,3825703877700,3825746591300,false,
TXN-FILE_LOCK-00231,REQ-SIM-00231,-,CUS-00231,FSI-00167,1,FILE_LOCK,pool-2-thread-231,3825703949500,3825747499500,false,
TXN-FILE_LOCK-00236,REQ-SIM-00236,-,CUS-00236,FSI-00167,1,FILE_LOCK,pool-2-thread-236,3825704005100,3825751240400,false,
TXN-FILE_LOCK-00239,REQ-SIM-00239,-,CUS-00239,FSI-00167,1,FILE_LOCK,pool-2-thread-239,3825704119500,3825751709700,false,
TXN-FILE_LOCK-00232,REQ-SIM-00232,-,CUS-00232,FSI-00167,1,FILE_LOCK,pool-2-thread-232,3825703961800,3825751703900,false,
TXN-FILE_LOCK-00233,REQ-SIM-00233,-,CUS-00233,FSI-00167,1,FILE_LOCK,pool-2-thread-233,3825703975200,3825751849000,false,
TXN-FILE_LOCK-00003,REQ-SIM-00003,-,CUS-00003,FSI-00167,1,FILE_LOCK,pool-2-thread-3,3825699661000,3825751863100,false,
TXN-FILE_LOCK-00238,REQ-SIM-00238,-,CUS-00238,FSI-00167,1,FILE_LOCK,pool-2-thread-238,3825704081900,3825751889900,false,
TXN-FILE_LOCK-00245,REQ-SIM-00245,-,CUS-00245,FSI-00167,1,FILE_LOCK,pool-2-thread-245,3825704250900,3825755310700,false,
TXN-FILE_LOCK-00219,REQ-SIM-00219,-,CUS-00219,FSI-00167,1,FILE_LOCK,pool-2-thread-219,3825703635800,3825755458100,false,
TXN-FILE_LOCK-00224,REQ-SIM-00224,-,CUS-00224,FSI-00167,1,FILE_LOCK,pool-2-thread-224,3825703698200,3825756596100,false,
TXN-FILE_LOCK-00268,REQ-SIM-00268,-,CUS-00268,FSI-00167,1,FILE_LOCK,pool-2-thread-268,3825704732700,3825758100500,false,
TXN-FILE_LOCK-00250,REQ-SIM-00250,-,CUS-00250,FSI-00167,1,FILE_LOCK,pool-2-thread-250,3825704354200,3825767575900,false,
TXN-FILE_LOCK-00255,REQ-SIM-00255,-,CUS-00255,FSI-00167,1,FILE_LOCK,pool-2-thread-255,3825704466000,3825776458700,false,
TXN-FILE_LOCK-00243,REQ-SIM-00243,-,CUS-00243,FSI-00167,1,FILE_LOCK,pool-2-thread-243,3825704174000,3825777177400,false,
TXN-FILE_LOCK-00241,REQ-SIM-00241,-,CUS-00241,FSI-00167,1,FILE_LOCK,pool-2-thread-241,3825704162300,3825777173900,false,
TXN-FILE_LOCK-00269,REQ-SIM-00269,-,CUS-00269,FSI-00167,1,FILE_LOCK,pool-2-thread-269,3825704750400,3825777153500,false,
TXN-FILE_LOCK-00266,REQ-SIM-00266,-,CUS-00266,FSI-00167,1,FILE_LOCK,pool-2-thread-266,3825704703500,3825777187900,false,
TXN-FILE_LOCK-00248,REQ-SIM-00248,-,CUS-00248,FSI-00167,1,FILE_LOCK,pool-2-thread-248,3825704330900,3825777221000,false,
TXN-FILE_LOCK-00261,REQ-SIM-00261,-,CUS-00261,FSI-00167,1,FILE_LOCK,pool-2-thread-261,3825704610100,3825777244100,false,
TXN-FILE_LOCK-00256,REQ-SIM-00256,-,CUS-00256,FSI-00167,1,FILE_LOCK,pool-2-thread-256,3825704480500,3825777252700,false,
TXN-FILE_LOCK-00252,REQ-SIM-00252,-,CUS-00252,FSI-00167,1,FILE_LOCK,pool-2-thread-252,3825704381500,3825777279500,false,
TXN-FILE_LOCK-00263,REQ-SIM-00263,-,CUS-00263,FSI-00167,1,FILE_LOCK,pool-2-thread-263,3825704645300,3825777331500,false,
TXN-FILE_LOCK-00264,REQ-SIM-00264,-,CUS-00264,FSI-00167,1,FILE_LOCK,pool-2-thread-264,3825704656400,3825777349500,false,
TXN-FILE_LOCK-00262,REQ-SIM-00262,-,CUS-00262,FSI-00167,1,FILE_LOCK,pool-2-thread-262,3825704627400,3825777369700,false,
TXN-FILE_LOCK-00103,REQ-SIM-00103,-,CUS-00103,FSI-00167,1,FILE_LOCK,pool-2-thread-103,3825701396900,3825777375800,false,
TXN-FILE_LOCK-00270,REQ-SIM-00270,-,CUS-00270,FSI-00167,1,FILE_LOCK,pool-2-thread-270,3825704764200,3825777398000,false,
TXN-FILE_LOCK-00235,REQ-SIM-00235,-,CUS-00235,FSI-00167,1,FILE_LOCK,pool-2-thread-235,3825704103100,3825777450100,false,
TXN-FILE_LOCK-00260,REQ-SIM-00260,-,CUS-00260,FSI-00167,1,FILE_LOCK,pool-2-thread-260,3825704596100,3825777466900,false,
TXN-FILE_LOCK-00253,REQ-SIM-00253,-,CUS-00253,FSI-00167,1,FILE_LOCK,pool-2-thread-253,3825704409100,3825777493300,false,
TXN-FILE_LOCK-00271,REQ-SIM-00271,-,CUS-00271,FSI-00167,1,FILE_LOCK,pool-2-thread-271,3825704796500,3825777497900,false,
TXN-FILE_LOCK-00254,REQ-SIM-00254,-,CUS-00254,FSI-00167,1,FILE_LOCK,pool-2-thread-254,3825704451200,3825777499500,false,
TXN-FILE_LOCK-00265,REQ-SIM-00265,-,CUS-00265,FSI-00167,1,FILE_LOCK,pool-2-thread-265,3825704681800,3825777533600,false,
TXN-FILE_LOCK-00283,REQ-SIM-00283,-,CUS-00283,FSI-00167,1,FILE_LOCK,pool-2-thread-283,3825705066900,3825777562200,false,
TXN-FILE_LOCK-00282,REQ-SIM-00282,-,CUS-00282,FSI-00167,1,FILE_LOCK,pool-2-thread-282,3825705054000,3825777570100,false,
TXN-FILE_LOCK-00281,REQ-SIM-00281,-,CUS-00281,FSI-00167,1,FILE_LOCK,pool-2-thread-281,3825705031400,3825777601400,false,
TXN-FILE_LOCK-00276,REQ-SIM-00276,-,CUS-00276,FSI-00167,1,FILE_LOCK,pool-2-thread-276,3825704931900,3825777641900,false,
TXN-FILE_LOCK-00267,REQ-SIM-00267,-,CUS-00267,FSI-00167,1,FILE_LOCK,pool-2-thread-267,3825704719000,3825777644100,false,
TXN-FILE_LOCK-00286,REQ-SIM-00286,-,CUS-00286,FSI-00167,1,FILE_LOCK,pool-2-thread-286,3825705138900,3825777666300,false,
TXN-FILE_LOCK-00289,REQ-SIM-00289,-,CUS-00289,FSI-00167,1,FILE_LOCK,pool-2-thread-289,3825705191000,3825777681000,false,
TXN-FILE_LOCK-00280,REQ-SIM-00280,-,CUS-00280,FSI-00167,1,FILE_LOCK,pool-2-thread-280,3825705017100,3825777710400,false,
TXN-FILE_LOCK-00244,REQ-SIM-00244,-,CUS-00244,FSI-00167,1,FILE_LOCK,pool-2-thread-244,3825704239500,3825777777500,false,
TXN-FILE_LOCK-00292,REQ-SIM-00292,-,CUS-00292,FSI-00167,1,FILE_LOCK,pool-2-thread-292,3825705269000,3825777840600,false,
TXN-FILE_LOCK-00291,REQ-SIM-00291,-,CUS-00291,FSI-00167,1,FILE_LOCK,pool-2-thread-291,3825705253000,3825777863100,false,
TXN-FILE_LOCK-00304,REQ-SIM-00304,-,CUS-00304,FSI-00167,1,FILE_LOCK,pool-2-thread-304,3825705505400,3825777875800,false,
TXN-FILE_LOCK-00189,REQ-SIM-00189,-,CUS-00189,FSI-00167,1,FILE_LOCK,pool-2-thread-189,3825703108000,3825777863600,false,
TXN-FILE_LOCK-00293,REQ-SIM-00293,-,CUS-00293,FSI-00167,1,FILE_LOCK,pool-2-thread-293,3825705279600,3825777900900,false,
TXN-FILE_LOCK-00048,REQ-SIM-00048,SIM-FILE_LOCK-00048,CUS-00048,FSI-00167,1,FILE_LOCK,pool-2-thread-48,3825700482200,3825777913400,true,
TXN-FILE_LOCK-00301,REQ-SIM-00301,-,CUS-00301,FSI-00167,1,FILE_LOCK,pool-2-thread-301,3825705467800,3825777920700,false,
TXN-FILE_LOCK-00187,REQ-SIM-00187,-,CUS-00187,FSI-00167,1,FILE_LOCK,pool-2-thread-187,3825703078200,3825777928800,false,
TXN-FILE_LOCK-00287,REQ-SIM-00287,-,CUS-00287,FSI-00167,1,FILE_LOCK,pool-2-thread-287,3825705153700,3825777958100,false,
TXN-FILE_LOCK-00300,REQ-SIM-00300,-,CUS-00300,FSI-00167,1,FILE_LOCK,pool-2-thread-300,3825705454200,3825777968300,false,
TXN-FILE_LOCK-00251,REQ-SIM-00251,-,CUS-00251,FSI-00167,1,FILE_LOCK,pool-2-thread-251,3825704396200,3825777967200,false,
TXN-FILE_LOCK-00278,REQ-SIM-00278,-,CUS-00278,FSI-00167,1,FILE_LOCK,pool-2-thread-278,3825704986200,3825777993800,false,
TXN-FILE_LOCK-00465,REQ-SIM-00465,-,CUS-00465,FSI-00167,1,FILE_LOCK,pool-2-thread-465,3825708790300,3825778008000,false,
TXN-FILE_LOCK-00284,REQ-SIM-00284,-,CUS-00284,FSI-00167,1,FILE_LOCK,pool-2-thread-284,3825705107700,3825778061800,false,
TXN-FILE_LOCK-00458,REQ-SIM-00458,-,CUS-00458,FSI-00167,1,FILE_LOCK,pool-2-thread-458,3825708665400,3825778151700,false,
TXN-FILE_LOCK-00416,REQ-SIM-00416,-,CUS-00416,FSI-00167,1,FILE_LOCK,pool-2-thread-416,3825707802600,3825778170800,false,
TXN-FILE_LOCK-00397,REQ-SIM-00397,-,CUS-00397,FSI-00167,1,FILE_LOCK,pool-2-thread-397,3825707464100,3825778228500,false,
TXN-FILE_LOCK-00467,REQ-SIM-00467,-,CUS-00467,FSI-00167,1,FILE_LOCK,pool-2-thread-467,3825708819300,3825778260500,false,
TXN-FILE_LOCK-00480,REQ-SIM-00480,-,CUS-00480,FSI-00167,1,FILE_LOCK,pool-2-thread-480,3825709086300,3825778268100,false,
TXN-FILE_LOCK-00447,REQ-SIM-00447,-,CUS-00447,FSI-00167,1,FILE_LOCK,pool-2-thread-447,3825708433400,3825778309000,false,
TXN-FILE_LOCK-00401,REQ-SIM-00401,-,CUS-00401,FSI-00167,1,FILE_LOCK,pool-2-thread-401,3825707544900,3825778329500,false,
TXN-FILE_LOCK-00476,REQ-SIM-00476,-,CUS-00476,FSI-00167,1,FILE_LOCK,pool-2-thread-476,3825708998900,3825778351000,false,
TXN-FILE_LOCK-00491,REQ-SIM-00491,-,CUS-00491,FSI-00167,1,FILE_LOCK,pool-2-thread-491,3825709333500,3825778372200,false,
TXN-FILE_LOCK-00438,REQ-SIM-00438,-,CUS-00438,FSI-00167,1,FILE_LOCK,pool-2-thread-438,3825708203400,3825778476600,false,
TXN-FILE_LOCK-00584,REQ-SIM-00584,-,CUS-00584,FSI-00167,1,FILE_LOCK,pool-2-thread-584,3825712059000,3825778477200,false,
TXN-FILE_LOCK-00477,REQ-SIM-00477,-,CUS-00477,FSI-00167,1,FILE_LOCK,pool-2-thread-477,3825709010000,3825778498700,false,
TXN-FILE_LOCK-00454,REQ-SIM-00454,-,CUS-00454,FSI-00167,1,FILE_LOCK,pool-2-thread-454,3825708564400,3825778554300,false,
TXN-FILE_LOCK-00478,REQ-SIM-00478,-,CUS-00478,FSI-00167,1,FILE_LOCK,pool-2-thread-478,3825709039600,3825778596900,false,
TXN-FILE_LOCK-00468,REQ-SIM-00468,-,CUS-00468,FSI-00167,1,FILE_LOCK,pool-2-thread-468,3825708832600,3825778606200,false,
TXN-FILE_LOCK-00420,REQ-SIM-00420,-,CUS-00420,FSI-00167,1,FILE_LOCK,pool-2-thread-420,3825707873800,3825778664700,false,
TXN-FILE_LOCK-00440,REQ-SIM-00440,-,CUS-00440,FSI-00167,1,FILE_LOCK,pool-2-thread-440,3825708277400,3825778681800,false,
TXN-FILE_LOCK-00385,REQ-SIM-00385,-,CUS-00385,FSI-00167,1,FILE_LOCK,pool-2-thread-385,3825707254000,3825778708900,false,
TXN-FILE_LOCK-00394,REQ-SIM-00394,-,CUS-00394,FSI-00167,1,FILE_LOCK,pool-2-thread-394,3825707421300,3825778704700,false,
TXN-FILE_LOCK-00483,REQ-SIM-00483,-,CUS-00483,FSI-00167,1,FILE_LOCK,pool-2-thread-483,3825709189700,3825778743700,false,
TXN-FILE_LOCK-00481,REQ-SIM-00481,-,CUS-00481,FSI-00167,1,FILE_LOCK,pool-2-thread-481,3825709108100,3825778768300,false,
TXN-FILE_LOCK-00475,REQ-SIM-00475,-,CUS-00475,FSI-00167,1,FILE_LOCK,pool-2-thread-475,3825708988500,3825778788100,false,
TXN-FILE_LOCK-00400,REQ-SIM-00400,-,CUS-00400,FSI-00167,1,FILE_LOCK,pool-2-thread-400,3825707530900,3825778800600,false,
TXN-FILE_LOCK-00399,REQ-SIM-00399,-,CUS-00399,FSI-00167,1,FILE_LOCK,pool-2-thread-399,3825707520000,3825778847200,false,
TXN-FILE_LOCK-00464,REQ-SIM-00464,-,CUS-00464,FSI-00167,1,FILE_LOCK,pool-2-thread-464,3825708782400,3825778872300,false,
TXN-FILE_LOCK-00412,REQ-SIM-00412,-,CUS-00412,FSI-00167,1,FILE_LOCK,pool-2-thread-412,3825707753000,3825778873100,false,
TXN-FILE_LOCK-00404,REQ-SIM-00404,-,CUS-00404,FSI-00167,1,FILE_LOCK,pool-2-thread-404,3825707579600,3825778882500,false,
TXN-FILE_LOCK-00472,REQ-SIM-00472,-,CUS-00472,FSI-00167,1,FILE_LOCK,pool-2-thread-472,3825708931300,3825778900200,false,
TXN-FILE_LOCK-00568,REQ-SIM-00568,-,CUS-00568,FSI-00167,1,FILE_LOCK,pool-2-thread-568,3825711542400,3825778911300,false,
TXN-FILE_LOCK-00474,REQ-SIM-00474,-,CUS-00474,FSI-00167,1,FILE_LOCK,pool-2-thread-474,3825708953500,3825778923300,false,
TXN-FILE_LOCK-00430,REQ-SIM-00430,-,CUS-00430,FSI-00167,1,FILE_LOCK,pool-2-thread-430,3825708055100,3825778949900,false,
TXN-FILE_LOCK-00677,REQ-SIM-00677,-,CUS-00677,FSI-00167,1,FILE_LOCK,pool-2-thread-677,3825714384000,3825779004100,false,
TXN-FILE_LOCK-00403,REQ-SIM-00403,-,CUS-00403,FSI-00167,1,FILE_LOCK,pool-2-thread-403,3825707568800,3825779019600,false,
TXN-FILE_LOCK-00457,REQ-SIM-00457,-,CUS-00457,FSI-00167,1,FILE_LOCK,pool-2-thread-457,3825708651200,3825779020400,false,
TXN-FILE_LOCK-00470,REQ-SIM-00470,-,CUS-00470,FSI-00167,1,FILE_LOCK,pool-2-thread-470,3825708890100,3825779042400,false,
TXN-FILE_LOCK-00569,REQ-SIM-00569,-,CUS-00569,FSI-00167,1,FILE_LOCK,pool-2-thread-569,3825711555700,3825779064300,false,
TXN-FILE_LOCK-00441,REQ-SIM-00441,-,CUS-00441,FSI-00167,1,FILE_LOCK,pool-2-thread-441,3825708302300,3825779113100,false,
TXN-FILE_LOCK-00427,REQ-SIM-00427,-,CUS-00427,FSI-00167,1,FILE_LOCK,pool-2-thread-427,3825707971700,3825779119100,false,
TXN-FILE_LOCK-00471,REQ-SIM-00471,-,CUS-00471,FSI-00167,1,FILE_LOCK,pool-2-thread-471,3825708902500,3825779142700,false,
TXN-FILE_LOCK-00417,REQ-SIM-00417,-,CUS-00417,FSI-00167,1,FILE_LOCK,pool-2-thread-417,3825707815700,3825779151900,false,
TXN-FILE_LOCK-00452,REQ-SIM-00452,-,CUS-00452,FSI-00167,1,FILE_LOCK,pool-2-thread-452,3825708526500,3825779171700,false,
TXN-FILE_LOCK-00466,REQ-SIM-00466,-,CUS-00466,FSI-00167,1,FILE_LOCK,pool-2-thread-466,3825708808600,3825779205000,false,
TXN-FILE_LOCK-00443,REQ-SIM-00443,-,CUS-00443,FSI-00167,1,FILE_LOCK,pool-2-thread-443,3825708325500,3825779211800,false,
TXN-FILE_LOCK-00398,REQ-SIM-00398,-,CUS-00398,FSI-00167,1,FILE_LOCK,pool-2-thread-398,3825707476700,3825779233700,false,
TXN-FILE_LOCK-00313,REQ-SIM-00313,-,CUS-00313,FSI-00167,1,FILE_LOCK,pool-2-thread-313,3825705782900,3825779259900,false,
TXN-FILE_LOCK-00704,REQ-SIM-00704,-,CUS-00704,FSI-00167,1,FILE_LOCK,pool-2-thread-704,3825714979200,3825779296900,false,
TXN-FILE_LOCK-00392,REQ-SIM-00392,-,CUS-00392,FSI-00167,1,FILE_LOCK,pool-2-thread-392,3825707375200,3825779330300,false,
TXN-FILE_LOCK-00549,REQ-SIM-00549,-,CUS-00549,FSI-00167,1,FILE_LOCK,pool-2-thread-549,3825711046200,3825779349100,false,
TXN-FILE_LOCK-00451,REQ-SIM-00451,-,CUS-00451,FSI-00167,1,FILE_LOCK,pool-2-thread-451,3825708493400,3825779364500,false,
TXN-FILE_LOCK-00479,REQ-SIM-00479,-,CUS-00479,FSI-00167,1,FILE_LOCK,pool-2-thread-479,3825709055900,3825779372500,false,
TXN-FILE_LOCK-00433,REQ-SIM-00433,-,CUS-00433,FSI-00167,1,FILE_LOCK,pool-2-thread-433,3825708136100,3825779405300,false,
TXN-FILE_LOCK-00379,REQ-SIM-00379,-,CUS-00379,FSI-00167,1,FILE_LOCK,pool-2-thread-379,3825707095400,3825779408800,false,
TXN-FILE_LOCK-00408,REQ-SIM-00408,-,CUS-00408,FSI-00167,1,FILE_LOCK,pool-2-thread-408,3825707649200,3825779451800,false,
TXN-FILE_LOCK-00295,REQ-SIM-00295,-,CUS-00295,FSI-00167,1,FILE_LOCK,pool-2-thread-295,3825705340000,3825779455000,false,
TXN-FILE_LOCK-00407,REQ-SIM-00407,-,CUS-00407,FSI-00167,1,FILE_LOCK,pool-2-thread-407,3825707635800,3825779493200,false,
TXN-FILE_LOCK-00327,REQ-SIM-00327,-,CUS-00327,FSI-00167,1,FILE_LOCK,pool-2-thread-327,3825706099100,3825779529600,false,
TXN-FILE_LOCK-00461,REQ-SIM-00461,-,CUS-00461,FSI-00167,1,FILE_LOCK,pool-2-thread-461,3825708746600,3825779546600,false,
TXN-FILE_LOCK-00305,REQ-SIM-00305,SIM-FILE_LOCK-00305,CUS-00305,FSI-00167,1,FILE_LOCK,pool-2-thread-305,3825705518300,3825780214100,true,
TXN-FILE_LOCK-00691,REQ-SIM-00691,-,CUS-00691,FSI-00167,1,FILE_LOCK,pool-2-thread-691,3825714678500,3825781537900,false,
TXN-FILE_LOCK-00285,REQ-SIM-00285,SIM-FILE_LOCK-00285,CUS-00285,FSI-00167,1,FILE_LOCK,pool-2-thread-285,3825705124500,3825784242500,true,
TXN-FILE_LOCK-00496,REQ-SIM-00496,SIM-FILE_LOCK-00496,CUS-00496,FSI-00167,1,FILE_LOCK,pool-2-thread-496,3825709507300,3825788204300,true,
TXN-FILE_LOCK-00998,REQ-SIM-00998,SIM-FILE_LOCK-00998,CUS-00998,FSI-00167,1,FILE_LOCK,pool-2-thread-998,3825720533100,3825845832700,true,
TXN-FILE_LOCK-00388,REQ-SIM-00388,SIM-FILE_LOCK-00388,CUS-00388,FSI-00167,1,FILE_LOCK,pool-2-thread-388,3825707297800,3825887665000,true,
TXN-FILE_LOCK-00995,REQ-SIM-00995,SIM-FILE_LOCK-00995,CUS-00995,FSI-00167,1,FILE_LOCK,pool-2-thread-995,3825720483800,3825919161400,true,
TXN-FILE_LOCK-00359,REQ-SIM-00359,-,CUS-00359,FSI-00167,1,FILE_LOCK,pool-2-thread-359,3825706726900,3825936527800,false,
TXN-FILE_LOCK-00353,REQ-SIM-00353,-,CUS-00353,FSI-00167,1,FILE_LOCK,pool-2-thread-353,3825706559700,3825936510300,false,
TXN-FILE_LOCK-00330,REQ-SIM-00330,-,CUS-00330,FSI-00167,1,FILE_LOCK,pool-2-thread-330,3825706139000,3825936544200,false,
TXN-FILE_LOCK-00341,REQ-SIM-00341,-,CUS-00341,FSI-00167,1,FILE_LOCK,pool-2-thread-341,3825706331700,3825936654300,false,
TXN-FILE_LOCK-00311,REQ-SIM-00311,-,CUS-00311,FSI-00167,1,FILE_LOCK,pool-2-thread-311,3825705726700,3825936790000,false,
TXN-FILE_LOCK-00316,REQ-SIM-00316,-,CUS-00316,FSI-00167,1,FILE_LOCK,pool-2-thread-316,3825705836700,3825936862300,false,
TXN-FILE_LOCK-00389,REQ-SIM-00389,-,CUS-00389,FSI-00167,1,FILE_LOCK,pool-2-thread-389,3825707310100,3825936880400,false,
TXN-FILE_LOCK-00312,REQ-SIM-00312,-,CUS-00312,FSI-00167,1,FILE_LOCK,pool-2-thread-312,3825705739800,3825937005200,false,
TXN-FILE_LOCK-00365,REQ-SIM-00365,-,CUS-00365,FSI-00167,1,FILE_LOCK,pool-2-thread-365,3825706831300,3825937054600,false,
TXN-FILE_LOCK-00324,REQ-SIM-00324,-,CUS-00324,FSI-00167,1,FILE_LOCK,pool-2-thread-324,3825706017500,3825937057200,false,
TXN-FILE_LOCK-00317,REQ-SIM-00317,-,CUS-00317,FSI-00167,1,FILE_LOCK,pool-2-thread-317,3825705852000,3825937144800,false,
TXN-FILE_LOCK-00323,REQ-SIM-00323,-,CUS-00323,FSI-00167,1,FILE_LOCK,pool-2-thread-323,3825705998900,3825937164800,false,
TXN-FILE_LOCK-00336,REQ-SIM-00336,-,CUS-00336,FSI-00167,1,FILE_LOCK,pool-2-thread-336,3825706262000,3825937187400,false,
TXN-FILE_LOCK-00395,REQ-SIM-00395,-,CUS-00395,FSI-00167,1,FILE_LOCK,pool-2-thread-395,3825707434100,3825937201800,false,
TXN-FILE_LOCK-00390,REQ-SIM-00390,-,CUS-00390,FSI-00167,1,FILE_LOCK,pool-2-thread-390,3825707332800,3825937214500,false,
TXN-FILE_LOCK-00377,REQ-SIM-00377,-,CUS-00377,FSI-00167,1,FILE_LOCK,pool-2-thread-377,3825707059400,3825937233600,false,
TXN-FILE_LOCK-00329,REQ-SIM-00329,-,CUS-00329,FSI-00167,1,FILE_LOCK,pool-2-thread-329,3825706123100,3825937460200,false,
TXN-FILE_LOCK-00318,REQ-SIM-00318,-,CUS-00318,FSI-00167,1,FILE_LOCK,pool-2-thread-318,3825705864900,3825937463400,false,
TXN-FILE_LOCK-00419,REQ-SIM-00419,-,CUS-00419,FSI-00167,1,FILE_LOCK,pool-2-thread-419,3825707861700,3825937464000,false,
TXN-FILE_LOCK-00357,REQ-SIM-00357,-,CUS-00357,FSI-00167,1,FILE_LOCK,pool-2-thread-357,3825706700100,3825937475100,false,
TXN-FILE_LOCK-00426,REQ-SIM-00426,-,CUS-00426,FSI-00167,1,FILE_LOCK,pool-2-thread-426,3825707957400,3825937528900,false,
TXN-FILE_LOCK-00383,REQ-SIM-00383,-,CUS-00383,FSI-00167,1,FILE_LOCK,pool-2-thread-383,3825707174000,3825937553600,false,
TXN-FILE_LOCK-00302,REQ-SIM-00302,-,CUS-00302,FSI-00167,1,FILE_LOCK,pool-2-thread-302,3825705480700,3825937563100,false,
TXN-FILE_LOCK-00378,REQ-SIM-00378,-,CUS-00378,FSI-00167,1,FILE_LOCK,pool-2-thread-378,3825707073000,3825937579300,false,
TXN-FILE_LOCK-00348,REQ-SIM-00348,-,CUS-00348,FSI-00167,1,FILE_LOCK,pool-2-thread-348,3825706459900,3825937594200,false,
TXN-FILE_LOCK-00411,REQ-SIM-00411,-,CUS-00411,FSI-00167,1,FILE_LOCK,pool-2-thread-411,3825707728800,3825937592200,false,
TXN-FILE_LOCK-00413,REQ-SIM-00413,-,CUS-00413,FSI-00167,1,FILE_LOCK,pool-2-thread-413,3825707767200,3825937831000,false,
TXN-FILE_LOCK-00372,REQ-SIM-00372,-,CUS-00372,FSI-00167,1,FILE_LOCK,pool-2-thread-372,3825706975800,3825937928100,false,
TXN-FILE_LOCK-00370,REQ-SIM-00370,-,CUS-00370,FSI-00167,1,FILE_LOCK,pool-2-thread-370,3825706964800,3825937943700,false,
TXN-FILE_LOCK-00347,REQ-SIM-00347,-,CUS-00347,FSI-00167,1,FILE_LOCK,pool-2-thread-347,3825706450800,3825937947500,false,
TXN-FILE_LOCK-00424,REQ-SIM-00424,SIM-FILE_LOCK-00424,CUS-00424,FSI-00167,1,FILE_LOCK,pool-2-thread-424,3825707918700,3825938039800,true,
TXN-FILE_LOCK-00384,REQ-SIM-00384,-,CUS-00384,FSI-00167,1,FILE_LOCK,pool-2-thread-384,3825707185800,3825938061000,false,
TXN-FILE_LOCK-00335,REQ-SIM-00335,-,CUS-00335,FSI-00167,1,FILE_LOCK,pool-2-thread-335,3825706248800,3825938085300,false,
TXN-FILE_LOCK-00360,REQ-SIM-00360,-,CUS-00360,FSI-00167,1,FILE_LOCK,pool-2-thread-360,3825706741900,3825938144000,false,
TXN-FILE_LOCK-00373,REQ-SIM-00373,-,CUS-00373,FSI-00167,1,FILE_LOCK,pool-2-thread-373,3825707003000,3825938147700,false,
TXN-FILE_LOCK-00325,REQ-SIM-00325,-,CUS-00325,FSI-00167,1,FILE_LOCK,pool-2-thread-325,3825706026900,3825938123700,false,
TXN-FILE_LOCK-00308,REQ-SIM-00308,-,CUS-00308,FSI-00167,1,FILE_LOCK,pool-2-thread-308,3825705689000,3825938206600,false,
TXN-FILE_LOCK-00396,REQ-SIM-00396,-,CUS-00396,FSI-00167,1,FILE_LOCK,pool-2-thread-396,3825707450200,3825938514700,false,
TXN-FILE_LOCK-00354,REQ-SIM-00354,-,CUS-00354,FSI-00167,1,FILE_LOCK,pool-2-thread-354,3825706573600,3825938534800,false,
TXN-FILE_LOCK-00473,REQ-SIM-00473,-,CUS-00473,FSI-00167,1,FILE_LOCK,pool-2-thread-473,3825708942800,3825938590100,false,
TXN-FILE_LOCK-00342,REQ-SIM-00342,-,CUS-00342,FSI-00167,1,FILE_LOCK,pool-2-thread-342,3825706346600,3825938576100,false,
TXN-FILE_LOCK-00371,REQ-SIM-00371,-,CUS-00371,FSI-00167,1,FILE_LOCK,pool-2-thread-371,3825706991100,3825938714300,false,
TXN-FILE_LOCK-00402,REQ-SIM-00402,-,CUS-00402,FSI-00167,1,FILE_LOCK,pool-2-thread-402,3825707557200,3825938717700,false,
TXN-FILE_LOCK-00352,REQ-SIM-00352,-,CUS-00352,FSI-00167,1,FILE_LOCK,pool-2-thread-352,3825706545400,3825938698700,false,
TXN-FILE_LOCK-00456,REQ-SIM-00456,-,CUS-00456,FSI-00167,1,FILE_LOCK,pool-2-thread-456,3825708589100,3825938929300,false,
TXN-FILE_LOCK-00337,REQ-SIM-00337,-,CUS-00337,FSI-00167,1,FILE_LOCK,pool-2-thread-337,3825706273700,3825938978600,false,
TXN-FILE_LOCK-00366,REQ-SIM-00366,-,CUS-00366,FSI-00167,1,FILE_LOCK,pool-2-thread-366,3825706843800,3825939027700,false,
TXN-FILE_LOCK-00414,REQ-SIM-00414,-,CUS-00414,FSI-00167,1,FILE_LOCK,pool-2-thread-414,3825707777100,3825939013400,false,
TXN-FILE_LOCK-00349,REQ-SIM-00349,-,CUS-00349,FSI-00167,1,FILE_LOCK,pool-2-thread-349,3825706511500,3825939362100,false,
TXN-FILE_LOCK-00350,REQ-SIM-00350,-,CUS-00350,FSI-00167,1,FILE_LOCK,pool-2-thread-350,3825706521900,3825939421200,false,
TXN-FILE_LOCK-00374,REQ-SIM-00374,-,CUS-00374,FSI-00167,1,FILE_LOCK,pool-2-thread-374,3825707013700,3825939442200,false,
TXN-FILE_LOCK-00356,REQ-SIM-00356,-,CUS-00356,FSI-00167,1,FILE_LOCK,pool-2-thread-356,3825706601200,3825939454900,false,
TXN-FILE_LOCK-00343,REQ-SIM-00343,-,CUS-00343,FSI-00167,1,FILE_LOCK,pool-2-thread-343,3825706388000,3825939476600,false,
TXN-FILE_LOCK-00409,REQ-SIM-00409,SIM-FILE_LOCK-00409,CUS-00409,FSI-00167,1,FILE_LOCK,pool-2-thread-409,3825707689200,3825939550300,true,
TXN-FILE_LOCK-00422,REQ-SIM-00422,-,CUS-00422,FSI-00167,1,FILE_LOCK,pool-2-thread-422,3825707894500,3825939676700,false,
TXN-FILE_LOCK-00332,REQ-SIM-00332,-,CUS-00332,FSI-00167,1,FILE_LOCK,pool-2-thread-332,3825706180900,3825939689600,false,
TXN-FILE_LOCK-00307,REQ-SIM-00307,-,CUS-00307,FSI-00167,1,FILE_LOCK,pool-2-thread-307,3825705665400,3825939699900,false,
TXN-FILE_LOCK-00362,REQ-SIM-00362,-,CUS-00362,FSI-00167,1,FILE_LOCK,pool-2-thread-362,3825706790800,3825939751500,false,
TXN-FILE_LOCK-00418,REQ-SIM-00418,-,CUS-00418,FSI-00167,1,FILE_LOCK,pool-2-thread-418,3825707848500,3825939825500,false,
TXN-FILE_LOCK-00309,REQ-SIM-00309,-,CUS-00309,FSI-00167,1,FILE_LOCK,pool-2-thread-309,3825705699200,3825939865800,false,
TXN-FILE_LOCK-00415,REQ-SIM-00415,-,CUS-00415,FSI-00167,1,FILE_LOCK,pool-2-thread-415,3825707788500,3825939939400,false,
TXN-FILE_LOCK-00406,REQ-SIM-00406,-,CUS-00406,FSI-00167,1,FILE_LOCK,pool-2-thread-406,3825707622900,3825939979600,false,
TXN-FILE_LOCK-00367,REQ-SIM-00367,-,CUS-00367,FSI-00167,1,FILE_LOCK,pool-2-thread-367,3825706868200,3825939986800,false,
TXN-FILE_LOCK-00381,REQ-SIM-00381,-,CUS-00381,FSI-00167,1,FILE_LOCK,pool-2-thread-381,3825707140600,3825940000500,false,
TXN-FILE_LOCK-00387,REQ-SIM-00387,-,CUS-00387,FSI-00167,1,FILE_LOCK,pool-2-thread-387,3825707283600,3825940021500,false,
TXN-FILE_LOCK-00375,REQ-SIM-00375,-,CUS-00375,FSI-00167,1,FILE_LOCK,pool-2-thread-375,3825707031200,3825940030200,false,
TXN-FILE_LOCK-00331,REQ-SIM-00331,-,CUS-00331,FSI-00167,1,FILE_LOCK,pool-2-thread-331,3825706152400,3825940055000,false,
TXN-FILE_LOCK-00344,REQ-SIM-00344,-,CUS-00344,FSI-00167,1,FILE_LOCK,pool-2-thread-344,3825706402500,3825940076800,false,
TXN-FILE_LOCK-00326,REQ-SIM-00326,-,CUS-00326,FSI-00167,1,FILE_LOCK,pool-2-thread-326,3825706086000,3825940087600,false,
TXN-FILE_LOCK-00355,REQ-SIM-00355,-,CUS-00355,FSI-00167,1,FILE_LOCK,pool-2-thread-355,3825706587800,3825940173200,false,
TXN-FILE_LOCK-00405,REQ-SIM-00405,-,CUS-00405,FSI-00167,1,FILE_LOCK,pool-2-thread-405,3825707600400,3825940216600,false,
TXN-FILE_LOCK-00368,REQ-SIM-00368,-,CUS-00368,FSI-00167,1,FILE_LOCK,pool-2-thread-368,3825706886400,3825940226500,false,
TXN-FILE_LOCK-00421,REQ-SIM-00421,-,CUS-00421,FSI-00167,1,FILE_LOCK,pool-2-thread-421,3825707883600,3825940254000,false,
TXN-FILE_LOCK-00334,REQ-SIM-00334,-,CUS-00334,FSI-00167,1,FILE_LOCK,pool-2-thread-334,3825706232300,3825940286900,false,
TXN-FILE_LOCK-00320,REQ-SIM-00320,-,CUS-00320,FSI-00167,1,FILE_LOCK,pool-2-thread-320,3825705941300,3825940306900,false,
TXN-FILE_LOCK-00363,REQ-SIM-00363,-,CUS-00363,FSI-00167,1,FILE_LOCK,pool-2-thread-363,3825706802700,3825940315000,false,
TXN-FILE_LOCK-00376,REQ-SIM-00376,-,CUS-00376,FSI-00167,1,FILE_LOCK,pool-2-thread-376,3825707047100,3825940346200,false,
TXN-FILE_LOCK-00423,REQ-SIM-00423,-,CUS-00423,FSI-00167,1,FILE_LOCK,pool-2-thread-423,3825707908200,3825940385400,false,
TXN-FILE_LOCK-00380,REQ-SIM-00380,-,CUS-00380,FSI-00167,1,FILE_LOCK,pool-2-thread-380,3825707120300,3825940387100,false,
TXN-FILE_LOCK-00410,REQ-SIM-00410,-,CUS-00410,FSI-00167,1,FILE_LOCK,pool-2-thread-410,3825707713000,3825940436500,false,
TXN-FILE_LOCK-00338,REQ-SIM-00338,-,CUS-00338,FSI-00167,1,FILE_LOCK,pool-2-thread-338,3825706286300,3825940454400,false,
TXN-FILE_LOCK-00386,REQ-SIM-00386,-,CUS-00386,FSI-00167,1,FILE_LOCK,pool-2-thread-386,3825707272400,3825940459200,false,
TXN-FILE_LOCK-00346,REQ-SIM-00346,-,CUS-00346,FSI-00167,1,FILE_LOCK,pool-2-thread-346,3825706433500,3825940466400,false,
TXN-FILE_LOCK-00328,REQ-SIM-00328,-,CUS-00328,FSI-00167,1,FILE_LOCK,pool-2-thread-328,3825706110300,3825940470400,false,
TXN-FILE_LOCK-00314,REQ-SIM-00314,-,CUS-00314,FSI-00167,1,FILE_LOCK,pool-2-thread-314,3825705812700,3825940509100,false,
TXN-FILE_LOCK-00358,REQ-SIM-00358,-,CUS-00358,FSI-00167,1,FILE_LOCK,pool-2-thread-358,3825706713600,3825940520400,false,
TXN-FILE_LOCK-00364,REQ-SIM-00364,-,CUS-00364,FSI-00167,1,FILE_LOCK,pool-2-thread-364,3825706816800,3825940578300,false,
TXN-FILE_LOCK-00361,REQ-SIM-00361,-,CUS-00361,FSI-00167,1,FILE_LOCK,pool-2-thread-361,3825706755300,3825940600600,false,
TXN-FILE_LOCK-00429,REQ-SIM-00429,-,CUS-00429,FSI-00167,1,FILE_LOCK,pool-2-thread-429,3825708038800,3825940609200,false,
TXN-FILE_LOCK-00319,REQ-SIM-00319,-,CUS-00319,FSI-00167,1,FILE_LOCK,pool-2-thread-319,3825705900300,3825940670100,false,
TXN-FILE_LOCK-00345,REQ-SIM-00345,-,CUS-00345,FSI-00167,1,FILE_LOCK,pool-2-thread-345,3825706418400,3825940673300,false,
TXN-FILE_LOCK-00339,REQ-SIM-00339,-,CUS-00339,FSI-00167,1,FILE_LOCK,pool-2-thread-339,3825706309600,3825940735800,false,
TXN-FILE_LOCK-00333,REQ-SIM-00333,-,CUS-00333,FSI-00167,1,FILE_LOCK,pool-2-thread-333,3825706206100,3825940754900,false,
TXN-FILE_LOCK-00382,REQ-SIM-00382,-,CUS-00382,FSI-00167,1,FILE_LOCK,pool-2-thread-382,3825707145700,3825940770000,false,
TXN-FILE_LOCK-00340,REQ-SIM-00340,-,CUS-00340,FSI-00167,1,FILE_LOCK,pool-2-thread-340,3825706300200,3825940781300,false,
TXN-FILE_LOCK-00369,REQ-SIM-00369,-,CUS-00369,FSI-00167,1,FILE_LOCK,pool-2-thread-369,3825706901900,3825940792500,false,
TXN-FILE_LOCK-00315,REQ-SIM-00315,-,CUS-00315,FSI-00167,1,FILE_LOCK,pool-2-thread-315,3825705826500,3825940826700,false,
TXN-FILE_LOCK-00321,REQ-SIM-00321,-,CUS-00321,FSI-00167,1,FILE_LOCK,pool-2-thread-321,3825705956000,3825940826800,false,
TXN-FILE_LOCK-00351,REQ-SIM-00351,-,CUS-00351,FSI-00167,1,FILE_LOCK,pool-2-thread-351,3825706535300,3825940931900,false,
TXN-FILE_LOCK-00393,REQ-SIM-00393,-,CUS-00393,FSI-00167,1,FILE_LOCK,pool-2-thread-393,3825707410400,3825940928700,false,
TXN-FILE_LOCK-00322,REQ-SIM-00322,-,CUS-00322,FSI-00167,1,FILE_LOCK,pool-2-thread-322,3825705983800,3825940951500,false,
TXN-FILE_LOCK-00310,REQ-SIM-00310,-,CUS-00310,FSI-00167,1,FILE_LOCK,pool-2-thread-310,3825705713800,3825941017800,false,
TXN-FILE_LOCK-00391,REQ-SIM-00391,SIM-FILE_LOCK-00391,CUS-00391,FSI-00167,1,FILE_LOCK,pool-2-thread-391,3825707360900,3825942160900,true,
TXN-FILE_LOCK-00574,REQ-SIM-00574,-,CUS-00574,FSI-00167,1,FILE_LOCK,pool-2-thread-574,3825711751600,3825956985100,false,
TXN-FILE_LOCK-00495,REQ-SIM-00495,-,CUS-00495,FSI-00167,1,FILE_LOCK,pool-2-thread-495,3825709459800,3825956994100,false,
TXN-FILE_LOCK-00544,REQ-SIM-00544,-,CUS-00544,FSI-00167,1,FILE_LOCK,pool-2-thread-544,3825710838300,3825957401200,false,
TXN-FILE_LOCK-00580,REQ-SIM-00580,-,CUS-00580,FSI-00167,1,FILE_LOCK,pool-2-thread-580,3825711945000,3825957409000,false,
TXN-FILE_LOCK-00573,REQ-SIM-00573,-,CUS-00573,FSI-00167,1,FILE_LOCK,pool-2-thread-573,3825711731000,3825957490600,false,
TXN-FILE_LOCK-00996,REQ-SIM-00996,SIM-FILE_LOCK-00996,CUS-00996,FSI-00167,1,FILE_LOCK,pool-2-thread-996,3825720487300,3825957351600,true,
TXN-FILE_LOCK-00514,REQ-SIM-00514,-,CUS-00514,FSI-00167,1,FILE_LOCK,pool-2-thread-514,3825709967300,3825957879000,false,
TXN-FILE_LOCK-00536,REQ-SIM-00536,-,CUS-00536,FSI-00167,1,FILE_LOCK,pool-2-thread-536,3825710688600,3825958084300,false,
TXN-FILE_LOCK-00521,REQ-SIM-00521,-,CUS-00521,FSI-00167,1,FILE_LOCK,pool-2-thread-521,3825710197200,3825959754400,false,
TXN-FILE_LOCK-00535,REQ-SIM-00535,-,CUS-00535,FSI-00167,1,FILE_LOCK,pool-2-thread-535,3825710657800,3825959804100,false,
TXN-FILE_LOCK-00525,REQ-SIM-00525,-,CUS-00525,FSI-00167,1,FILE_LOCK,pool-2-thread-525,3825710345600,3825959840000,false,
TXN-FILE_LOCK-00489,REQ-SIM-00489,-,CUS-00489,FSI-00167,1,FILE_LOCK,pool-2-thread-489,3825709310400,3825959842100,false,
TXN-FILE_LOCK-00500,REQ-SIM-00500,-,CUS-00500,FSI-00167,1,FILE_LOCK,pool-2-thread-500,3825709616000,3825959888700,false,
TXN-FILE_LOCK-00566,REQ-SIM-00566,-,CUS-00566,FSI-00167,1,FILE_LOCK,pool-2-thread-566,3825711497500,3825959938600,false,
TXN-FILE_LOCK-00571,REQ-SIM-00571,-,CUS-00571,FSI-00167,1,FILE_LOCK,pool-2-thread-571,3825711690100,3825959973500,false,
TXN-FILE_LOCK-00502,REQ-SIM-00502,-,CUS-00502,FSI-00167,1,FILE_LOCK,pool-2-thread-502,3825709648500,3825959999800,false,
TXN-FILE_LOCK-00499,REQ-SIM-00499,-,CUS-00499,FSI-00167,1,FILE_LOCK,pool-2-thread-499,3825709562400,3825960011200,false,
TXN-FILE_LOCK-00572,REQ-SIM-00572,-,CUS-00572,FSI-00167,1,FILE_LOCK,pool-2-thread-572,3825711731900,3825960043400,false,
TXN-FILE_LOCK-00453,REQ-SIM-00453,-,CUS-00453,FSI-00167,1,FILE_LOCK,pool-2-thread-453,3825708538900,3825957509200,false,
TXN-FILE_LOCK-00560,REQ-SIM-00560,-,CUS-00560,FSI-00167,1,FILE_LOCK,pool-2-thread-560,3825711318500,3825960099400,false,
TXN-FILE_LOCK-00510,REQ-SIM-00510,-,CUS-00510,FSI-00167,1,FILE_LOCK,pool-2-thread-510,3825709853600,3825960317700,false,
TXN-FILE_LOCK-00463,REQ-SIM-00463,-,CUS-00463,FSI-00167,1,FILE_LOCK,pool-2-thread-463,3825708738300,3825960323200,false,
TXN-FILE_LOCK-00507,REQ-SIM-00507,-,CUS-00507,FSI-00167,1,FILE_LOCK,pool-2-thread-507,3825709808400,3825960370400,false,
TXN-FILE_LOCK-00543,REQ-SIM-00543,-,CUS-00543,FSI-00167,1,FILE_LOCK,pool-2-thread-543,3825710824500,3825960420700,false,
TXN-FILE_LOCK-00518,REQ-SIM-00518,-,CUS-00518,FSI-00167,1,FILE_LOCK,pool-2-thread-518,3825710157900,3825960518800,false,
TXN-FILE_LOCK-00446,REQ-SIM-00446,-,CUS-00446,FSI-00167,1,FILE_LOCK,pool-2-thread-446,3825708418400,3825960561500,false,
TXN-FILE_LOCK-00436,REQ-SIM-00436,-,CUS-00436,FSI-00167,1,FILE_LOCK,pool-2-thread-436,3825708179000,3825960601800,false,
TXN-FILE_LOCK-00513,REQ-SIM-00513,-,CUS-00513,FSI-00167,1,FILE_LOCK,pool-2-thread-513,3825709942300,3825960634100,false,
TXN-FILE_LOCK-00425,REQ-SIM-00425,-,CUS-00425,FSI-00167,1,FILE_LOCK,pool-2-thread-425,3825707944300,3825960630200,false,
TXN-FILE_LOCK-00557,REQ-SIM-00557,-,CUS-00557,FSI-00167,1,FILE_LOCK,pool-2-thread-557,3825711169300,3825960670600,false,
TXN-FILE_LOCK-00492,REQ-SIM-00492,-,CUS-00492,FSI-00167,1,FILE_LOCK,pool-2-thread-492,3825709405300,3825960727800,false,
TXN-FILE_LOCK-00570,REQ-SIM-00570,-,CUS-00570,FSI-00167,1,FILE_LOCK,pool-2-thread-570,3825711585500,3825960735200,false,
TXN-FILE_LOCK-00528,REQ-SIM-00528,-,CUS-00528,FSI-00167,1,FILE_LOCK,pool-2-thread-528,3825710460900,3825960765100,false,
TXN-FILE_LOCK-00490,REQ-SIM-00490,-,CUS-00490,FSI-00167,1,FILE_LOCK,pool-2-thread-490,3825709320600,3825960803100,false,
TXN-FILE_LOCK-00449,REQ-SIM-00449,-,CUS-00449,FSI-00167,1,FILE_LOCK,pool-2-thread-449,3825708457100,3825960829000,false,
TXN-FILE_LOCK-00542,REQ-SIM-00542,-,CUS-00542,FSI-00167,1,FILE_LOCK,pool-2-thread-542,3825710814300,3825960858100,false,
TXN-FILE_LOCK-00586,REQ-SIM-00586,-,CUS-00586,FSI-00167,1,FILE_LOCK,pool-2-thread-586,3825712086200,3825960884900,false,
TXN-FILE_LOCK-00432,REQ-SIM-00432,-,CUS-00432,FSI-00167,1,FILE_LOCK,pool-2-thread-432,3825708084000,3825960894000,false,
TXN-FILE_LOCK-00482,REQ-SIM-00482,-,CUS-00482,FSI-00167,1,FILE_LOCK,pool-2-thread-482,3825709144800,3825960959200,false,
TXN-FILE_LOCK-00485,REQ-SIM-00485,-,CUS-00485,FSI-00167,1,FILE_LOCK,pool-2-thread-485,3825709222700,3825960962500,false,
TXN-FILE_LOCK-00555,REQ-SIM-00555,SIM-FILE_LOCK-00555,CUS-00555,FSI-00167,1,FILE_LOCK,pool-2-thread-555,3825711142700,3825960972300,true,
TXN-FILE_LOCK-00558,REQ-SIM-00558,-,CUS-00558,FSI-00167,1,FILE_LOCK,pool-2-thread-558,3825711192100,3825960998800,false,
TXN-FILE_LOCK-00431,REQ-SIM-00431,-,CUS-00431,FSI-00167,1,FILE_LOCK,pool-2-thread-431,3825708072900,3825960999000,false,
TXN-FILE_LOCK-00575,REQ-SIM-00575,-,CUS-00575,FSI-00167,1,FILE_LOCK,pool-2-thread-575,3825711818600,3825961005100,false,
TXN-FILE_LOCK-00585,REQ-SIM-00585,-,CUS-00585,FSI-00167,1,FILE_LOCK,pool-2-thread-585,3825712068500,3825961012500,false,
TXN-FILE_LOCK-00462,REQ-SIM-00462,-,CUS-00462,FSI-00167,1,FILE_LOCK,pool-2-thread-462,3825708728200,3825961036700,false,
TXN-FILE_LOCK-00450,REQ-SIM-00450,-,CUS-00450,FSI-00167,1,FILE_LOCK,pool-2-thread-450,3825708473200,3825961049500,false,
TXN-FILE_LOCK-00588,REQ-SIM-00588,-,CUS-00588,FSI-00167,1,FILE_LOCK,pool-2-thread-588,3825712160800,3825961084500,false,
TXN-FILE_LOCK-00437,REQ-SIM-00437,-,CUS-00437,FSI-00167,1,FILE_LOCK,pool-2-thread-437,3825708192100,3825961093300,false,
TXN-FILE_LOCK-00582,REQ-SIM-00582,-,CUS-00582,FSI-00167,1,FILE_LOCK,pool-2-thread-582,3825711974200,3825961114900,false,
TXN-FILE_LOCK-00581,REQ-SIM-00581,-,CUS-00581,FSI-00167,1,FILE_LOCK,pool-2-thread-581,3825711961000,3825961130800,false,
TXN-FILE_LOCK-00576,REQ-SIM-00576,-,CUS-00576,FSI-00167,1,FILE_LOCK,pool-2-thread-576,3825711832400,3825961181000,false,
TXN-FILE_LOCK-00506,REQ-SIM-00506,-,CUS-00506,FSI-00167,1,FILE_LOCK,pool-2-thread-506,3825709757000,3825961192100,false,
TXN-FILE_LOCK-00459,REQ-SIM-00459,-,CUS-00459,FSI-00167,1,FILE_LOCK,pool-2-thread-459,3825708674100,3825961241900,false,
TXN-FILE_LOCK-00541,REQ-SIM-00541,-,CUS-00541,FSI-00167,1,FILE_LOCK,pool-2-thread-541,3825710770200,3825961291000,false,
TXN-FILE_LOCK-00445,REQ-SIM-00445,-,CUS-00445,FSI-00167,1,FILE_LOCK,pool-2-thread-445,3825708409100,3825961309300,false,
TXN-FILE_LOCK-00519,REQ-SIM-00519,-,CUS-00519,FSI-00167,1,FILE_LOCK,pool-2-thread-519,3825710172300,3825961350700,false,
TXN-FILE_LOCK-00579,REQ-SIM-00579,-,CUS-00579,FSI-00167,1,FILE_LOCK,pool-2-thread-579,3825711930900,3825961413900,false,
TXN-FILE_LOCK-00508,REQ-SIM-00508,-,CUS-00508,FSI-00167,1,FILE_LOCK,pool-2-thread-508,3825709827600,3825961478800,false,
TXN-FILE_LOCK-00556,REQ-SIM-00556,-,CUS-00556,FSI-00167,1,FILE_LOCK,pool-2-thread-556,3825711157300,3825961522900,false,
TXN-FILE_LOCK-00511,REQ-SIM-00511,-,CUS-00511,FSI-00167,1,FILE_LOCK,pool-2-thread-511,3825709916900,3825961536000,false,
TXN-FILE_LOCK-00435,REQ-SIM-00435,-,CUS-00435,FSI-00167,1,FILE_LOCK,pool-2-thread-435,3825708165900,3825961552300,false,
TXN-FILE_LOCK-00550,REQ-SIM-00550,SIM-FILE_LOCK-00550,CUS-00550,FSI-00167,1,FILE_LOCK,pool-2-thread-550,3825711056400,3825962064300,true,
TXN-FILE_LOCK-00665,REQ-SIM-00665,-,CUS-00665,FSI-00167,1,FILE_LOCK,pool-2-thread-665,3825714107400,3825981197500,false,
TXN-FILE_LOCK-00547,REQ-SIM-00547,-,CUS-00547,FSI-00167,1,FILE_LOCK,pool-2-thread-547,3825710945100,3825982326600,false,
TXN-FILE_LOCK-00498,REQ-SIM-00498,-,CUS-00498,FSI-00167,1,FILE_LOCK,pool-2-thread-498,3825709539500,3825982452100,false,
TXN-FILE_LOCK-00593,REQ-SIM-00593,-,CUS-00593,FSI-00167,1,FILE_LOCK,pool-2-thread-593,3825712329600,3825982500900,false,
TXN-FILE_LOCK-00653,REQ-SIM-00653,-,CUS-00653,FSI-00167,1,FILE_LOCK,pool-2-thread-653,3825713818300,3825982758500,false,
TXN-FILE_LOCK-00527,REQ-SIM-00527,-,CUS-00527,FSI-00167,1,FILE_LOCK,pool-2-thread-527,3825710429800,3825983149200,false,
TXN-FILE_LOCK-00624,REQ-SIM-00624,-,CUS-00624,FSI-00167,1,FILE_LOCK,pool-2-thread-624,3825713100000,3825983514000,false,
TXN-FILE_LOCK-00534,REQ-SIM-00534,-,CUS-00534,FSI-00167,1,FILE_LOCK,pool-2-thread-534,3825710631600,3825983661700,false,
TXN-FILE_LOCK-00629,REQ-SIM-00629,-,CUS-00629,FSI-00167,1,FILE_LOCK,pool-2-thread-629,3825713304000,3825983730000,false,
TXN-FILE_LOCK-00605,REQ-SIM-00605,-,CUS-00605,FSI-00167,1,FILE_LOCK,pool-2-thread-605,3825712592400,3825983746400,false,
TXN-FILE_LOCK-00623,REQ-SIM-00623,-,CUS-00623,FSI-00167,1,FILE_LOCK,pool-2-thread-623,3825713086000,3825983775300,false,
TXN-FILE_LOCK-00545,REQ-SIM-00545,-,CUS-00545,FSI-00167,1,FILE_LOCK,pool-2-thread-545,3825710851700,3825983769000,false,
TXN-FILE_LOCK-00497,REQ-SIM-00497,-,CUS-00497,FSI-00167,1,FILE_LOCK,pool-2-thread-497,3825709521300,3825983803800,false,
TXN-FILE_LOCK-00657,REQ-SIM-00657,-,CUS-00657,FSI-00167,1,FILE_LOCK,pool-2-thread-657,3825713936700,3825983786400,false,
TXN-FILE_LOCK-00660,REQ-SIM-00660,-,CUS-00660,FSI-00167,1,FILE_LOCK,pool-2-thread-660,3825713977300,3825983885600,false,
TXN-FILE_LOCK-00587,REQ-SIM-00587,-,CUS-00587,FSI-00167,1,FILE_LOCK,pool-2-thread-587,3825712150700,3825983909600,false,
TXN-FILE_LOCK-00455,REQ-SIM-00455,-,CUS-00455,FSI-00167,1,FILE_LOCK,pool-2-thread-455,3825708575600,3825983947100,false,
TXN-FILE_LOCK-00615,REQ-SIM-00615,-,CUS-00615,FSI-00167,1,FILE_LOCK,pool-2-thread-615,3825712909100,3825983968300,false,
TXN-FILE_LOCK-00674,REQ-SIM-00674,-,CUS-00674,FSI-00167,1,FILE_LOCK,pool-2-thread-674,3825714334100,3825983981600,false,
TXN-FILE_LOCK-00592,REQ-SIM-00592,-,CUS-00592,FSI-00167,1,FILE_LOCK,pool-2-thread-592,3825712317000,3825984029700,false,
TXN-FILE_LOCK-00649,REQ-SIM-00649,-,CUS-00649,FSI-00167,1,FILE_LOCK,pool-2-thread-649,3825713759800,3825984033500,false,
TXN-FILE_LOCK-00802,REQ-SIM-00802,SIM-FILE_LOCK-00802,CUS-00802,FSI-00167,1,FILE_LOCK,pool-2-thread-802,3825716872400,3825983999000,true,
TXN-FILE_LOCK-00589,REQ-SIM-00589,-,CUS-00589,FSI-00167,1,FILE_LOCK,pool-2-thread-589,3825712240900,3825984064200,false,
TXN-FILE_LOCK-00644,REQ-SIM-00644,-,CUS-00644,FSI-00167,1,FILE_LOCK,pool-2-thread-644,3825713695000,3825984071500,false,
TXN-FILE_LOCK-00667,REQ-SIM-00667,-,CUS-00667,FSI-00167,1,FILE_LOCK,pool-2-thread-667,3825714147600,3825984083800,false,
TXN-FILE_LOCK-00630,REQ-SIM-00630,-,CUS-00630,FSI-00167,1,FILE_LOCK,pool-2-thread-630,3825713315400,3825984099800,false,
TXN-FILE_LOCK-00635,REQ-SIM-00635,-,CUS-00635,FSI-00167,1,FILE_LOCK,pool-2-thread-635,3825713458800,3825984105100,false,
TXN-FILE_LOCK-00460,REQ-SIM-00460,-,CUS-00460,FSI-00167,1,FILE_LOCK,pool-2-thread-460,3825708725700,3825984138000,false,
TXN-FILE_LOCK-00442,REQ-SIM-00442,-,CUS-00442,FSI-00167,1,FILE_LOCK,pool-2-thread-442,3825708313400,3825984120900,false,
TXN-FILE_LOCK-00643,REQ-SIM-00643,-,CUS-00643,FSI-00167,1,FILE_LOCK,pool-2-thread-643,3825713616300,3825984153700,false,
TXN-FILE_LOCK-00619,REQ-SIM-00619,-,CUS-00619,FSI-00167,1,FILE_LOCK,pool-2-thread-619,3825712956400,3825984193700,false,
TXN-FILE_LOCK-00631,REQ-SIM-00631,-,CUS-00631,FSI-00167,1,FILE_LOCK,pool-2-thread-631,3825713368600,3825984209000,false,
TXN-FILE_LOCK-00638,REQ-SIM-00638,-,CUS-00638,FSI-00167,1,FILE_LOCK,pool-2-thread-638,3825713545200,3825984229200,false,
TXN-FILE_LOCK-00626,REQ-SIM-00626,-,CUS-00626,FSI-00167,1,FILE_LOCK,pool-2-thread-626,3825713207300,3825984231400,false,
TXN-FILE_LOCK-00632,REQ-SIM-00632,-,CUS-00632,FSI-00167,1,FILE_LOCK,pool-2-thread-632,3825713398000,3825984247500,false,
TXN-FILE_LOCK-00484,REQ-SIM-00484,-,CUS-00484,FSI-00167,1,FILE_LOCK,pool-2-thread-484,3825709224100,3825984275800,false,
TXN-FILE_LOCK-00609,REQ-SIM-00609,-,CUS-00609,FSI-00167,1,FILE_LOCK,pool-2-thread-609,3825712753300,3825984309900,false,
TXN-FILE_LOCK-00537,REQ-SIM-00537,-,CUS-00537,FSI-00167,1,FILE_LOCK,pool-2-thread-537,3825710684200,3825984343700,false,
TXN-FILE_LOCK-00520,REQ-SIM-00520,-,CUS-00520,FSI-00167,1,FILE_LOCK,pool-2-thread-520,3825710185100,3825984415500,false,
TXN-FILE_LOCK-00598,REQ-SIM-00598,-,CUS-00598,FSI-00167,1,FILE_LOCK,pool-2-thread-598,3825712452600,3825984418800,false,
TXN-FILE_LOCK-00628,REQ-SIM-00628,-,CUS-00628,FSI-00167,1,FILE_LOCK,pool-2-thread-628,3825713289800,3825984473100,false,
TXN-FILE_LOCK-00610,REQ-SIM-00610,-,CUS-00610,FSI-00167,1,FILE_LOCK,pool-2-thread-610,3825712797100,3825984536100,false,
TXN-FILE_LOCK-00627,REQ-SIM-00627,-,CUS-00627,FSI-00167,1,FILE_LOCK,pool-2-thread-627,3825713257200,3825984600400,false,
TXN-FILE_LOCK-00562,REQ-SIM-00562,-,CUS-00562,FSI-00167,1,FILE_LOCK,pool-2-thread-562,3825711390400,3825984798800,false,
TXN-FILE_LOCK-00591,REQ-SIM-00591,-,CUS-00591,FSI-00167,1,FILE_LOCK,pool-2-thread-591,3825712286300,3825984990800,false,
TXN-FILE_LOCK-00501,REQ-SIM-00501,-,CUS-00501,FSI-00167,1,FILE_LOCK,pool-2-thread-501,3825709630200,3825984995500,false,
TXN-FILE_LOCK-00604,REQ-SIM-00604,-,CUS-00604,FSI-00167,1,FILE_LOCK,pool-2-thread-604,3825712579400,3825985065100,false,
TXN-FILE_LOCK-00532,REQ-SIM-00532,-,CUS-00532,FSI-00167,1,FILE_LOCK,pool-2-thread-532,3825710542000,3825985075800,false,
TXN-FILE_LOCK-00640,REQ-SIM-00640,-,CUS-00640,FSI-00167,1,FILE_LOCK,pool-2-thread-640,3825713571400,3825985095800,false,
TXN-FILE_LOCK-00538,REQ-SIM-00538,-,CUS-00538,FSI-00167,1,FILE_LOCK,pool-2-thread-538,3825710700100,3825985149100,false,
TXN-FILE_LOCK-00594,REQ-SIM-00594,SIM-FILE_LOCK-00594,CUS-00594,FSI-00167,1,FILE_LOCK,pool-2-thread-594,3825712358800,3825985264200,true,
TXN-FILE_LOCK-00658,REQ-SIM-00658,-,CUS-00658,FSI-00167,1,FILE_LOCK,pool-2-thread-658,3825713949800,3826007276400,false,
TXN-FILE_LOCK-00567,REQ-SIM-00567,-,CUS-00567,FSI-00167,1,FILE_LOCK,pool-2-thread-567,3825711509600,3826007540900,false,
TXN-FILE_LOCK-00652,REQ-SIM-00652,-,CUS-00652,FSI-00167,1,FILE_LOCK,pool-2-thread-652,3825713801000,3826007658400,false,
TXN-FILE_LOCK-00681,REQ-SIM-00681,-,CUS-00681,FSI-00167,1,FILE_LOCK,pool-2-thread-681,3825714482400,3826007808000,false,
TXN-FILE_LOCK-00676,REQ-SIM-00676,-,CUS-00676,FSI-00167,1,FILE_LOCK,pool-2-thread-676,3825714360500,3826007965100,false,
TXN-FILE_LOCK-00616,REQ-SIM-00616,-,CUS-00616,FSI-00167,1,FILE_LOCK,pool-2-thread-616,3825712912400,3826007979200,false,
TXN-FILE_LOCK-00675,REQ-SIM-00675,-,CUS-00675,FSI-00167,1,FILE_LOCK,pool-2-thread-675,3825714346100,3826008028100,false,
TXN-FILE_LOCK-00531,REQ-SIM-00531,-,CUS-00531,FSI-00167,1,FILE_LOCK,pool-2-thread-531,3825710522800,3826008056400,false,
TXN-FILE_LOCK-00682,REQ-SIM-00682,-,CUS-00682,FSI-00167,1,FILE_LOCK,pool-2-thread-682,3825714501200,3826008194700,false,
TXN-FILE_LOCK-00512,REQ-SIM-00512,SIM-FILE_LOCK-00512,CUS-00512,FSI-00167,1,FILE_LOCK,pool-2-thread-512,3825709927600,3826008723000,true,
TXN-FILE_LOCK-00673,REQ-SIM-00673,-,CUS-00673,FSI-00167,1,FILE_LOCK,pool-2-thread-673,3825714272600,3826008740900,false,
TXN-FILE_LOCK-00552,REQ-SIM-00552,-,CUS-00552,FSI-00167,1,FILE_LOCK,pool-2-thread-552,3825711103700,3826008785600,false,
TXN-FILE_LOCK-00612,REQ-SIM-00612,-,CUS-00612,FSI-00167,1,FILE_LOCK,pool-2-thread-612,3825712824900,3826009219800,false,
TXN-FILE_LOCK-00647,REQ-SIM-00647,-,CUS-00647,FSI-00167,1,FILE_LOCK,pool-2-thread-647,3825713736200,3826009220000,false,
TXN-FILE_LOCK-00669,REQ-SIM-00669,-,CUS-00669,FSI-00167,1,FILE_LOCK,pool-2-thread-669,3825714197800,3826009237100,false,
TXN-FILE_LOCK-00539,REQ-SIM-00539,-,CUS-00539,FSI-00167,1,FILE_LOCK,pool-2-thread-539,3825710731400,3826009309000,false,
TXN-FILE_LOCK-00688,REQ-SIM-00688,-,CUS-00688,FSI-00167,1,FILE_LOCK,pool-2-thread-688,3825714638100,3826009313700,false,
TXN-FILE_LOCK-00661,REQ-SIM-00661,-,CUS-00661,FSI-00167,1,FILE_LOCK,pool-2-thread-661,3825714060800,3826009362400,false,
TXN-FILE_LOCK-00668,REQ-SIM-00668,-,CUS-00668,FSI-00167,1,FILE_LOCK,pool-2-thread-668,3825714182700,3826009374400,false,
TXN-FILE_LOCK-00672,REQ-SIM-00672,-,CUS-00672,FSI-00167,1,FILE_LOCK,pool-2-thread-672,3825714244400,3826009379900,false,
TXN-FILE_LOCK-00563,REQ-SIM-00563,-,CUS-00563,FSI-00167,1,FILE_LOCK,pool-2-thread-563,3825711403200,3826009388700,false,
TXN-FILE_LOCK-00526,REQ-SIM-00526,-,CUS-00526,FSI-00167,1,FILE_LOCK,pool-2-thread-526,3825710416300,3826009412300,false,
TXN-FILE_LOCK-00551,REQ-SIM-00551,-,CUS-00551,FSI-00167,1,FILE_LOCK,pool-2-thread-551,3825711071400,3826009441600,false,
TXN-FILE_LOCK-00686,REQ-SIM-00686,-,CUS-00686,FSI-00167,1,FILE_LOCK,pool-2-thread-686,3825714599900,3826009472800,false,
TXN-FILE_LOCK-00618,REQ-SIM-00618,-,CUS-00618,FSI-00167,1,FILE_LOCK,pool-2-thread-618,3825712938300,3826009499600,false,
TXN-FILE_LOCK-00646,REQ-SIM-00646,-,CUS-00646,FSI-00167,1,FILE_LOCK,pool-2-thread-646,3825713723600,3826009557300,false,
TXN-FILE_LOCK-00603,REQ-SIM-00603,-,CUS-00603,FSI-00167,1,FILE_LOCK,pool-2-thread-603,3825712563300,3826009606200,false,
TXN-FILE_LOCK-00487,REQ-SIM-00487,-,CUS-00487,FSI-00167,1,FILE_LOCK,pool-2-thread-487,3825709276700,3826009606900,false,
TXN-FILE_LOCK-00546,REQ-SIM-00546,-,CUS-00546,FSI-00167,1,FILE_LOCK,pool-2-thread-546,3825710865200,3826009643200,false,
TXN-FILE_LOCK-00599,REQ-SIM-00599,-,CUS-00599,FSI-00167,1,FILE_LOCK,pool-2-thread-599,3825712464700,3826009559700,false,
TXN-FILE_LOCK-00664,REQ-SIM-00664,-,CUS-00664,FSI-00167,1,FILE_LOCK,pool-2-thread-664,3825714094700,3826009676800,false,
TXN-FILE_LOCK-00666,REQ-SIM-00666,-,CUS-00666,FSI-00167,1,FILE_LOCK,pool-2-thread-666,3825714135200,3826009712800,false,
TXN-FILE_LOCK-00639,REQ-SIM-00639,-,CUS-00639,FSI-00167,1,FILE_LOCK,pool-2-thread-639,3825713557300,3826009732700,false,
TXN-FILE_LOCK-00448,REQ-SIM-00448,-,CUS-00448,FSI-00167,1,FILE_LOCK,pool-2-thread-448,3825708446300,3826009746300,false,
TXN-FILE_LOCK-00663,REQ-SIM-00663,-,CUS-00663,FSI-00167,1,FILE_LOCK,pool-2-thread-663,3825714082000,3826009794500,false,
TXN-FILE_LOCK-00494,REQ-SIM-00494,-,CUS-00494,FSI-00167,1,FILE_LOCK,pool-2-thread-494,3825709446200,3826009800800,false,
TXN-FILE_LOCK-00678,REQ-SIM-00678,-,CUS-00678,FSI-00167,1,FILE_LOCK,pool-2-thread-678,3825714397900,3826009857100,false,
TXN-FILE_LOCK-00533,REQ-SIM-00533,-,CUS-00533,FSI-00167,1,FILE_LOCK,pool-2-thread-533,3825710617000,3826009888400,false,
TXN-FILE_LOCK-00516,REQ-SIM-00516,-,CUS-00516,FSI-00167,1,FILE_LOCK,pool-2-thread-516,3825710002700,3826009893900,false,
TXN-FILE_LOCK-00692,REQ-SIM-00692,-,CUS-00692,FSI-00167,1,FILE_LOCK,pool-2-thread-692,3825714706800,3826009982700,false,
TXN-FILE_LOCK-00633,REQ-SIM-00633,-,CUS-00633,FSI-00167,1,FILE_LOCK,pool-2-thread-633,3825713434200,3826010066400,false,
TXN-FILE_LOCK-00705,REQ-SIM-00705,-,CUS-00705,FSI-00167,1,FILE_LOCK,pool-2-thread-705,3825715027300,3826010157800,false,
TXN-FILE_LOCK-00685,REQ-SIM-00685,-,CUS-00685,FSI-00167,1,FILE_LOCK,pool-2-thread-685,3825714550100,3826010287400,false,
TXN-FILE_LOCK-00622,REQ-SIM-00622,-,CUS-00622,FSI-00167,1,FILE_LOCK,pool-2-thread-622,3825713076000,3826010373400,false,
TXN-FILE_LOCK-00493,REQ-SIM-00493,-,CUS-00493,FSI-00167,1,FILE_LOCK,pool-2-thread-493,3825709416800,3826010428100,false,
TXN-FILE_LOCK-00693,REQ-SIM-00693,-,CUS-00693,FSI-00167,1,FILE_LOCK,pool-2-thread-693,3825714721500,3826010474400,false,
TXN-FILE_LOCK-00670,REQ-SIM-00670,-,CUS-00670,FSI-00167,1,FILE_LOCK,pool-2-thread-670,3825714208100,3826010521000,false,
TXN-FILE_LOCK-00689,REQ-SIM-00689,-,CUS-00689,FSI-00167,1,FILE_LOCK,pool-2-thread-689,3825714650200,3826010556600,false,
TXN-FILE_LOCK-00503,REQ-SIM-00503,-,CUS-00503,FSI-00167,1,FILE_LOCK,pool-2-thread-503,3825709659800,3826010588200,false,
TXN-FILE_LOCK-00671,REQ-SIM-00671,-,CUS-00671,FSI-00167,1,FILE_LOCK,pool-2-thread-671,3825714221300,3826010617900,false,
TXN-FILE_LOCK-00697,REQ-SIM-00697,-,CUS-00697,FSI-00167,1,FILE_LOCK,pool-2-thread-697,3825714842200,3826010645900,false,
TXN-FILE_LOCK-00651,REQ-SIM-00651,-,CUS-00651,FSI-00167,1,FILE_LOCK,pool-2-thread-651,3825713787300,3826010665800,false,
TXN-FILE_LOCK-00654,REQ-SIM-00654,-,CUS-00654,FSI-00167,1,FILE_LOCK,pool-2-thread-654,3825713830700,3826010678600,false,
TXN-FILE_LOCK-00706,REQ-SIM-00706,-,CUS-00706,FSI-00167,1,FILE_LOCK,pool-2-thread-706,3825715042100,3826010689900,false,
TXN-FILE_LOCK-00617,REQ-SIM-00617,-,CUS-00617,FSI-00167,1,FILE_LOCK,pool-2-thread-617,3825712927100,3826010720800,false,
TXN-FILE_LOCK-00634,REQ-SIM-00634,-,CUS-00634,FSI-00167,1,FILE_LOCK,pool-2-thread-634,3825713448300,3826010750600,false,
TXN-FILE_LOCK-00597,REQ-SIM-00597,-,CUS-00597,FSI-00167,1,FILE_LOCK,pool-2-thread-597,3825712434000,3826010754500,false,
TXN-FILE_LOCK-00687,REQ-SIM-00687,-,CUS-00687,FSI-00167,1,FILE_LOCK,pool-2-thread-687,3825714613000,3826010776500,false,
TXN-FILE_LOCK-00656,REQ-SIM-00656,-,CUS-00656,FSI-00167,1,FILE_LOCK,pool-2-thread-656,3825713922700,3826010787100,false,
TXN-FILE_LOCK-00645,REQ-SIM-00645,-,CUS-00645,FSI-00167,1,FILE_LOCK,pool-2-thread-645,3825713706600,3826010804100,false,
TXN-FILE_LOCK-00700,REQ-SIM-00700,-,CUS-00700,FSI-00167,1,FILE_LOCK,pool-2-thread-700,3825714878200,3826010823300,false,
TXN-FILE_LOCK-00648,REQ-SIM-00648,-,CUS-00648,FSI-00167,1,FILE_LOCK,pool-2-thread-648,3825713746000,3826010838500,false,
TXN-FILE_LOCK-00600,REQ-SIM-00600,-,CUS-00600,FSI-00167,1,FILE_LOCK,pool-2-thread-600,3825712476600,3826010850100,false,
TXN-FILE_LOCK-00683,REQ-SIM-00683,-,CUS-00683,FSI-00167,1,FILE_LOCK,pool-2-thread-683,3825714524000,3826010857300,false,
TXN-FILE_LOCK-00486,REQ-SIM-00486,-,CUS-00486,FSI-00167,1,FILE_LOCK,pool-2-thread-486,3825709236700,3826010887500,false,
TXN-FILE_LOCK-00642,REQ-SIM-00642,-,CUS-00642,FSI-00167,1,FILE_LOCK,pool-2-thread-642,3825713599500,3826010890900,false,
TXN-FILE_LOCK-00701,REQ-SIM-00701,-,CUS-00701,FSI-00167,1,FILE_LOCK,pool-2-thread-701,3825714891400,3826010909800,false,
TXN-FILE_LOCK-00684,REQ-SIM-00684,-,CUS-00684,FSI-00167,1,FILE_LOCK,pool-2-thread-684,3825714536300,3826010930600,false,
TXN-FILE_LOCK-00636,REQ-SIM-00636,-,CUS-00636,FSI-00167,1,FILE_LOCK,pool-2-thread-636,3825713470300,3826010944600,false,
TXN-FILE_LOCK-00621,REQ-SIM-00621,-,CUS-00621,FSI-00167,1,FILE_LOCK,pool-2-thread-621,3825713053300,3826010960900,false,
TXN-FILE_LOCK-00515,REQ-SIM-00515,-,CUS-00515,FSI-00167,1,FILE_LOCK,pool-2-thread-515,3825709982300,3826010976400,false,
TXN-FILE_LOCK-00698,REQ-SIM-00698,-,CUS-00698,FSI-00167,1,FILE_LOCK,pool-2-thread-698,3825714852400,3826010983400,false,
TXN-FILE_LOCK-00444,REQ-SIM-00444,-,CUS-00444,FSI-00167,1,FILE_LOCK,pool-2-thread-444,3825708337700,3826011000400,false,
TXN-FILE_LOCK-00659,REQ-SIM-00659,-,CUS-00659,FSI-00167,1,FILE_LOCK,pool-2-thread-659,3825713962000,3826011009300,false,
TXN-FILE_LOCK-00561,REQ-SIM-00561,-,CUS-00561,FSI-00167,1,FILE_LOCK,pool-2-thread-561,3825711350800,3826011032500,false,
TXN-FILE_LOCK-00522,REQ-SIM-00522,-,CUS-00522,FSI-00167,1,FILE_LOCK,pool-2-thread-522,3825710207800,3826011049800,false,
TXN-FILE_LOCK-00564,REQ-SIM-00564,-,CUS-00564,FSI-00167,1,FILE_LOCK,pool-2-thread-564,3825711431100,3826011056400,false,
TXN-FILE_LOCK-00611,REQ-SIM-00611,-,CUS-00611,FSI-00167,1,FILE_LOCK,pool-2-thread-611,3825712809800,3826011070200,false,
TXN-FILE_LOCK-00641,REQ-SIM-00641,-,CUS-00641,FSI-00167,1,FILE_LOCK,pool-2-thread-641,3825713583400,3826011085000,false,
TXN-FILE_LOCK-00606,REQ-SIM-00606,SIM-FILE_LOCK-00606,CUS-00606,FSI-00167,1,FILE_LOCK,pool-2-thread-606,3825712648900,3826011136400,true,
TXN-FILE_LOCK-00509,REQ-SIM-00509,-,CUS-00509,FSI-00167,1,FILE_LOCK,pool-2-thread-509,3825709840500,3826011143100,false,
TXN-FILE_LOCK-00807,REQ-SIM-00807,-,CUS-00807,FSI-00167,1,FILE_LOCK,pool-2-thread-807,3825716954800,3826031445800,false,
TXN-FILE_LOCK-00726,REQ-SIM-00726,-,CUS-00726,FSI-00167,1,FILE_LOCK,pool-2-thread-726,3825715454100,3826031483300,false,
TXN-FILE_LOCK-00725,REQ-SIM-00725,-,CUS-00725,FSI-00167,1,FILE_LOCK,pool-2-thread-725,3825715442200,3826031538700,false,
TXN-FILE_LOCK-00540,REQ-SIM-00540,-,CUS-00540,FSI-00167,1,FILE_LOCK,pool-2-thread-540,3825710757400,3826031630800,false,
TXN-FILE_LOCK-00703,REQ-SIM-00703,-,CUS-00703,FSI-00167,1,FILE_LOCK,pool-2-thread-703,3825714934700,3826031680800,false,
TXN-FILE_LOCK-00602,REQ-SIM-00602,-,CUS-00602,FSI-00167,1,FILE_LOCK,pool-2-thread-602,3825712554300,3826031774800,false,
TXN-FILE_LOCK-00695,REQ-SIM-00695,-,CUS-00695,FSI-00167,1,FILE_LOCK,pool-2-thread-695,3825714764200,3826031781400,false,
TXN-FILE_LOCK-00731,REQ-SIM-00731,-,CUS-00731,FSI-00167,1,FILE_LOCK,pool-2-thread-731,3825715515000,3826031757500,false,
TXN-FILE_LOCK-00724,REQ-SIM-00724,-,CUS-00724,FSI-00167,1,FILE_LOCK,pool-2-thread-724,3825715428300,3826031818200,false,
TXN-FILE_LOCK-00714,REQ-SIM-00714,-,CUS-00714,FSI-00167,1,FILE_LOCK,pool-2-thread-714,3825715165500,3826031903900,false,
TXN-FILE_LOCK-00712,REQ-SIM-00712,-,CUS-00712,FSI-00167,1,FILE_LOCK,pool-2-thread-712,3825715141700,3826033168700,false,
TXN-FILE_LOCK-00504,REQ-SIM-00504,-,CUS-00504,FSI-00167,1,FILE_LOCK,pool-2-thread-504,3825709681300,3826033253900,false,
TXN-FILE_LOCK-00707,REQ-SIM-00707,-,CUS-00707,FSI-00167,1,FILE_LOCK,pool-2-thread-707,3825715056200,3826033320300,false,
TXN-FILE_LOCK-00524,REQ-SIM-00524,-,CUS-00524,FSI-00167,1,FILE_LOCK,pool-2-thread-524,3825710328400,3826034295200,false,
TXN-FILE_LOCK-00761,REQ-SIM-00761,-,CUS-00761,FSI-00167,1,FILE_LOCK,pool-2-thread-761,3825716083900,3826034536700,false,
TXN-FILE_LOCK-00730,REQ-SIM-00730,-,CUS-00730,FSI-00167,1,FILE_LOCK,pool-2-thread-730,3825715502000,3826034603900,false,
TXN-FILE_LOCK-00744,REQ-SIM-00744,-,CUS-00744,FSI-00167,1,FILE_LOCK,pool-2-thread-744,3825715765800,3826034641800,false,
TXN-FILE_LOCK-00637,REQ-SIM-00637,-,CUS-00637,FSI-00167,1,FILE_LOCK,pool-2-thread-637,3825713480700,3826034630700,false,
TXN-FILE_LOCK-00733,REQ-SIM-00733,-,CUS-00733,FSI-00167,1,FILE_LOCK,pool-2-thread-733,3825715629600,3826034661000,false,
TXN-FILE_LOCK-00770,REQ-SIM-00770,-,CUS-00770,FSI-00167,1,FILE_LOCK,pool-2-thread-770,3825716226300,3826034675400,false,
TXN-FILE_LOCK-00577,REQ-SIM-00577,-,CUS-00577,FSI-00167,1,FILE_LOCK,pool-2-thread-577,3825711904100,3826034693100,false,
TXN-FILE_LOCK-00739,REQ-SIM-00739,-,CUS-00739,FSI-00167,1,FILE_LOCK,pool-2-thread-739,3825715678900,3826034723600,false,
TXN-FILE_LOCK-00786,REQ-SIM-00786,-,CUS-00786,FSI-00167,1,FILE_LOCK,pool-2-thread-786,3825716559700,3826034729000,false,
TXN-FILE_LOCK-00699,REQ-SIM-00699,-,CUS-00699,FSI-00167,1,FILE_LOCK,pool-2-thread-699,3825714865300,3826034744000,false,
TXN-FILE_LOCK-00762,REQ-SIM-00762,-,CUS-00762,FSI-00167,1,FILE_LOCK,pool-2-thread-762,3825716098600,3826034756200,false,
TXN-FILE_LOCK-00750,REQ-SIM-00750,-,CUS-00750,FSI-00167,1,FILE_LOCK,pool-2-thread-750,3825715870000,3826034774500,false,
TXN-FILE_LOCK-00625,REQ-SIM-00625,-,CUS-00625,FSI-00167,1,FILE_LOCK,pool-2-thread-625,3825713132700,3826034802600,false,
TXN-FILE_LOCK-00650,REQ-SIM-00650,-,CUS-00650,FSI-00167,1,FILE_LOCK,pool-2-thread-650,3825713789000,3826034819800,false,
TXN-FILE_LOCK-00728,REQ-SIM-00728,-,CUS-00728,FSI-00167,1,FILE_LOCK,pool-2-thread-728,3825715479900,3826034822200,false,
TXN-FILE_LOCK-00488,REQ-SIM-00488,-,CUS-00488,FSI-00167,1,FILE_LOCK,pool-2-thread-488,3825709288100,3826034874000,false,
TXN-FILE_LOCK-00719,REQ-SIM-00719,-,CUS-00719,FSI-00167,1,FILE_LOCK,pool-2-thread-719,3825715323200,3826034885200,false,
TXN-FILE_LOCK-00767,REQ-SIM-00767,-,CUS-00767,FSI-00167,1,FILE_LOCK,pool-2-thread-767,3825716172600,3826034897600,false,
TXN-FILE_LOCK-00711,REQ-SIM-00711,-,CUS-00711,FSI-00167,1,FILE_LOCK,pool-2-thread-711,3825715129000,3826034918800,false,
TXN-FILE_LOCK-00620,REQ-SIM-00620,-,CUS-00620,FSI-00167,1,FILE_LOCK,pool-2-thread-620,3825713043300,3826034939400,false,
TXN-FILE_LOCK-00780,REQ-SIM-00780,-,CUS-00780,FSI-00167,1,FILE_LOCK,pool-2-thread-780,3825716467600,3826034959800,false,
TXN-FILE_LOCK-00729,REQ-SIM-00729,-,CUS-00729,FSI-00167,1,FILE_LOCK,pool-2-thread-729,3825715490800,3826034985700,false,
TXN-FILE_LOCK-00755,REQ-SIM-00755,-,CUS-00755,FSI-00167,1,FILE_LOCK,pool-2-thread-755,3825715971700,3826035005900,false,
TXN-FILE_LOCK-00553,REQ-SIM-00553,-,CUS-00553,FSI-00167,1,FILE_LOCK,pool-2-thread-553,3825711117300,3826035014600,false,
TXN-FILE_LOCK-00774,REQ-SIM-00774,-,CUS-00774,FSI-00167,1,FILE_LOCK,pool-2-thread-774,3825716344200,3826035033800,false,
TXN-FILE_LOCK-00694,REQ-SIM-00694,-,CUS-00694,FSI-00167,1,FILE_LOCK,pool-2-thread-694,3825714733300,3826035053500,false,
TXN-FILE_LOCK-00696,REQ-SIM-00696,-,CUS-00696,FSI-00167,1,FILE_LOCK,pool-2-thread-696,3825714777400,3826035072900,false,
TXN-FILE_LOCK-00715,REQ-SIM-00715,-,CUS-00715,FSI-00167,1,FILE_LOCK,pool-2-thread-715,3825715225000,3826035084900,false,
TXN-FILE_LOCK-00428,REQ-SIM-00428,-,CUS-00428,FSI-00167,1,FILE_LOCK,pool-2-thread-428,3825707984900,3826035103000,false,
TXN-FILE_LOCK-00718,REQ-SIM-00718,-,CUS-00718,FSI-00167,1,FILE_LOCK,pool-2-thread-718,3825715309900,3826035107300,false,
TXN-FILE_LOCK-00578,REQ-SIM-00578,-,CUS-00578,FSI-00167,1,FILE_LOCK,pool-2-thread-578,3825711913700,3826035157100,false,
TXN-FILE_LOCK-00614,REQ-SIM-00614,-,CUS-00614,FSI-00167,1,FILE_LOCK,pool-2-thread-614,3825712885700,3826035163100,false,
TXN-FILE_LOCK-00717,REQ-SIM-00717,-,CUS-00717,FSI-00167,1,FILE_LOCK,pool-2-thread-717,3825715294500,3826035189500,false,
TXN-FILE_LOCK-00554,REQ-SIM-00554,-,CUS-00554,FSI-00167,1,FILE_LOCK,pool-2-thread-554,3825711131000,3826035210000,false,
TXN-FILE_LOCK-00727,REQ-SIM-00727,-,CUS-00727,FSI-00167,1,FILE_LOCK,pool-2-thread-727,3825715468100,3826035232600,false,
TXN-FILE_LOCK-00709,REQ-SIM-00709,-,CUS-00709,FSI-00167,1,FILE_LOCK,pool-2-thread-709,3825715076500,3826035246100,false,
TXN-FILE_LOCK-00439,REQ-SIM-00439,-,CUS-00439,FSI-00167,1,FILE_LOCK,pool-2-thread-439,3825708264500,3826035323600,false,
TXN-FILE_LOCK-00746,REQ-SIM-00746,-,CUS-00746,FSI-00167,1,FILE_LOCK,pool-2-thread-746,3825715816500,3826035343700,false,
TXN-FILE_LOCK-00679,REQ-SIM-00679,-,CUS-00679,FSI-00167,1,FILE_LOCK,pool-2-thread-679,3825714443700,3826035366300,false,
TXN-FILE_LOCK-00785,REQ-SIM-00785,-,CUS-00785,FSI-00167,1,FILE_LOCK,pool-2-thread-785,3825716546000,3826035392800,false,
TXN-FILE_LOCK-00749,REQ-SIM-00749,-,CUS-00749,FSI-00167,1,FILE_LOCK,pool-2-thread-749,3825715857700,3826035411000,false,
TXN-FILE_LOCK-00756,REQ-SIM-00756,-,CUS-00756,FSI-00167,1,FILE_LOCK,pool-2-thread-756,3825715984700,3826035415500,false,
TXN-FILE_LOCK-00737,REQ-SIM-00737,-,CUS-00737,FSI-00167,1,FILE_LOCK,pool-2-thread-737,3825715606200,3826035436200,false,
TXN-FILE_LOCK-00743,REQ-SIM-00743,-,CUS-00743,FSI-00167,1,FILE_LOCK,pool-2-thread-743,3825715753300,3826035456500,false,
TXN-FILE_LOCK-00738,REQ-SIM-00738,-,CUS-00738,FSI-00167,1,FILE_LOCK,pool-2-thread-738,3825715617300,3826035467400,false,
TXN-FILE_LOCK-00732,REQ-SIM-00732,-,CUS-00732,FSI-00167,1,FILE_LOCK,pool-2-thread-732,3825715526400,3826035485300,false,
TXN-FILE_LOCK-00662,REQ-SIM-00662,-,CUS-00662,FSI-00167,1,FILE_LOCK,pool-2-thread-662,3825714069700,3826035498500,false,
TXN-FILE_LOCK-00690,REQ-SIM-00690,-,CUS-00690,FSI-00167,1,FILE_LOCK,pool-2-thread-690,3825714663800,3826035476200,false,
TXN-FILE_LOCK-00789,REQ-SIM-00789,-,CUS-00789,FSI-00167,1,FILE_LOCK,pool-2-thread-789,3825716623200,3826035510600,false,
TXN-FILE_LOCK-00590,REQ-SIM-00590,-,CUS-00590,FSI-00167,1,FILE_LOCK,pool-2-thread-590,3825712250400,3826035518300,false,
TXN-FILE_LOCK-00708,REQ-SIM-00708,SIM-FILE_LOCK-00708,CUS-00708,FSI-00167,1,FILE_LOCK,pool-2-thread-708,3825715062300,3826035640800,true,
TXN-FILE_LOCK-00702,REQ-SIM-00702,-,CUS-00702,FSI-00167,1,FILE_LOCK,pool-2-thread-702,3825714904000,3826035656800,false,
TXN-FILE_LOCK-00772,REQ-SIM-00772,-,CUS-00772,FSI-00167,1,FILE_LOCK,pool-2-thread-772,3825716316800,3826035684800,false,
TXN-FILE_LOCK-00765,REQ-SIM-00765,-,CUS-00765,FSI-00167,1,FILE_LOCK,pool-2-thread-765,3825716145200,3826035692100,false,
TXN-FILE_LOCK-00748,REQ-SIM-00748,-,CUS-00748,FSI-00167,1,FILE_LOCK,pool-2-thread-748,3825715844000,3826035722800,false,
TXN-FILE_LOCK-00790,REQ-SIM-00790,-,CUS-00790,FSI-00167,1,FILE_LOCK,pool-2-thread-790,3825716661300,3826035773300,false,
TXN-FILE_LOCK-00766,REQ-SIM-00766,-,CUS-00766,FSI-00167,1,FILE_LOCK,pool-2-thread-766,3825716158200,3826035795300,false,
TXN-FILE_LOCK-00778,REQ-SIM-00778,-,CUS-00778,FSI-00167,1,FILE_LOCK,pool-2-thread-778,3825716437900,3826035815200,false,
TXN-FILE_LOCK-00747,REQ-SIM-00747,-,CUS-00747,FSI-00167,1,FILE_LOCK,pool-2-thread-747,3825715830900,3826035830900,false,
TXN-FILE_LOCK-00613,REQ-SIM-00613,-,CUS-00613,FSI-00167,1,FILE_LOCK,pool-2-thread-613,3825712837700,3826035863200,false,
TXN-FILE_LOCK-00608,REQ-SIM-00608,-,CUS-00608,FSI-00167,1,FILE_LOCK,pool-2-thread-608,3825712730200,3826035877500,false,
TXN-FILE_LOCK-00469,REQ-SIM-00469,-,CUS-00469,FSI-00167,1,FILE_LOCK,pool-2-thread-469,3825708863200,3826035905700,false,
TXN-FILE_LOCK-00680,REQ-SIM-00680,-,CUS-00680,FSI-00167,1,FILE_LOCK,pool-2-thread-680,3825714470100,3826035909700,false,
TXN-FILE_LOCK-00779,REQ-SIM-00779,-,CUS-00779,FSI-00167,1,FILE_LOCK,pool-2-thread-779,3825716451600,3826035930200,false,
TXN-FILE_LOCK-00741,REQ-SIM-00741,-,CUS-00741,FSI-00167,1,FILE_LOCK,pool-2-thread-741,3825715727400,3826035960600,false,
TXN-FILE_LOCK-00784,REQ-SIM-00784,-,CUS-00784,FSI-00167,1,FILE_LOCK,pool-2-thread-784,3825716532500,3826035979100,false,
TXN-FILE_LOCK-00754,REQ-SIM-00754,-,CUS-00754,FSI-00167,1,FILE_LOCK,pool-2-thread-754,3825715957500,3826035985300,false,
TXN-FILE_LOCK-00736,REQ-SIM-00736,-,CUS-00736,FSI-00167,1,FILE_LOCK,pool-2-thread-736,3825715593000,3826036010400,false,
TXN-FILE_LOCK-00596,REQ-SIM-00596,-,CUS-00596,FSI-00167,1,FILE_LOCK,pool-2-thread-596,3825712421700,3826036018600,false,
TXN-FILE_LOCK-00742,REQ-SIM-00742,-,CUS-00742,FSI-00167,1,FILE_LOCK,pool-2-thread-742,3825715740000,3826036027700,false,
TXN-FILE_LOCK-00771,REQ-SIM-00771,-,CUS-00771,FSI-00167,1,FILE_LOCK,pool-2-thread-771,3825716238800,3826036042500,false,
TXN-FILE_LOCK-00760,REQ-SIM-00760,-,CUS-00760,FSI-00167,1,FILE_LOCK,pool-2-thread-760,3825716065100,3826036059000,false,
TXN-FILE_LOCK-00759,REQ-SIM-00759,-,CUS-00759,FSI-00167,1,FILE_LOCK,pool-2-thread-759,3825716032500,3826036072400,false,
TXN-FILE_LOCK-00763,REQ-SIM-00763,-,CUS-00763,FSI-00167,1,FILE_LOCK,pool-2-thread-763,3825716117500,3826036088700,false,
TXN-FILE_LOCK-00753,REQ-SIM-00753,-,CUS-00753,FSI-00167,1,FILE_LOCK,pool-2-thread-753,3825715935300,3826036096700,false,
TXN-FILE_LOCK-00752,REQ-SIM-00752,-,CUS-00752,FSI-00167,1,FILE_LOCK,pool-2-thread-752,3825715925500,3826036106500,false,
TXN-FILE_LOCK-00751,REQ-SIM-00751,-,CUS-00751,FSI-00167,1,FILE_LOCK,pool-2-thread-751,3825715901000,3826036117000,false,
TXN-FILE_LOCK-00735,REQ-SIM-00735,-,CUS-00735,FSI-00167,1,FILE_LOCK,pool-2-thread-735,3825715571100,3826036132400,false,
TXN-FILE_LOCK-00783,REQ-SIM-00783,-,CUS-00783,FSI-00167,1,FILE_LOCK,pool-2-thread-783,3825716505500,3826036152000,false,
TXN-FILE_LOCK-00713,REQ-SIM-00713,-,CUS-00713,FSI-00167,1,FILE_LOCK,pool-2-thread-713,3825715152800,3826036161600,false,
TXN-FILE_LOCK-00723,REQ-SIM-00723,-,CUS-00723,FSI-00167,1,FILE_LOCK,pool-2-thread-723,3825715414100,3826036173900,false,
TXN-FILE_LOCK-00768,REQ-SIM-00768,-,CUS-00768,FSI-00167,1,FILE_LOCK,pool-2-thread-768,3825716193000,3826036193500,false,
TXN-FILE_LOCK-00601,REQ-SIM-00601,-,CUS-00601,FSI-00167,1,FILE_LOCK,pool-2-thread-601,3825712507500,3826036204500,false,
TXN-FILE_LOCK-00655,REQ-SIM-00655,-,CUS-00655,FSI-00167,1,FILE_LOCK,pool-2-thread-655,3825713906400,3826036224200,false,
TXN-FILE_LOCK-00776,REQ-SIM-00776,-,CUS-00776,FSI-00167,1,FILE_LOCK,pool-2-thread-776,3825716405700,3826036240500,false,
TXN-FILE_LOCK-00530,REQ-SIM-00530,-,CUS-00530,FSI-00167,1,FILE_LOCK,pool-2-thread-530,3825710509100,3826036261800,false,
TXN-FILE_LOCK-00773,REQ-SIM-00773,-,CUS-00773,FSI-00167,1,FILE_LOCK,pool-2-thread-773,3825716354100,3826036279300,false,
TXN-FILE_LOCK-00716,REQ-SIM-00716,-,CUS-00716,FSI-00167,1,FILE_LOCK,pool-2-thread-716,3825715274200,3826036293300,false,
TXN-FILE_LOCK-00740,REQ-SIM-00740,-,CUS-00740,FSI-00167,1,FILE_LOCK,pool-2-thread-740,3825715689400,3826036311600,false,
TXN-FILE_LOCK-00529,REQ-SIM-00529,-,CUS-00529,FSI-00167,1,FILE_LOCK,pool-2-thread-529,3825710473700,3826036331200,false,
TXN-FILE_LOCK-00505,REQ-SIM-00505,-,CUS-00505,FSI-00167,1,FILE_LOCK,pool-2-thread-505,3825709695300,3826036350100,false,
TXN-FILE_LOCK-00548,REQ-SIM-00548,-,CUS-00548,FSI-00167,1,FILE_LOCK,pool-2-thread-548,3825710956700,3826036360100,false,
TXN-FILE_LOCK-00607,REQ-SIM-00607,-,CUS-00607,FSI-00167,1,FILE_LOCK,pool-2-thread-607,3825712716900,3826036375400,false,
TXN-FILE_LOCK-00745,REQ-SIM-00745,-,CUS-00745,FSI-00167,1,FILE_LOCK,pool-2-thread-745,3825715777900,3826036385200,false,
TXN-FILE_LOCK-00559,REQ-SIM-00559,-,CUS-00559,FSI-00167,1,FILE_LOCK,pool-2-thread-559,3825711301000,3826036406300,false,
TXN-FILE_LOCK-00721,REQ-SIM-00721,-,CUS-00721,FSI-00167,1,FILE_LOCK,pool-2-thread-721,3825715376000,3826036421400,false,
TXN-FILE_LOCK-00757,REQ-SIM-00757,-,CUS-00757,FSI-00167,1,FILE_LOCK,pool-2-thread-757,3825715997400,3826036443500,false,
TXN-FILE_LOCK-00710,REQ-SIM-00710,-,CUS-00710,FSI-00167,1,FILE_LOCK,pool-2-thread-710,3825715114700,3826036459300,false,
TXN-FILE_LOCK-00734,REQ-SIM-00734,-,CUS-00734,FSI-00167,1,FILE_LOCK,pool-2-thread-734,3825715558900,3826036476700,false,
TXN-FILE_LOCK-00764,REQ-SIM-00764,-,CUS-00764,FSI-00167,1,FILE_LOCK,pool-2-thread-764,3825716132400,3826036520500,false,
TXN-FILE_LOCK-00595,REQ-SIM-00595,-,CUS-00595,FSI-00167,1,FILE_LOCK,pool-2-thread-595,3825712408500,3826036524100,false,
TXN-FILE_LOCK-00434,REQ-SIM-00434,-,CUS-00434,FSI-00167,1,FILE_LOCK,pool-2-thread-434,3825708152000,3826036545200,false,
TXN-FILE_LOCK-00523,REQ-SIM-00523,-,CUS-00523,FSI-00167,1,FILE_LOCK,pool-2-thread-523,3825710249400,3826036550600,false,
TXN-FILE_LOCK-00793,REQ-SIM-00793,-,CUS-00793,FSI-00167,1,FILE_LOCK,pool-2-thread-793,3825716706300,3826036552800,false,
TXN-FILE_LOCK-00794,REQ-SIM-00794,-,CUS-00794,FSI-00167,1,FILE_LOCK,pool-2-thread-794,3825716720500,3826036575600,false,
TXN-FILE_LOCK-00583,REQ-SIM-00583,-,CUS-00583,FSI-00167,1,FILE_LOCK,pool-2-thread-583,3825712029000,3826036586600,false,
TXN-FILE_LOCK-00787,REQ-SIM-00787,-,CUS-00787,FSI-00167,1,FILE_LOCK,pool-2-thread-787,3825716568800,3826036607400,false,
TXN-FILE_LOCK-00722,REQ-SIM-00722,-,CUS-00722,FSI-00167,1,FILE_LOCK,pool-2-thread-722,3825715402700,3826036620300,false,
TXN-FILE_LOCK-00788,REQ-SIM-00788,-,CUS-00788,FSI-00167,1,FILE_LOCK,pool-2-thread-788,3825716608500,3826036638000,false,
TXN-FILE_LOCK-00781,REQ-SIM-00781,-,CUS-00781,FSI-00167,1,FILE_LOCK,pool-2-thread-781,3825716478900,3826036650500,false,
TXN-FILE_LOCK-00758,REQ-SIM-00758,-,CUS-00758,FSI-00167,1,FILE_LOCK,pool-2-thread-758,3825716021100,3826036659000,false,
TXN-FILE_LOCK-00769,REQ-SIM-00769,-,CUS-00769,FSI-00167,1,FILE_LOCK,pool-2-thread-769,3825716205400,3826036722600,false,
TXN-FILE_LOCK-00720,REQ-SIM-00720,-,CUS-00720,FSI-00167,1,FILE_LOCK,pool-2-thread-720,3825715333500,3826036719300,false,
TXN-FILE_LOCK-00565,REQ-SIM-00565,SIM-FILE_LOCK-00565,CUS-00565,FSI-00167,1,FILE_LOCK,pool-2-thread-565,3825711445300,3826036754900,true,
TXN-FILE_LOCK-00775,REQ-SIM-00775,-,CUS-00775,FSI-00167,1,FILE_LOCK,pool-2-thread-775,3825716384600,3826051903900,false,
TXN-FILE_LOCK-00847,REQ-SIM-00847,-,CUS-00847,FSI-00167,1,FILE_LOCK,pool-2-thread-847,3825717704900,3826051906000,false,
TXN-FILE_LOCK-00782,REQ-SIM-00782,-,CUS-00782,FSI-00167,1,FILE_LOCK,pool-2-thread-782,3825716490200,3826051909900,false,
TXN-FILE_LOCK-00875,REQ-SIM-00875,-,CUS-00875,FSI-00167,1,FILE_LOCK,pool-2-thread-875,3825718291800,3826052314500,false,
TXN-FILE_LOCK-00791,REQ-SIM-00791,-,CUS-00791,FSI-00167,1,FILE_LOCK,pool-2-thread-791,3825716676000,3826052321300,false,
TXN-FILE_LOCK-00913,REQ-SIM-00913,-,CUS-00913,FSI-00167,1,FILE_LOCK,pool-2-thread-913,3825718969400,3826052335400,false,
TXN-FILE_LOCK-00934,REQ-SIM-00934,-,CUS-00934,FSI-00167,1,FILE_LOCK,pool-2-thread-934,3825719349400,3826052353200,false,
TXN-FILE_LOCK-00811,REQ-SIM-00811,-,CUS-00811,FSI-00167,1,FILE_LOCK,pool-2-thread-811,3825717061300,3826052365900,false,
TXN-FILE_LOCK-00888,REQ-SIM-00888,-,CUS-00888,FSI-00167,1,FILE_LOCK,pool-2-thread-888,3825718547400,3826052580200,false,
TXN-FILE_LOCK-00905,REQ-SIM-00905,-,CUS-00905,FSI-00167,1,FILE_LOCK,pool-2-thread-905,3825718803100,3826052590100,false,
TXN-FILE_LOCK-00927,REQ-SIM-00927,-,CUS-00927,FSI-00167,1,FILE_LOCK,pool-2-thread-927,3825719210600,3826052615800,false,
TXN-FILE_LOCK-00863,REQ-SIM-00863,-,CUS-00863,FSI-00167,1,FILE_LOCK,pool-2-thread-863,3825718037600,3826052629300,false,
TXN-FILE_LOCK-00932,REQ-SIM-00932,-,CUS-00932,FSI-00167,1,FILE_LOCK,pool-2-thread-932,3825719305100,3826052655800,false,
TXN-FILE_LOCK-00928,REQ-SIM-00928,-,CUS-00928,FSI-00167,1,FILE_LOCK,pool-2-thread-928,3825719238900,3826052660000,false,
TXN-FILE_LOCK-00869,REQ-SIM-00869,-,CUS-00869,FSI-00167,1,FILE_LOCK,pool-2-thread-869,3825718160700,3826052741500,false,
TXN-FILE_LOCK-00945,REQ-SIM-00945,-,CUS-00945,FSI-00167,1,FILE_LOCK,pool-2-thread-945,3825719533300,3826052764400,false,
TXN-FILE_LOCK-00899,REQ-SIM-00899,-,CUS-00899,FSI-00167,1,FILE_LOCK,pool-2-thread-899,3825718713300,3826052782600,false,
TXN-FILE_LOCK-00917,REQ-SIM-00917,-,CUS-00917,FSI-00167,1,FILE_LOCK,pool-2-thread-917,3825719024500,3826052796400,false,
TXN-FILE_LOCK-00918,REQ-SIM-00918,-,CUS-00918,FSI-00167,1,FILE_LOCK,pool-2-thread-918,3825719036300,3826052793700,false,
TXN-FILE_LOCK-00939,REQ-SIM-00939,-,CUS-00939,FSI-00167,1,FILE_LOCK,pool-2-thread-939,3825719429100,3826052813300,false,
TXN-FILE_LOCK-00938,REQ-SIM-00938,-,CUS-00938,FSI-00167,1,FILE_LOCK,pool-2-thread-938,3825719412700,3826052870400,false,
TXN-FILE_LOCK-00969,REQ-SIM-00969,-,CUS-00969,FSI-00167,1,FILE_LOCK,pool-2-thread-969,3825720000600,3826052913400,false,
TXN-FILE_LOCK-00873,REQ-SIM-00873,-,CUS-00873,FSI-00167,1,FILE_LOCK,pool-2-thread-873,3825718244900,3826052921100,false,
TXN-FILE_LOCK-00812,REQ-SIM-00812,-,CUS-00812,FSI-00167,1,FILE_LOCK,pool-2-thread-812,3825717077600,3826052285100,false,
TXN-FILE_LOCK-00950,REQ-SIM-00950,-,CUS-00950,FSI-00167,1,FILE_LOCK,pool-2-thread-950,3825719614900,3826053578300,false,
TXN-FILE_LOCK-00937,REQ-SIM-00937,-,CUS-00937,FSI-00167,1,FILE_LOCK,pool-2-thread-937,3825719388800,3826053707200,false,
TXN-FILE_LOCK-00959,REQ-SIM-00959,-,CUS-00959,FSI-00167,1,FILE_LOCK,pool-2-thread-959,3825719823700,3826053831300,false,
TXN-FILE_LOCK-00815,REQ-SIM-00815,-,CUS-00815,FSI-00167,1,FILE_LOCK,pool-2-thread-815,3825717124400,3826053960400,false,
TXN-FILE_LOCK-00958,REQ-SIM-00958,-,CUS-00958,FSI-00167,1,FILE_LOCK,pool-2-thread-958,3825719812600,3826054108000,false,
TXN-FILE_LOCK-00940,REQ-SIM-00940,-,CUS-00940,FSI-00167,1,FILE_LOCK,pool-2-thread-940,3825719443100,3826054334900,false,
TXN-FILE_LOCK-00946,REQ-SIM-00946,-,CUS-00946,FSI-00167,1,FILE_LOCK,pool-2-thread-946,3825719540400,3826054654400,false,
TXN-FILE_LOCK-00926,REQ-SIM-00926,-,CUS-00926,FSI-00167,1,FILE_LOCK,pool-2-thread-926,3825719170500,3826054662100,false,
TXN-FILE_LOCK-00816,REQ-SIM-00816,-,CUS-00816,FSI-00167,1,FILE_LOCK,pool-2-thread-816,3825717136900,3826054670500,false,
TXN-FILE_LOCK-00851,REQ-SIM-00851,-,CUS-00851,FSI-00167,1,FILE_LOCK,pool-2-thread-851,3825717766100,3826055059100,false,
TXN-FILE_LOCK-00942,REQ-SIM-00942,-,CUS-00942,FSI-00167,1,FILE_LOCK,pool-2-thread-942,3825719462500,3826055302700,false,
TXN-FILE_LOCK-00979,REQ-SIM-00979,-,CUS-00979,FSI-00167,1,FILE_LOCK,pool-2-thread-979,3825720173100,3826055449800,false,
TXN-FILE_LOCK-00922,REQ-SIM-00922,-,CUS-00922,FSI-00167,1,FILE_LOCK,pool-2-thread-922,3825719090800,3826055515900,false,
TXN-FILE_LOCK-00974,REQ-SIM-00974,-,CUS-00974,FSI-00167,1,FILE_LOCK,pool-2-thread-974,3825720100700,3826055563000,false,
TXN-FILE_LOCK-00848,REQ-SIM-00848,-,CUS-00848,FSI-00167,1,FILE_LOCK,pool-2-thread-848,3825717685700,3826055606000,false,
TXN-FILE_LOCK-00952,REQ-SIM-00952,-,CUS-00952,FSI-00167,1,FILE_LOCK,pool-2-thread-952,3825719656300,3826055635600,false,
TXN-FILE_LOCK-00827,REQ-SIM-00827,-,CUS-00827,FSI-00167,1,FILE_LOCK,pool-2-thread-827,3825717322500,3826055712400,false,
TXN-FILE_LOCK-00800,REQ-SIM-00800,-,CUS-00800,FSI-00167,1,FILE_LOCK,pool-2-thread-800,3825716841200,3826055741800,false,
TXN-FILE_LOCK-00920,REQ-SIM-00920,-,CUS-00920,FSI-00167,1,FILE_LOCK,pool-2-thread-920,3825719065300,3826055822100,false,
TXN-FILE_LOCK-00910,REQ-SIM-00910,-,CUS-00910,FSI-00167,1,FILE_LOCK,pool-2-thread-910,3825718888900,3826055849700,false,
TXN-FILE_LOCK-00896,REQ-SIM-00896,-,CUS-00896,FSI-00167,1,FILE_LOCK,pool-2-thread-896,3825718668800,3826055858400,false,
TXN-FILE_LOCK-00866,REQ-SIM-00866,-,CUS-00866,FSI-00167,1,FILE_LOCK,pool-2-thread-866,3825718117300,3826055841900,false,
TXN-FILE_LOCK-00908,REQ-SIM-00908,-,CUS-00908,FSI-00167,1,FILE_LOCK,pool-2-thread-908,3825718855100,3826055687000,false,
TXN-FILE_LOCK-00809,REQ-SIM-00809,-,CUS-00809,FSI-00167,1,FILE_LOCK,pool-2-thread-809,3825716981300,3826055928100,false,
TXN-FILE_LOCK-00972,REQ-SIM-00972,-,CUS-00972,FSI-00167,1,FILE_LOCK,pool-2-thread-972,3825720044300,3826055964200,false,
TXN-FILE_LOCK-00777,REQ-SIM-00777,-,CUS-00777,FSI-00167,1,FILE_LOCK,pool-2-thread-777,3825716419600,3826055962400,false,
TXN-FILE_LOCK-00832,REQ-SIM-00832,-,CUS-00832,FSI-00167,1,FILE_LOCK,pool-2-thread-832,3825717421100,3826055991500,false,
TXN-FILE_LOCK-00874,REQ-SIM-00874,-,CUS-00874,FSI-00167,1,FILE_LOCK,pool-2-thread-874,3825718270300,3826056058000,false,
TXN-FILE_LOCK-00876,REQ-SIM-00876,-,CUS-00876,FSI-00167,1,FILE_LOCK,pool-2-thread-876,3825718304500,3826056084600,false,
TXN-FILE_LOCK-00837,REQ-SIM-00837,-,CUS-00837,FSI-00167,1,FILE_LOCK,pool-2-thread-837,3825717501600,3826056128300,false,
TXN-FILE_LOCK-00894,REQ-SIM-00894,-,CUS-00894,FSI-00167,1,FILE_LOCK,pool-2-thread-894,3825718632800,3826056183700,false,
TXN-FILE_LOCK-00949,REQ-SIM-00949,-,CUS-00949,FSI-00167,1,FILE_LOCK,pool-2-thread-949,3825719582300,3826056248500,false,
TXN-FILE_LOCK-00886,REQ-SIM-00886,-,CUS-00886,FSI-00167,1,FILE_LOCK,pool-2-thread-886,3825718522200,3826056241700,false,
TXN-FILE_LOCK-00862,REQ-SIM-00862,-,CUS-00862,FSI-00167,1,FILE_LOCK,pool-2-thread-862,3825718008200,3826056290400,false,
TXN-FILE_LOCK-00977,REQ-SIM-00977,-,CUS-00977,FSI-00167,1,FILE_LOCK,pool-2-thread-977,3825720139800,3826056319900,false,
TXN-FILE_LOCK-00944,REQ-SIM-00944,-,CUS-00944,FSI-00167,1,FILE_LOCK,pool-2-thread-944,3825719516700,3826056341800,false,
TXN-FILE_LOCK-00948,REQ-SIM-00948,-,CUS-00948,FSI-00167,1,FILE_LOCK,pool-2-thread-948,3825719581400,3826056413600,false,
TXN-FILE_LOCK-00842,REQ-SIM-00842,-,CUS-00842,FSI-00167,1,FILE_LOCK,pool-2-thread-842,3825717576400,3826056397100,false,
TXN-FILE_LOCK-00877,REQ-SIM-00877,-,CUS-00877,FSI-00167,1,FILE_LOCK,pool-2-thread-877,3825718316900,3826056458300,false,
TXN-FILE_LOCK-00968,REQ-SIM-00968,-,CUS-00968,FSI-00167,1,FILE_LOCK,pool-2-thread-968,3825719987800,3826056484000,false,
TXN-FILE_LOCK-00994,REQ-SIM-00994,-,CUS-00994,FSI-00167,1,FILE_LOCK,pool-2-thread-994,3825720450300,3826056503300,false,
TXN-FILE_LOCK-00985,REQ-SIM-00985,-,CUS-00985,FSI-00167,1,FILE_LOCK,pool-2-thread-985,3825720259100,3826056535000,false,
TXN-FILE_LOCK-00880,REQ-SIM-00880,-,CUS-00880,FSI-00167,1,FILE_LOCK,pool-2-thread-880,3825718382800,3826056593700,false,
TXN-FILE_LOCK-00865,REQ-SIM-00865,-,CUS-00865,FSI-00167,1,FILE_LOCK,pool-2-thread-865,3825718097900,3826056650800,false,
TXN-FILE_LOCK-00957,REQ-SIM-00957,-,CUS-00957,FSI-00167,1,FILE_LOCK,pool-2-thread-957,3825719800400,3826056678100,false,
TXN-FILE_LOCK-00891,REQ-SIM-00891,-,CUS-00891,FSI-00167,1,FILE_LOCK,pool-2-thread-891,3825718590800,3826056702100,false,
TXN-FILE_LOCK-00993,REQ-SIM-00993,-,CUS-00993,FSI-00167,1,FILE_LOCK,pool-2-thread-993,3825720422200,3826056719700,false,
TXN-FILE_LOCK-00976,REQ-SIM-00976,-,CUS-00976,FSI-00167,1,FILE_LOCK,pool-2-thread-976,3825720122300,3826056751700,false,
TXN-FILE_LOCK-00961,REQ-SIM-00961,-,CUS-00961,FSI-00167,1,FILE_LOCK,pool-2-thread-961,3825719849100,3826056768800,false,
TXN-FILE_LOCK-00997,REQ-SIM-00997,-,CUS-00997,FSI-00167,1,FILE_LOCK,pool-2-thread-997,3825720520100,3826056787100,false,
TXN-FILE_LOCK-00870,REQ-SIM-00870,-,CUS-00870,FSI-00167,1,FILE_LOCK,pool-2-thread-870,3825718195600,3826056794100,false,
TXN-FILE_LOCK-00967,REQ-SIM-00967,-,CUS-00967,FSI-00167,1,FILE_LOCK,pool-2-thread-967,3825719948300,3826056812200,false,
TXN-FILE_LOCK-00915,REQ-SIM-00915,-,CUS-00915,FSI-00167,1,FILE_LOCK,pool-2-thread-915,3825718999400,3826056829900,false,
TXN-FILE_LOCK-00826,REQ-SIM-00826,-,CUS-00826,FSI-00167,1,FILE_LOCK,pool-2-thread-826,3825717313700,3826056841600,false,
TXN-FILE_LOCK-00900,REQ-SIM-00900,-,CUS-00900,FSI-00167,1,FILE_LOCK,pool-2-thread-900,3825718725800,3826056884300,false,
TXN-FILE_LOCK-00858,REQ-SIM-00858,-,CUS-00858,FSI-00167,1,FILE_LOCK,pool-2-thread-858,3825717892100,3826056909400,false,
TXN-FILE_LOCK-00885,REQ-SIM-00885,-,CUS-00885,FSI-00167,1,FILE_LOCK,pool-2-thread-885,3825718502900,3826056912100,false,
TXN-FILE_LOCK-00963,REQ-SIM-00963,-,CUS-00963,FSI-00167,1,FILE_LOCK,pool-2-thread-963,3825719892500,3826056916100,false,
TXN-FILE_LOCK-00981,REQ-SIM-00981,-,CUS-00981,FSI-00167,1,FILE_LOCK,pool-2-thread-981,3825720210500,3826056941000,false,
TXN-FILE_LOCK-00825,REQ-SIM-00825,-,CUS-00825,FSI-00167,1,FILE_LOCK,pool-2-thread-825,3825717268400,3826056953000,false,
TXN-FILE_LOCK-00833,REQ-SIM-00833,-,CUS-00833,FSI-00167,1,FILE_LOCK,pool-2-thread-833,3825717431200,3826056964800,false,
TXN-FILE_LOCK-00947,REQ-SIM-00947,-,CUS-00947,FSI-00167,1,FILE_LOCK,pool-2-thread-947,3825719552400,3826056970300,false,
TXN-FILE_LOCK-00867,REQ-SIM-00867,-,CUS-00867,FSI-00167,1,FILE_LOCK,pool-2-thread-867,3825718132800,3826056996800,false,
TXN-FILE_LOCK-00883,REQ-SIM-00883,-,CUS-00883,FSI-00167,1,FILE_LOCK,pool-2-thread-883,3825718470900,3826057015800,false,
TXN-FILE_LOCK-00916,REQ-SIM-00916,-,CUS-00916,FSI-00167,1,FILE_LOCK,pool-2-thread-916,3825719012300,3826057033500,false,
TXN-FILE_LOCK-00887,REQ-SIM-00887,-,CUS-00887,FSI-00167,1,FILE_LOCK,pool-2-thread-887,3825718535100,3826057045300,false,
TXN-FILE_LOCK-00805,REQ-SIM-00805,-,CUS-00805,FSI-00167,1,FILE_LOCK,pool-2-thread-805,3825716915500,3826057084400,false,
TXN-FILE_LOCK-00999,REQ-SIM-00999,-,CUS-00999,FSI-00167,1,FILE_LOCK,pool-2-thread-999,3825720544400,3826057092600,false,
TXN-FILE_LOCK-00857,REQ-SIM-00857,-,CUS-00857,FSI-00167,1,FILE_LOCK,pool-2-thread-857,3825717883200,3826057114000,false,
TXN-FILE_LOCK-00878,REQ-SIM-00878,-,CUS-00878,FSI-00167,1,FILE_LOCK,pool-2-thread-878,3825718334900,3826057130200,false,
TXN-FILE_LOCK-00987,REQ-SIM-00987,-,CUS-00987,FSI-00167,1,FILE_LOCK,pool-2-thread-987,3825720300000,3826057159000,false,
TXN-FILE_LOCK-00822,REQ-SIM-00822,-,CUS-00822,FSI-00167,1,FILE_LOCK,pool-2-thread-822,3825717220800,3826057180800,false,
TXN-FILE_LOCK-00819,REQ-SIM-00819,-,CUS-00819,FSI-00167,1,FILE_LOCK,pool-2-thread-819,3825717180900,3826057207700,false,
TXN-FILE_LOCK-00962,REQ-SIM-00962,-,CUS-00962,FSI-00167,1,FILE_LOCK,pool-2-thread-962,3825719858700,3826057231900,false,
TXN-FILE_LOCK-00924,REQ-SIM-00924,-,CUS-00924,FSI-00167,1,FILE_LOCK,pool-2-thread-924,3825719142200,3826057242700,false,
TXN-FILE_LOCK-00956,REQ-SIM-00956,-,CUS-00956,FSI-00167,1,FILE_LOCK,pool-2-thread-956,3825719789100,3826057257400,false,
TXN-FILE_LOCK-00975,REQ-SIM-00975,-,CUS-00975,FSI-00167,1,FILE_LOCK,pool-2-thread-975,3825720112500,3826057281000,false,
TXN-FILE_LOCK-00879,REQ-SIM-00879,-,CUS-00879,FSI-00167,1,FILE_LOCK,pool-2-thread-879,3825718348100,3826057295800,false,
TXN-FILE_LOCK-00992,REQ-SIM-00992,-,CUS-00992,FSI-00167,1,FILE_LOCK,pool-2-thread-992,3825720408900,3826057309200,false,
TXN-FILE_LOCK-00911,REQ-SIM-00911,-,CUS-00911,FSI-00167,1,FILE_LOCK,pool-2-thread-911,3825718899100,3826057325400,false,
TXN-FILE_LOCK-00871,REQ-SIM-00871,-,CUS-00871,FSI-00167,1,FILE_LOCK,pool-2-thread-871,3825718180900,3826057359700,false,
TXN-FILE_LOCK-00872,REQ-SIM-00872,-,CUS-00872,FSI-00167,1,FILE_LOCK,pool-2-thread-872,3825718232100,3826057372200,false,
TXN-FILE_LOCK-00861,REQ-SIM-00861,-,CUS-00861,FSI-00167,1,FILE_LOCK,pool-2-thread-861,3825717947800,3826057387700,false,
TXN-FILE_LOCK-00955,REQ-SIM-00955,-,CUS-00955,FSI-00167,1,FILE_LOCK,pool-2-thread-955,3825719695200,3826057403500,false,
TXN-FILE_LOCK-00990,REQ-SIM-00990,-,CUS-00990,FSI-00167,1,FILE_LOCK,pool-2-thread-990,3825720342800,3826057430800,false,
TXN-FILE_LOCK-00933,REQ-SIM-00933,-,CUS-00933,FSI-00167,1,FILE_LOCK,pool-2-thread-933,3825719311200,3826057441700,false,
TXN-FILE_LOCK-00971,REQ-SIM-00971,-,CUS-00971,FSI-00167,1,FILE_LOCK,pool-2-thread-971,3825720023400,3826057466700,false,
TXN-FILE_LOCK-00884,REQ-SIM-00884,-,CUS-00884,FSI-00167,1,FILE_LOCK,pool-2-thread-884,3825718483600,3826057477100,false,
TXN-FILE_LOCK-00841,REQ-SIM-00841,-,CUS-00841,FSI-00167,1,FILE_LOCK,pool-2-thread-841,3825717564700,3826057508300,false,
TXN-FILE_LOCK-00935,REQ-SIM-00935,-,CUS-00935,FSI-00167,1,FILE_LOCK,pool-2-thread-935,3825719363400,3826057537200,false,
TXN-FILE_LOCK-00954,REQ-SIM-00954,-,CUS-00954,FSI-00167,1,FILE_LOCK,pool-2-thread-954,3825719676800,3826057551800,false,
TXN-FILE_LOCK-00978,REQ-SIM-00978,-,CUS-00978,FSI-00167,1,FILE_LOCK,pool-2-thread-978,3825720152400,3826057568900,false,
TXN-FILE_LOCK-00843,REQ-SIM-00843,-,CUS-00843,FSI-00167,1,FILE_LOCK,pool-2-thread-843,3825717611700,3826057596100,false,
TXN-FILE_LOCK-00813,REQ-SIM-00813,-,CUS-00813,FSI-00167,1,FILE_LOCK,pool-2-thread-813,3825717092800,3826057611600,false,
TXN-FILE_LOCK-00925,REQ-SIM-00925,-,CUS-00925,FSI-00167,1,FILE_LOCK,pool-2-thread-925,3825719154100,3826057636600,false,
TXN-FILE_LOCK-00931,REQ-SIM-00931,-,CUS-00931,FSI-00167,1,FILE_LOCK,pool-2-thread-931,3825719281300,3826057639400,false,
TXN-FILE_LOCK-00838,REQ-SIM-00838,-,CUS-00838,FSI-00167,1,FILE_LOCK,pool-2-thread-838,3825717514300,3826057672400,false,
TXN-FILE_LOCK-00821,REQ-SIM-00821,-,CUS-00821,FSI-00167,1,FILE_LOCK,pool-2-thread-821,3825717202500,3826057695800,false,
TXN-FILE_LOCK-00897,REQ-SIM-00897,-,CUS-00897,FSI-00167,1,FILE_LOCK,pool-2-thread-897,3825718684600,3826057717600,false,
TXN-FILE_LOCK-00901,REQ-SIM-00901,-,CUS-00901,FSI-00167,1,FILE_LOCK,pool-2-thread-901,3825718736600,3826057732100,false,
TXN-FILE_LOCK-00892,REQ-SIM-00892,-,CUS-00892,FSI-00167,1,FILE_LOCK,pool-2-thread-892,3825718606200,3826057799800,false,
TXN-FILE_LOCK-00953,REQ-SIM-00953,SIM-FILE_LOCK-00953,CUS-00953,FSI-00167,1,FILE_LOCK,pool-2-thread-953,3825719667000,3826057837700,true,
TXN-FILE_LOCK-00921,REQ-SIM-00921,-,CUS-00921,FSI-00167,1,FILE_LOCK,pool-2-thread-921,3825719077400,3826057850800,false,
TXN-FILE_LOCK-00801,REQ-SIM-00801,-,CUS-00801,FSI-00167,1,FILE_LOCK,pool-2-thread-801,3825716857900,3826057890500,false,
TXN-FILE_LOCK-00902,REQ-SIM-00902,-,CUS-00902,FSI-00167,1,FILE_LOCK,pool-2-thread-902,3825718750000,3826057940800,false,
TXN-FILE_LOCK-00903,REQ-SIM-00903,-,CUS-00903,FSI-00167,1,FILE_LOCK,pool-2-thread-903,3825718777100,3826057959100,false,
TXN-FILE_LOCK-00849,REQ-SIM-00849,-,CUS-00849,FSI-00167,1,FILE_LOCK,pool-2-thread-849,3825717717400,3826057966800,false,
TXN-FILE_LOCK-00818,REQ-SIM-00818,-,CUS-00818,FSI-00167,1,FILE_LOCK,pool-2-thread-818,3825717166600,3826057935600,false,
TXN-FILE_LOCK-00850,REQ-SIM-00850,-,CUS-00850,FSI-00167,1,FILE_LOCK,pool-2-thread-850,3825717727700,3826058006100,false,
TXN-FILE_LOCK-00828,REQ-SIM-00828,-,CUS-00828,FSI-00167,1,FILE_LOCK,pool-2-thread-828,3825717335900,3826058019100,false,
TXN-FILE_LOCK-00906,REQ-SIM-00906,-,CUS-00906,FSI-00167,1,FILE_LOCK,pool-2-thread-906,3825718816000,3826058029900,false,
TXN-FILE_LOCK-00795,REQ-SIM-00795,-,CUS-00795,FSI-00167,1,FILE_LOCK,pool-2-thread-795,3825716732400,3826058044500,false,
TXN-FILE_LOCK-00859,REQ-SIM-00859,-,CUS-00859,FSI-00167,1,FILE_LOCK,pool-2-thread-859,3825717905100,3826058062900,false,
TXN-FILE_LOCK-00868,REQ-SIM-00868,-,CUS-00868,FSI-00167,1,FILE_LOCK,pool-2-thread-868,3825718147600,3826058108000,false,
TXN-FILE_LOCK-00855,REQ-SIM-00855,-,CUS-00855,FSI-00167,1,FILE_LOCK,pool-2-thread-855,3825717855700,3826058123300,false,
TXN-FILE_LOCK-00904,REQ-SIM-00904,-,CUS-00904,FSI-00167,1,FILE_LOCK,pool-2-thread-904,3825718789700,3826058127800,false,
TXN-FILE_LOCK-00820,REQ-SIM-00820,-,CUS-00820,FSI-00167,1,FILE_LOCK,pool-2-thread-820,3825717191800,3826058153900,false,
TXN-FILE_LOCK-00823,REQ-SIM-00823,-,CUS-00823,FSI-00167,1,FILE_LOCK,pool-2-thread-823,3825717234500,3826058175500,false,
TXN-FILE_LOCK-00844,REQ-SIM-00844,-,CUS-00844,FSI-00167,1,FILE_LOCK,pool-2-thread-844,3825717631800,3826058199800,false,
TXN-FILE_LOCK-00864,REQ-SIM-00864,-,CUS-00864,FSI-00167,1,FILE_LOCK,pool-2-thread-864,3825718047400,3826058209100,false,
TXN-FILE_LOCK-00840,REQ-SIM-00840,-,CUS-00840,FSI-00167,1,FILE_LOCK,pool-2-thread-840,3825717547600,3826058260100,false,
TXN-FILE_LOCK-00991,REQ-SIM-00991,-,CUS-00991,FSI-00167,1,FILE_LOCK,pool-2-thread-991,3825720370000,3826058271600,false,
TXN-FILE_LOCK-00831,REQ-SIM-00831,-,CUS-00831,FSI-00167,1,FILE_LOCK,pool-2-thread-831,3825717383900,3826058290300,false,
TXN-FILE_LOCK-00799,REQ-SIM-00799,-,CUS-00799,FSI-00167,1,FILE_LOCK,pool-2-thread-799,3825716803500,3826058308900,false,
TXN-FILE_LOCK-00836,REQ-SIM-00836,-,CUS-00836,FSI-00167,1,FILE_LOCK,pool-2-thread-836,3825717470900,3826058334700,false,
TXN-FILE_LOCK-00909,REQ-SIM-00909,-,CUS-00909,FSI-00167,1,FILE_LOCK,pool-2-thread-909,3825718876300,3826058358400,false,
TXN-FILE_LOCK-00853,REQ-SIM-00853,-,CUS-00853,FSI-00167,1,FILE_LOCK,pool-2-thread-853,3825717788100,3826058387200,false,
TXN-FILE_LOCK-00964,REQ-SIM-00964,-,CUS-00964,FSI-00167,1,FILE_LOCK,pool-2-thread-964,3825719905300,3826058418800,false,
TXN-FILE_LOCK-00804,REQ-SIM-00804,-,CUS-00804,FSI-00167,1,FILE_LOCK,pool-2-thread-804,3825716904700,3826058421100,false,
TXN-FILE_LOCK-00852,REQ-SIM-00852,-,CUS-00852,FSI-00167,1,FILE_LOCK,pool-2-thread-852,3825717760200,3826058452900,false,
TXN-FILE_LOCK-00846,REQ-SIM-00846,-,CUS-00846,FSI-00167,1,FILE_LOCK,pool-2-thread-846,3825717667400,3826058464400,false,
TXN-FILE_LOCK-00889,REQ-SIM-00889,-,CUS-00889,FSI-00167,1,FILE_LOCK,pool-2-thread-889,3825718565100,3826058475300,false,
TXN-FILE_LOCK-00854,REQ-SIM-00854,-,CUS-00854,FSI-00167,1,FILE_LOCK,pool-2-thread-854,3825717822600,3826058475300,false,
TXN-FILE_LOCK-00923,REQ-SIM-00923,-,CUS-00923,FSI-00167,1,FILE_LOCK,pool-2-thread-923,3825719104200,3826058574100,false,
TXN-FILE_LOCK-00881,REQ-SIM-00881,-,CUS-00881,FSI-00167,1,FILE_LOCK,pool-2-thread-881,3825718434600,3826058591100,false,
TXN-FILE_LOCK-00893,REQ-SIM-00893,-,CUS-00893,FSI-00167,1,FILE_LOCK,pool-2-thread-893,3825718617200,3826058624400,false,
TXN-FILE_LOCK-00814,REQ-SIM-00814,-,CUS-00814,FSI-00167,1,FILE_LOCK,pool-2-thread-814,3825717105900,3826058625900,false,
TXN-FILE_LOCK-00890,REQ-SIM-00890,-,CUS-00890,FSI-00167,1,FILE_LOCK,pool-2-thread-890,3825718578700,3826058648800,false,
TXN-FILE_LOCK-00907,REQ-SIM-00907,-,CUS-00907,FSI-00167,1,FILE_LOCK,pool-2-thread-907,3825718827100,3826058585100,false,
TXN-FILE_LOCK-00912,REQ-SIM-00912,-,CUS-00912,FSI-00167,1,FILE_LOCK,pool-2-thread-912,3825718922100,3826058671200,false,
TXN-FILE_LOCK-00988,REQ-SIM-00988,-,CUS-00988,FSI-00167,1,FILE_LOCK,pool-2-thread-988,3825720312000,3826058707700,false,
TXN-FILE_LOCK-00930,REQ-SIM-00930,-,CUS-00930,FSI-00167,1,FILE_LOCK,pool-2-thread-930,3825719266000,3826058781700,false,
TXN-FILE_LOCK-00965,REQ-SIM-00965,-,CUS-00965,FSI-00167,1,FILE_LOCK,pool-2-thread-965,3825719918800,3826058806500,false,
TXN-FILE_LOCK-00936,REQ-SIM-00936,-,CUS-00936,FSI-00167,1,FILE_LOCK,pool-2-thread-936,3825719376000,3826058802200,false,
TXN-FILE_LOCK-01000,REQ-SIM-01000,-,CUS-01000,FSI-00167,1,FILE_LOCK,pool-2-thread-1000,3825720551800,3826058840400,false,
TXN-FILE_LOCK-00983,REQ-SIM-00983,-,CUS-00983,FSI-00167,1,FILE_LOCK,pool-2-thread-983,3825720237800,3826058857200,false,
TXN-FILE_LOCK-00792,REQ-SIM-00792,-,CUS-00792,FSI-00167,1,FILE_LOCK,pool-2-thread-792,3825716691600,3826058875300,false,
TXN-FILE_LOCK-00806,REQ-SIM-00806,-,CUS-00806,FSI-00167,1,FILE_LOCK,pool-2-thread-806,3825716943100,3826058895100,false,
TXN-FILE_LOCK-00984,REQ-SIM-00984,-,CUS-00984,FSI-00167,1,FILE_LOCK,pool-2-thread-984,3825720245900,3826058918900,false,
TXN-FILE_LOCK-00860,REQ-SIM-00860,-,CUS-00860,FSI-00167,1,FILE_LOCK,pool-2-thread-860,3825717923400,3826058921500,false,
TXN-FILE_LOCK-00986,REQ-SIM-00986,-,CUS-00986,FSI-00167,1,FILE_LOCK,pool-2-thread-986,3825720287800,3826058947700,false,
TXN-FILE_LOCK-00941,REQ-SIM-00941,-,CUS-00941,FSI-00167,1,FILE_LOCK,pool-2-thread-941,3825719452700,3826058973500,false,
TXN-FILE_LOCK-00796,REQ-SIM-00796,-,CUS-00796,FSI-00167,1,FILE_LOCK,pool-2-thread-796,3825716766200,3826058992400,false,
TXN-FILE_LOCK-00845,REQ-SIM-00845,-,CUS-00845,FSI-00167,1,FILE_LOCK,pool-2-thread-845,3825717652300,3826059007400,false,
TXN-FILE_LOCK-00929,REQ-SIM-00929,-,CUS-00929,FSI-00167,1,FILE_LOCK,pool-2-thread-929,3825719250600,3826059061100,false,
TXN-FILE_LOCK-00517,REQ-SIM-00517,-,CUS-00517,FSI-00167,1,FILE_LOCK,pool-2-thread-517,3825710128800,3826059070900,false,
TXN-FILE_LOCK-00989,REQ-SIM-00989,-,CUS-00989,FSI-00167,1,FILE_LOCK,pool-2-thread-989,3825720325100,3826059078900,false,
TXN-FILE_LOCK-00980,REQ-SIM-00980,-,CUS-00980,FSI-00167,1,FILE_LOCK,pool-2-thread-980,3825720196300,3826059100800,false,
TXN-FILE_LOCK-00919,REQ-SIM-00919,-,CUS-00919,FSI-00167,1,FILE_LOCK,pool-2-thread-919,3825719046000,3826059134300,false,
TXN-FILE_LOCK-00797,REQ-SIM-00797,SIM-FILE_LOCK-00797,CUS-00797,FSI-00167,1,FILE_LOCK,pool-2-thread-797,3825716780900,3826059193700,true,
TXN-FILE_LOCK-00856,REQ-SIM-00856,SIM-FILE_LOCK-00856,CUS-00856,FSI-00167,1,FILE_LOCK,pool-2-thread-856,3825717868500,3826059259200,true,
TXN-FILE_LOCK-00829,REQ-SIM-00829,SIM-FILE_LOCK-00829,CUS-00829,FSI-00167,1,FILE_LOCK,pool-2-thread-829,3825717345900,3826059837900,true,
TXN-FILE_LOCK-00808,REQ-SIM-00808,SIM-FILE_LOCK-00808,CUS-00808,FSI-00167,1,FILE_LOCK,pool-2-thread-808,3825716966100,3826061175100,true,
TXN-FILE_LOCK-00839,REQ-SIM-00839,SIM-FILE_LOCK-00839,CUS-00839,FSI-00167,1,FILE_LOCK,pool-2-thread-839,3825717532300,3826062234100,true,
TXN-FILE_LOCK-00898,REQ-SIM-00898,SIM-FILE_LOCK-00898,CUS-00898,FSI-00167,1,FILE_LOCK,pool-2-thread-898,3825718696600,3826063325500,true,
TXN-FILE_LOCK-00834,REQ-SIM-00834,SIM-FILE_LOCK-00834,CUS-00834,FSI-00167,1,FILE_LOCK,pool-2-thread-834,3825717442900,3826064405400,true,
TXN-FILE_LOCK-00803,REQ-SIM-00803,SIM-FILE_LOCK-00803,CUS-00803,FSI-00167,1,FILE_LOCK,pool-2-thread-803,3825716891400,3826065564300,true,
TXN-FILE_LOCK-00817,REQ-SIM-00817,SIM-FILE_LOCK-00817,CUS-00817,FSI-00167,1,FILE_LOCK,pool-2-thread-817,3825717150300,3826066475400,true,
TXN-FILE_LOCK-00914,REQ-SIM-00914,SIM-FILE_LOCK-00914,CUS-00914,FSI-00167,1,FILE_LOCK,pool-2-thread-914,3825718985000,3826067532300,true,
TXN-FILE_LOCK-00824,REQ-SIM-00824,SIM-FILE_LOCK-00824,CUS-00824,FSI-00167,1,FILE_LOCK,pool-2-thread-824,3825717258800,3826068577100,true,
TXN-FILE_LOCK-00951,REQ-SIM-00951,SIM-FILE_LOCK-00951,CUS-00951,FSI-00167,1,FILE_LOCK,pool-2-thread-951,3825719637500,3826069574600,true,
TXN-FILE_LOCK-00810,REQ-SIM-00810,SIM-FILE_LOCK-00810,CUS-00810,FSI-00167,1,FILE_LOCK,pool-2-thread-810,3825717008500,3826070902200,true,
TXN-FILE_LOCK-00895,REQ-SIM-00895,SIM-FILE_LOCK-00895,CUS-00895,FSI-00167,1,FILE_LOCK,pool-2-thread-895,3825718648600,3826072195000,true,
TXN-FILE_LOCK-00882,REQ-SIM-00882,SIM-FILE_LOCK-00882,CUS-00882,FSI-00167,1,FILE_LOCK,pool-2-thread-882,3825718456400,3826073374000,true,
TXN-FILE_LOCK-00970,REQ-SIM-00970,SIM-FILE_LOCK-00970,CUS-00970,FSI-00167,1,FILE_LOCK,pool-2-thread-970,3825720010600,3826074662100,true,
TXN-FILE_LOCK-00943,REQ-SIM-00943,SIM-FILE_LOCK-00943,CUS-00943,FSI-00167,1,FILE_LOCK,pool-2-thread-943,3825719473000,3826075611200,true,
TXN-FILE_LOCK-00982,REQ-SIM-00982,SIM-FILE_LOCK-00982,CUS-00982,FSI-00167,1,FILE_LOCK,pool-2-thread-982,3825720225800,3826076920000,true,
TXN-FILE_LOCK-00830,REQ-SIM-00830,SIM-FILE_LOCK-00830,CUS-00830,FSI-00167,1,FILE_LOCK,pool-2-thread-830,3825717369800,3826077697800,true,
TXN-FILE_LOCK-00835,REQ-SIM-00835,-,CUS-00835,FSI-00167,1,FILE_LOCK,pool-2-thread-835,3825717453400,3826077694900,false,
TXN-FILE_LOCK-00966,REQ-SIM-00966,SIM-FILE_LOCK-00966,CUS-00966,FSI-00167,1,FILE_LOCK,pool-2-thread-966,3825719933200,3826078542500,true,
TXN-FILE_LOCK-00798,REQ-SIM-00798,SIM-FILE_LOCK-00798,CUS-00798,FSI-00167,1,FILE_LOCK,pool-2-thread-798,3825716791000,3826079359100,true,
TXN-FILE_LOCK-00960,REQ-SIM-00960,SIM-FILE_LOCK-00960,CUS-00960,FSI-00167,1,FILE_LOCK,pool-2-thread-960,3825719836700,3826080530300,true,
TXN-FILE_LOCK-00973,REQ-SIM-00973,SIM-FILE_LOCK-00973,CUS-00973,FSI-00167,1,FILE_LOCK,pool-2-thread-973,3825720079600,3826081464600,true,
TXN-SYNCHRONIZED-00001,REQ-SIM-00001,SIM-SYNCHRONIZED-00001,CUS-00001,FSI-00167,1,SYNCHRONIZED,pool-3-thread-1,3826215573900,3826241026600,true,
TXN-SYNCHRONIZED-00002,REQ-SIM-00002,SIM-SYNCHRONIZED-00002,CUS-00002,FSI-00167,1,SYNCHRONIZED,pool-3-thread-2,3826215586000,3826258797400,true,
TXN-SYNCHRONIZED-00003,REQ-SIM-00003,SIM-SYNCHRONIZED-00003,CUS-00003,FSI-00167,1,SYNCHRONIZED,pool-3-thread-3,3826215597300,3826275939200,true,
TXN-SYNCHRONIZED-00004,REQ-SIM-00004,SIM-SYNCHRONIZED-00004,CUS-00004,FSI-00167,1,SYNCHRONIZED,pool-3-thread-4,3826215612700,3826295060000,true,
TXN-SYNCHRONIZED-00005,REQ-SIM-00005,SIM-SYNCHRONIZED-00005,CUS-00005,FSI-00167,1,SYNCHRONIZED,pool-3-thread-5,3826215626000,3826355925300,true,
TXN-SYNCHRONIZED-00006,REQ-SIM-00006,SIM-SYNCHRONIZED-00006,CUS-00006,FSI-00167,1,SYNCHRONIZED,pool-3-thread-6,3826215635800,3826383533300,true,
TXN-SYNCHRONIZED-00007,REQ-SIM-00007,SIM-SYNCHRONIZED-00007,CUS-00007,FSI-00167,1,SYNCHRONIZED,pool-3-thread-7,3826215646200,3826411044900,true,
TXN-SYNCHRONIZED-00008,REQ-SIM-00008,SIM-SYNCHRONIZED-00008,CUS-00008,FSI-00167,1,SYNCHRONIZED,pool-3-thread-8,3826215663400,3826426906400,true,
TXN-SYNCHRONIZED-00009,REQ-SIM-00009,SIM-SYNCHRONIZED-00009,CUS-00009,FSI-00167,1,SYNCHRONIZED,pool-3-thread-9,3826215673800,3826442709900,true,
TXN-SYNCHRONIZED-00010,REQ-SIM-00010,SIM-SYNCHRONIZED-00010,CUS-00010,FSI-00167,1,SYNCHRONIZED,pool-3-thread-10,3826215686200,3826457899100,true,
TXN-SYNCHRONIZED-00011,REQ-SIM-00011,SIM-SYNCHRONIZED-00011,CUS-00011,FSI-00167,1,SYNCHRONIZED,pool-3-thread-11,3826215698900,3826472574500,true,
TXN-SYNCHRONIZED-00012,REQ-SIM-00012,SIM-SYNCHRONIZED-00012,CUS-00012,FSI-00167,1,SYNCHRONIZED,pool-3-thread-12,3826215707700,3826486985600,true,
TXN-SYNCHRONIZED-00013,REQ-SIM-00013,SIM-SYNCHRONIZED-00013,CUS-00013,FSI-00167,1,SYNCHRONIZED,pool-3-thread-13,3826215716100,3826501837400,true,
TXN-SYNCHRONIZED-00014,REQ-SIM-00014,SIM-SYNCHRONIZED-00014,CUS-00014,FSI-00167,1,SYNCHRONIZED,pool-3-thread-14,3826215723800,3826515391500,true,
TXN-SYNCHRONIZED-00015,REQ-SIM-00015,SIM-SYNCHRONIZED-00015,CUS-00015,FSI-00167,1,SYNCHRONIZED,pool-3-thread-15,3826215731600,3826529506800,true,
TXN-SYNCHRONIZED-00016,REQ-SIM-00016,SIM-SYNCHRONIZED-00016,CUS-00016,FSI-00167,1,SYNCHRONIZED,pool-3-thread-16,3826215740000,3826543758000,true,
TXN-SYNCHRONIZED-00017,REQ-SIM-00017,SIM-SYNCHRONIZED-00017,CUS-00017,FSI-00167,1,SYNCHRONIZED,pool-3-thread-17,3826215747600,3826558203700,true,
TXN-SYNCHRONIZED-00018,REQ-SIM-00018,SIM-SYNCHRONIZED-00018,CUS-00018,FSI-00167,1,SYNCHRONIZED,pool-3-thread-18,3826215755100,3826572825700,true,
TXN-SYNCHRONIZED-00019,REQ-SIM-00019,SIM-SYNCHRONIZED-00019,CUS-00019,FSI-00167,1,SYNCHRONIZED,pool-3-thread-19,3826215763300,3826588047200,true,
TXN-SYNCHRONIZED-00020,REQ-SIM-00020,SIM-SYNCHRONIZED-00020,CUS-00020,FSI-00167,1,SYNCHRONIZED,pool-3-thread-20,3826215772000,3826602885000,true,
TXN-SYNCHRONIZED-00021,REQ-SIM-00021,SIM-SYNCHRONIZED-00021,CUS-00021,FSI-00167,1,SYNCHRONIZED,pool-3-thread-21,3826215784900,3826617385900,true,
TXN-SYNCHRONIZED-00022,REQ-SIM-00022,SIM-SYNCHRONIZED-00022,CUS-00022,FSI-00167,1,SYNCHRONIZED,pool-3-thread-22,3826215793300,3826631608200,true,
TXN-SYNCHRONIZED-00023,REQ-SIM-00023,SIM-SYNCHRONIZED-00023,CUS-00023,FSI-00167,1,SYNCHRONIZED,pool-3-thread-23,3826215801800,3826650392900,true,
TXN-SYNCHRONIZED-00024,REQ-SIM-00024,SIM-SYNCHRONIZED-00024,CUS-00024,FSI-00167,1,SYNCHRONIZED,pool-3-thread-24,3826215815000,3826664479300,true,
TXN-SYNCHRONIZED-00025,REQ-SIM-00025,SIM-SYNCHRONIZED-00025,CUS-00025,FSI-00167,1,SYNCHRONIZED,pool-3-thread-25,3826215822700,3826678191000,true,
TXN-SYNCHRONIZED-00026,REQ-SIM-00026,SIM-SYNCHRONIZED-00026,CUS-00026,FSI-00167,1,SYNCHRONIZED,pool-3-thread-26,3826215832000,3826692124000,true,
TXN-SYNCHRONIZED-00027,REQ-SIM-00027,SIM-SYNCHRONIZED-00027,CUS-00027,FSI-00167,1,SYNCHRONIZED,pool-3-thread-27,3826215840300,3826706140500,true,
TXN-SYNCHRONIZED-00028,REQ-SIM-00028,SIM-SYNCHRONIZED-00028,CUS-00028,FSI-00167,1,SYNCHRONIZED,pool-3-thread-28,3826215848600,3826720772800,true,
TXN-SYNCHRONIZED-00029,REQ-SIM-00029,SIM-SYNCHRONIZED-00029,CUS-00029,FSI-00167,1,SYNCHRONIZED,pool-3-thread-29,3826215856100,3826735347100,true,
TXN-SYNCHRONIZED-00030,REQ-SIM-00030,SIM-SYNCHRONIZED-00030,CUS-00030,FSI-00167,1,SYNCHRONIZED,pool-3-thread-30,3826215864200,3826754216000,true,
TXN-SYNCHRONIZED-00031,REQ-SIM-00031,SIM-SYNCHRONIZED-00031,CUS-00031,FSI-00167,1,SYNCHRONIZED,pool-3-thread-31,3826215872100,3826769252100,true,
TXN-SYNCHRONIZED-00032,REQ-SIM-00032,SIM-SYNCHRONIZED-00032,CUS-00032,FSI-00167,1,SYNCHRONIZED,pool-3-thread-32,3826215879800,3826784023300,true,
TXN-SYNCHRONIZED-00033,REQ-SIM-00033,SIM-SYNCHRONIZED-00033,CUS-00033,FSI-00167,1,SYNCHRONIZED,pool-3-thread-33,3826215887700,3826798841500,true,
TXN-SYNCHRONIZED-00034,REQ-SIM-00034,SIM-SYNCHRONIZED-00034,CUS-00034,FSI-00167,1,SYNCHRONIZED,pool-3-thread-34,3826215895300,3826813971300,true,
TXN-SYNCHRONIZED-00035,REQ-SIM-00035,SIM-SYNCHRONIZED-00035,CUS-00035,FSI-00167,1,SYNCHRONIZED,pool-3-thread-35,3826215902700,3826828222800,true,
TXN-SYNCHRONIZED-00036,REQ-SIM-00036,SIM-SYNCHRONIZED-00036,CUS-00036,FSI-00167,1,SYNCHRONIZED,pool-3-thread-36,3826215910400,3826842809900,true,
TXN-SYNCHRONIZED-00037,REQ-SIM-00037,SIM-SYNCHRONIZED-00037,CUS-00037,FSI-00167,1,SYNCHRONIZED,pool-3-thread-37,3826215918000,3826859734800,true,
TXN-SYNCHRONIZED-00038,REQ-SIM-00038,SIM-SYNCHRONIZED-00038,CUS-00038,FSI-00167,1,SYNCHRONIZED,pool-3-thread-38,3826215926200,3826875225300,true,
TXN-SYNCHRONIZED-00039,REQ-SIM-00039,SIM-SYNCHRONIZED-00039,CUS-00039,FSI-00167,1,SYNCHRONIZED,pool-3-thread-39,3826215933900,3826890010400,true,
TXN-SYNCHRONIZED-00040,REQ-SIM-00040,SIM-SYNCHRONIZED-00040,CUS-00040,FSI-00167,1,SYNCHRONIZED,pool-3-thread-40,3826215943600,3826905261100,true,
TXN-SYNCHRONIZED-00041,REQ-SIM-00041,SIM-SYNCHRONIZED-00041,CUS-00041,FSI-00167,1,SYNCHRONIZED,pool-3-thread-41,3826215951600,3826920967700,true,
TXN-SYNCHRONIZED-00042,REQ-SIM-00042,SIM-SYNCHRONIZED-00042,CUS-00042,FSI-00167,1,SYNCHRONIZED,pool-3-thread-42,3826215960200,3826936589400,true,
TXN-SYNCHRONIZED-00043,REQ-SIM-00043,SIM-SYNCHRONIZED-00043,CUS-00043,FSI-00167,1,SYNCHRONIZED,pool-3-thread-43,3826215968000,3826953702600,true,
TXN-SYNCHRONIZED-00044,REQ-SIM-00044,SIM-SYNCHRONIZED-00044,CUS-00044,FSI-00167,1,SYNCHRONIZED,pool-3-thread-44,3826215975900,3826973222000,true,
TXN-SYNCHRONIZED-00045,REQ-SIM-00045,SIM-SYNCHRONIZED-00045,CUS-00045,FSI-00167,1,SYNCHRONIZED,pool-3-thread-45,3826215984500,3826994328900,true,
TXN-SYNCHRONIZED-00046,REQ-SIM-00046,SIM-SYNCHRONIZED-00046,CUS-00046,FSI-00167,1,SYNCHRONIZED,pool-3-thread-46,3826215992400,3827014762800,true,
TXN-SYNCHRONIZED-00047,REQ-SIM-00047,SIM-SYNCHRONIZED-00047,CUS-00047,FSI-00167,1,SYNCHRONIZED,pool-3-thread-47,3826216000300,3827032585700,true,
TXN-SYNCHRONIZED-00048,REQ-SIM-00048,SIM-SYNCHRONIZED-00048,CUS-00048,FSI-00167,1,SYNCHRONIZED,pool-3-thread-48,3826216008100,3827047429600,true,
TXN-SYNCHRONIZED-00049,REQ-SIM-00049,SIM-SYNCHRONIZED-00049,CUS-00049,FSI-00167,1,SYNCHRONIZED,pool-3-thread-49,3826216016200,3827061544500,true,
TXN-SYNCHRONIZED-00050,REQ-SIM-00050,SIM-SYNCHRONIZED-00050,CUS-00050,FSI-00167,1,SYNCHRONIZED,pool-3-thread-50,3826216023500,3827074741600,true,
TXN-SYNCHRONIZED-00051,REQ-SIM-00051,SIM-SYNCHRONIZED-00051,CUS-00051,FSI-00167,1,SYNCHRONIZED,pool-3-thread-51,3826216030600,3827087800200,true,
TXN-SYNCHRONIZED-00052,REQ-SIM-00052,SIM-SYNCHRONIZED-00052,CUS-00052,FSI-00167,1,SYNCHRONIZED,pool-3-thread-52,3826216038900,3827100659400,true,
TXN-SYNCHRONIZED-00053,REQ-SIM-00053,SIM-SYNCHRONIZED-00053,CUS-00053,FSI-00167,1,SYNCHRONIZED,pool-3-thread-53,3826216046500,3827113390500,true,
TXN-SYNCHRONIZED-00054,REQ-SIM-00054,SIM-SYNCHRONIZED-00054,CUS-00054,FSI-00167,1,SYNCHRONIZED,pool-3-thread-54,3826216054500,3827125906700,true,
TXN-SYNCHRONIZED-00055,REQ-SIM-00055,SIM-SYNCHRONIZED-00055,CUS-00055,FSI-00167,1,SYNCHRONIZED,pool-3-thread-55,3826216062400,3827138779800,true,
TXN-SYNCHRONIZED-00056,REQ-SIM-00056,SIM-SYNCHRONIZED-00056,CUS-00056,FSI-00167,1,SYNCHRONIZED,pool-3-thread-56,3826216070000,3827152762000,true,
TXN-SYNCHRONIZED-00057,REQ-SIM-00057,SIM-SYNCHRONIZED-00057,CUS-00057,FSI-00167,1,SYNCHRONIZED,pool-3-thread-57,3826216078600,3827166416400,true,
TXN-SYNCHRONIZED-00058,REQ-SIM-00058,SIM-SYNCHRONIZED-00058,CUS-00058,FSI-00167,1,SYNCHRONIZED,pool-3-thread-58,3826216086300,3827179783300,true,
TXN-SYNCHRONIZED-00059,REQ-SIM-00059,SIM-SYNCHRONIZED-00059,CUS-00059,FSI-00167,1,SYNCHRONIZED,pool-3-thread-59,3826216093900,3827197700600,true,
TXN-SYNCHRONIZED-00060,REQ-SIM-00060,SIM-SYNCHRONIZED-00060,CUS-00060,FSI-00167,1,SYNCHRONIZED,pool-3-thread-60,3826216101800,3827217844200,true,
TXN-SYNCHRONIZED-00061,REQ-SIM-00061,SIM-SYNCHRONIZED-00061,CUS-00061,FSI-00167,1,SYNCHRONIZED,pool-3-thread-61,3826216109100,3827233671400,true,
TXN-SYNCHRONIZED-00062,REQ-SIM-00062,SIM-SYNCHRONIZED-00062,CUS-00062,FSI-00167,1,SYNCHRONIZED,pool-3-thread-62,3826216117200,3827248319300,true,
TXN-SYNCHRONIZED-00063,REQ-SIM-00063,SIM-SYNCHRONIZED-00063,CUS-00063,FSI-00167,1,SYNCHRONIZED,pool-3-thread-63,3826216125200,3827263231600,true,
TXN-SYNCHRONIZED-00064,REQ-SIM-00064,SIM-SYNCHRONIZED-00064,CUS-00064,FSI-00167,1,SYNCHRONIZED,pool-3-thread-64,3826216133000,3827278039800,true,
TXN-SYNCHRONIZED-00065,REQ-SIM-00065,SIM-SYNCHRONIZED-00065,CUS-00065,FSI-00167,1,SYNCHRONIZED,pool-3-thread-65,3826216140400,3827292605200,true,
TXN-SYNCHRONIZED-00066,REQ-SIM-00066,SIM-SYNCHRONIZED-00066,CUS-00066,FSI-00167,1,SYNCHRONIZED,pool-3-thread-66,3826216148000,3827308704900,true,
TXN-SYNCHRONIZED-00067,REQ-SIM-00067,SIM-SYNCHRONIZED-00067,CUS-00067,FSI-00167,1,SYNCHRONIZED,pool-3-thread-67,3826216155900,3827322325500,true,
TXN-SYNCHRONIZED-00068,REQ-SIM-00068,SIM-SYNCHRONIZED-00068,CUS-00068,FSI-00167,1,SYNCHRONIZED,pool-3-thread-68,3826216163800,3827335725400,true,
TXN-SYNCHRONIZED-00069,REQ-SIM-00069,SIM-SYNCHRONIZED-00069,CUS-00069,FSI-00167,1,SYNCHRONIZED,pool-3-thread-69,3826216172300,3827349260200,true,
TXN-SYNCHRONIZED-00070,REQ-SIM-00070,SIM-SYNCHRONIZED-00070,CUS-00070,FSI-00167,1,SYNCHRONIZED,pool-3-thread-70,3826216180000,3827365081800,true,
TXN-SYNCHRONIZED-00071,REQ-SIM-00071,SIM-SYNCHRONIZED-00071,CUS-00071,FSI-00167,1,SYNCHRONIZED,pool-3-thread-71,3826216187500,3827379419100,true,
TXN-SYNCHRONIZED-00072,REQ-SIM-00072,SIM-SYNCHRONIZED-00072,CUS-00072,FSI-00167,1,SYNCHRONIZED,pool-3-thread-72,3826216196000,3827393738800,true,
TXN-SYNCHRONIZED-00073,REQ-SIM-00073,SIM-SYNCHRONIZED-00073,CUS-00073,FSI-00167,1,SYNCHRONIZED,pool-3-thread-73,3826216207100,3827407898900,true,
TXN-SYNCHRONIZED-00074,REQ-SIM-00074,SIM-SYNCHRONIZED-00074,CUS-00074,FSI-00167,1,SYNCHRONIZED,pool-3-thread-74,3826216224700,3827421905700,true,
TXN-SYNCHRONIZED-00075,REQ-SIM-00075,SIM-SYNCHRONIZED-00075,CUS-00075,FSI-00167,1,SYNCHRONIZED,pool-3-thread-75,3826216233400,3827436406000,true,
TXN-SYNCHRONIZED-00076,REQ-SIM-00076,SIM-SYNCHRONIZED-00076,CUS-00076,FSI-00167,1,SYNCHRONIZED,pool-3-thread-76,3826216247000,3827452019900,true,
TXN-SYNCHRONIZED-00077,REQ-SIM-00077,SIM-SYNCHRONIZED-00077,CUS-00077,FSI-00167,1,SYNCHRONIZED,pool-3-thread-77,3826216256000,3827466246100,true,
TXN-SYNCHRONIZED-00078,REQ-SIM-00078,SIM-SYNCHRONIZED-00078,CUS-00078,FSI-00167,1,SYNCHRONIZED,pool-3-thread-78,3826216265400,3827480621500,true,
TXN-SYNCHRONIZED-00079,REQ-SIM-00079,SIM-SYNCHRONIZED-00079,CUS-00079,FSI-00167,1,SYNCHRONIZED,pool-3-thread-79,3826216285700,3827497027100,true,
TXN-SYNCHRONIZED-00080,REQ-SIM-00080,SIM-SYNCHRONIZED-00080,CUS-00080,FSI-00167,1,SYNCHRONIZED,pool-3-thread-80,3826216293800,3827511359300,true,
TXN-SYNCHRONIZED-00081,REQ-SIM-00081,SIM-SYNCHRONIZED-00081,CUS-00081,FSI-00167,1,SYNCHRONIZED,pool-3-thread-81,3826216303000,3827528890500,true,
TXN-SYNCHRONIZED-00082,REQ-SIM-00082,SIM-SYNCHRONIZED-00082,CUS-00082,FSI-00167,1,SYNCHRONIZED,pool-3-thread-82,3826216316400,3827549022600,true,
TXN-SYNCHRONIZED-00083,REQ-SIM-00083,SIM-SYNCHRONIZED-00083,CUS-00083,FSI-00167,1,SYNCHRONIZED,pool-3-thread-83,3826216324200,3827564709400,true,
TXN-SYNCHRONIZED-00084,REQ-SIM-00084,SIM-SYNCHRONIZED-00084,CUS-00084,FSI-00167,1,SYNCHRONIZED,pool-3-thread-84,3826216336100,3827580664500,true,
TXN-SYNCHRONIZED-00085,REQ-SIM-00085,SIM-SYNCHRONIZED-00085,CUS-00085,FSI-00167,1,SYNCHRONIZED,pool-3-thread-85,3826216344100,3827596410100,true,
TXN-SYNCHRONIZED-00086,REQ-SIM-00086,SIM-SYNCHRONIZED-00086,CUS-00086,FSI-00167,1,SYNCHRONIZED,pool-3-thread-86,3826216355900,3827612938600,true,
TXN-SYNCHRONIZED-00087,REQ-SIM-00087,SIM-SYNCHRONIZED-00087,CUS-00087,FSI-00167,1,SYNCHRONIZED,pool-3-thread-87,3826216363000,3827628197500,true,
TXN-SYNCHRONIZED-00088,REQ-SIM-00088,SIM-SYNCHRONIZED-00088,CUS-00088,FSI-00167,1,SYNCHRONIZED,pool-3-thread-88,3826216371000,3827644107000,true,
TXN-SYNCHRONIZED-00089,REQ-SIM-00089,SIM-SYNCHRONIZED-00089,CUS-00089,FSI-00167,1,SYNCHRONIZED,pool-3-thread-89,3826216378000,3827659616200,true,
TXN-SYNCHRONIZED-00090,REQ-SIM-00090,SIM-SYNCHRONIZED-00090,CUS-00090,FSI-00167,1,SYNCHRONIZED,pool-3-thread-90,3826216385800,3827674388300,true,
TXN-SYNCHRONIZED-00091,REQ-SIM-00091,SIM-SYNCHRONIZED-00091,CUS-00091,FSI-00167,1,SYNCHRONIZED,pool-3-thread-91,3826216393400,3827689382000,true,
TXN-SYNCHRONIZED-00092,REQ-SIM-00092,SIM-SYNCHRONIZED-00092,CUS-00092,FSI-00167,1,SYNCHRONIZED,pool-3-thread-92,3826216401200,3827713140000,true,
TXN-SYNCHRONIZED-00093,REQ-SIM-00093,SIM-SYNCHRONIZED-00093,CUS-00093,FSI-00167,1,SYNCHRONIZED,pool-3-thread-93,3826216408700,3827727929100,true,
TXN-SYNCHRONIZED-00094,REQ-SIM-00094,SIM-SYNCHRONIZED-00094,CUS-00094,FSI-00167,1,SYNCHRONIZED,pool-3-thread-94,3826216415900,3827742936800,true,
TXN-SYNCHRONIZED-00095,REQ-SIM-00095,SIM-SYNCHRONIZED-00095,CUS-00095,FSI-00167,1,SYNCHRONIZED,pool-3-thread-95,3826216423700,3827756908500,true,
TXN-SYNCHRONIZED-00096,REQ-SIM-00096,SIM-SYNCHRONIZED-00096,CUS-00096,FSI-00167,1,SYNCHRONIZED,pool-3-thread-96,3826216431400,3827771808400,true,
TXN-SYNCHRONIZED-00097,REQ-SIM-00097,-,CUS-00097,FSI-00167,1,SYNCHRONIZED,pool-3-thread-97,3826216439100,3827793233600,false,Hết hàng! Sản phẩm Flash Sale 'FSI-00167': yêu cầu 1; còn lại 0
TXN-SYNCHRONIZED-00098,REQ-SIM-00098,-,CUS-00098,FSI-00167,1,SYNCHRONIZED,pool-3-thread-98,3826216446800,3827793642900,false,Hết hàng! Sản phẩm Flash Sale 'FSI-00167': yêu cầu 1; còn lại 0
TXN-SYNCHRONIZED-00099,REQ-SIM-00099,-,CUS-00099,FSI-00167,1,SYNCHRONIZED,pool-3-thread-99,3826216453700,3827794024000,false,Hết hàng! Sản phẩm Flash Sale 'FSI-00167': yêu cầu 1; còn lại 0
TXN-SYNCHRONIZED-00100,REQ-SIM-00100,-,CUS-00100,FSI-00167,1,SYNCHRONIZED,pool-3-thread-100,3826216461000,3827794323600,false,Hết hàng! Sản phẩm Flash Sale 'FSI-00167': yêu cầu 1; còn lại 0
TXN-SYNCHRONIZED-00101,REQ-SIM-00101,-,CUS-00101,FSI-00167,1,SYNCHRONIZED,pool-3-thread-101,3826216468700,3827794696700,false,Hết hàng! Sản phẩm Flash Sale 'FSI-00167': yêu cầu 1; còn lại 0
TXN-SYNCHRONIZED-00102,REQ-SIM-00102,-,CUS-00102,FSI-00167,1,SYNCHRONIZED,pool-3-thread-102,3826216476100,3827795004700,false,Hết hàng! Sản phẩm Flash Sale 'FSI-00167': yêu cầu 1; còn lại 0
TXN-SYNCHRONIZED-00103,REQ-SIM-00103,-,CUS-00103,FSI-00167,1,SYNCHRONIZED,pool-3-thread-103,3826216483300,3827795335600,false,Hết hàng! Sản phẩm Flash Sale 'FSI-00167': yêu cầu 1; còn lại 0
TXN-SYNCHRONIZED-00104,REQ-SIM-00104,-,CUS-00104,FSI-00167,1,SYNCHRONIZED,pool-3-thread-104,3826216490800,3827795641300,false,Hết hàng! Sản phẩm Flash Sale 'FSI-00167': yêu cầu 1; còn lại 0
TXN-SYNCHRONIZED-00105,REQ-SIM-00105,-,CUS-00105,FSI-00167,1,SYNCHRONIZED,pool-3-thread-105,3826216499200,3827795934400,false,Hết hàng! Sản phẩm Flash Sale 'FSI-00167': yêu cầu 1; còn lại 0
TXN-SYNCHRONIZED-00106,REQ-SIM-00106,-,CUS-00106,FSI-00167,1,SYNCHRONIZED,pool-3-thread-106,3826216506800,3827796227400,false,Hết hàng! Sản phẩm Flash Sale 'FSI-00167': yêu cầu 1; còn lại 0
TXN-SYNCHRONIZED-00107,REQ-SIM-00107,-,CUS-00107,FSI-00167,1,SYNCHRONIZED,pool-3-thread-107,3826216514400,3827796532100,false,Hết hàng! Sản phẩm Flash Sale 'FSI-00167': yêu cầu 1; còn lại 0
TXN-SYNCHRONIZED-00108,REQ-SIM-00108,-,CUS-00108,FSI-00167,1,SYNCHRONIZED,pool-3-thread-108,3826216521900,3827796857900,false,Hết hàng! Sản phẩm Flash Sale 'FSI-00167': yêu cầu 1; còn lại 0
TXN-SYNCHRONIZED-00109,REQ-SIM-00109,-,CUS-00109,FSI-00167,1,SYNCHRONIZED,pool-3-thread-109,3826216529000,3827797162500,false,Hết hàng! Sản phẩm Flash Sale 'FSI-00167': yêu cầu 1; còn lại 0
TXN-SYNCHRONIZED-00110,REQ-SIM-00110,-,CUS-00110,FSI-00167,1,SYNCHRONIZED,pool-3-thread-110,3826216536700,3827797442600,false,Hết hàng! Sản phẩm Flash Sale 'FSI-00167': yêu cầu 1; còn lại 0
TXN-SYNCHRONIZED-00111,REQ-SIM-00111,-,CUS-00111,FSI-00167,1,SYNCHRONIZED,pool-3-thread-111,3826216543500,3827797734400,false,Hết hàng! Sản phẩm Flash Sale 'FSI-00167': yêu cầu 1; còn lại 0
TXN-SYNCHRONIZED-00112,REQ-SIM-00112,-,CUS-00112,FSI-00167,1,SYNCHRONIZED,pool-3-thread-112,3826216551800,3827798042400,false,Hết hàng! Sản phẩm Flash Sale 'FSI-00167': yêu cầu 1; còn lại 0
TXN-SYNCHRONIZED-00113,REQ-SIM-00113,-,CUS-00113,FSI-00167,1,SYNCHRONIZED,pool-3-thread-113,3826216558900,3827798374300,false,Hết hàng! Sản phẩm Flash Sale 'FSI-00167': yêu cầu 1; còn lại 0
TXN-SYNCHRONIZED-00114,REQ-SIM-00114,-,CUS-00114,FSI-00167,1,SYNCHRONIZED,pool-3-thread-114,3826216566600,3827798667300,false,Hết hàng! Sản phẩm Flash Sale 'FSI-00167': yêu cầu 1; còn lại 0
TXN-SYNCHRONIZED-00115,REQ-SIM-00115,-,CUS-00115,FSI-00167,1,SYNCHRONIZED,pool-3-thread-115,3826216574200,3827798972900,false,Hết hàng! Sản phẩm Flash Sale 'FSI-00167': yêu cầu 1; còn lại 0
TXN-SYNCHRONIZED-00116,REQ-SIM-00116,-,CUS-00116,FSI-00167,1,SYNCHRONIZED,pool-3-thread-116,3826216581300,3827799308500,false,Hết hàng! Sản phẩm Flash Sale 'FSI-00167': yêu cầu 1; còn lại 0
TXN-SYNCHRONIZED-00117,REQ-SIM-00117,-,CUS-00117,FSI-00167,1,SYNCHRONIZED,pool-3-thread-117,3826216589200,3827799611700,false,Hết hàng! Sản phẩm Flash Sale 'FSI-00167': yêu cầu 1; còn lại 0
TXN-SYNCHRONIZED-00118,REQ-SIM-00118,-,CUS-00118,FSI-00167,1,SYNCHRONIZED,pool-3-thread-118,3826216596900,3827799926500,false,Hết hàng! Sản phẩm Flash Sale 'FSI-00167': yêu cầu 1; còn lại 0
TXN-SYNCHRONIZED-00119,REQ-SIM-00119,-,CUS-00119,FSI-00167,1,SYNCHRONIZED,pool-3-thread-119,3826216605100,3827800226300,false,Hết hàng! Sản phẩm Flash Sale 'FSI-00167': yêu cầu 1; còn lại 0
TXN-SYNCHRONIZED-00120,REQ-SIM-00120,-,CUS-00120,FSI-00167,1,SYNCHRONIZED,pool-3-thread-120,3826216612400,3827800522300,false,Hết hàng! Sản phẩm Flash Sale 'FSI-00167': yêu cầu 1; còn lại 0
TXN-SYNCHRONIZED-00121,REQ-SIM-00121,-,CUS-00121,FSI-00167,1,SYNCHRONIZED,pool-3-thread-121,3826216619900,3827800817300,false,Hết hàng! Sản phẩm Flash Sale 'FSI-00167': yêu cầu 1; còn lại 0
TXN-SYNCHRONIZED-00122,REQ-SIM-00122,-,CUS-00122,FSI-00167,1,SYNCHRONIZED,pool-3-thread-122,3826216627300,3827801106800,false,Hết hàng! Sản phẩm Flash Sale 'FSI-00167': yêu cầu 1; còn lại 0
TXN-SYNCHRONIZED-00123,REQ-SIM-00123,-,CUS-00123,FSI-00167,1,SYNCHRONIZED,pool-3-thread-123,3826216636300,3827801389400,false,Hết hàng! Sản phẩm Flash Sale 'FSI-00167': yêu cầu 1; còn lại 0
TXN-SYNCHRONIZED-00124,REQ-SIM-00124,-,CUS-00124,FSI-00167,1,SYNCHRONIZED,pool-3-thread-124,3826216644100,3827801683500,false,Hết hàng! Sản phẩm Flash Sale 'FSI-00167': yêu cầu 1; còn lại 0
TXN-SYNCHRONIZED-00125,REQ-SIM-00125,-,CUS-00125,FSI-00167,1,SYNCHRONIZED,pool-3-thread-125,3826216652500,3827801966200,false,Hết hàng! Sản phẩm Flash Sale 'FSI-00167': yêu cầu 1; còn lại 0
TXN-SYNCHRONIZED-00126,REQ-SIM-00126,-,CUS-00126,FSI-00167,1,SYNCHRONIZED,pool-3-thread-126,3826216662000,3827802253300,false,Hết hàng! Sản phẩm Flash Sale 'FSI-00167': yêu cầu 1; còn lại 0
TXN-SYNCHRONIZED-00127,REQ-SIM-00127,-,CUS-00127,FSI-00167,1,SYNCHRONIZED,pool-3-thread-127,3826216671200,3827802573700,false,Hết hàng! Sản phẩm Flash Sale 'FSI-00167': yêu cầu 1; còn lại 0
TXN-SYNCHRONIZED-00128,REQ-SIM-00128,-,CUS-00128,FSI-00167,1,SYNCHRONIZED,pool-3-thread-128,3826216679700,3827802864700,false,Hết hàng! Sản phẩm Flash Sale 'FSI-00167': yêu cầu 1; còn lại 0
TXN-SYNCHRONIZED-00129,REQ-SIM-00129,-,CUS-00129,FSI-00167,1,SYNCHRONIZED,pool-3-thread-129,3826216688300,3827803151300,false,Hết hàng! Sản phẩm Flash Sale 'FSI-00167': yêu cầu 1; còn lại 0
TXN-SYNCHRONIZED-00130,REQ-SIM-00130,-,CUS-00130,FSI-00167,1,SYNCHRONIZED,pool-3-thread-130,3826216697800,3827803455800,false,Hết hàng! Sản phẩm Flash Sale 'FSI-00167': yêu cầu 1; còn lại 0
TXN-SYNCHRONIZED-00131,REQ-SIM-00131,-,CUS-00131,FSI-00167,1,SYNCHRONIZED,pool-3-thread-131,3826216706600,3827806285700,false,Hết hàng! Sản phẩm Flash Sale 'FSI-00167': yêu cầu 1; còn lại 0
TXN-SYNCHRONIZED-00132,REQ-SIM-00132,-,CUS-00132,FSI-00167,1,SYNCHRONIZED,pool-3-thread-132,3826216715200,3827806718600,false,Hết hàng! Sản phẩm Flash Sale 'FSI-00167': yêu cầu 1; còn lại 0
TXN-SYNCHRONIZED-00133,REQ-SIM-00133,-,CUS-00133,FSI-00167,1,SYNCHRONIZED,pool-3-thread-133,3826216722900,3827807184400,false,Hết hàng! Sản phẩm Flash Sale 'FSI-00167': yêu cầu 1; còn lại 0
TXN-SYNCHRONIZED-00134,REQ-SIM-00134,-,CUS-00134,FSI-00167,1,SYNCHRONIZED,pool-3-thread-134,3826216731000,3827807575100,false,Hết hàng! Sản phẩm Flash Sale 'FSI-00167': yêu cầu 1; còn lại 0
TXN-SYNCHRONIZED-00135,REQ-SIM-00135,-,CUS-00135,FSI-00167,1,SYNCHRONIZED,pool-3-thread-135,3826216739100,3827807910400,false,Hết hàng! Sản phẩm Flash Sale 'FSI-00167': yêu cầu 1; còn lại 0
TXN-SYNCHRONIZED-00136,REQ-SIM-00136,-,CUS-00136,FSI-00167,1,SYNCHRONIZED,pool-3-thread-136,3826216747100,3827808244800,false,Hết hàng! Sản phẩm Flash Sale 'FSI-00167': yêu cầu 1; còn lại 0
TXN-SYNCHRONIZED-00137,REQ-SIM-00137,-,CUS-00137,FSI-00167,1,SYNCHRONIZED,pool-3-thread-137,3826216754800,3827808604400,false,Hết hàng! Sản phẩm Flash Sale 'FSI-00167': yêu cầu 1; còn lại 0
TXN-SYNCHRONIZED-00138,REQ-SIM-00138,-,CUS-00138,FSI-00167,1,SYNCHRONIZED,pool-3-thread-138,3826216762700,3827808963200,false,Hết hàng! Sản phẩm Flash Sale 'FSI-00167': yêu cầu 1; còn lại 0
TXN-SYNCHRONIZED-00139,REQ-SIM-00139,-,CUS-00139,FSI-00167,1,SYNCHRONIZED,pool-3-thread-139,3826216770800,3827809289700,false,Hết hàng! Sản phẩm Flash Sale 'FSI-00167': yêu cầu 1; còn lại 0
TXN-SYNCHRONIZED-00140,REQ-SIM-00140,-,CUS-00140,FSI-00167,1,SYNCHRONIZED,pool-3-thread-140,3826216777300,3827809611500,false,Hết hàng! Sản phẩm Flash Sale 'FSI-00167': yêu cầu 1; còn lại 0
TXN-SYNCHRONIZED-00141,REQ-SIM-00141,-,CUS-00141,FSI-00167,1,SYNCHRONIZED,pool-3-thread-141,3826216786000,3827809937100,false,Hết hàng! Sản phẩm Flash Sale 'FSI-00167': yêu cầu 1; còn lại 0
TXN-SYNCHRONIZED-00142,REQ-SIM-00142,-,CUS-00142,FSI-00167,1,SYNCHRONIZED,pool-3-thread-142,3826216793300,3827810262700,false,Hết hàng! Sản phẩm Flash Sale 'FSI-00167': yêu cầu 1; còn lại 0
TXN-SYNCHRONIZED-00143,REQ-SIM-00143,-,CUS-00143,FSI-00167,1,SYNCHRONIZED,pool-3-thread-143,3826216801800,3827810589300,false,Hết hàng! Sản phẩm Flash Sale 'FSI-00167': yêu cầu 1; còn lại 0
TXN-SYNCHRONIZED-00144,REQ-SIM-00144,-,CUS-00144,FSI-00167,1,SYNCHRONIZED,pool-3-thread-144,3826216809300,3827810918700,false,Hết hàng! Sản phẩm Flash Sale 'FSI-00167': yêu cầu 1; còn lại 0
TXN-SYNCHRONIZED-00145,REQ-SIM-00145,-,CUS-00145,FSI-00167,1,SYNCHRONIZED,pool-3-thread-145,3826216816800,3827811226600,false,Hết hàng! Sản phẩm Flash Sale 'FSI-00167': yêu cầu 1; còn lại 0
TXN-SYNCHRONIZED-00146,REQ-SIM-00146,-,CUS-00146,FSI-00167,1,SYNCHRONIZED,pool-3-thread-146,3826216824400,3827811548500,false,Hết hàng! Sản phẩm Flash Sale 'FSI-00167': yêu cầu 1; còn lại 0
TXN-SYNCHRONIZED-00147,REQ-SIM-00147,-,CUS-00147,FSI-00167,1,SYNCHRONIZED,pool-3-thread-147,3826216832300,3827811857700,false,Hết hàng! Sản phẩm Flash Sale 'FSI-00167': yêu cầu 1; còn lại 0
TXN-SYNCHRONIZED-00148,REQ-SIM-00148,-,CUS-00148,FSI-00167,1,SYNCHRONIZED,pool-3-thread-148,3826216840000,3827812216200,false,Hết hàng! Sản phẩm Flash Sale 'FSI-00167': yêu cầu 1; còn lại 0
TXN-SYNCHRONIZED-00149,REQ-SIM-00149,-,CUS-00149,FSI-00167,1,SYNCHRONIZED,pool-3-thread-149,3826216847500,3827812528700,false,Hết hàng! Sản phẩm Flash Sale 'FSI-00167': yêu cầu 1; còn lại 0
TXN-SYNCHRONIZED-00150,REQ-SIM-00150,-,CUS-00150,FSI-00167,1,SYNCHRONIZED,pool-3-thread-150,3826216855000,3827812842000,false,Hết hàng! Sản phẩm Flash Sale 'FSI-00167': yêu cầu 1; còn lại 0
TXN-SYNCHRONIZED-00151,REQ-SIM-00151,-,CUS-00151,FSI-00167,1,SYNCHRONIZED,pool-3-thread-151,3826216863100,3827813145100,false,Hết hàng! Sản phẩm Flash Sale 'FSI-00167': yêu cầu 1; còn lại 0
TXN-SYNCHRONIZED-00152,REQ-SIM-00152,-,CUS-00152,FSI-00167,1,SYNCHRONIZED,pool-3-thread-152,3826216871500,3827813471500,false,Hết hàng! Sản phẩm Flash Sale 'FSI-00167': yêu cầu 1; còn lại 0
TXN-SYNCHRONIZED-00153,REQ-SIM-00153,-,CUS-00153,FSI-00167,1,SYNCHRONIZED,pool-3-thread-153,3826216879900,3827813802400,false,Hết hàng! Sản phẩm Flash Sale 'FSI-00167': yêu cầu 1; còn lại 0
TXN-SYNCHRONIZED-00154,REQ-SIM-00154,-,CUS-00154,FSI-00167,1,SYNCHRONIZED,pool-3-thread-154,3826216887600,3827814267500,false,Hết hàng! Sản phẩm Flash Sale 'FSI-00167': yêu cầu 1; còn lại 0
TXN-SYNCHRONIZED-00155,REQ-SIM-00155,-,CUS-00155,FSI-00167,1,SYNCHRONIZED,pool-3-thread-155,3826216895200,3827814669600,false,Hết hàng! Sản phẩm Flash Sale 'FSI-00167': yêu cầu 1; còn lại 0
TXN-SYNCHRONIZED-00156,REQ-SIM-00156,-,CUS-00156,FSI-00167,1,SYNCHRONIZED,pool-3-thread-156,3826216903700,3827815022400,false,Hết hàng! Sản phẩm Flash Sale 'FSI-00167': yêu cầu 1; còn lại 0
TXN-SYNCHRONIZED-00157,REQ-SIM-00157,-,CUS-00157,FSI-00167,1,SYNCHRONIZED,pool-3-thread-157,3826216911400,3827815367600,false,Hết hàng! Sản phẩm Flash Sale 'FSI-00167': yêu cầu 1; còn lại 0
TXN-SYNCHRONIZED-00158,REQ-SIM-00158,-,CUS-00158,FSI-00167,1,SYNCHRONIZED,pool-3-thread-158,3826216918800,3827815699600,false,Hết hàng! Sản phẩm Flash Sale 'FSI-00167': yêu cầu 1; còn lại 0
TXN-SYNCHRONIZED-00159,REQ-SIM-00159,-,CUS-00159,FSI-00167,1,SYNCHRONIZED,pool-3-thread-159,3826216926800,3827816084800,false,Hết hàng! Sản phẩm Flash Sale 'FSI-00167': yêu cầu 1; còn lại 0
TXN-SYNCHRONIZED-00160,REQ-SIM-00160,-,CUS-00160,FSI-00167,1,SYNCHRONIZED,pool-3-thread-160,3826216934500,3827816426300,false,Hết hàng! Sản phẩm Flash Sale 'FSI-00167': yêu cầu 1; còn lại 0
TXN-SYNCHRONIZED-00161,REQ-SIM-00161,-,CUS-00161,FSI-00167,1,SYNCHRONIZED,pool-3-thread-161,3826216942100,3827816738900,false,Hết hàng! Sản phẩm Flash Sale 'FSI-00167': yêu cầu 1; còn lại 0
TXN-SYNCHRONIZED-00162,REQ-SIM-00162,-,CUS-00162,FSI-00167,1,SYNCHRONIZED,pool-3-thread-162,3826216950100,3827817051300,false,Hết hàng! Sản phẩm Flash Sale 'FSI-00167': yêu cầu 1; còn lại 0
TXN-SYNCHRONIZED-00163,REQ-SIM-00163,-,CUS-00163,FSI-00167,1,SYNCHRONIZED,pool-3-thread-163,3826216958100,3827817369600,false,Hết hàng! Sản phẩm Flash Sale 'FSI-00167': yêu cầu 1; còn lại 0
TXN-SYNCHRONIZED-00164,REQ-SIM-00164,-,CUS-00164,FSI-00167,1,SYNCHRONIZED,pool-3-thread-164,3826216965900,3827817679700,false,Hết hàng! Sản phẩm Flash Sale 'FSI-00167': yêu cầu 1; còn lại 0
TXN-SYNCHRONIZED-00165,REQ-SIM-00165,-,CUS-00165,FSI-00167,1,SYNCHRONIZED,pool-3-thread-165,3826216973400,3827818005200,false,Hết hàng! Sản phẩm Flash Sale 'FSI-00167': yêu cầu 1; còn lại 0
TXN-SYNCHRONIZED-00166,REQ-SIM-00166,-,CUS-00166,FSI-00167,1,SYNCHRONIZED,pool-3-thread-166,3826216981700,3827818312500,false,Hết hàng! Sản phẩm Flash Sale 'FSI-00167': yêu cầu 1; còn lại 0
TXN-SYNCHRONIZED-00167,REQ-SIM-00167,-,CUS-00167,FSI-00167,1,SYNCHRONIZED,pool-3-thread-167,3826216989400,3827818619700,false,Hết hàng! Sản phẩm Flash Sale 'FSI-00167': yêu cầu 1; còn lại 0
TXN-SYNCHRONIZED-00168,REQ-SIM-00168,-,CUS-00168,FSI-00167,1,SYNCHRONIZED,pool-3-thread-168,3826216997000,3827818931500,false,Hết hàng! Sản phẩm Flash Sale 'FSI-00167': yêu cầu 1; còn lại 0
TXN-SYNCHRONIZED-00169,REQ-SIM-00169,-,CUS-00169,FSI-00167,1,SYNCHRONIZED,pool-3-thread-169,3826217004200,3827819236100,false,Hết hàng! Sản phẩm Flash Sale 'FSI-00167': yêu cầu 1; còn lại 0
TXN-SYNCHRONIZED-00170,REQ-SIM-00170,-,CUS-00170,FSI-00167,1,SYNCHRONIZED,pool-3-thread-170,3826217012200,3827819541100,false,Hết hàng! Sản phẩm Flash Sale 'FSI-00167': yêu cầu 1; còn lại 0
TXN-SYNCHRONIZED-00171,REQ-SIM-00171,-,CUS-00171,FSI-00167,1,SYNCHRONIZED,pool-3-thread-171,3826217019100,3827819888200,false,Hết hàng! Sản phẩm Flash Sale 'FSI-00167': yêu cầu 1; còn lại 0
TXN-SYNCHRONIZED-00172,REQ-SIM-00172,-,CUS-00172,FSI-00167,1,SYNCHRONIZED,pool-3-thread-172,3826217026500,3827820195400,false,Hết hàng! Sản phẩm Flash Sale 'FSI-00167': yêu cầu 1; còn lại 0
TXN-SYNCHRONIZED-00173,REQ-SIM-00173,-,CUS-00173,FSI-00167,1,SYNCHRONIZED,pool-3-thread-173,3826217034700,3827820500300,false,Hết hàng! Sản phẩm Flash Sale 'FSI-00167': yêu cầu 1; còn lại 0
TXN-SYNCHRONIZED-00174,REQ-SIM-00174,-,CUS-00174,FSI-00167,1,SYNCHRONIZED,pool-3-thread-174,3826217044000,3827820805700,false,Hết hàng! Sản phẩm Flash Sale 'FSI-00167': yêu cầu 1; còn lại 0
TXN-SYNCHRONIZED-00175,REQ-SIM-00175,-,CUS-00175,FSI-00167,1,SYNCHRONIZED,pool-3-thread-175,3826217059200,3827821138700,false,Hết hàng! Sản phẩm Flash Sale 'FSI-00167': yêu cầu 1; còn lại 0
TXN-SYNCHRONIZED-00176,REQ-SIM-00176,-,CUS-00176,FSI-00167,1,SYNCHRONIZED,pool-3-thread-176,3826217067100,3827821469000,false,Hết hàng! Sản phẩm Flash Sale 'FSI-00167': yêu cầu 1; còn lại 0
TXN-SYNCHRONIZED-00177,REQ-SIM-00177,-,CUS-00177,FSI-00167,1,SYNCHRONIZED,pool-3-thread-177,3826217074900,3827821812200,false,Hết hàng! Sản phẩm Flash Sale 'FSI-00167': yêu cầu 1; còn lại 0
TXN-SYNCHRONIZED-00178,REQ-SIM-00178,-,CUS-00178,FSI-00167,1,SYNCHRONIZED,pool-3-thread-178,3826217082300,3827822139200,false,Hết hàng! Sản phẩm Flash Sale 'FSI-00167': yêu cầu 1; còn lại 0
TXN-SYNCHRONIZED-00179,REQ-SIM-00179,-,CUS-00179,FSI-00167,1,SYNCHRONIZED,pool-3-thread-179,3826217090200,3827822452300,false,Hết hàng! Sản phẩm Flash Sale 'FSI-00167': yêu cầu 1; còn lại 0
TXN-SYNCHRONIZED-00180,REQ-SIM-00180,-,CUS-00180,FSI-00167,1,SYNCHRONIZED,pool-3-thread-180,3826217097600,3827822766400,false,Hết hàng! Sản phẩm Flash Sale 'FSI-00167': yêu cầu 1; còn lại 0
TXN-SYNCHRONIZED-00181,REQ-SIM-00181,-,CUS-00181,FSI-00167,1,SYNCHRONIZED,pool-3-thread-181,3826217105400,3827823076700,false,Hết hàng! Sản phẩm Flash Sale 'FSI-00167': yêu cầu 1; còn lại 0
TXN-SYNCHRONIZED-00182,REQ-SIM-00182,-,CUS-00182,FSI-00167,1,SYNCHRONIZED,pool-3-thread-182,3826217112500,3827823391100,false,Hết hàng! Sản phẩm Flash Sale 'FSI-00167': yêu cầu 1; còn lại 0
TXN-SYNCHRONIZED-00183,REQ-SIM-00183,-,CUS-00183,FSI-00167,1,SYNCHRONIZED,pool-3-thread-183,3826217120900,3827823701300,false,Hết hàng! Sản phẩm Flash Sale 'FSI-00167': yêu cầu 1; còn lại 0
TXN-SYNCHRONIZED-00184,REQ-SIM-00184,-,CUS-00184,FSI-00167,1,SYNCHRONIZED,pool-3-thread-184,3826217129400,3827824015500,false,Hết hàng! Sản phẩm Flash Sale 'FSI-00167': yêu cầu 1; còn lại 0
TXN-SYNCHRONIZED-00185,REQ-SIM-00185,-,CUS-00185,FSI-00167,1,SYNCHRONIZED,pool-3-thread-185,3826217139100,3827824331200,false,Hết hàng! Sản phẩm Flash Sale 'FSI-00167': yêu cầu 1; còn lại 0
TXN-SYNCHRONIZED-00186,REQ-SIM-00186,-,CUS-00186,FSI-00167,1,SYNCHRONIZED,pool-3-thread-186,3826217147600,3827824640500,false,Hết hàng! Sản phẩm Flash Sale 'FSI-00167': yêu cầu 1; còn lại 0
TXN-SYNCHRONIZED-00187,REQ-SIM-00187,-,CUS-00187,FSI-00167,1,SYNCHRONIZED,pool-3-thread-187,3826217155400,3827824950600,false,Hết hàng! Sản phẩm Flash Sale 'FSI-00167': yêu cầu 1; còn lại 0
TXN-SYNCHRONIZED-00188,REQ-SIM-00188,-,CUS-00188,FSI-00167,1,SYNCHRONIZED,pool-3-thread-188,3826217163500,3827825263500,false,Hết hàng! Sản phẩm Flash Sale 'FSI-00167': yêu cầu 1; còn lại 0
TXN-SYNCHRONIZED-00189,REQ-SIM-00189,-,CUS-00189,FSI-00167,1,SYNCHRONIZED,pool-3-thread-189,3826217171400,3827825572700,false,Hết hàng! Sản phẩm Flash Sale 'FSI-00167': yêu cầu 1; còn lại 0
TXN-SYNCHRONIZED-00190,REQ-SIM-00190,-,CUS-00190,FSI-00167,1,SYNCHRONIZED,pool-3-thread-190,3826217179000,3827825890900,false,Hết hàng! Sản phẩm Flash Sale 'FSI-00167': yêu cầu 1; còn lại 0
TXN-SYNCHRONIZED-00191,REQ-SIM-00191,-,CUS-00191,FSI-00167,1,SYNCHRONIZED,pool-3-thread-191,3826217188800,3827826201000,false,Hết hàng! Sản phẩm Flash Sale 'FSI-00167': yêu cầu 1; còn lại 0
TXN-SYNCHRONIZED-00192,REQ-SIM-00192,-,CUS-00192,FSI-00167,1,SYNCHRONIZED,pool-3-thread-192,3826217198700,3827826516400,false,Hết hàng! Sản phẩm Flash Sale 'FSI-00167': yêu cầu 1; còn lại 0
TXN-SYNCHRONIZED-00193,REQ-SIM-00193,-,CUS-00193,FSI-00167,1,SYNCHRONIZED,pool-3-thread-193,3826217209000,3827826827600,false,Hết hàng! Sản phẩm Flash Sale 'FSI-00167': yêu cầu 1; còn lại 0
TXN-SYNCHRONIZED-00194,REQ-SIM-00194,-,CUS-00194,FSI-00167,1,SYNCHRONIZED,pool-3-thread-194,3826217221400,3827827137500,false,Hết hàng! Sản phẩm Flash Sale 'FSI-00167': yêu cầu 1; còn lại 0
TXN-SYNCHRONIZED-00195,REQ-SIM-00195,-,CUS-00195,FSI-00167,1,SYNCHRONIZED,pool-3-thread-195,3826217228900,3827827450100,false,Hết hàng! Sản phẩm Flash Sale 'FSI-00167': yêu cầu 1; còn lại 0
TXN-SYNCHRONIZED-00196,REQ-SIM-00196,-,CUS-00196,FSI-00167,1,SYNCHRONIZED,pool-3-thread-196,3826217239100,3827827762900,false,Hết hàng! Sản phẩm Flash Sale 'FSI-00167': yêu cầu 1; còn lại 0
TXN-SYNCHRONIZED-00197,REQ-SIM-00197,-,CUS-00197,FSI-00167,1,SYNCHRONIZED,pool-3-thread-197,3826217246400,3827828072300,false,Hết hàng! Sản phẩm Flash Sale 'FSI-00167': yêu cầu 1; còn lại 0
TXN-SYNCHRONIZED-00198,REQ-SIM-00198,-,CUS-00198,FSI-00167,1,SYNCHRONIZED,pool-3-thread-198,3826217253100,3827828382000,false,Hết hàng! Sản phẩm Flash Sale 'FSI-00167': yêu cầu 1; còn lại 0
TXN-SYNCHRONIZED-00199,REQ-SIM-00199,-,CUS-00199,FSI-00167,1,SYNCHRONIZED,pool-3-thread-199,3826217262200,3827828685600,false,Hết hàng! Sản phẩm Flash Sale 'FSI-00167': yêu cầu 1; còn lại 0
TXN-SYNCHRONIZED-00200,REQ-SIM-00200,-,CUS-00200,FSI-00167,1,SYNCHRONIZED,pool-3-thread-200,3826217273300,3827828997300,false,Hết hàng! Sản phẩm Flash Sale 'FSI-00167': yêu cầu 1; còn lại 0
TXN-SYNCHRONIZED-00201,REQ-SIM-00201,-,CUS-00201,FSI-00167,1,SYNCHRONIZED,pool-3-thread-201,3826217281100,3827829301200,false,Hết hàng! Sản phẩm Flash Sale 'FSI-00167': yêu cầu 1; còn lại 0
TXN-SYNCHRONIZED-00202,REQ-SIM-00202,-,CUS-00202,FSI-00167,1,SYNCHRONIZED,pool-3-thread-202,3826217289400,3827829614900,false,Hết hàng! Sản phẩm Flash Sale 'FSI-00167': yêu cầu 1; còn lại 0
TXN-SYNCHRONIZED-00203,REQ-SIM-00203,-,CUS-00203,FSI-00167,1,SYNCHRONIZED,pool-3-thread-203,3826217297400,3827829922800,false,Hết hàng! Sản phẩm Flash Sale 'FSI-00167': yêu cầu 1; còn lại 0
TXN-SYNCHRONIZED-00204,REQ-SIM-00204,-,CUS-00204,FSI-00167,1,SYNCHRONIZED,pool-3-thread-204,3826217307600,3827830247600,false,Hết hàng! Sản phẩm Flash Sale 'FSI-00167': yêu cầu 1; còn lại 0
TXN-SYNCHRONIZED-00205,REQ-SIM-00205,-,CUS-00205,FSI-00167,1,SYNCHRONIZED,pool-3-thread-205,3826217315000,3827830559400,false,Hết hàng! Sản phẩm Flash Sale 'FSI-00167': yêu cầu 1; còn lại 0
TXN-SYNCHRONIZED-00206,REQ-SIM-00206,-,CUS-00206,FSI-00167,1,SYNCHRONIZED,pool-3-thread-206,3826217323900,3827830872900,false,Hết hàng! Sản phẩm Flash Sale 'FSI-00167': yêu cầu 1; còn lại 0
TXN-SYNCHRONIZED-00207,REQ-SIM-00207,-,CUS-00207,FSI-00167,1,SYNCHRONIZED,pool-3-thread-207,3826217331400,3827831189800,false,Hết hàng! Sản phẩm Flash Sale 'FSI-00167': yêu cầu 1; còn lại 0
TXN-SYNCHRONIZED-00208,REQ-SIM-00208,-,CUS-00208,FSI-00167,1,SYNCHRONIZED,pool-3-thread-208,3826217338800,3827831506400,false,Hết hàng! Sản phẩm Flash Sale 'FSI-00167': yêu cầu 1; còn lại 0
TXN-SYNCHRONIZED-00209,REQ-SIM-00209,-,CUS-00209,FSI-00167,1,SYNCHRONIZED,pool-3-thread-209,3826217346300,3827831816500,false,Hết hàng! Sản phẩm Flash Sale 'FSI-00167': yêu cầu 1; còn lại 0
TXN-SYNCHRONIZED-00210,REQ-SIM-00210,-,CUS-00210,FSI-00167,1,SYNCHRONIZED,pool-3-thread-210,3826217354000,3827832157200,false,Hết hàng! Sản phẩm Flash Sale 'FSI-00167': yêu cầu 1; còn lại 0
TXN-SYNCHRONIZED-00211,REQ-SIM-00211,-,CUS-00211,FSI-00167,1,SYNCHRONIZED,pool-3-thread-211,3826217361700,3827832472500,false,Hết hàng! Sản phẩm Flash Sale 'FSI-00167': yêu cầu 1; còn lại 0
TXN-SYNCHRONIZED-00212,REQ-SIM-00212,-,CUS-00212,FSI-00167,1,SYNCHRONIZED,pool-3-thread-212,3826217368800,3827832788000,false,Hết hàng! Sản phẩm Flash Sale 'FSI-00167': yêu cầu 1; còn lại 0
TXN-SYNCHRONIZED-00213,REQ-SIM-00213,-,CUS-00213,FSI-00167,1,SYNCHRONIZED,pool-3-thread-213,3826217376900,3827833097400,false,Hết hàng! Sản phẩm Flash Sale 'FSI-00167': yêu cầu 1; còn lại 0
TXN-SYNCHRONIZED-00214,REQ-SIM-00214,-,CUS-00214,FSI-00167,1,SYNCHRONIZED,pool-3-thread-214,3826217384700,3827833422800,false,Hết hàng! Sản phẩm Flash Sale 'FSI-00167': yêu cầu 1; còn lại 0
TXN-SYNCHRONIZED-00215,REQ-SIM-00215,-,CUS-00215,FSI-00167,1,SYNCHRONIZED,pool-3-thread-215,3826217392800,3827833733300,false,Hết hàng! Sản phẩm Flash Sale 'FSI-00167': yêu cầu 1; còn lại 0
TXN-SYNCHRONIZED-00216,REQ-SIM-00216,-,CUS-00216,FSI-00167,1,SYNCHRONIZED,pool-3-thread-216,3826217400800,3827834055900,false,Hết hàng! Sản phẩm Flash Sale 'FSI-00167': yêu cầu 1; còn lại 0
TXN-SYNCHRONIZED-00217,REQ-SIM-00217,-,CUS-00217,FSI-00167,1,SYNCHRONIZED,pool-3-thread-217,3826217408400,3827834371700,false,Hết hàng! Sản phẩm Flash Sale 'FSI-00167': yêu cầu 1; còn lại 0
TXN-SYNCHRONIZED-00218,REQ-SIM-00218,-,CUS-00218,FSI-00167,1,SYNCHRONIZED,pool-3-thread-218,3826217415700,3827834713800,false,Hết hàng! Sản phẩm Flash Sale 'FSI-00167': yêu cầu 1; còn lại 0
TXN-SYNCHRONIZED-00219,REQ-SIM-00219,-,CUS-00219,FSI-00167,1,SYNCHRONIZED,pool-3-thread-219,3826217423500,3827835087800,false,Hết hàng! Sản phẩm Flash Sale 'FSI-00167': yêu cầu 1; còn lại 0
TXN-SYNCHRONIZED-00220,REQ-SIM-00220,-,CUS-00220,FSI-00167,1,SYNCHRONIZED,pool-3-thread-220,3826217431900,3827835439100,false,Hết hàng! Sản phẩm Flash Sale 'FSI-00167': yêu cầu 1; còn lại 0
TXN-SYNCHRONIZED-00221,REQ-SIM-00221,-,CUS-00221,FSI-00167,1,SYNCHRONIZED,pool-3-thread-221,3826217438500,3827835757700,false,Hết hàng! Sản phẩm Flash Sale 'FSI-00167': yêu cầu 1; còn lại 0
TXN-SYNCHRONIZED-00222,REQ-SIM-00222,-,CUS-00222,FSI-00167,1,SYNCHRONIZED,pool-3-thread-222,3826217445800,3827836077800,false,Hết hàng! Sản phẩm Flash Sale 'FSI-00167': yêu cầu 1; còn lại 0
TXN-SYNCHRONIZED-00223,REQ-SIM-00223,-,CUS-00223,FSI-00167,1,SYNCHRONIZED,pool-3-thread-223,3826217454800,3827836387900,false,Hết hàng! Sản phẩm Flash Sale 'FSI-00167': yêu cầu 1; còn lại 0
TXN-SYNCHRONIZED-00224,REQ-SIM-00224,-,CUS-00224,FSI-00167,1,SYNCHRONIZED,pool-3-thread-224,3826217463000,3827836710000,false,Hết hàng! Sản phẩm Flash Sale 'FSI-00167': yêu cầu 1; còn lại 0
TXN-SYNCHRONIZED-00225,REQ-SIM-00225,-,CUS-00225,FSI-00167,1,SYNCHRONIZED,pool-3-thread-225,3826217471000,3827837029700,false,Hết hàng! Sản phẩm Flash Sale 'FSI-00167': yêu cầu 1; còn lại 0
TXN-SYNCHRONIZED-00226,REQ-SIM-00226,-,CUS-00226,FSI-00167,1,SYNCHRONIZED,pool-3-thread-226,3826217479100,3827837426000,false,Hết hàng! Sản phẩm Flash Sale 'FSI-00167': yêu cầu 1; còn lại 0
TXN-SYNCHRONIZED-00227,REQ-SIM-00227,-,CUS-00227,FSI-00167,1,SYNCHRONIZED,pool-3-thread-227,3826217486900,3827837763800,false,Hết hàng! Sản phẩm Flash Sale 'FSI-00167': yêu cầu 1; còn lại 0
TXN-SYNCHRONIZED-00228,REQ-SIM-00228,-,CUS-00228,FSI-00167,1,SYNCHRONIZED,pool-3-thread-228,3826217495100,3827838077200,false,Hết hàng! Sản phẩm Flash Sale 'FSI-00167': yêu cầu 1; còn lại 0
TXN-SYNCHRONIZED-00229,REQ-SIM-00229,-,CUS-00229,FSI-00167,1,SYNCHRONIZED,pool-3-thread-229,3826217503000,3827838426300,false,Hết hàng! Sản phẩm Flash Sale 'FSI-00167': yêu cầu 1; còn lại 0
TXN-SYNCHRONIZED-00230,REQ-SIM-00230,-,CUS-00230,FSI-00167,1,SYNCHRONIZED,pool-3-thread-230,3826217511000,3827838747300,false,Hết hàng! Sản phẩm Flash Sale 'FSI-00167': yêu cầu 1; còn lại 0
TXN-SYNCHRONIZED-00231,REQ-SIM-00231,-,CUS-00231,FSI-00167,1,SYNCHRONIZED,pool-3-thread-231,3826217518600,3827839058500,false,Hết hàng! Sản phẩm Flash Sale 'FSI-00167': yêu cầu 1; còn lại 0
TXN-SYNCHRONIZED-00232,REQ-SIM-00232,-,CUS-00232,FSI-00167,1,SYNCHRONIZED,pool-3-thread-232,3826217526000,3827839378600,false,Hết hàng! Sản phẩm Flash Sale 'FSI-00167': yêu cầu 1; còn lại 0
TXN-SYNCHRONIZED-00233,REQ-SIM-00233,-,CUS-00233,FSI-00167,1,SYNCHRONIZED,pool-3-thread-233,3826217533400,3827839696000,false,Hết hàng! Sản phẩm Flash Sale 'FSI-00167': yêu cầu 1; còn lại 0
TXN-SYNCHRONIZED-00234,REQ-SIM-00234,-,CUS-00234,FSI-00167,1,SYNCHRONIZED,pool-3-thread-234,3826217541400,3827840034900,false,Hết hàng! Sản phẩm Flash Sale 'FSI-00167': yêu cầu 1; còn lại 0
TXN-SYNCHRONIZED-00235,REQ-SIM-00235,-,CUS-00235,FSI-00167,1,SYNCHRONIZED,pool-3-thread-235,3826217548500,3827840344900,false,Hết hàng! Sản phẩm Flash Sale 'FSI-00167': yêu cầu 1; còn lại 0
TXN-SYNCHRONIZED-00236,REQ-SIM-00236,-,CUS-00236,FSI-00167,1,SYNCHRONIZED,pool-3-thread-236,3826217555900,3827840703500,false,Hết hàng! Sản phẩm Flash Sale 'FSI-00167': yêu cầu 1; còn lại 0
TXN-SYNCHRONIZED-00237,REQ-SIM-00237,-,CUS-00237,FSI-00167,1,SYNCHRONIZED,pool-3-thread-237,3826217563900,3827841019100,false,Hết hàng! Sản phẩm Flash Sale 'FSI-00167': yêu cầu 1; còn lại 0
TXN-SYNCHRONIZED-00238,REQ-SIM-00238,-,CUS-00238,FSI-00167,1,SYNCHRONIZED,pool-3-thread-238,3826217573000,3827841334300,false,Hết hàng! Sản phẩm Flash Sale 'FSI-00167': yêu cầu 1; còn lại 0
TXN-SYNCHRONIZED-00239,REQ-SIM-00239,-,CUS-00239,FSI-00167,1,SYNCHRONIZED,pool-3-thread-239,3826217581600,3827841649100,false,Hết hàng! Sản phẩm Flash Sale 'FSI-00167': yêu cầu 1; còn lại 0
TXN-SYNCHRONIZED-00240,REQ-SIM-00240,-,CUS-00240,FSI-00167,1,SYNCHRONIZED,pool-3-thread-240,3826217596300,3827841961600,false,Hết hàng! Sản phẩm Flash Sale 'FSI-00167': yêu cầu 1; còn lại 0
TXN-SYNCHRONIZED-00241,REQ-SIM-00241,-,CUS-00241,FSI-00167,1,SYNCHRONIZED,pool-3-thread-241,3826217603900,3827842267400,false,Hết hàng! Sản phẩm Flash Sale 'FSI-00167': yêu cầu 1; còn lại 0
TXN-SYNCHRONIZED-00242,REQ-SIM-00242,-,CUS-00242,FSI-00167,1,SYNCHRONIZED,pool-3-thread-242,3826217613800,3827842590800,false,Hết hàng! Sản phẩm Flash Sale 'FSI-00167': yêu cầu 1; còn lại 0
TXN-SYNCHRONIZED-00243,REQ-SIM-00243,-,CUS-00243,FSI-00167,1,SYNCHRONIZED,pool-3-thread-243,3826217621200,3827842900600,false,Hết hàng! Sản phẩm Flash Sale 'FSI-00167': yêu cầu 1; còn lại 0
TXN-SYNCHRONIZED-00244,REQ-SIM-00244,-,CUS-00244,FSI-00167,1,SYNCHRONIZED,pool-3-thread-244,3826217628800,3827843206700,false,Hết hàng! Sản phẩm Flash Sale 'FSI-00167': yêu cầu 1; còn lại 0
TXN-SYNCHRONIZED-00245,REQ-SIM-00245,-,CUS-00245,FSI-00167,1,SYNCHRONIZED,pool-3-thread-245,3826217635100,3827843540300,false,Hết hàng! Sản phẩm Flash Sale 'FSI-00167': yêu cầu 1; còn lại 0
TXN-SYNCHRONIZED-00246,REQ-SIM-00246,-,CUS-00246,FSI-00167,1,SYNCHRONIZED,pool-3-thread-246,3826217642700,3827843850800,false,Hết hàng! Sản phẩm Flash Sale 'FSI-00167': yêu cầu 1; còn lại 0
TXN-SYNCHRONIZED-00247,REQ-SIM-00247,-,CUS-00247,FSI-00167,1,SYNCHRONIZED,pool-3-thread-247,3826217650100,3827844197600,false,Hết hàng! Sản phẩm Flash Sale 'FSI-00167': yêu cầu 1; còn lại 0
TXN-SYNCHRONIZED-00248,REQ-SIM-00248,-,CUS-00248,FSI-00167,1,SYNCHRONIZED,pool-3-thread-248,3826217658000,3827844519200,false,Hết hàng! Sản phẩm Flash Sale 'FSI-00167': yêu cầu 1; còn lại 0
TXN-SYNCHRONIZED-00249,REQ-SIM-00249,-,CUS-00249,FSI-00167,1,SYNCHRONIZED,pool-3-thread-249,3826217665900,3827844838900,false,Hết hàng! Sản phẩm Flash Sale 'FSI-00167': yêu cầu 1; còn lại 0
TXN-SYNCHRONIZED-00250,REQ-SIM-00250,-,CUS-00250,FSI-00167,1,SYNCHRONIZED,pool-3-thread-250,3826217673900,3827845163300,false,Hết hàng! Sản phẩm Flash Sale 'FSI-00167': yêu cầu 1; còn lại 0
TXN-SYNCHRONIZED-00251,REQ-SIM-00251,-,CUS-00251,FSI-00167,1,SYNCHRONIZED,pool-3-thread-251,3826217681300,3827845478100,false,Hết hàng! Sản phẩm Flash Sale 'FSI-00167': yêu cầu 1; còn lại 0
TXN-SYNCHRONIZED-00252,REQ-SIM-00252,-,CUS-00252,FSI-00167,1,SYNCHRONIZED,pool-3-thread-252,3826217689400,3827845789000,false,Hết hàng! Sản phẩm Flash Sale 'FSI-00167': yêu cầu 1; còn lại 0
TXN-SYNCHRONIZED-00253,REQ-SIM-00253,-,CUS-00253,FSI-00167,1,SYNCHRONIZED,pool-3-thread-253,3826217697700,3827846134500,false,Hết hàng! Sản phẩm Flash Sale 'FSI-00167': yêu cầu 1; còn lại 0
TXN-SYNCHRONIZED-00254,REQ-SIM-00254,-,CUS-00254,FSI-00167,1,SYNCHRONIZED,pool-3-thread-254,3826217705600,3827846441900,false,Hết hàng! Sản phẩm Flash Sale 'FSI-00167': yêu cầu 1; còn lại 0
TXN-SYNCHRONIZED-00255,REQ-SIM-00255,-,CUS-00255,FSI-00167,1,SYNCHRONIZED,pool-3-thread-255,3826217712700,3827846767300,false,Hết hàng! Sản phẩm Flash Sale 'FSI-00167': yêu cầu 1; còn lại 0
TXN-SYNCHRONIZED-00257,REQ-SIM-00257,-,CUS-00257,FSI-00167,1,SYNCHRONIZED,pool-3-thread-257,3826217729500,3827847091900,false,Hết hàng! Sản phẩm Flash Sale 'FSI-00167': yêu cầu 1; còn lại 0
TXN-SYNCHRONIZED-00256,REQ-SIM-00256,-,CUS-00256,FSI-00167,1,SYNCHRONIZED,pool-3-thread-256,3826217721000,3827847417700,false,Hết hàng! Sản phẩm Flash Sale 'FSI-00167': yêu cầu 1; còn lại 0
TXN-SYNCHRONIZED-00258,REQ-SIM-00258,-,CUS-00258,FSI-00167,1,SYNCHRONIZED,pool-3-thread-258,3826217741800,3827847738400,false,Hết hàng! Sản phẩm Flash Sale 'FSI-00167': yêu cầu 1; còn lại 0
TXN-SYNCHRONIZED-00259,REQ-SIM-00259,-,CUS-00259,FSI-00167,1,SYNCHRONIZED,pool-3-thread-259,3826217752700,3827848052000,false,Hết hàng! Sản phẩm Flash Sale 'FSI-00167': yêu cầu 1; còn lại 0
TXN-SYNCHRONIZED-00260,REQ-SIM-00260,-,CUS-00260,FSI-00167,1,SYNCHRONIZED,pool-3-thread-260,3826217761100,3827848360000,false,Hết hàng! Sản phẩm Flash Sale 'FSI-00167': yêu cầu 1; còn lại 0
TXN-SYNCHRONIZED-00261,REQ-SIM-00261,-,CUS-00261,FSI-00167,1,SYNCHRONIZED,pool-3-thread-261,3826217769600,3827848680100,false,Hết hàng! Sản phẩm Flash Sale 'FSI-00167': yêu cầu 1; còn lại 0
TXN-SYNCHRONIZED-00262,REQ-SIM-00262,-,CUS-00262,FSI-00167,1,SYNCHRONIZED,pool-3-thread-262,3826217777500,3827848986600,false,Hết hàng! Sản phẩm Flash Sale 'FSI-00167': yêu cầu 1; còn lại 0
TXN-SYNCHRONIZED-00263,REQ-SIM-00263,-,CUS-00263,FSI-00167,1,SYNCHRONIZED,pool-3-thread-263,3826217786200,3827849314700,false,Hết hàng! Sản phẩm Flash Sale 'FSI-00167': yêu cầu 1; còn lại 0
TXN-SYNCHRONIZED-00264,REQ-SIM-00264,-,CUS-00264,FSI-00167,1,SYNCHRONIZED,pool-3-thread-264,3826217794000,3827849632400,false,Hết hàng! Sản phẩm Flash Sale 'FSI-00167': yêu cầu 1; còn lại 0
TXN-SYNCHRONIZED-00265,REQ-SIM-00265,-,CUS-00265,FSI-00167,1,SYNCHRONIZED,pool-3-thread-265,3826217805200,3827850003600,false,Hết hàng! Sản phẩm Flash Sale 'FSI-00167': yêu cầu 1; còn lại 0
TXN-SYNCHRONIZED-00266,REQ-SIM-00266,-,CUS-00266,FSI-00167,1,SYNCHRONIZED,pool-3-thread-266,3826217813500,3827850319500,false,Hết hàng! Sản phẩm Flash Sale 'FSI-00167': yêu cầu 1; còn lại 0
TXN-SYNCHRONIZED-00267,REQ-SIM-00267,-,CUS-00267,FSI-00167,1,SYNCHRONIZED,pool-3-thread-267,3826217821800,3827850687500,false,Hết hàng! Sản phẩm Flash Sale 'FSI-00167': yêu cầu 1; còn lại 0
TXN-SYNCHRONIZED-00268,REQ-SIM-00268,-,CUS-00268,FSI-00167,1,SYNCHRONIZED,pool-3-thread-268,3826217831100,3827851007300,false,Hết hàng! Sản phẩm Flash Sale 'FSI-00167': yêu cầu 1; còn lại 0
TXN-SYNCHRONIZED-00269,REQ-SIM-00269,-,CUS-00269,FSI-00167,1,SYNCHRONIZED,pool-3-thread-269,3826217841200,3827851383300,false,Hết hàng! Sản phẩm Flash Sale 'FSI-00167': yêu cầu 1; còn lại 0
TXN-SYNCHRONIZED-00270,REQ-SIM-00270,-,CUS-00270,FSI-00167,1,SYNCHRONIZED,pool-3-thread-270,3826217851700,3827851734200,false,Hết hàng! Sản phẩm Flash Sale 'FSI-00167': yêu cầu 1; còn lại 0
TXN-SYNCHRONIZED-00271,REQ-SIM-00271,-,CUS-00271,FSI-00167,1,SYNCHRONIZED,pool-3-thread-271,3826217859900,3827852055300,false,Hết hàng! Sản phẩm Flash Sale 'FSI-00167': yêu cầu 1; còn lại 0
TXN-SYNCHRONIZED-00272,REQ-SIM-00272,-,CUS-00272,FSI-00167,1,SYNCHRONIZED,pool-3-thread-272,3826217869000,3827852395900,false,Hết hàng! Sản phẩm Flash Sale 'FSI-00167': yêu cầu 1; còn lại 0
TXN-SYNCHRONIZED-00273,REQ-SIM-00273,-,CUS-00273,FSI-00167,1,SYNCHRONIZED,pool-3-thread-273,3826217877900,3827852793900,false,Hết hàng! Sản phẩm Flash Sale 'FSI-00167': yêu cầu 1; còn lại 0
TXN-SYNCHRONIZED-00274,REQ-SIM-00274,-,CUS-00274,FSI-00167,1,SYNCHRONIZED,pool-3-thread-274,3826217886300,3827853121300,false,Hết hàng! Sản phẩm Flash Sale 'FSI-00167': yêu cầu 1; còn lại 0
TXN-SYNCHRONIZED-00275,REQ-SIM-00275,-,CUS-00275,FSI-00167,1,SYNCHRONIZED,pool-3-thread-275,3826217894600,3827853471000,false,Hết hàng! Sản phẩm Flash Sale 'FSI-00167': yêu cầu 1; còn lại 0
TXN-SYNCHRONIZED-00276,REQ-SIM-00276,-,CUS-00276,FSI-00167,1,SYNCHRONIZED,pool-3-thread-276,3826217903400,3827853778500,false,Hết hàng! Sản phẩm Flash Sale 'FSI-00167': yêu cầu 1; còn lại 0
TXN-SYNCHRONIZED-00277,REQ-SIM-00277,-,CUS-00277,FSI-00167,1,SYNCHRONIZED,pool-3-thread-277,3826217911900,3827854114600,false,Hết hàng! Sản phẩm Flash Sale 'FSI-00167': yêu cầu 1; còn lại 0
TXN-SYNCHRONIZED-00278,REQ-SIM-00278,-,CUS-00278,FSI-00167,1,SYNCHRONIZED,pool-3-thread-278,3826217920800,3827854447500,false,Hết hàng! Sản phẩm Flash Sale 'FSI-00167': yêu cầu 1; còn lại 0
TXN-SYNCHRONIZED-00279,REQ-SIM-00279,-,CUS-00279,FSI-00167,1,SYNCHRONIZED,pool-3-thread-279,3826217928700,3827854756200,false,Hết hàng! Sản phẩm Flash Sale 'FSI-00167': yêu cầu 1; còn lại 0
TXN-SYNCHRONIZED-00280,REQ-SIM-00280,-,CUS-00280,FSI-00167,1,SYNCHRONIZED,pool-3-thread-280,3826217938000,3827855080600,false,Hết hàng! Sản phẩm Flash Sale 'FSI-00167': yêu cầu 1; còn lại 0
TXN-SYNCHRONIZED-00281,REQ-SIM-00281,-,CUS-00281,FSI-00167,1,SYNCHRONIZED,pool-3-thread-281,3826217946000,3827855390900,false,Hết hàng! Sản phẩm Flash Sale 'FSI-00167': yêu cầu 1; còn lại 0
TXN-SYNCHRONIZED-00282,REQ-SIM-00282,-,CUS-00282,FSI-00167,1,SYNCHRONIZED,pool-3-thread-282,3826217955000,3827855725500,false,Hết hàng! Sản phẩm Flash Sale 'FSI-00167': yêu cầu 1; còn lại 0
TXN-SYNCHRONIZED-00283,REQ-SIM-00283,-,CUS-00283,FSI-00167,1,SYNCHRONIZED,pool-3-thread-283,3826217965000,3827856047000,false,Hết hàng! Sản phẩm Flash Sale 'FSI-00167': yêu cầu 1; còn lại 0
TXN-SYNCHRONIZED-00284,REQ-SIM-00284,-,CUS-00284,FSI-00167,1,SYNCHRONIZED,pool-3-thread-284,3826217974100,3827856351300,false,Hết hàng! Sản phẩm Flash Sale 'FSI-00167': yêu cầu 1; còn lại 0
TXN-SYNCHRONIZED-00285,REQ-SIM-00285,-,CUS-00285,FSI-00167,1,SYNCHRONIZED,pool-3-thread-285,3826217984300,3827856655400,false,Hết hàng! Sản phẩm Flash Sale 'FSI-00167': yêu cầu 1; còn lại 0
TXN-SYNCHRONIZED-00286,REQ-SIM-00286,-,CUS-00286,FSI-00167,1,SYNCHRONIZED,pool-3-thread-286,3826217993000,3827856956700,false,Hết hàng! Sản phẩm Flash Sale 'FSI-00167': yêu cầu 1; còn lại 0
TXN-SYNCHRONIZED-00287,REQ-SIM-00287,-,CUS-00287,FSI-00167,1,SYNCHRONIZED,pool-3-thread-287,3826218001400,3827857264800,false,Hết hàng! Sản phẩm Flash Sale 'FSI-00167': yêu cầu 1; còn lại 0
TXN-SYNCHRONIZED-00288,REQ-SIM-00288,-,CUS-00288,FSI-00167,1,SYNCHRONIZED,pool-3-thread-288,3826218009900,3827857558000,false,Hết hàng! Sản phẩm Flash Sale 'FSI-00167': yêu cầu 1; còn lại 0
TXN-SYNCHRONIZED-00289,REQ-SIM-00289,-,CUS-00289,FSI-00167,1,SYNCHRONIZED,pool-3-thread-289,3826218018600,3827857869300,false,Hết hàng! Sản phẩm Flash Sale 'FSI-00167': yêu cầu 1; còn lại 0
TXN-SYNCHRONIZED-00290,REQ-SIM-00290,-,CUS-00290,FSI-00167,1,SYNCHRONIZED,pool-3-thread-290,3826218027200,3827858188900,false,Hết hàng! Sản phẩm Flash Sale 'FSI-00167': yêu cầu 1; còn lại 0
TXN-SYNCHRONIZED-00291,REQ-SIM-00291,-,CUS-00291,FSI-00167,1,SYNCHRONIZED,pool-3-thread-291,3826218035700,3827858494200,false,Hết hàng! Sản phẩm Flash Sale 'FSI-00167': yêu cầu 1; còn lại 0
TXN-SYNCHRONIZED-00292,REQ-SIM-00292,-,CUS-00292,FSI-00167,1,SYNCHRONIZED,pool-3-thread-292,3826218044600,3827858814700,false,Hết hàng! Sản phẩm Flash Sale 'FSI-00167': yêu cầu 1; còn lại 0
TXN-SYNCHRONIZED-00293,REQ-SIM-00293,-,CUS-00293,FSI-00167,1,SYNCHRONIZED,pool-3-thread-293,3826218052700,3827859179700,false,Hết hàng! Sản phẩm Flash Sale 'FSI-00167': yêu cầu 1; còn lại 0
TXN-SYNCHRONIZED-00294,REQ-SIM-00294,-,CUS-00294,FSI-00167,1,SYNCHRONIZED,pool-3-thread-294,3826218061400,3827859500800,false,Hết hàng! Sản phẩm Flash Sale 'FSI-00167': yêu cầu 1; còn lại 0
TXN-SYNCHRONIZED-00295,REQ-SIM-00295,-,CUS-00295,FSI-00167,1,SYNCHRONIZED,pool-3-thread-295,3826218069300,3827859823600,false,Hết hàng! Sản phẩm Flash Sale 'FSI-00167': yêu cầu 1; còn lại 0
TXN-SYNCHRONIZED-00296,REQ-SIM-00296,-,CUS-00296,FSI-00167,1,SYNCHRONIZED,pool-3-thread-296,3826218077300,3827860141900,false,Hết hàng! Sản phẩm Flash Sale 'FSI-00167': yêu cầu 1; còn lại 0
TXN-SYNCHRONIZED-00297,REQ-SIM-00297,-,CUS-00297,FSI-00167,1,SYNCHRONIZED,pool-3-thread-297,3826218086000,3827860449400,false,Hết hàng! Sản phẩm Flash Sale 'FSI-00167': yêu cầu 1; còn lại 0
TXN-SYNCHRONIZED-00298,REQ-SIM-00298,-,CUS-00298,FSI-00167,1,SYNCHRONIZED,pool-3-thread-298,3826218094900,3827860759700,false,Hết hàng! Sản phẩm Flash Sale 'FSI-00167': yêu cầu 1; còn lại 0
TXN-SYNCHRONIZED-00299,REQ-SIM-00299,-,CUS-00299,FSI-00167,1,SYNCHRONIZED,pool-3-thread-299,3826218103700,3827861083400,false,Hết hàng! Sản phẩm Flash Sale 'FSI-00167': yêu cầu 1; còn lại 0
TXN-SYNCHRONIZED-00300,REQ-SIM-00300,-,CUS-00300,FSI-00167,1,SYNCHRONIZED,pool-3-thread-300,3826218112700,3827861404400,false,Hết hàng! Sản phẩm Flash Sale 'FSI-00167': yêu cầu 1; còn lại 0
TXN-SYNCHRONIZED-00301,REQ-SIM-00301,-,CUS-00301,FSI-00167,1,SYNCHRONIZED,pool-3-thread-301,3826218122000,3827861714100,false,Hết hàng! Sản phẩm Flash Sale 'FSI-00167': yêu cầu 1; còn lại 0
TXN-SYNCHRONIZED-00302,REQ-SIM-00302,-,CUS-00302,FSI-00167,1,SYNCHRONIZED,pool-3-thread-302,3826218130700,3827862021500,false,Hết hàng! Sản phẩm Flash Sale 'FSI-00167': yêu cầu 1; còn lại 0
TXN-SYNCHRONIZED-00303,REQ-SIM-00303,-,CUS-00303,FSI-00167,1,SYNCHRONIZED,pool-3-thread-303,3826218139600,3827862329200,false,Hết hàng! Sản phẩm Flash Sale 'FSI-00167': yêu cầu 1; còn lại 0
TXN-SYNCHRONIZED-00304,REQ-SIM-00304,-,CUS-00304,FSI-00167,1,SYNCHRONIZED,pool-3-thread-304,3826218148000,3827862638500,false,Hết hàng! Sản phẩm Flash Sale 'FSI-00167': yêu cầu 1; còn lại 0
TXN-SYNCHRONIZED-00305,REQ-SIM-00305,-,CUS-00305,FSI-00167,1,SYNCHRONIZED,pool-3-thread-305,3826218156100,3827862937700,false,Hết hàng! Sản phẩm Flash Sale 'FSI-00167': yêu cầu 1; còn lại 0
TXN-SYNCHRONIZED-00306,REQ-SIM-00306,-,CUS-00306,FSI-00167,1,SYNCHRONIZED,pool-3-thread-306,3826218163500,3827863245500,false,Hết hàng! Sản phẩm Flash Sale 'FSI-00167': yêu cầu 1; còn lại 0
TXN-SYNCHRONIZED-00307,REQ-SIM-00307,-,CUS-00307,FSI-00167,1,SYNCHRONIZED,pool-3-thread-307,3826218171200,3827863574400,false,Hết hàng! Sản phẩm Flash Sale 'FSI-00167': yêu cầu 1; còn lại 0
TXN-SYNCHRONIZED-00308,REQ-SIM-00308,-,CUS-00308,FSI-00167,1,SYNCHRONIZED,pool-3-thread-308,3826218179200,3827863969400,false,Hết hàng! Sản phẩm Flash Sale 'FSI-00167': yêu cầu 1; còn lại 0
TXN-SYNCHRONIZED-00309,REQ-SIM-00309,-,CUS-00309,FSI-00167,1,SYNCHRONIZED,pool-3-thread-309,3826218188500,3827864270000,false,Hết hàng! Sản phẩm Flash Sale 'FSI-00167': yêu cầu 1; còn lại 0
TXN-SYNCHRONIZED-00310,REQ-SIM-00310,-,CUS-00310,FSI-00167,1,SYNCHRONIZED,pool-3-thread-310,3826218197700,3827864575700,false,Hết hàng! Sản phẩm Flash Sale 'FSI-00167': yêu cầu 1; còn lại 0
TXN-SYNCHRONIZED-00311,REQ-SIM-00311,-,CUS-00311,FSI-00167,1,SYNCHRONIZED,pool-3-thread-311,3826218206100,3827864918900,false,Hết hàng! Sản phẩm Flash Sale 'FSI-00167': yêu cầu 1; còn lại 0
TXN-SYNCHRONIZED-00312,REQ-SIM-00312,-,CUS-00312,FSI-00167,1,SYNCHRONIZED,pool-3-thread-312,3826218215300,3827865194700,false,Hết hàng! Sản phẩm Flash Sale 'FSI-00167': yêu cầu 1; còn lại 0
TXN-SYNCHRONIZED-00313,REQ-SIM-00313,-,CUS-00313,FSI-00167,1,SYNCHRONIZED,pool-3-thread-313,3826218227700,3827865501300,false,Hết hàng! Sản phẩm Flash Sale 'FSI-00167': yêu cầu 1; còn lại 0
TXN-SYNCHRONIZED-00314,REQ-SIM-00314,-,CUS-00314,FSI-00167,1,SYNCHRONIZED,pool-3-thread-314,3826218241200,3827865813500,false,Hết hàng! Sản phẩm Flash Sale 'FSI-00167': yêu cầu 1; còn lại 0
TXN-SYNCHRONIZED-00315,REQ-SIM-00315,-,CUS-00315,FSI-00167,1,SYNCHRONIZED,pool-3-thread-315,3826218265900,3827866117200,false,Hết hàng! Sản phẩm Flash Sale 'FSI-00167': yêu cầu 1; còn lại 0
TXN-SYNCHRONIZED-00316,REQ-SIM-00316,-,CUS-00316,FSI-00167,1,SYNCHRONIZED,pool-3-thread-316,3826218280700,3827866421600,false,Hết hàng! Sản phẩm Flash Sale 'FSI-00167': yêu cầu 1; còn lại 0
TXN-SYNCHRONIZED-00317,REQ-SIM-00317,-,CUS-00317,FSI-00167,1,SYNCHRONIZED,pool-3-thread-317,3826218296400,3827866753200,false,Hết hàng! Sản phẩm Flash Sale 'FSI-00167': yêu cầu 1; còn lại 0
TXN-SYNCHRONIZED-00318,REQ-SIM-00318,-,CUS-00318,FSI-00167,1,SYNCHRONIZED,pool-3-thread-318,3826218311800,3827867058200,false,Hết hàng! Sản phẩm Flash Sale 'FSI-00167': yêu cầu 1; còn lại 0
TXN-SYNCHRONIZED-00319,REQ-SIM-00319,-,CUS-00319,FSI-00167,1,SYNCHRONIZED,pool-3-thread-319,3826218328400,3827867397900,false,Hết hàng! Sản phẩm Flash Sale 'FSI-00167': yêu cầu 1; còn lại 0
TXN-SYNCHRONIZED-00320,REQ-SIM-00320,-,CUS-00320,FSI-00167,1,SYNCHRONIZED,pool-3-thread-320,3826218343800,3827867702000,false,Hết hàng! Sản phẩm Flash Sale 'FSI-00167': yêu cầu 1; còn lại 0
TXN-SYNCHRONIZED-00321,REQ-SIM-00321,-,CUS-00321,FSI-00167,1,SYNCHRONIZED,pool-3-thread-321,3826218358500,3827868011000,false,Hết hàng! Sản phẩm Flash Sale 'FSI-00167': yêu cầu 1; còn lại 0
TXN-SYNCHRONIZED-00322,REQ-SIM-00322,-,CUS-00322,FSI-00167,1,SYNCHRONIZED,pool-3-thread-322,3826218370300,3827868329300,false,Hết hàng! Sản phẩm Flash Sale 'FSI-00167': yêu cầu 1; còn lại 0
TXN-SYNCHRONIZED-00324,REQ-SIM-00324,-,CUS-00324,FSI-00167,1,SYNCHRONIZED,pool-3-thread-324,3826218383600,3827868654000,false,Hết hàng! Sản phẩm Flash Sale 'FSI-00167': yêu cầu 1; còn lại 0
TXN-SYNCHRONIZED-00323,REQ-SIM-00323,-,CUS-00323,FSI-00167,1,SYNCHRONIZED,pool-3-thread-323,3826218394600,3827868961200,false,Hết hàng! Sản phẩm Flash Sale 'FSI-00167': yêu cầu 1; còn lại 0
TXN-SYNCHRONIZED-00325,REQ-SIM-00325,-,CUS-00325,FSI-00167,1,SYNCHRONIZED,pool-3-thread-325,3826218407700,3827869301000,false,Hết hàng! Sản phẩm Flash Sale 'FSI-00167': yêu cầu 1; còn lại 0
TXN-SYNCHRONIZED-00326,REQ-SIM-00326,-,CUS-00326,FSI-00167,1,SYNCHRONIZED,pool-3-thread-326,3826218420000,3827869607400,false,Hết hàng! Sản phẩm Flash Sale 'FSI-00167': yêu cầu 1; còn lại 0
TXN-SYNCHRONIZED-00327,REQ-SIM-00327,-,CUS-00327,FSI-00167,1,SYNCHRONIZED,pool-3-thread-327,3826218429900,3827869916700,false,Hết hàng! Sản phẩm Flash Sale 'FSI-00167': yêu cầu 1; còn lại 0
TXN-SYNCHRONIZED-00328,REQ-SIM-00328,-,CUS-00328,FSI-00167,1,SYNCHRONIZED,pool-3-thread-328,3826218443000,3827870221600,false,Hết hàng! Sản phẩm Flash Sale 'FSI-00167': yêu cầu 1; còn lại 0
TXN-SYNCHRONIZED-00329,REQ-SIM-00329,-,CUS-00329,FSI-00167,1,SYNCHRONIZED,pool-3-thread-329,3826218451200,3827870524300,false,Hết hàng! Sản phẩm Flash Sale 'FSI-00167': yêu cầu 1; còn lại 0
TXN-SYNCHRONIZED-00330,REQ-SIM-00330,-,CUS-00330,FSI-00167,1,SYNCHRONIZED,pool-3-thread-330,3826218459300,3827870840700,false,Hết hàng! Sản phẩm Flash Sale 'FSI-00167': yêu cầu 1; còn lại 0
TXN-SYNCHRONIZED-00331,REQ-SIM-00331,-,CUS-00331,FSI-00167,1,SYNCHRONIZED,pool-3-thread-331,3826218467100,3827871142800,false,Hết hàng! Sản phẩm Flash Sale 'FSI-00167': yêu cầu 1; còn lại 0
TXN-SYNCHRONIZED-00332,REQ-SIM-00332,-,CUS-00332,FSI-00167,1,SYNCHRONIZED,pool-3-thread-332,3826218474500,3827871462500,false,Hết hàng! Sản phẩm Flash Sale 'FSI-00167': yêu cầu 1; còn lại 0
TXN-SYNCHRONIZED-00333,REQ-SIM-00333,-,CUS-00333,FSI-00167,1,SYNCHRONIZED,pool-3-thread-333,3826218482500,3827871774300,false,Hết hàng! Sản phẩm Flash Sale 'FSI-00167': yêu cầu 1; còn lại 0
TXN-SYNCHRONIZED-00334,REQ-SIM-00334,-,CUS-00334,FSI-00167,1,SYNCHRONIZED,pool-3-thread-334,3826218490800,3827872073100,false,Hết hàng! Sản phẩm Flash Sale 'FSI-00167': yêu cầu 1; còn lại 0
TXN-SYNCHRONIZED-00335,REQ-SIM-00335,-,CUS-00335,FSI-00167,1,SYNCHRONIZED,pool-3-thread-335,3826218498900,3827872389000,false,Hết hàng! Sản phẩm Flash Sale 'FSI-00167': yêu cầu 1; còn lại 0
TXN-SYNCHRONIZED-00336,REQ-SIM-00336,-,CUS-00336,FSI-00167,1,SYNCHRONIZED,pool-3-thread-336,3826218506900,3827872696000,false,Hết hàng! Sản phẩm Flash Sale 'FSI-00167': yêu cầu 1; còn lại 0
TXN-SYNCHRONIZED-00337,REQ-SIM-00337,-,CUS-00337,FSI-00167,1,SYNCHRONIZED,pool-3-thread-337,3826218515600,3827873014500,false,Hết hàng! Sản phẩm Flash Sale 'FSI-00167': yêu cầu 1; còn lại 0
TXN-SYNCHRONIZED-00340,REQ-SIM-00340,-,CUS-00340,FSI-00167,1,SYNCHRONIZED,pool-3-thread-340,3826218524000,3827873324700,false,Hết hàng! Sản phẩm Flash Sale 'FSI-00167': yêu cầu 1; còn lại 0
TXN-SYNCHRONIZED-00338,REQ-SIM-00338,-,CUS-00338,FSI-00167,1,SYNCHRONIZED,pool-3-thread-338,3826218532300,3827873628000,false,Hết hàng! Sản phẩm Flash Sale 'FSI-00167': yêu cầu 1; còn lại 0
TXN-SYNCHRONIZED-00341,REQ-SIM-00341,-,CUS-00341,FSI-00167,1,SYNCHRONIZED,pool-3-thread-341,3826218542100,3827873938100,false,Hết hàng! Sản phẩm Flash Sale 'FSI-00167': yêu cầu 1; còn lại 0
TXN-SYNCHRONIZED-00339,REQ-SIM-00339,-,CUS-00339,FSI-00167,1,SYNCHRONIZED,pool-3-thread-339,3826218550400,3827874241200,false,Hết hàng! Sản phẩm Flash Sale 'FSI-00167': yêu cầu 1; còn lại 0
TXN-SYNCHRONIZED-00342,REQ-SIM-00342,-,CUS-00342,FSI-00167,1,SYNCHRONIZED,pool-3-thread-342,3826218557600,3827874561300,false,Hết hàng! Sản phẩm Flash Sale 'FSI-00167': yêu cầu 1; còn lại 0
TXN-SYNCHRONIZED-00343,REQ-SIM-00343,-,CUS-00343,FSI-00167,1,SYNCHRONIZED,pool-3-thread-343,3826218565400,3827874868700,false,Hết hàng! Sản phẩm Flash Sale 'FSI-00167': yêu cầu 1; còn lại 0
TXN-SYNCHRONIZED-00344,REQ-SIM-00344,-,CUS-00344,FSI-00167,1,SYNCHRONIZED,pool-3-thread-344,3826218573500,3827875180000,false,Hết hàng! Sản phẩm Flash Sale 'FSI-00167': yêu cầu 1; còn lại 0
TXN-SYNCHRONIZED-00345,REQ-SIM-00345,-,CUS-00345,FSI-00167,1,SYNCHRONIZED,pool-3-thread-345,3826218581200,3827875494900,false,Hết hàng! Sản phẩm Flash Sale 'FSI-00167': yêu cầu 1; còn lại 0
TXN-SYNCHRONIZED-00346,REQ-SIM-00346,-,CUS-00346,FSI-00167,1,SYNCHRONIZED,pool-3-thread-346,3826218590000,3827875888300,false,Hết hàng! Sản phẩm Flash Sale 'FSI-00167': yêu cầu 1; còn lại 0
TXN-SYNCHRONIZED-00347,REQ-SIM-00347,-,CUS-00347,FSI-00167,1,SYNCHRONIZED,pool-3-thread-347,3826218598800,3827876208100,false,Hết hàng! Sản phẩm Flash Sale 'FSI-00167': yêu cầu 1; còn lại 0
TXN-SYNCHRONIZED-00348,REQ-SIM-00348,-,CUS-00348,FSI-00167,1,SYNCHRONIZED,pool-3-thread-348,3826218607500,3827876518500,false,Hết hàng! Sản phẩm Flash Sale 'FSI-00167': yêu cầu 1; còn lại 0
TXN-SYNCHRONIZED-00349,REQ-SIM-00349,-,CUS-00349,FSI-00167,1,SYNCHRONIZED,pool-3-thread-349,3826218616100,3827876830300,false,Hết hàng! Sản phẩm Flash Sale 'FSI-00167': yêu cầu 1; còn lại 0
TXN-SYNCHRONIZED-00350,REQ-SIM-00350,-,CUS-00350,FSI-00167,1,SYNCHRONIZED,pool-3-thread-350,3826218624200,3827877139900,false,Hết hàng! Sản phẩm Flash Sale 'FSI-00167': yêu cầu 1; còn lại 0
TXN-SYNCHRONIZED-00351,REQ-SIM-00351,-,CUS-00351,FSI-00167,1,SYNCHRONIZED,pool-3-thread-351,3826218632800,3827877463400,false,Hết hàng! Sản phẩm Flash Sale 'FSI-00167': yêu cầu 1; còn lại 0
TXN-SYNCHRONIZED-00352,REQ-SIM-00352,-,CUS-00352,FSI-00167,1,SYNCHRONIZED,pool-3-thread-352,3826218641800,3827877785100,false,Hết hàng! Sản phẩm Flash Sale 'FSI-00167': yêu cầu 1; còn lại 0
TXN-SYNCHRONIZED-00353,REQ-SIM-00353,-,CUS-00353,FSI-00167,1,SYNCHRONIZED,pool-3-thread-353,3826218650100,3827878091900,false,Hết hàng! Sản phẩm Flash Sale 'FSI-00167': yêu cầu 1; còn lại 0
TXN-SYNCHRONIZED-00354,REQ-SIM-00354,-,CUS-00354,FSI-00167,1,SYNCHRONIZED,pool-3-thread-354,3826218658600,3827878452400,false,Hết hàng! Sản phẩm Flash Sale 'FSI-00167': yêu cầu 1; còn lại 0
TXN-SYNCHRONIZED-00355,REQ-SIM-00355,-,CUS-00355,FSI-00167,1,SYNCHRONIZED,pool-3-thread-355,3826218666800,3827878780900,false,Hết hàng! Sản phẩm Flash Sale 'FSI-00167': yêu cầu 1; còn lại 0
TXN-SYNCHRONIZED-00356,REQ-SIM-00356,-,CUS-00356,FSI-00167,1,SYNCHRONIZED,pool-3-thread-356,3826218674700,3827879122400,false,Hết hàng! Sản phẩm Flash Sale 'FSI-00167': yêu cầu 1; còn lại 0
TXN-SYNCHRONIZED-00357,REQ-SIM-00357,-,CUS-00357,FSI-00167,1,SYNCHRONIZED,pool-3-thread-357,3826218683900,3827879471100,false,Hết hàng! Sản phẩm Flash Sale 'FSI-00167': yêu cầu 1; còn lại 0
TXN-SYNCHRONIZED-00358,REQ-SIM-00358,-,CUS-00358,FSI-00167,1,SYNCHRONIZED,pool-3-thread-358,3826218692200,3827879855600,false,Hết hàng! Sản phẩm Flash Sale 'FSI-00167': yêu cầu 1; còn lại 0
TXN-SYNCHRONIZED-00359,REQ-SIM-00359,-,CUS-00359,FSI-00167,1,SYNCHRONIZED,pool-3-thread-359,3826218700700,3827880166900,false,Hết hàng! Sản phẩm Flash Sale 'FSI-00167': yêu cầu 1; còn lại 0
TXN-SYNCHRONIZED-00360,REQ-SIM-00360,-,CUS-00360,FSI-00167,1,SYNCHRONIZED,pool-3-thread-360,3826218709700,3827880469900,false,Hết hàng! Sản phẩm Flash Sale 'FSI-00167': yêu cầu 1; còn lại 0
TXN-SYNCHRONIZED-00361,REQ-SIM-00361,-,CUS-00361,FSI-00167,1,SYNCHRONIZED,pool-3-thread-361,3826218718700,3827880771000,false,Hết hàng! Sản phẩm Flash Sale 'FSI-00167': yêu cầu 1; còn lại 0
TXN-SYNCHRONIZED-00362,REQ-SIM-00362,-,CUS-00362,FSI-00167,1,SYNCHRONIZED,pool-3-thread-362,3826218727600,3827881072000,false,Hết hàng! Sản phẩm Flash Sale 'FSI-00167': yêu cầu 1; còn lại 0
TXN-SYNCHRONIZED-00363,REQ-SIM-00363,-,CUS-00363,FSI-00167,1,SYNCHRONIZED,pool-3-thread-363,3826218736500,3827881379900,false,Hết hàng! Sản phẩm Flash Sale 'FSI-00167': yêu cầu 1; còn lại 0
TXN-SYNCHRONIZED-00364,REQ-SIM-00364,-,CUS-00364,FSI-00167,1,SYNCHRONIZED,pool-3-thread-364,3826218745100,3827881690100,false,Hết hàng! Sản phẩm Flash Sale 'FSI-00167': yêu cầu 1; còn lại 0
TXN-SYNCHRONIZED-00365,REQ-SIM-00365,-,CUS-00365,FSI-00167,1,SYNCHRONIZED,pool-3-thread-365,3826218753600,3827881989300,false,Hết hàng! Sản phẩm Flash Sale 'FSI-00167': yêu cầu 1; còn lại 0
TXN-SYNCHRONIZED-00366,REQ-SIM-00366,-,CUS-00366,FSI-00167,1,SYNCHRONIZED,pool-3-thread-366,3826218762800,3827882378700,false,Hết hàng! Sản phẩm Flash Sale 'FSI-00167': yêu cầu 1; còn lại 0
TXN-SYNCHRONIZED-00367,REQ-SIM-00367,-,CUS-00367,FSI-00167,1,SYNCHRONIZED,pool-3-thread-367,3826218770900,3827882688900,false,Hết hàng! Sản phẩm Flash Sale 'FSI-00167': yêu cầu 1; còn lại 0
TXN-SYNCHRONIZED-00368,REQ-SIM-00368,-,CUS-00368,FSI-00167,1,SYNCHRONIZED,pool-3-thread-368,3826218779200,3827882984100,false,Hết hàng! Sản phẩm Flash Sale 'FSI-00167': yêu cầu 1; còn lại 0
TXN-SYNCHRONIZED-00369,REQ-SIM-00369,-,CUS-00369,FSI-00167,1,SYNCHRONIZED,pool-3-thread-369,3826218788600,3827883300400,false,Hết hàng! Sản phẩm Flash Sale 'FSI-00167': yêu cầu 1; còn lại 0
TXN-SYNCHRONIZED-00370,REQ-SIM-00370,-,CUS-00370,FSI-00167,1,SYNCHRONIZED,pool-3-thread-370,3826218796500,3827883599800,false,Hết hàng! Sản phẩm Flash Sale 'FSI-00167': yêu cầu 1; còn lại 0
TXN-SYNCHRONIZED-00371,REQ-SIM-00371,-,CUS-00371,FSI-00167,1,SYNCHRONIZED,pool-3-thread-371,3826218805400,3827883897300,false,Hết hàng! Sản phẩm Flash Sale 'FSI-00167': yêu cầu 1; còn lại 0
TXN-SYNCHRONIZED-00372,REQ-SIM-00372,-,CUS-00372,FSI-00167,1,SYNCHRONIZED,pool-3-thread-372,3826218814100,3827884255300,false,Hết hàng! Sản phẩm Flash Sale 'FSI-00167': yêu cầu 1; còn lại 0
TXN-SYNCHRONIZED-00373,REQ-SIM-00373,-,CUS-00373,FSI-00167,1,SYNCHRONIZED,pool-3-thread-373,3826218824200,3827884572000,false,Hết hàng! Sản phẩm Flash Sale 'FSI-00167': yêu cầu 1; còn lại 0
TXN-SYNCHRONIZED-00374,REQ-SIM-00374,-,CUS-00374,FSI-00167,1,SYNCHRONIZED,pool-3-thread-374,3826218832400,3827884891400,false,Hết hàng! Sản phẩm Flash Sale 'FSI-00167': yêu cầu 1; còn lại 0
TXN-SYNCHRONIZED-00375,REQ-SIM-00375,-,CUS-00375,FSI-00167,1,SYNCHRONIZED,pool-3-thread-375,3826218840000,3827885237700,false,Hết hàng! Sản phẩm Flash Sale 'FSI-00167': yêu cầu 1; còn lại 0
TXN-SYNCHRONIZED-00376,REQ-SIM-00376,-,CUS-00376,FSI-00167,1,SYNCHRONIZED,pool-3-thread-376,3826218848400,3827885563400,false,Hết hàng! Sản phẩm Flash Sale 'FSI-00167': yêu cầu 1; còn lại 0
TXN-SYNCHRONIZED-00377,REQ-SIM-00377,-,CUS-00377,FSI-00167,1,SYNCHRONIZED,pool-3-thread-377,3826218855800,3827885872500,false,Hết hàng! Sản phẩm Flash Sale 'FSI-00167': yêu cầu 1; còn lại 0
TXN-SYNCHRONIZED-00378,REQ-SIM-00378,-,CUS-00378,FSI-00167,1,SYNCHRONIZED,pool-3-thread-378,3826218864800,3827886187400,false,Hết hàng! Sản phẩm Flash Sale 'FSI-00167': yêu cầu 1; còn lại 0
TXN-SYNCHRONIZED-00379,REQ-SIM-00379,-,CUS-00379,FSI-00167,1,SYNCHRONIZED,pool-3-thread-379,3826218876500,3827886490000,false,Hết hàng! Sản phẩm Flash Sale 'FSI-00167': yêu cầu 1; còn lại 0
TXN-SYNCHRONIZED-00380,REQ-SIM-00380,-,CUS-00380,FSI-00167,1,SYNCHRONIZED,pool-3-thread-380,3826218884800,3827886793900,false,Hết hàng! Sản phẩm Flash Sale 'FSI-00167': yêu cầu 1; còn lại 0
TXN-SYNCHRONIZED-00381,REQ-SIM-00381,-,CUS-00381,FSI-00167,1,SYNCHRONIZED,pool-3-thread-381,3826218892400,3827887105300,false,Hết hàng! Sản phẩm Flash Sale 'FSI-00167': yêu cầu 1; còn lại 0
TXN-SYNCHRONIZED-00382,REQ-SIM-00382,-,CUS-00382,FSI-00167,1,SYNCHRONIZED,pool-3-thread-382,3826218899700,3827887446300,false,Hết hàng! Sản phẩm Flash Sale 'FSI-00167': yêu cầu 1; còn lại 0
TXN-SYNCHRONIZED-00383,REQ-SIM-00383,-,CUS-00383,FSI-00167,1,SYNCHRONIZED,pool-3-thread-383,3826218907900,3827887766800,false,Hết hàng! Sản phẩm Flash Sale 'FSI-00167': yêu cầu 1; còn lại 0
TXN-SYNCHRONIZED-00384,REQ-SIM-00384,-,CUS-00384,FSI-00167,1,SYNCHRONIZED,pool-3-thread-384,3826218916500,3827888211900,false,Hết hàng! Sản phẩm Flash Sale 'FSI-00167': yêu cầu 1; còn lại 0
TXN-SYNCHRONIZED-00385,REQ-SIM-00385,-,CUS-00385,FSI-00167,1,SYNCHRONIZED,pool-3-thread-385,3826218924800,3827888512800,false,Hết hàng! Sản phẩm Flash Sale 'FSI-00167': yêu cầu 1; còn lại 0
TXN-SYNCHRONIZED-00386,REQ-SIM-00386,-,CUS-00386,FSI-00167,1,SYNCHRONIZED,pool-3-thread-386,3826218936300,3827888814400,false,Hết hàng! Sản phẩm Flash Sale 'FSI-00167': yêu cầu 1; còn lại 0
TXN-SYNCHRONIZED-00387,REQ-SIM-00387,-,CUS-00387,FSI-00167,1,SYNCHRONIZED,pool-3-thread-387,3826218944800,3827889178000,false,Hết hàng! Sản phẩm Flash Sale 'FSI-00167': yêu cầu 1; còn lại 0
TXN-SYNCHRONIZED-00388,REQ-SIM-00388,-,CUS-00388,FSI-00167,1,SYNCHRONIZED,pool-3-thread-388,3826218952800,3827889566600,false,Hết hàng! Sản phẩm Flash Sale 'FSI-00167': yêu cầu 1; còn lại 0
TXN-SYNCHRONIZED-00389,REQ-SIM-00389,-,CUS-00389,FSI-00167,1,SYNCHRONIZED,pool-3-thread-389,3826218960600,3827889914400,false,Hết hàng! Sản phẩm Flash Sale 'FSI-00167': yêu cầu 1; còn lại 0
TXN-SYNCHRONIZED-00390,REQ-SIM-00390,-,CUS-00390,FSI-00167,1,SYNCHRONIZED,pool-3-thread-390,3826218968900,3827890256600,false,Hết hàng! Sản phẩm Flash Sale 'FSI-00167': yêu cầu 1; còn lại 0
TXN-SYNCHRONIZED-00391,REQ-SIM-00391,-,CUS-00391,FSI-00167,1,SYNCHRONIZED,pool-3-thread-391,3826218977200,3827890559300,false,Hết hàng! Sản phẩm Flash Sale 'FSI-00167': yêu cầu 1; còn lại 0
TXN-SYNCHRONIZED-00392,REQ-SIM-00392,-,CUS-00392,FSI-00167,1,SYNCHRONIZED,pool-3-thread-392,3826218984800,3827890853700,false,Hết hàng! Sản phẩm Flash Sale 'FSI-00167': yêu cầu 1; còn lại 0
TXN-SYNCHRONIZED-00393,REQ-SIM-00393,-,CUS-00393,FSI-00167,1,SYNCHRONIZED,pool-3-thread-393,3826218993200,3827891164200,false,Hết hàng! Sản phẩm Flash Sale 'FSI-00167': yêu cầu 1; còn lại 0
TXN-SYNCHRONIZED-00394,REQ-SIM-00394,-,CUS-00394,FSI-00167,1,SYNCHRONIZED,pool-3-thread-394,3826219000500,3827891474600,false,Hết hàng! Sản phẩm Flash Sale 'FSI-00167': yêu cầu 1; còn lại 0
TXN-SYNCHRONIZED-00395,REQ-SIM-00395,-,CUS-00395,FSI-00167,1,SYNCHRONIZED,pool-3-thread-395,3826219008600,3827891767800,false,Hết hàng! Sản phẩm Flash Sale 'FSI-00167': yêu cầu 1; còn lại 0
TXN-SYNCHRONIZED-00396,REQ-SIM-00396,-,CUS-00396,FSI-00167,1,SYNCHRONIZED,pool-3-thread-396,3826219016500,3827892065300,false,Hết hàng! Sản phẩm Flash Sale 'FSI-00167': yêu cầu 1; còn lại 0
TXN-SYNCHRONIZED-00397,REQ-SIM-00397,-,CUS-00397,FSI-00167,1,SYNCHRONIZED,pool-3-thread-397,3826219024300,3827892349100,false,Hết hàng! Sản phẩm Flash Sale 'FSI-00167': yêu cầu 1; còn lại 0
TXN-SYNCHRONIZED-00398,REQ-SIM-00398,-,CUS-00398,FSI-00167,1,SYNCHRONIZED,pool-3-thread-398,3826219032500,3827892659900,false,Hết hàng! Sản phẩm Flash Sale 'FSI-00167': yêu cầu 1; còn lại 0
TXN-SYNCHRONIZED-00399,REQ-SIM-00399,-,CUS-00399,FSI-00167,1,SYNCHRONIZED,pool-3-thread-399,3826219039900,3827892972700,false,Hết hàng! Sản phẩm Flash Sale 'FSI-00167': yêu cầu 1; còn lại 0
TXN-SYNCHRONIZED-00400,REQ-SIM-00400,-,CUS-00400,FSI-00167,1,SYNCHRONIZED,pool-3-thread-400,3826219047200,3827893268200,false,Hết hàng! Sản phẩm Flash Sale 'FSI-00167': yêu cầu 1; còn lại 0
TXN-SYNCHRONIZED-00401,REQ-SIM-00401,-,CUS-00401,FSI-00167,1,SYNCHRONIZED,pool-3-thread-401,3826219055000,3827893574100,false,Hết hàng! Sản phẩm Flash Sale 'FSI-00167': yêu cầu 1; còn lại 0
TXN-SYNCHRONIZED-00402,REQ-SIM-00402,-,CUS-00402,FSI-00167,1,SYNCHRONIZED,pool-3-thread-402,3826219062600,3827893877500,false,Hết hàng! Sản phẩm Flash Sale 'FSI-00167': yêu cầu 1; còn lại 0
TXN-SYNCHRONIZED-00403,REQ-SIM-00403,-,CUS-00403,FSI-00167,1,SYNCHRONIZED,pool-3-thread-403,3826219070700,3827894172700,false,Hết hàng! Sản phẩm Flash Sale 'FSI-00167': yêu cầu 1; còn lại 0
TXN-SYNCHRONIZED-00404,REQ-SIM-00404,-,CUS-00404,FSI-00167,1,SYNCHRONIZED,pool-3-thread-404,3826219078000,3827894494100,false,Hết hàng! Sản phẩm Flash Sale 'FSI-00167': yêu cầu 1; còn lại 0
TXN-SYNCHRONIZED-00405,REQ-SIM-00405,-,CUS-00405,FSI-00167,1,SYNCHRONIZED,pool-3-thread-405,3826219088400,3827894782800,false,Hết hàng! Sản phẩm Flash Sale 'FSI-00167': yêu cầu 1; còn lại 0
TXN-SYNCHRONIZED-00406,REQ-SIM-00406,-,CUS-00406,FSI-00167,1,SYNCHRONIZED,pool-3-thread-406,3826219095600,3827895078400,false,Hết hàng! Sản phẩm Flash Sale 'FSI-00167': yêu cầu 1; còn lại 0
TXN-SYNCHRONIZED-00407,REQ-SIM-00407,-,CUS-00407,FSI-00167,1,SYNCHRONIZED,pool-3-thread-407,3826219103300,3827895376100,false,Hết hàng! Sản phẩm Flash Sale 'FSI-00167': yêu cầu 1; còn lại 0
TXN-SYNCHRONIZED-00408,REQ-SIM-00408,-,CUS-00408,FSI-00167,1,SYNCHRONIZED,pool-3-thread-408,3826219113400,3827895669200,false,Hết hàng! Sản phẩm Flash Sale 'FSI-00167': yêu cầu 1; còn lại 0
TXN-SYNCHRONIZED-00409,REQ-SIM-00409,-,CUS-00409,FSI-00167,1,SYNCHRONIZED,pool-3-thread-409,3826219128300,3827895971200,false,Hết hàng! Sản phẩm Flash Sale 'FSI-00167': yêu cầu 1; còn lại 0
TXN-SYNCHRONIZED-00410,REQ-SIM-00410,-,CUS-00410,FSI-00167,1,SYNCHRONIZED,pool-3-thread-410,3826219136300,3827896274000,false,Hết hàng! Sản phẩm Flash Sale 'FSI-00167': yêu cầu 1; còn lại 0
TXN-SYNCHRONIZED-00411,REQ-SIM-00411,-,CUS-00411,FSI-00167,1,SYNCHRONIZED,pool-3-thread-411,3826219144500,3827896575000,false,Hết hàng! Sản phẩm Flash Sale 'FSI-00167': yêu cầu 1; còn lại 0
TXN-SYNCHRONIZED-00412,REQ-SIM-00412,-,CUS-00412,FSI-00167,1,SYNCHRONIZED,pool-3-thread-412,3826219152200,3827896881900,false,Hết hàng! Sản phẩm Flash Sale 'FSI-00167': yêu cầu 1; còn lại 0
TXN-SYNCHRONIZED-00413,REQ-SIM-00413,-,CUS-00413,FSI-00167,1,SYNCHRONIZED,pool-3-thread-413,3826219161100,3827897187700,false,Hết hàng! Sản phẩm Flash Sale 'FSI-00167': yêu cầu 1; còn lại 0
TXN-SYNCHRONIZED-00414,REQ-SIM-00414,-,CUS-00414,FSI-00167,1,SYNCHRONIZED,pool-3-thread-414,3826219169800,3827897468000,false,Hết hàng! Sản phẩm Flash Sale 'FSI-00167': yêu cầu 1; còn lại 0
TXN-SYNCHRONIZED-00415,REQ-SIM-00415,-,CUS-00415,FSI-00167,1,SYNCHRONIZED,pool-3-thread-415,3826219179600,3827897825700,false,Hết hàng! Sản phẩm Flash Sale 'FSI-00167': yêu cầu 1; còn lại 0
TXN-SYNCHRONIZED-00416,REQ-SIM-00416,-,CUS-00416,FSI-00167,1,SYNCHRONIZED,pool-3-thread-416,3826219187800,3827898119600,false,Hết hàng! Sản phẩm Flash Sale 'FSI-00167': yêu cầu 1; còn lại 0
TXN-SYNCHRONIZED-00417,REQ-SIM-00417,-,CUS-00417,FSI-00167,1,SYNCHRONIZED,pool-3-thread-417,3826219196000,3827898428900,false,Hết hàng! Sản phẩm Flash Sale 'FSI-00167': yêu cầu 1; còn lại 0
TXN-SYNCHRONIZED-00418,REQ-SIM-00418,-,CUS-00418,FSI-00167,1,SYNCHRONIZED,pool-3-thread-418,3826219203300,3827898783000,false,Hết hàng! Sản phẩm Flash Sale 'FSI-00167': yêu cầu 1; còn lại 0
TXN-SYNCHRONIZED-00419,REQ-SIM-00419,-,CUS-00419,FSI-00167,1,SYNCHRONIZED,pool-3-thread-419,3826219211500,3827899076000,false,Hết hàng! Sản phẩm Flash Sale 'FSI-00167': yêu cầu 1; còn lại 0
TXN-SYNCHRONIZED-00420,REQ-SIM-00420,-,CUS-00420,FSI-00167,1,SYNCHRONIZED,pool-3-thread-420,3826219219300,3827899368400,false,Hết hàng! Sản phẩm Flash Sale 'FSI-00167': yêu cầu 1; còn lại 0
TXN-SYNCHRONIZED-00421,REQ-SIM-00421,-,CUS-00421,FSI-00167,1,SYNCHRONIZED,pool-3-thread-421,3826219226900,3827899665800,false,Hết hàng! Sản phẩm Flash Sale 'FSI-00167': yêu cầu 1; còn lại 0
TXN-SYNCHRONIZED-00422,REQ-SIM-00422,-,CUS-00422,FSI-00167,1,SYNCHRONIZED,pool-3-thread-422,3826219234600,3827900043200,false,Hết hàng! Sản phẩm Flash Sale 'FSI-00167': yêu cầu 1; còn lại 0
TXN-SYNCHRONIZED-00423,REQ-SIM-00423,-,CUS-00423,FSI-00167,1,SYNCHRONIZED,pool-3-thread-423,3826219241700,3827900329700,false,Hết hàng! Sản phẩm Flash Sale 'FSI-00167': yêu cầu 1; còn lại 0
TXN-SYNCHRONIZED-00424,REQ-SIM-00424,-,CUS-00424,FSI-00167,1,SYNCHRONIZED,pool-3-thread-424,3826219249300,3827900627500,false,Hết hàng! Sản phẩm Flash Sale 'FSI-00167': yêu cầu 1; còn lại 0
TXN-SYNCHRONIZED-00425,REQ-SIM-00425,-,CUS-00425,FSI-00167,1,SYNCHRONIZED,pool-3-thread-425,3826219257500,3827900939300,false,Hết hàng! Sản phẩm Flash Sale 'FSI-00167': yêu cầu 1; còn lại 0
TXN-SYNCHRONIZED-00426,REQ-SIM-00426,-,CUS-00426,FSI-00167,1,SYNCHRONIZED,pool-3-thread-426,3826219265000,3827901350900,false,Hết hàng! Sản phẩm Flash Sale 'FSI-00167': yêu cầu 1; còn lại 0
TXN-SYNCHRONIZED-00427,REQ-SIM-00427,-,CUS-00427,FSI-00167,1,SYNCHRONIZED,pool-3-thread-427,3826219275400,3827901644300,false,Hết hàng! Sản phẩm Flash Sale 'FSI-00167': yêu cầu 1; còn lại 0
TXN-SYNCHRONIZED-00428,REQ-SIM-00428,-,CUS-00428,FSI-00167,1,SYNCHRONIZED,pool-3-thread-428,3826219281400,3827901932400,false,Hết hàng! Sản phẩm Flash Sale 'FSI-00167': yêu cầu 1; còn lại 0
TXN-SYNCHRONIZED-00429,REQ-SIM-00429,-,CUS-00429,FSI-00167,1,SYNCHRONIZED,pool-3-thread-429,3826219289400,3827902219100,false,Hết hàng! Sản phẩm Flash Sale 'FSI-00167': yêu cầu 1; còn lại 0
TXN-SYNCHRONIZED-00430,REQ-SIM-00430,-,CUS-00430,FSI-00167,1,SYNCHRONIZED,pool-3-thread-430,3826219300200,3827902513000,false,Hết hàng! Sản phẩm Flash Sale 'FSI-00167': yêu cầu 1; còn lại 0
TXN-SYNCHRONIZED-00431,REQ-SIM-00431,-,CUS-00431,FSI-00167,1,SYNCHRONIZED,pool-3-thread-431,3826219311100,3827902806500,false,Hết hàng! Sản phẩm Flash Sale 'FSI-00167': yêu cầu 1; còn lại 0
TXN-SYNCHRONIZED-00432,REQ-SIM-00432,-,CUS-00432,FSI-00167,1,SYNCHRONIZED,pool-3-thread-432,3826219318700,3827903098300,false,Hết hàng! Sản phẩm Flash Sale 'FSI-00167': yêu cầu 1; còn lại 0
TXN-SYNCHRONIZED-00433,REQ-SIM-00433,-,CUS-00433,FSI-00167,1,SYNCHRONIZED,pool-3-thread-433,3826219326700,3827903378300,false,Hết hàng! Sản phẩm Flash Sale 'FSI-00167': yêu cầu 1; còn lại 0
TXN-SYNCHRONIZED-00434,REQ-SIM-00434,-,CUS-00434,FSI-00167,1,SYNCHRONIZED,pool-3-thread-434,3826219334400,3827903729900,false,Hết hàng! Sản phẩm Flash Sale 'FSI-00167': yêu cầu 1; còn lại 0
TXN-SYNCHRONIZED-00435,REQ-SIM-00435,-,CUS-00435,FSI-00167,1,SYNCHRONIZED,pool-3-thread-435,3826219341900,3827904012600,false,Hết hàng! Sản phẩm Flash Sale 'FSI-00167': yêu cầu 1; còn lại 0
TXN-SYNCHRONIZED-00436,REQ-SIM-00436,-,CUS-00436,FSI-00167,1,SYNCHRONIZED,pool-3-thread-436,3826219349000,3827904302500,false,Hết hàng! Sản phẩm Flash Sale 'FSI-00167': yêu cầu 1; còn lại 0
TXN-SYNCHRONIZED-00437,REQ-SIM-00437,-,CUS-00437,FSI-00167,1,SYNCHRONIZED,pool-3-thread-437,3826219356700,3827904617600,false,Hết hàng! Sản phẩm Flash Sale 'FSI-00167': yêu cầu 1; còn lại 0
TXN-SYNCHRONIZED-00438,REQ-SIM-00438,-,CUS-00438,FSI-00167,1,SYNCHRONIZED,pool-3-thread-438,3826219364200,3827904900700,false,Hết hàng! Sản phẩm Flash Sale 'FSI-00167': yêu cầu 1; còn lại 0
TXN-SYNCHRONIZED-00439,REQ-SIM-00439,-,CUS-00439,FSI-00167,1,SYNCHRONIZED,pool-3-thread-439,3826219371600,3827905186400,false,Hết hàng! Sản phẩm Flash Sale 'FSI-00167': yêu cầu 1; còn lại 0
TXN-SYNCHRONIZED-00440,REQ-SIM-00440,-,CUS-00440,FSI-00167,1,SYNCHRONIZED,pool-3-thread-440,3826219379600,3827905475100,false,Hết hàng! Sản phẩm Flash Sale 'FSI-00167': yêu cầu 1; còn lại 0
TXN-SYNCHRONIZED-00441,REQ-SIM-00441,-,CUS-00441,FSI-00167,1,SYNCHRONIZED,pool-3-thread-441,3826219387100,3827905767800,false,Hết hàng! Sản phẩm Flash Sale 'FSI-00167': yêu cầu 1; còn lại 0
TXN-SYNCHRONIZED-00442,REQ-SIM-00442,-,CUS-00442,FSI-00167,1,SYNCHRONIZED,pool-3-thread-442,3826219394500,3827906104500,false,Hết hàng! Sản phẩm Flash Sale 'FSI-00167': yêu cầu 1; còn lại 0
TXN-SYNCHRONIZED-00443,REQ-SIM-00443,-,CUS-00443,FSI-00167,1,SYNCHRONIZED,pool-3-thread-443,3826219402200,3827906379700,false,Hết hàng! Sản phẩm Flash Sale 'FSI-00167': yêu cầu 1; còn lại 0
TXN-SYNCHRONIZED-00444,REQ-SIM-00444,-,CUS-00444,FSI-00167,1,SYNCHRONIZED,pool-3-thread-444,3826219409700,3827906658400,false,Hết hàng! Sản phẩm Flash Sale 'FSI-00167': yêu cầu 1; còn lại 0
TXN-SYNCHRONIZED-00445,REQ-SIM-00445,-,CUS-00445,FSI-00167,1,SYNCHRONIZED,pool-3-thread-445,3826219417500,3827906963100,false,Hết hàng! Sản phẩm Flash Sale 'FSI-00167': yêu cầu 1; còn lại 0
TXN-SYNCHRONIZED-00446,REQ-SIM-00446,-,CUS-00446,FSI-00167,1,SYNCHRONIZED,pool-3-thread-446,3826219425100,3827907251900,false,Hết hàng! Sản phẩm Flash Sale 'FSI-00167': yêu cầu 1; còn lại 0
TXN-SYNCHRONIZED-00447,REQ-SIM-00447,-,CUS-00447,FSI-00167,1,SYNCHRONIZED,pool-3-thread-447,3826219433200,3827907536800,false,Hết hàng! Sản phẩm Flash Sale 'FSI-00167': yêu cầu 1; còn lại 0
TXN-SYNCHRONIZED-00448,REQ-SIM-00448,-,CUS-00448,FSI-00167,1,SYNCHRONIZED,pool-3-thread-448,3826219441200,3827907811600,false,Hết hàng! Sản phẩm Flash Sale 'FSI-00167': yêu cầu 1; còn lại 0
TXN-SYNCHRONIZED-00449,REQ-SIM-00449,-,CUS-00449,FSI-00167,1,SYNCHRONIZED,pool-3-thread-449,3826219449300,3827908095900,false,Hết hàng! Sản phẩm Flash Sale 'FSI-00167': yêu cầu 1; còn lại 0
TXN-SYNCHRONIZED-00450,REQ-SIM-00450,-,CUS-00450,FSI-00167,1,SYNCHRONIZED,pool-3-thread-450,3826219457000,3827908364600,false,Hết hàng! Sản phẩm Flash Sale 'FSI-00167': yêu cầu 1; còn lại 0
TXN-SYNCHRONIZED-00451,REQ-SIM-00451,-,CUS-00451,FSI-00167,1,SYNCHRONIZED,pool-3-thread-451,3826219465000,3827908640600,false,Hết hàng! Sản phẩm Flash Sale 'FSI-00167': yêu cầu 1; còn lại 0
TXN-SYNCHRONIZED-00452,REQ-SIM-00452,-,CUS-00452,FSI-00167,1,SYNCHRONIZED,pool-3-thread-452,3826219472300,3827908925900,false,Hết hàng! Sản phẩm Flash Sale 'FSI-00167': yêu cầu 1; còn lại 0
TXN-SYNCHRONIZED-00453,REQ-SIM-00453,-,CUS-00453,FSI-00167,1,SYNCHRONIZED,pool-3-thread-453,3826219479800,3827909209400,false,Hết hàng! Sản phẩm Flash Sale 'FSI-00167': yêu cầu 1; còn lại 0
TXN-SYNCHRONIZED-00454,REQ-SIM-00454,-,CUS-00454,FSI-00167,1,SYNCHRONIZED,pool-3-thread-454,3826219487300,3827909552200,false,Hết hàng! Sản phẩm Flash Sale 'FSI-00167': yêu cầu 1; còn lại 0
TXN-SYNCHRONIZED-00455,REQ-SIM-00455,-,CUS-00455,FSI-00167,1,SYNCHRONIZED,pool-3-thread-455,3826219495600,3827909867200,false,Hết hàng! Sản phẩm Flash Sale 'FSI-00167': yêu cầu 1; còn lại 0
TXN-SYNCHRONIZED-00456,REQ-SIM-00456,-,CUS-00456,FSI-00167,1,SYNCHRONIZED,pool-3-thread-456,3826219503400,3827910139400,false,Hết hàng! Sản phẩm Flash Sale 'FSI-00167': yêu cầu 1; còn lại 0
TXN-SYNCHRONIZED-00457,REQ-SIM-00457,-,CUS-00457,FSI-00167,1,SYNCHRONIZED,pool-3-thread-457,3826219510900,3827910423500,false,Hết hàng! Sản phẩm Flash Sale 'FSI-00167': yêu cầu 1; còn lại 0
TXN-SYNCHRONIZED-00458,REQ-SIM-00458,-,CUS-00458,FSI-00167,1,SYNCHRONIZED,pool-3-thread-458,3826219518900,3827910772800,false,Hết hàng! Sản phẩm Flash Sale 'FSI-00167': yêu cầu 1; còn lại 0
TXN-SYNCHRONIZED-00459,REQ-SIM-00459,-,CUS-00459,FSI-00167,1,SYNCHRONIZED,pool-3-thread-459,3826219526600,3827911053200,false,Hết hàng! Sản phẩm Flash Sale 'FSI-00167': yêu cầu 1; còn lại 0
TXN-SYNCHRONIZED-00460,REQ-SIM-00460,-,CUS-00460,FSI-00167,1,SYNCHRONIZED,pool-3-thread-460,3826219533800,3827911381100,false,Hết hàng! Sản phẩm Flash Sale 'FSI-00167': yêu cầu 1; còn lại 0
TXN-SYNCHRONIZED-00461,REQ-SIM-00461,-,CUS-00461,FSI-00167,1,SYNCHRONIZED,pool-3-thread-461,3826219542400,3827911678900,false,Hết hàng! Sản phẩm Flash Sale 'FSI-00167': yêu cầu 1; còn lại 0
TXN-SYNCHRONIZED-00462,REQ-SIM-00462,-,CUS-00462,FSI-00167,1,SYNCHRONIZED,pool-3-thread-462,3826219551000,3827912051200,false,Hết hàng! Sản phẩm Flash Sale 'FSI-00167': yêu cầu 1; còn lại 0
TXN-SYNCHRONIZED-00463,REQ-SIM-00463,-,CUS-00463,FSI-00167,1,SYNCHRONIZED,pool-3-thread-463,3826219558800,3827912339400,false,Hết hàng! Sản phẩm Flash Sale 'FSI-00167': yêu cầu 1; còn lại 0
TXN-SYNCHRONIZED-00464,REQ-SIM-00464,-,CUS-00464,FSI-00167,1,SYNCHRONIZED,pool-3-thread-464,3826219566800,3827912631000,false,Hết hàng! Sản phẩm Flash Sale 'FSI-00167': yêu cầu 1; còn lại 0
TXN-SYNCHRONIZED-00465,REQ-SIM-00465,-,CUS-00465,FSI-00167,1,SYNCHRONIZED,pool-3-thread-465,3826219574100,3827912963200,false,Hết hàng! Sản phẩm Flash Sale 'FSI-00167': yêu cầu 1; còn lại 0
TXN-SYNCHRONIZED-00466,REQ-SIM-00466,-,CUS-00466,FSI-00167,1,SYNCHRONIZED,pool-3-thread-466,3826219581800,3827913246900,false,Hết hàng! Sản phẩm Flash Sale 'FSI-00167': yêu cầu 1; còn lại 0
TXN-SYNCHRONIZED-00467,REQ-SIM-00467,-,CUS-00467,FSI-00167,1,SYNCHRONIZED,pool-3-thread-467,3826219589400,3827913558800,false,Hết hàng! Sản phẩm Flash Sale 'FSI-00167': yêu cầu 1; còn lại 0
TXN-SYNCHRONIZED-00468,REQ-SIM-00468,-,CUS-00468,FSI-00167,1,SYNCHRONIZED,pool-3-thread-468,3826219596900,3827913890500,false,Hết hàng! Sản phẩm Flash Sale 'FSI-00167': yêu cầu 1; còn lại 0
TXN-SYNCHRONIZED-00469,REQ-SIM-00469,-,CUS-00469,FSI-00167,1,SYNCHRONIZED,pool-3-thread-469,3826219604500,3827914230200,false,Hết hàng! Sản phẩm Flash Sale 'FSI-00167': yêu cầu 1; còn lại 0
TXN-SYNCHRONIZED-00470,REQ-SIM-00470,-,CUS-00470,FSI-00167,1,SYNCHRONIZED,pool-3-thread-470,3826219612500,3827914571100,false,Hết hàng! Sản phẩm Flash Sale 'FSI-00167': yêu cầu 1; còn lại 0
TXN-SYNCHRONIZED-00471,REQ-SIM-00471,-,CUS-00471,FSI-00167,1,SYNCHRONIZED,pool-3-thread-471,3826219619800,3827914846600,false,Hết hàng! Sản phẩm Flash Sale 'FSI-00167': yêu cầu 1; còn lại 0
TXN-SYNCHRONIZED-00472,REQ-SIM-00472,-,CUS-00472,FSI-00167,1,SYNCHRONIZED,pool-3-thread-472,3826219627000,3827915160500,false,Hết hàng! Sản phẩm Flash Sale 'FSI-00167': yêu cầu 1; còn lại 0
TXN-SYNCHRONIZED-00473,REQ-SIM-00473,-,CUS-00473,FSI-00167,1,SYNCHRONIZED,pool-3-thread-473,3826219634200,3827915534600,false,Hết hàng! Sản phẩm Flash Sale 'FSI-00167': yêu cầu 1; còn lại 0
TXN-SYNCHRONIZED-00474,REQ-SIM-00474,-,CUS-00474,FSI-00167,1,SYNCHRONIZED,pool-3-thread-474,3826219641600,3827915809600,false,Hết hàng! Sản phẩm Flash Sale 'FSI-00167': yêu cầu 1; còn lại 0
TXN-SYNCHRONIZED-00475,REQ-SIM-00475,-,CUS-00475,FSI-00167,1,SYNCHRONIZED,pool-3-thread-475,3826219649000,3827916089600,false,Hết hàng! Sản phẩm Flash Sale 'FSI-00167': yêu cầu 1; còn lại 0
TXN-SYNCHRONIZED-00476,REQ-SIM-00476,-,CUS-00476,FSI-00167,1,SYNCHRONIZED,pool-3-thread-476,3826219656800,3827916367300,false,Hết hàng! Sản phẩm Flash Sale 'FSI-00167': yêu cầu 1; còn lại 0
TXN-SYNCHRONIZED-00477,REQ-SIM-00477,-,CUS-00477,FSI-00167,1,SYNCHRONIZED,pool-3-thread-477,3826219663900,3827916647000,false,Hết hàng! Sản phẩm Flash Sale 'FSI-00167': yêu cầu 1; còn lại 0
TXN-SYNCHRONIZED-00478,REQ-SIM-00478,-,CUS-00478,FSI-00167,1,SYNCHRONIZED,pool-3-thread-478,3826219671200,3827917009000,false,Hết hàng! Sản phẩm Flash Sale 'FSI-00167': yêu cầu 1; còn lại 0
TXN-SYNCHRONIZED-00479,REQ-SIM-00479,-,CUS-00479,FSI-00167,1,SYNCHRONIZED,pool-3-thread-479,3826219678900,3827917357600,false,Hết hàng! Sản phẩm Flash Sale 'FSI-00167': yêu cầu 1; còn lại 0
TXN-SYNCHRONIZED-00480,REQ-SIM-00480,-,CUS-00480,FSI-00167,1,SYNCHRONIZED,pool-3-thread-480,3826219687000,3827917694600,false,Hết hàng! Sản phẩm Flash Sale 'FSI-00167': yêu cầu 1; còn lại 0
TXN-SYNCHRONIZED-00481,REQ-SIM-00481,-,CUS-00481,FSI-00167,1,SYNCHRONIZED,pool-3-thread-481,3826219695100,3827918036600,false,Hết hàng! Sản phẩm Flash Sale 'FSI-00167': yêu cầu 1; còn lại 0
TXN-SYNCHRONIZED-00482,REQ-SIM-00482,-,CUS-00482,FSI-00167,1,SYNCHRONIZED,pool-3-thread-482,3826219703200,3827918375600,false,Hết hàng! Sản phẩm Flash Sale 'FSI-00167': yêu cầu 1; còn lại 0
TXN-SYNCHRONIZED-00483,REQ-SIM-00483,-,CUS-00483,FSI-00167,1,SYNCHRONIZED,pool-3-thread-483,3826219710600,3827918677100,false,Hết hàng! Sản phẩm Flash Sale 'FSI-00167': yêu cầu 1; còn lại 0
TXN-SYNCHRONIZED-00484,REQ-SIM-00484,-,CUS-00484,FSI-00167,1,SYNCHRONIZED,pool-3-thread-484,3826219718100,3827918967700,false,Hết hàng! Sản phẩm Flash Sale 'FSI-00167': yêu cầu 1; còn lại 0
TXN-SYNCHRONIZED-00485,REQ-SIM-00485,-,CUS-00485,FSI-00167,1,SYNCHRONIZED,pool-3-thread-485,3826219726000,3827919253500,false,Hết hàng! Sản phẩm Flash Sale 'FSI-00167': yêu cầu 1; còn lại 0
TXN-SYNCHRONIZED-00486,REQ-SIM-00486,-,CUS-00486,FSI-00167,1,SYNCHRONIZED,pool-3-thread-486,3826219733800,3827919546800,false,Hết hàng! Sản phẩm Flash Sale 'FSI-00167': yêu cầu 1; còn lại 0
TXN-SYNCHRONIZED-00487,REQ-SIM-00487,-,CUS-00487,FSI-00167,1,SYNCHRONIZED,pool-3-thread-487,3826219741500,3827919859200,false,Hết hàng! Sản phẩm Flash Sale 'FSI-00167': yêu cầu 1; còn lại 0
TXN-SYNCHRONIZED-00488,REQ-SIM-00488,-,CUS-00488,FSI-00167,1,SYNCHRONIZED,pool-3-thread-488,3826219749000,3827920146000,false,Hết hàng! Sản phẩm Flash Sale 'FSI-00167': yêu cầu 1; còn lại 0
TXN-SYNCHRONIZED-00489,REQ-SIM-00489,-,CUS-00489,FSI-00167,1,SYNCHRONIZED,pool-3-thread-489,3826219756200,3827920434200,false,Hết hàng! Sản phẩm Flash Sale 'FSI-00167': yêu cầu 1; còn lại 0
TXN-SYNCHRONIZED-00490,REQ-SIM-00490,-,CUS-00490,FSI-00167,1,SYNCHRONIZED,pool-3-thread-490,3826219763200,3827920739200,false,Hết hàng! Sản phẩm Flash Sale 'FSI-00167': yêu cầu 1; còn lại 0
TXN-SYNCHRONIZED-00491,REQ-SIM-00491,-,CUS-00491,FSI-00167,1,SYNCHRONIZED,pool-3-thread-491,3826219771800,3827921038800,false,Hết hàng! Sản phẩm Flash Sale 'FSI-00167': yêu cầu 1; còn lại 0
TXN-SYNCHRONIZED-00492,REQ-SIM-00492,-,CUS-00492,FSI-00167,1,SYNCHRONIZED,pool-3-thread-492,3826219778700,3827921329100,false,Hết hàng! Sản phẩm Flash Sale 'FSI-00167': yêu cầu 1; còn lại 0
TXN-SYNCHRONIZED-00493,REQ-SIM-00493,-,CUS-00493,FSI-00167,1,SYNCHRONIZED,pool-3-thread-493,3826219787200,3827921617600,false,Hết hàng! Sản phẩm Flash Sale 'FSI-00167': yêu cầu 1; còn lại 0
TXN-SYNCHRONIZED-00494,REQ-SIM-00494,-,CUS-00494,FSI-00167,1,SYNCHRONIZED,pool-3-thread-494,3826219795300,3827921904100,false,Hết hàng! Sản phẩm Flash Sale 'FSI-00167': yêu cầu 1; còn lại 0
TXN-SYNCHRONIZED-00495,REQ-SIM-00495,-,CUS-00495,FSI-00167,1,SYNCHRONIZED,pool-3-thread-495,3826219803400,3827922183100,false,Hết hàng! Sản phẩm Flash Sale 'FSI-00167': yêu cầu 1; còn lại 0
TXN-SYNCHRONIZED-00496,REQ-SIM-00496,-,CUS-00496,FSI-00167,1,SYNCHRONIZED,pool-3-thread-496,3826219811200,3827922475400,false,Hết hàng! Sản phẩm Flash Sale 'FSI-00167': yêu cầu 1; còn lại 0
TXN-SYNCHRONIZED-00497,REQ-SIM-00497,-,CUS-00497,FSI-00167,1,SYNCHRONIZED,pool-3-thread-497,3826219818400,3827922752800,false,Hết hàng! Sản phẩm Flash Sale 'FSI-00167': yêu cầu 1; còn lại 0
TXN-SYNCHRONIZED-00498,REQ-SIM-00498,-,CUS-00498,FSI-00167,1,SYNCHRONIZED,pool-3-thread-498,3826219826700,3827923031500,false,Hết hàng! Sản phẩm Flash Sale 'FSI-00167': yêu cầu 1; còn lại 0
TXN-SYNCHRONIZED-00499,REQ-SIM-00499,-,CUS-00499,FSI-00167,1,SYNCHRONIZED,pool-3-thread-499,3826219834900,3827923330200,false,Hết hàng! Sản phẩm Flash Sale 'FSI-00167': yêu cầu 1; còn lại 0
TXN-SYNCHRONIZED-00500,REQ-SIM-00500,-,CUS-00500,FSI-00167,1,SYNCHRONIZED,pool-3-thread-500,3826219844100,3827923635900,false,Hết hàng! Sản phẩm Flash Sale 'FSI-00167': yêu cầu 1; còn lại 0
TXN-SYNCHRONIZED-00501,REQ-SIM-00501,-,CUS-00501,FSI-00167,1,SYNCHRONIZED,pool-3-thread-501,3826219852400,3827923927400,false,Hết hàng! Sản phẩm Flash Sale 'FSI-00167': yêu cầu 1; còn lại 0
TXN-SYNCHRONIZED-00502,REQ-SIM-00502,-,CUS-00502,FSI-00167,1,SYNCHRONIZED,pool-3-thread-502,3826219860900,3827924224000,false,Hết hàng! Sản phẩm Flash Sale 'FSI-00167': yêu cầu 1; còn lại 0
TXN-SYNCHRONIZED-00503,REQ-SIM-00503,-,CUS-00503,FSI-00167,1,SYNCHRONIZED,pool-3-thread-503,3826219869500,3827924506200,false,Hết hàng! Sản phẩm Flash Sale 'FSI-00167': yêu cầu 1; còn lại 0
TXN-SYNCHRONIZED-00504,REQ-SIM-00504,-,CUS-00504,FSI-00167,1,SYNCHRONIZED,pool-3-thread-504,3826219877200,3827924782800,false,Hết hàng! Sản phẩm Flash Sale 'FSI-00167': yêu cầu 1; còn lại 0
TXN-SYNCHRONIZED-00505,REQ-SIM-00505,-,CUS-00505,FSI-00167,1,SYNCHRONIZED,pool-3-thread-505,3826219885400,3827925122200,false,Hết hàng! Sản phẩm Flash Sale 'FSI-00167': yêu cầu 1; còn lại 0
TXN-SYNCHRONIZED-00506,REQ-SIM-00506,-,CUS-00506,FSI-00167,1,SYNCHRONIZED,pool-3-thread-506,3826219894100,3827925449100,false,Hết hàng! Sản phẩm Flash Sale 'FSI-00167': yêu cầu 1; còn lại 0
TXN-SYNCHRONIZED-00507,REQ-SIM-00507,-,CUS-00507,FSI-00167,1,SYNCHRONIZED,pool-3-thread-507,3826219904200,3827925738000,false,Hết hàng! Sản phẩm Flash Sale 'FSI-00167': yêu cầu 1; còn lại 0
TXN-SYNCHRONIZED-00508,REQ-SIM-00508,-,CUS-00508,FSI-00167,1,SYNCHRONIZED,pool-3-thread-508,3826219918300,3827926064900,false,Hết hàng! Sản phẩm Flash Sale 'FSI-00167': yêu cầu 1; còn lại 0
TXN-SYNCHRONIZED-00509,REQ-SIM-00509,-,CUS-00509,FSI-00167,1,SYNCHRONIZED,pool-3-thread-509,3826219926900,3827926348100,false,Hết hàng! Sản phẩm Flash Sale 'FSI-00167': yêu cầu 1; còn lại 0
TXN-SYNCHRONIZED-00510,REQ-SIM-00510,-,CUS-00510,FSI-00167,1,SYNCHRONIZED,pool-3-thread-510,3826219936200,3827926626500,false,Hết hàng! Sản phẩm Flash Sale 'FSI-00167': yêu cầu 1; còn lại 0
TXN-SYNCHRONIZED-00511,REQ-SIM-00511,-,CUS-00511,FSI-00167,1,SYNCHRONIZED,pool-3-thread-511,3826219944800,3827926906200,false,Hết hàng! Sản phẩm Flash Sale 'FSI-00167': yêu cầu 1; còn lại 0
TXN-SYNCHRONIZED-00512,REQ-SIM-00512,-,CUS-00512,FSI-00167,1,SYNCHRONIZED,pool-3-thread-512,3826219954300,3827927189400,false,Hết hàng! Sản phẩm Flash Sale 'FSI-00167': yêu cầu 1; còn lại 0
TXN-SYNCHRONIZED-00513,REQ-SIM-00513,-,CUS-00513,FSI-00167,1,SYNCHRONIZED,pool-3-thread-513,3826219962200,3827927477500,false,Hết hàng! Sản phẩm Flash Sale 'FSI-00167': yêu cầu 1; còn lại 0
TXN-SYNCHRONIZED-00514,REQ-SIM-00514,-,CUS-00514,FSI-00167,1,SYNCHRONIZED,pool-3-thread-514,3826219969900,3827927761800,false,Hết hàng! Sản phẩm Flash Sale 'FSI-00167': yêu cầu 1; còn lại 0
TXN-SYNCHRONIZED-00515,REQ-SIM-00515,-,CUS-00515,FSI-00167,1,SYNCHRONIZED,pool-3-thread-515,3826219977800,3827928040900,false,Hết hàng! Sản phẩm Flash Sale 'FSI-00167': yêu cầu 1; còn lại 0
TXN-SYNCHRONIZED-00517,REQ-SIM-00517,-,CUS-00517,FSI-00167,1,SYNCHRONIZED,pool-3-thread-517,3826219985600,3827928321900,false,Hết hàng! Sản phẩm Flash Sale 'FSI-00167': yêu cầu 1; còn lại 0
TXN-SYNCHRONIZED-00516,REQ-SIM-00516,-,CUS-00516,FSI-00167,1,SYNCHRONIZED,pool-3-thread-516,3826219992700,3827928595400,false,Hết hàng! Sản phẩm Flash Sale 'FSI-00167': yêu cầu 1; còn lại 0
TXN-SYNCHRONIZED-00518,REQ-SIM-00518,-,CUS-00518,FSI-00167,1,SYNCHRONIZED,pool-3-thread-518,3826220000100,3827928881300,false,Hết hàng! Sản phẩm Flash Sale 'FSI-00167': yêu cầu 1; còn lại 0
TXN-SYNCHRONIZED-00519,REQ-SIM-00519,-,CUS-00519,FSI-00167,1,SYNCHRONIZED,pool-3-thread-519,3826220007300,3827929162300,false,Hết hàng! Sản phẩm Flash Sale 'FSI-00167': yêu cầu 1; còn lại 0
TXN-SYNCHRONIZED-00520,REQ-SIM-00520,-,CUS-00520,FSI-00167,1,SYNCHRONIZED,pool-3-thread-520,3826220015200,3827929435500,false,Hết hàng! Sản phẩm Flash Sale 'FSI-00167': yêu cầu 1; còn lại 0
TXN-SYNCHRONIZED-00521,REQ-SIM-00521,-,CUS-00521,FSI-00167,1,SYNCHRONIZED,pool-3-thread-521,3826220022800,3827929705900,false,Hết hàng! Sản phẩm Flash Sale 'FSI-00167': yêu cầu 1; còn lại 0
TXN-SYNCHRONIZED-00522,REQ-SIM-00522,-,CUS-00522,FSI-00167,1,SYNCHRONIZED,pool-3-thread-522,3826220030800,3827929972300,false,Hết hàng! Sản phẩm Flash Sale 'FSI-00167': yêu cầu 1; còn lại 0
TXN-SYNCHRONIZED-00523,REQ-SIM-00523,-,CUS-00523,FSI-00167,1,SYNCHRONIZED,pool-3-thread-523,3826220038900,3827930251900,false,Hết hàng! Sản phẩm Flash Sale 'FSI-00167': yêu cầu 1; còn lại 0
TXN-SYNCHRONIZED-00524,REQ-SIM-00524,-,CUS-00524,FSI-00167,1,SYNCHRONIZED,pool-3-thread-524,3826220047300,3827930530700,false,Hết hàng! Sản phẩm Flash Sale 'FSI-00167': yêu cầu 1; còn lại 0
TXN-SYNCHRONIZED-00525,REQ-SIM-00525,-,CUS-00525,FSI-00167,1,SYNCHRONIZED,pool-3-thread-525,3826220055900,3827930806700,false,Hết hàng! Sản phẩm Flash Sale 'FSI-00167': yêu cầu 1; còn lại 0
TXN-SYNCHRONIZED-00526,REQ-SIM-00526,-,CUS-00526,FSI-00167,1,SYNCHRONIZED,pool-3-thread-526,3826220064000,3827931074300,false,Hết hàng! Sản phẩm Flash Sale 'FSI-00167': yêu cầu 1; còn lại 0
TXN-SYNCHRONIZED-00527,REQ-SIM-00527,-,CUS-00527,FSI-00167,1,SYNCHRONIZED,pool-3-thread-527,3826220072600,3827931345900,false,Hết hàng! Sản phẩm Flash Sale 'FSI-00167': yêu cầu 1; còn lại 0
TXN-SYNCHRONIZED-00528,REQ-SIM-00528,-,CUS-00528,FSI-00167,1,SYNCHRONIZED,pool-3-thread-528,3826220080300,3827931615500,false,Hết hàng! Sản phẩm Flash Sale 'FSI-00167': yêu cầu 1; còn lại 0
TXN-SYNCHRONIZED-00529,REQ-SIM-00529,-,CUS-00529,FSI-00167,1,SYNCHRONIZED,pool-3-thread-529,3826220088500,3827931895000,false,Hết hàng! Sản phẩm Flash Sale 'FSI-00167': yêu cầu 1; còn lại 0
TXN-SYNCHRONIZED-00530,REQ-SIM-00530,-,CUS-00530,FSI-00167,1,SYNCHRONIZED,pool-3-thread-530,3826220096200,3827932205400,false,Hết hàng! Sản phẩm Flash Sale 'FSI-00167': yêu cầu 1; còn lại 0
TXN-SYNCHRONIZED-00531,REQ-SIM-00531,-,CUS-00531,FSI-00167,1,SYNCHRONIZED,pool-3-thread-531,3826220104700,3827932493700,false,Hết hàng! Sản phẩm Flash Sale 'FSI-00167': yêu cầu 1; còn lại 0
TXN-SYNCHRONIZED-00532,REQ-SIM-00532,-,CUS-00532,FSI-00167,1,SYNCHRONIZED,pool-3-thread-532,3826220112800,3827932767600,false,Hết hàng! Sản phẩm Flash Sale 'FSI-00167': yêu cầu 1; còn lại 0
TXN-SYNCHRONIZED-00533,REQ-SIM-00533,-,CUS-00533,FSI-00167,1,SYNCHRONIZED,pool-3-thread-533,3826220120400,3827933054600,false,Hết hàng! Sản phẩm Flash Sale 'FSI-00167': yêu cầu 1; còn lại 0
TXN-SYNCHRONIZED-00534,REQ-SIM-00534,-,CUS-00534,FSI-00167,1,SYNCHRONIZED,pool-3-thread-534,3826220127700,3827933339800,false,Hết hàng! Sản phẩm Flash Sale 'FSI-00167': yêu cầu 1; còn lại 0
TXN-SYNCHRONIZED-00535,REQ-SIM-00535,-,CUS-00535,FSI-00167,1,SYNCHRONIZED,pool-3-thread-535,3826220135400,3827933618600,false,Hết hàng! Sản phẩm Flash Sale 'FSI-00167': yêu cầu 1; còn lại 0
TXN-SYNCHRONIZED-00536,REQ-SIM-00536,-,CUS-00536,FSI-00167,1,SYNCHRONIZED,pool-3-thread-536,3826220144300,3827933903500,false,Hết hàng! Sản phẩm Flash Sale 'FSI-00167': yêu cầu 1; còn lại 0
TXN-SYNCHRONIZED-00537,REQ-SIM-00537,-,CUS-00537,FSI-00167,1,SYNCHRONIZED,pool-3-thread-537,3826220152500,3827934180800,false,Hết hàng! Sản phẩm Flash Sale 'FSI-00167': yêu cầu 1; còn lại 0
TXN-SYNCHRONIZED-00538,REQ-SIM-00538,-,CUS-00538,FSI-00167,1,SYNCHRONIZED,pool-3-thread-538,3826220160100,3827934457900,false,Hết hàng! Sản phẩm Flash Sale 'FSI-00167': yêu cầu 1; còn lại 0
TXN-SYNCHRONIZED-00539,REQ-SIM-00539,-,CUS-00539,FSI-00167,1,SYNCHRONIZED,pool-3-thread-539,3826220167800,3827934731500,false,Hết hàng! Sản phẩm Flash Sale 'FSI-00167': yêu cầu 1; còn lại 0
TXN-SYNCHRONIZED-00540,REQ-SIM-00540,-,CUS-00540,FSI-00167,1,SYNCHRONIZED,pool-3-thread-540,3826220175400,3827935006500,false,Hết hàng! Sản phẩm Flash Sale 'FSI-00167': yêu cầu 1; còn lại 0
TXN-SYNCHRONIZED-00541,REQ-SIM-00541,-,CUS-00541,FSI-00167,1,SYNCHRONIZED,pool-3-thread-541,3826220183200,3827935290200,false,Hết hàng! Sản phẩm Flash Sale 'FSI-00167': yêu cầu 1; còn lại 0
TXN-SYNCHRONIZED-00542,REQ-SIM-00542,-,CUS-00542,FSI-00167,1,SYNCHRONIZED,pool-3-thread-542,3826220190400,3827935579900,false,Hết hàng! Sản phẩm Flash Sale 'FSI-00167': yêu cầu 1; còn lại 0
TXN-SYNCHRONIZED-00543,REQ-SIM-00543,-,CUS-00543,FSI-00167,1,SYNCHRONIZED,pool-3-thread-543,3826220199200,3827935857400,false,Hết hàng! Sản phẩm Flash Sale 'FSI-00167': yêu cầu 1; còn lại 0
TXN-SYNCHRONIZED-00544,REQ-SIM-00544,-,CUS-00544,FSI-00167,1,SYNCHRONIZED,pool-3-thread-544,3826220206300,3827936144000,false,Hết hàng! Sản phẩm Flash Sale 'FSI-00167': yêu cầu 1; còn lại 0
TXN-SYNCHRONIZED-00545,REQ-SIM-00545,-,CUS-00545,FSI-00167,1,SYNCHRONIZED,pool-3-thread-545,3826220214900,3827936417700,false,Hết hàng! Sản phẩm Flash Sale 'FSI-00167': yêu cầu 1; còn lại 0
TXN-SYNCHRONIZED-00546,REQ-SIM-00546,-,CUS-00546,FSI-00167,1,SYNCHRONIZED,pool-3-thread-546,3826220222400,3827936702300,false,Hết hàng! Sản phẩm Flash Sale 'FSI-00167': yêu cầu 1; còn lại 0
TXN-SYNCHRONIZED-00547,REQ-SIM-00547,-,CUS-00547,FSI-00167,1,SYNCHRONIZED,pool-3-thread-547,3826220229700,3827937000200,false,Hết hàng! Sản phẩm Flash Sale 'FSI-00167': yêu cầu 1; còn lại 0
TXN-SYNCHRONIZED-00548,REQ-SIM-00548,-,CUS-00548,FSI-00167,1,SYNCHRONIZED,pool-3-thread-548,3826220237000,3827937280100,false,Hết hàng! Sản phẩm Flash Sale 'FSI-00167': yêu cầu 1; còn lại 0
TXN-SYNCHRONIZED-00549,REQ-SIM-00549,-,CUS-00549,FSI-00167,1,SYNCHRONIZED,pool-3-thread-549,3826220245600,3827937562200,false,Hết hàng! Sản phẩm Flash Sale 'FSI-00167': yêu cầu 1; còn lại 0
TXN-SYNCHRONIZED-00550,REQ-SIM-00550,-,CUS-00550,FSI-00167,1,SYNCHRONIZED,pool-3-thread-550,3826220254300,3827937847700,false,Hết hàng! Sản phẩm Flash Sale 'FSI-00167': yêu cầu 1; còn lại 0
TXN-SYNCHRONIZED-00551,REQ-SIM-00551,-,CUS-00551,FSI-00167,1,SYNCHRONIZED,pool-3-thread-551,3826220261900,3827938130000,false,Hết hàng! Sản phẩm Flash Sale 'FSI-00167': yêu cầu 1; còn lại 0
TXN-SYNCHRONIZED-00552,REQ-SIM-00552,-,CUS-00552,FSI-00167,1,SYNCHRONIZED,pool-3-thread-552,3826220270300,3827938415500,false,Hết hàng! Sản phẩm Flash Sale 'FSI-00167': yêu cầu 1; còn lại 0
TXN-SYNCHRONIZED-00553,REQ-SIM-00553,-,CUS-00553,FSI-00167,1,SYNCHRONIZED,pool-3-thread-553,3826220278100,3827938695000,false,Hết hàng! Sản phẩm Flash Sale 'FSI-00167': yêu cầu 1; còn lại 0
TXN-SYNCHRONIZED-00554,REQ-SIM-00554,-,CUS-00554,FSI-00167,1,SYNCHRONIZED,pool-3-thread-554,3826220285700,3827938971200,false,Hết hàng! Sản phẩm Flash Sale 'FSI-00167': yêu cầu 1; còn lại 0
TXN-SYNCHRONIZED-00555,REQ-SIM-00555,-,CUS-00555,FSI-00167,1,SYNCHRONIZED,pool-3-thread-555,3826220293200,3827939274400,false,Hết hàng! Sản phẩm Flash Sale 'FSI-00167': yêu cầu 1; còn lại 0
TXN-SYNCHRONIZED-00556,REQ-SIM-00556,-,CUS-00556,FSI-00167,1,SYNCHRONIZED,pool-3-thread-556,3826220300800,3827939562500,false,Hết hàng! Sản phẩm Flash Sale 'FSI-00167': yêu cầu 1; còn lại 0
TXN-SYNCHRONIZED-00557,REQ-SIM-00557,-,CUS-00557,FSI-00167,1,SYNCHRONIZED,pool-3-thread-557,3826220308900,3827939861200,false,Hết hàng! Sản phẩm Flash Sale 'FSI-00167': yêu cầu 1; còn lại 0
TXN-SYNCHRONIZED-00558,REQ-SIM-00558,-,CUS-00558,FSI-00167,1,SYNCHRONIZED,pool-3-thread-558,3826220317100,3827940149600,false,Hết hàng! Sản phẩm Flash Sale 'FSI-00167': yêu cầu 1; còn lại 0
TXN-SYNCHRONIZED-00559,REQ-SIM-00559,-,CUS-00559,FSI-00167,1,SYNCHRONIZED,pool-3-thread-559,3826220325900,3827940420800,false,Hết hàng! Sản phẩm Flash Sale 'FSI-00167': yêu cầu 1; còn lại 0
TXN-SYNCHRONIZED-00560,REQ-SIM-00560,-,CUS-00560,FSI-00167,1,SYNCHRONIZED,pool-3-thread-560,3826220335100,3827940710900,false,Hết hàng! Sản phẩm Flash Sale 'FSI-00167': yêu cầu 1; còn lại 0
TXN-SYNCHRONIZED-00561,REQ-SIM-00561,-,CUS-00561,FSI-00167,1,SYNCHRONIZED,pool-3-thread-561,3826220343300,3827940990500,false,Hết hàng! Sản phẩm Flash Sale 'FSI-00167': yêu cầu 1; còn lại 0
TXN-SYNCHRONIZED-00562,REQ-SIM-00562,-,CUS-00562,FSI-00167,1,SYNCHRONIZED,pool-3-thread-562,3826220351000,3827941264700,false,Hết hàng! Sản phẩm Flash Sale 'FSI-00167': yêu cầu 1; còn lại 0
TXN-SYNCHRONIZED-00563,REQ-SIM-00563,-,CUS-00563,FSI-00167,1,SYNCHRONIZED,pool-3-thread-563,3826220359900,3827941549600,false,Hết hàng! Sản phẩm Flash Sale 'FSI-00167': yêu cầu 1; còn lại 0
TXN-SYNCHRONIZED-00564,REQ-SIM-00564,-,CUS-00564,FSI-00167,1,SYNCHRONIZED,pool-3-thread-564,3826220367900,3827941948000,false,Hết hàng! Sản phẩm Flash Sale 'FSI-00167': yêu cầu 1; còn lại 0
TXN-SYNCHRONIZED-00565,REQ-SIM-00565,-,CUS-00565,FSI-00167,1,SYNCHRONIZED,pool-3-thread-565,3826220375400,3827942233800,false,Hết hàng! Sản phẩm Flash Sale 'FSI-00167': yêu cầu 1; còn lại 0
TXN-SYNCHRONIZED-00566,REQ-SIM-00566,-,CUS-00566,FSI-00167,1,SYNCHRONIZED,pool-3-thread-566,3826220383000,3827942569200,false,Hết hàng! Sản phẩm Flash Sale 'FSI-00167': yêu cầu 1; còn lại 0
TXN-SYNCHRONIZED-00567,REQ-SIM-00567,-,CUS-00567,FSI-00167,1,SYNCHRONIZED,pool-3-thread-567,3826220390600,3827942837600,false,Hết hàng! Sản phẩm Flash Sale 'FSI-00167': yêu cầu 1; còn lại 0
TXN-SYNCHRONIZED-00568,REQ-SIM-00568,-,CUS-00568,FSI-00167,1,SYNCHRONIZED,pool-3-thread-568,3826220399100,3827943175100,false,Hết hàng! Sản phẩm Flash Sale 'FSI-00167': yêu cầu 1; còn lại 0
TXN-SYNCHRONIZED-00569,REQ-SIM-00569,-,CUS-00569,FSI-00167,1,SYNCHRONIZED,pool-3-thread-569,3826220407500,3827943451900,false,Hết hàng! Sản phẩm Flash Sale 'FSI-00167': yêu cầu 1; còn lại 0
TXN-SYNCHRONIZED-00570,REQ-SIM-00570,-,CUS-00570,FSI-00167,1,SYNCHRONIZED,pool-3-thread-570,3826220414000,3827943732100,false,Hết hàng! Sản phẩm Flash Sale 'FSI-00167': yêu cầu 1; còn lại 0
TXN-SYNCHRONIZED-00571,REQ-SIM-00571,-,CUS-00571,FSI-00167,1,SYNCHRONIZED,pool-3-thread-571,3826220421800,3827944015200,false,Hết hàng! Sản phẩm Flash Sale 'FSI-00167': yêu cầu 1; còn lại 0
TXN-SYNCHRONIZED-00572,REQ-SIM-00572,-,CUS-00572,FSI-00167,1,SYNCHRONIZED,pool-3-thread-572,3826220429500,3827944297200,false,Hết hàng! Sản phẩm Flash Sale 'FSI-00167': yêu cầu 1; còn lại 0
TXN-SYNCHRONIZED-00573,REQ-SIM-00573,-,CUS-00573,FSI-00167,1,SYNCHRONIZED,pool-3-thread-573,3826220437100,3827944577400,false,Hết hàng! Sản phẩm Flash Sale 'FSI-00167': yêu cầu 1; còn lại 0
TXN-SYNCHRONIZED-00574,REQ-SIM-00574,-,CUS-00574,FSI-00167,1,SYNCHRONIZED,pool-3-thread-574,3826220444700,3827944856000,false,Hết hàng! Sản phẩm Flash Sale 'FSI-00167': yêu cầu 1; còn lại 0
TXN-SYNCHRONIZED-00575,REQ-SIM-00575,-,CUS-00575,FSI-00167,1,SYNCHRONIZED,pool-3-thread-575,3826220452600,3827945141800,false,Hết hàng! Sản phẩm Flash Sale 'FSI-00167': yêu cầu 1; còn lại 0
TXN-SYNCHRONIZED-00576,REQ-SIM-00576,-,CUS-00576,FSI-00167,1,SYNCHRONIZED,pool-3-thread-576,3826220460200,3827945476500,false,Hết hàng! Sản phẩm Flash Sale 'FSI-00167': yêu cầu 1; còn lại 0
TXN-SYNCHRONIZED-00577,REQ-SIM-00577,-,CUS-00577,FSI-00167,1,SYNCHRONIZED,pool-3-thread-577,3826220467300,3827945750600,false,Hết hàng! Sản phẩm Flash Sale 'FSI-00167': yêu cầu 1; còn lại 0
TXN-SYNCHRONIZED-00578,REQ-SIM-00578,-,CUS-00578,FSI-00167,1,SYNCHRONIZED,pool-3-thread-578,3826220475100,3827946028300,false,Hết hàng! Sản phẩm Flash Sale 'FSI-00167': yêu cầu 1; còn lại 0
TXN-SYNCHRONIZED-00579,REQ-SIM-00579,-,CUS-00579,FSI-00167,1,SYNCHRONIZED,pool-3-thread-579,3826220483300,3827946311100,false,Hết hàng! Sản phẩm Flash Sale 'FSI-00167': yêu cầu 1; còn lại 0
TXN-SYNCHRONIZED-00580,REQ-SIM-00580,-,CUS-00580,FSI-00167,1,SYNCHRONIZED,pool-3-thread-580,3826220490900,3827946587900,false,Hết hàng! Sản phẩm Flash Sale 'FSI-00167': yêu cầu 1; còn lại 0
TXN-SYNCHRONIZED-00581,REQ-SIM-00581,-,CUS-00581,FSI-00167,1,SYNCHRONIZED,pool-3-thread-581,3826220498700,3827946867000,false,Hết hàng! Sản phẩm Flash Sale 'FSI-00167': yêu cầu 1; còn lại 0
TXN-SYNCHRONIZED-00582,REQ-SIM-00582,-,CUS-00582,FSI-00167,1,SYNCHRONIZED,pool-3-thread-582,3826220507300,3827947148200,false,Hết hàng! Sản phẩm Flash Sale 'FSI-00167': yêu cầu 1; còn lại 0
TXN-SYNCHRONIZED-00583,REQ-SIM-00583,-,CUS-00583,FSI-00167,1,SYNCHRONIZED,pool-3-thread-583,3826220515500,3827947454400,false,Hết hàng! Sản phẩm Flash Sale 'FSI-00167': yêu cầu 1; còn lại 0
TXN-SYNCHRONIZED-00584,REQ-SIM-00584,-,CUS-00584,FSI-00167,1,SYNCHRONIZED,pool-3-thread-584,3826220522700,3827947737000,false,Hết hàng! Sản phẩm Flash Sale 'FSI-00167': yêu cầu 1; còn lại 0
TXN-SYNCHRONIZED-00585,REQ-SIM-00585,-,CUS-00585,FSI-00167,1,SYNCHRONIZED,pool-3-thread-585,3826220530600,3827948021800,false,Hết hàng! Sản phẩm Flash Sale 'FSI-00167': yêu cầu 1; còn lại 0
TXN-SYNCHRONIZED-00586,REQ-SIM-00586,-,CUS-00586,FSI-00167,1,SYNCHRONIZED,pool-3-thread-586,3826220538600,3827948315200,false,Hết hàng! Sản phẩm Flash Sale 'FSI-00167': yêu cầu 1; còn lại 0
TXN-SYNCHRONIZED-00587,REQ-SIM-00587,-,CUS-00587,FSI-00167,1,SYNCHRONIZED,pool-3-thread-587,3826220546000,3827948601100,false,Hết hàng! Sản phẩm Flash Sale 'FSI-00167': yêu cầu 1; còn lại 0
TXN-SYNCHRONIZED-00588,REQ-SIM-00588,-,CUS-00588,FSI-00167,1,SYNCHRONIZED,pool-3-thread-588,3826220553400,3827948927200,false,Hết hàng! Sản phẩm Flash Sale 'FSI-00167': yêu cầu 1; còn lại 0
TXN-SYNCHRONIZED-00589,REQ-SIM-00589,-,CUS-00589,FSI-00167,1,SYNCHRONIZED,pool-3-thread-589,3826220561500,3827949222600,false,Hết hàng! Sản phẩm Flash Sale 'FSI-00167': yêu cầu 1; còn lại 0
TXN-SYNCHRONIZED-00590,REQ-SIM-00590,-,CUS-00590,FSI-00167,1,SYNCHRONIZED,pool-3-thread-590,3826220569600,3827949525300,false,Hết hàng! Sản phẩm Flash Sale 'FSI-00167': yêu cầu 1; còn lại 0
TXN-SYNCHRONIZED-00591,REQ-SIM-00591,-,CUS-00591,FSI-00167,1,SYNCHRONIZED,pool-3-thread-591,3826220577100,3827949834800,false,Hết hàng! Sản phẩm Flash Sale 'FSI-00167': yêu cầu 1; còn lại 0
TXN-SYNCHRONIZED-00592,REQ-SIM-00592,-,CUS-00592,FSI-00167,1,SYNCHRONIZED,pool-3-thread-592,3826220584600,3827950136900,false,Hết hàng! Sản phẩm Flash Sale 'FSI-00167': yêu cầu 1; còn lại 0
TXN-SYNCHRONIZED-00593,REQ-SIM-00593,-,CUS-00593,FSI-00167,1,SYNCHRONIZED,pool-3-thread-593,3826220592100,3827950440400,false,Hết hàng! Sản phẩm Flash Sale 'FSI-00167': yêu cầu 1; còn lại 0
TXN-SYNCHRONIZED-00594,REQ-SIM-00594,-,CUS-00594,FSI-00167,1,SYNCHRONIZED,pool-3-thread-594,3826220600300,3827950786500,false,Hết hàng! Sản phẩm Flash Sale 'FSI-00167': yêu cầu 1; còn lại 0
TXN-SYNCHRONIZED-00596,REQ-SIM-00596,-,CUS-00596,FSI-00167,1,SYNCHRONIZED,pool-3-thread-596,3826220607900,3827951105100,false,Hết hàng! Sản phẩm Flash Sale 'FSI-00167': yêu cầu 1; còn lại 0
TXN-SYNCHRONIZED-00595,REQ-SIM-00595,-,CUS-00595,FSI-00167,1,SYNCHRONIZED,pool-3-thread-595,3826220615300,3827951425300,false,Hết hàng! Sản phẩm Flash Sale 'FSI-00167': yêu cầu 1; còn lại 0
TXN-SYNCHRONIZED-00597,REQ-SIM-00597,-,CUS-00597,FSI-00167,1,SYNCHRONIZED,pool-3-thread-597,3826220622900,3827951719400,false,Hết hàng! Sản phẩm Flash Sale 'FSI-00167': yêu cầu 1; còn lại 0
TXN-SYNCHRONIZED-00598,REQ-SIM-00598,-,CUS-00598,FSI-00167,1,SYNCHRONIZED,pool-3-thread-598,3826220630900,3827952029400,false,Hết hàng! Sản phẩm Flash Sale 'FSI-00167': yêu cầu 1; còn lại 0
TXN-SYNCHRONIZED-00599,REQ-SIM-00599,-,CUS-00599,FSI-00167,1,SYNCHRONIZED,pool-3-thread-599,3826220639100,3827952318500,false,Hết hàng! Sản phẩm Flash Sale 'FSI-00167': yêu cầu 1; còn lại 0
TXN-SYNCHRONIZED-00600,REQ-SIM-00600,-,CUS-00600,FSI-00167,1,SYNCHRONIZED,pool-3-thread-600,3826220646800,3827952615400,false,Hết hàng! Sản phẩm Flash Sale 'FSI-00167': yêu cầu 1; còn lại 0
TXN-SYNCHRONIZED-00601,REQ-SIM-00601,-,CUS-00601,FSI-00167,1,SYNCHRONIZED,pool-3-thread-601,3826220655100,3827952907000,false,Hết hàng! Sản phẩm Flash Sale 'FSI-00167': yêu cầu 1; còn lại 0
TXN-SYNCHRONIZED-00602,REQ-SIM-00602,-,CUS-00602,FSI-00167,1,SYNCHRONIZED,pool-3-thread-602,3826220662700,3827953204800,false,Hết hàng! Sản phẩm Flash Sale 'FSI-00167': yêu cầu 1; còn lại 0
TXN-SYNCHRONIZED-00603,REQ-SIM-00603,-,CUS-00603,FSI-00167,1,SYNCHRONIZED,pool-3-thread-603,3826220670900,3827953492900,false,Hết hàng! Sản phẩm Flash Sale 'FSI-00167': yêu cầu 1; còn lại 0
TXN-SYNCHRONIZED-00604,REQ-SIM-00604,-,CUS-00604,FSI-00167,1,SYNCHRONIZED,pool-3-thread-604,3826220678800,3827953783300,false,Hết hàng! Sản phẩm Flash Sale 'FSI-00167': yêu cầu 1; còn lại 0
TXN-SYNCHRONIZED-00605,REQ-SIM-00605,-,CUS-00605,FSI-00167,1,SYNCHRONIZED,pool-3-thread-605,3826220687000,3827954070800,false,Hết hàng! Sản phẩm Flash Sale 'FSI-00167': yêu cầu 1; còn lại 0
TXN-SYNCHRONIZED-00606,REQ-SIM-00606,-,CUS-00606,FSI-00167,1,SYNCHRONIZED,pool-3-thread-606,3826220694200,3827954374300,false,Hết hàng! Sản phẩm Flash Sale 'FSI-00167': yêu cầu 1; còn lại 0
TXN-SYNCHRONIZED-00607,REQ-SIM-00607,-,CUS-00607,FSI-00167,1,SYNCHRONIZED,pool-3-thread-607,3826220701400,3827954665400,false,Hết hàng! Sản phẩm Flash Sale 'FSI-00167': yêu cầu 1; còn lại 0
TXN-SYNCHRONIZED-00608,REQ-SIM-00608,-,CUS-00608,FSI-00167,1,SYNCHRONIZED,pool-3-thread-608,3826220709800,3827954948900,false,Hết hàng! Sản phẩm Flash Sale 'FSI-00167': yêu cầu 1; còn lại 0
TXN-SYNCHRONIZED-00609,REQ-SIM-00609,-,CUS-00609,FSI-00167,1,SYNCHRONIZED,pool-3-thread-609,3826220717700,3827955244500,false,Hết hàng! Sản phẩm Flash Sale 'FSI-00167': yêu cầu 1; còn lại 0
TXN-SYNCHRONIZED-00610,REQ-SIM-00610,-,CUS-00610,FSI-00167,1,SYNCHRONIZED,pool-3-thread-610,3826220725200,3827955544900,false,Hết hàng! Sản phẩm Flash Sale 'FSI-00167': yêu cầu 1; còn lại 0
TXN-SYNCHRONIZED-00611,REQ-SIM-00611,-,CUS-00611,FSI-00167,1,SYNCHRONIZED,pool-3-thread-611,3826220733200,3827955838100,false,Hết hàng! Sản phẩm Flash Sale 'FSI-00167': yêu cầu 1; còn lại 0
TXN-SYNCHRONIZED-00612,REQ-SIM-00612,-,CUS-00612,FSI-00167,1,SYNCHRONIZED,pool-3-thread-612,3826220740500,3827956142700,false,Hết hàng! Sản phẩm Flash Sale 'FSI-00167': yêu cầu 1; còn lại 0
TXN-SYNCHRONIZED-00613,REQ-SIM-00613,-,CUS-00613,FSI-00167,1,SYNCHRONIZED,pool-3-thread-613,3826220748300,3827956435700,false,Hết hàng! Sản phẩm Flash Sale 'FSI-00167': yêu cầu 1; còn lại 0
TXN-SYNCHRONIZED-00614,REQ-SIM-00614,-,CUS-00614,FSI-00167,1,SYNCHRONIZED,pool-3-thread-614,3826220756100,3827956714700,false,Hết hàng! Sản phẩm Flash Sale 'FSI-00167': yêu cầu 1; còn lại 0
TXN-SYNCHRONIZED-00615,REQ-SIM-00615,-,CUS-00615,FSI-00167,1,SYNCHRONIZED,pool-3-thread-615,3826220763800,3827957002900,false,Hết hàng! Sản phẩm Flash Sale 'FSI-00167': yêu cầu 1; còn lại 0
TXN-SYNCHRONIZED-00616,REQ-SIM-00616,-,CUS-00616,FSI-00167,1,SYNCHRONIZED,pool-3-thread-616,3826220771200,3827957287900,false,Hết hàng! Sản phẩm Flash Sale 'FSI-00167': yêu cầu 1; còn lại 0
TXN-SYNCHRONIZED-00617,REQ-SIM-00617,-,CUS-00617,FSI-00167,1,SYNCHRONIZED,pool-3-thread-617,3826220778700,3827957572400,false,Hết hàng! Sản phẩm Flash Sale 'FSI-00167': yêu cầu 1; còn lại 0
TXN-SYNCHRONIZED-00618,REQ-SIM-00618,-,CUS-00618,FSI-00167,1,SYNCHRONIZED,pool-3-thread-618,3826220786800,3827957877800,false,Hết hàng! Sản phẩm Flash Sale 'FSI-00167': yêu cầu 1; còn lại 0
TXN-SYNCHRONIZED-00619,REQ-SIM-00619,-,CUS-00619,FSI-00167,1,SYNCHRONIZED,pool-3-thread-619,3826220794900,3827958167800,false,Hết hàng! Sản phẩm Flash Sale 'FSI-00167': yêu cầu 1; còn lại 0
TXN-SYNCHRONIZED-00620,REQ-SIM-00620,-,CUS-00620,FSI-00167,1,SYNCHRONIZED,pool-3-thread-620,3826220802900,3827958467500,false,Hết hàng! Sản phẩm Flash Sale 'FSI-00167': yêu cầu 1; còn lại 0
TXN-SYNCHRONIZED-00621,REQ-SIM-00621,-,CUS-00621,FSI-00167,1,SYNCHRONIZED,pool-3-thread-621,3826220811000,3827958825600,false,Hết hàng! Sản phẩm Flash Sale 'FSI-00167': yêu cầu 1; còn lại 0
TXN-SYNCHRONIZED-00622,REQ-SIM-00622,-,CUS-00622,FSI-00167,1,SYNCHRONIZED,pool-3-thread-622,3826220819100,3827959122200,false,Hết hàng! Sản phẩm Flash Sale 'FSI-00167': yêu cầu 1; còn lại 0
TXN-SYNCHRONIZED-00623,REQ-SIM-00623,-,CUS-00623,FSI-00167,1,SYNCHRONIZED,pool-3-thread-623,3826220826900,3827959410200,false,Hết hàng! Sản phẩm Flash Sale 'FSI-00167': yêu cầu 1; còn lại 0
TXN-SYNCHRONIZED-00624,REQ-SIM-00624,-,CUS-00624,FSI-00167,1,SYNCHRONIZED,pool-3-thread-624,3826220834600,3827959701000,false,Hết hàng! Sản phẩm Flash Sale 'FSI-00167': yêu cầu 1; còn lại 0
TXN-SYNCHRONIZED-00625,REQ-SIM-00625,-,CUS-00625,FSI-00167,1,SYNCHRONIZED,pool-3-thread-625,3826220842300,3827959990800,false,Hết hàng! Sản phẩm Flash Sale 'FSI-00167': yêu cầu 1; còn lại 0
TXN-SYNCHRONIZED-00626,REQ-SIM-00626,-,CUS-00626,FSI-00167,1,SYNCHRONIZED,pool-3-thread-626,3826220849700,3827960276300,false,Hết hàng! Sản phẩm Flash Sale 'FSI-00167': yêu cầu 1; còn lại 0
TXN-SYNCHRONIZED-00627,REQ-SIM-00627,-,CUS-00627,FSI-00167,1,SYNCHRONIZED,pool-3-thread-627,3826220857200,3827960570300,false,Hết hàng! Sản phẩm Flash Sale 'FSI-00167': yêu cầu 1; còn lại 0
TXN-SYNCHRONIZED-00628,REQ-SIM-00628,-,CUS-00628,FSI-00167,1,SYNCHRONIZED,pool-3-thread-628,3826220864500,3827960873500,false,Hết hàng! Sản phẩm Flash Sale 'FSI-00167': yêu cầu 1; còn lại 0
TXN-SYNCHRONIZED-00629,REQ-SIM-00629,-,CUS-00629,FSI-00167,1,SYNCHRONIZED,pool-3-thread-629,3826220872600,3827961158200,false,Hết hàng! Sản phẩm Flash Sale 'FSI-00167': yêu cầu 1; còn lại 0
TXN-SYNCHRONIZED-00630,REQ-SIM-00630,-,CUS-00630,FSI-00167,1,SYNCHRONIZED,pool-3-thread-630,3826220880100,3827961440100,false,Hết hàng! Sản phẩm Flash Sale 'FSI-00167': yêu cầu 1; còn lại 0
TXN-SYNCHRONIZED-00631,REQ-SIM-00631,-,CUS-00631,FSI-00167,1,SYNCHRONIZED,pool-3-thread-631,3826220887700,3827961732500,false,Hết hàng! Sản phẩm Flash Sale 'FSI-00167': yêu cầu 1; còn lại 0
TXN-SYNCHRONIZED-00632,REQ-SIM-00632,-,CUS-00632,FSI-00167,1,SYNCHRONIZED,pool-3-thread-632,3826220894700,3827962017400,false,Hết hàng! Sản phẩm Flash Sale 'FSI-00167': yêu cầu 1; còn lại 0
TXN-SYNCHRONIZED-00633,REQ-SIM-00633,-,CUS-00633,FSI-00167,1,SYNCHRONIZED,pool-3-thread-633,3826220901700,3827962366400,false,Hết hàng! Sản phẩm Flash Sale 'FSI-00167': yêu cầu 1; còn lại 0
TXN-SYNCHRONIZED-00634,REQ-SIM-00634,-,CUS-00634,FSI-00167,1,SYNCHRONIZED,pool-3-thread-634,3826220908800,3827962653000,false,Hết hàng! Sản phẩm Flash Sale 'FSI-00167': yêu cầu 1; còn lại 0
TXN-SYNCHRONIZED-00635,REQ-SIM-00635,-,CUS-00635,FSI-00167,1,SYNCHRONIZED,pool-3-thread-635,3826220916300,3827962937000,false,Hết hàng! Sản phẩm Flash Sale 'FSI-00167': yêu cầu 1; còn lại 0
TXN-SYNCHRONIZED-00636,REQ-SIM-00636,-,CUS-00636,FSI-00167,1,SYNCHRONIZED,pool-3-thread-636,3826220923900,3827963223800,false,Hết hàng! Sản phẩm Flash Sale 'FSI-00167': yêu cầu 1; còn lại 0
TXN-SYNCHRONIZED-00637,REQ-SIM-00637,-,CUS-00637,FSI-00167,1,SYNCHRONIZED,pool-3-thread-637,3826220931500,3827963521700,false,Hết hàng! Sản phẩm Flash Sale 'FSI-00167': yêu cầu 1; còn lại 0
TXN-SYNCHRONIZED-00638,REQ-SIM-00638,-,CUS-00638,FSI-00167,1,SYNCHRONIZED,pool-3-thread-638,3826220938900,3827963809700,false,Hết hàng! Sản phẩm Flash Sale 'FSI-00167': yêu cầu 1; còn lại 0
TXN-SYNCHRONIZED-00639,REQ-SIM-00639,-,CUS-00639,FSI-00167,1,SYNCHRONIZED,pool-3-thread-639,3826220947300,3827964113500,false,Hết hàng! Sản phẩm Flash Sale 'FSI-00167': yêu cầu 1; còn lại 0
TXN-SYNCHRONIZED-00640,REQ-SIM-00640,-,CUS-00640,FSI-00167,1,SYNCHRONIZED,pool-3-thread-640,3826220954800,3827964403600,false,Hết hàng! Sản phẩm Flash Sale 'FSI-00167': yêu cầu 1; còn lại 0
TXN-SYNCHRONIZED-00641,REQ-SIM-00641,-,CUS-00641,FSI-00167,1,SYNCHRONIZED,pool-3-thread-641,3826220963000,3827964725700,false,Hết hàng! Sản phẩm Flash Sale 'FSI-00167': yêu cầu 1; còn lại 0
TXN-SYNCHRONIZED-00642,REQ-SIM-00642,-,CUS-00642,FSI-00167,1,SYNCHRONIZED,pool-3-thread-642,3826220970200,3827965015700,false,Hết hàng! Sản phẩm Flash Sale 'FSI-00167': yêu cầu 1; còn lại 0
TXN-SYNCHRONIZED-00643,REQ-SIM-00643,-,CUS-00643,FSI-00167,1,SYNCHRONIZED,pool-3-thread-643,3826220977800,3827965336700,false,Hết hàng! Sản phẩm Flash Sale 'FSI-00167': yêu cầu 1; còn lại 0
TXN-SYNCHRONIZED-00644,REQ-SIM-00644,-,CUS-00644,FSI-00167,1,SYNCHRONIZED,pool-3-thread-644,3826220985400,3827965661100,false,Hết hàng! Sản phẩm Flash Sale 'FSI-00167': yêu cầu 1; còn lại 0
TXN-SYNCHRONIZED-00645,REQ-SIM-00645,-,CUS-00645,FSI-00167,1,SYNCHRONIZED,pool-3-thread-645,3826220992900,3827965969200,false,Hết hàng! Sản phẩm Flash Sale 'FSI-00167': yêu cầu 1; còn lại 0
TXN-SYNCHRONIZED-00646,REQ-SIM-00646,-,CUS-00646,FSI-00167,1,SYNCHRONIZED,pool-3-thread-646,3826221001100,3827966287400,false,Hết hàng! Sản phẩm Flash Sale 'FSI-00167': yêu cầu 1; còn lại 0
TXN-SYNCHRONIZED-00647,REQ-SIM-00647,-,CUS-00647,FSI-00167,1,SYNCHRONIZED,pool-3-thread-647,3826221008900,3827966581200,false,Hết hàng! Sản phẩm Flash Sale 'FSI-00167': yêu cầu 1; còn lại 0
TXN-SYNCHRONIZED-00648,REQ-SIM-00648,-,CUS-00648,FSI-00167,1,SYNCHRONIZED,pool-3-thread-648,3826221016400,3827966873700,false,Hết hàng! Sản phẩm Flash Sale 'FSI-00167': yêu cầu 1; còn lại 0
TXN-SYNCHRONIZED-00649,REQ-SIM-00649,-,CUS-00649,FSI-00167,1,SYNCHRONIZED,pool-3-thread-649,3826221024300,3827967156900,false,Hết hàng! Sản phẩm Flash Sale 'FSI-00167': yêu cầu 1; còn lại 0
TXN-SYNCHRONIZED-00650,REQ-SIM-00650,-,CUS-00650,FSI-00167,1,SYNCHRONIZED,pool-3-thread-650,3826221031700,3827967456400,false,Hết hàng! Sản phẩm Flash Sale 'FSI-00167': yêu cầu 1; còn lại 0
TXN-SYNCHRONIZED-00651,REQ-SIM-00651,-,CUS-00651,FSI-00167,1,SYNCHRONIZED,pool-3-thread-651,3826221039200,3827967744300,false,Hết hàng! Sản phẩm Flash Sale 'FSI-00167': yêu cầu 1; còn lại 0
TXN-SYNCHRONIZED-00652,REQ-SIM-00652,-,CUS-00652,FSI-00167,1,SYNCHRONIZED,pool-3-thread-652,3826221046600,3827968037100,false,Hết hàng! Sản phẩm Flash Sale 'FSI-00167': yêu cầu 1; còn lại 0
TXN-SYNCHRONIZED-00653,REQ-SIM-00653,-,CUS-00653,FSI-00167,1,SYNCHRONIZED,pool-3-thread-653,3826221054500,3827968338000,false,Hết hàng! Sản phẩm Flash Sale 'FSI-00167': yêu cầu 1; còn lại 0
TXN-SYNCHRONIZED-00654,REQ-SIM-00654,-,CUS-00654,FSI-00167,1,SYNCHRONIZED,pool-3-thread-654,3826221062700,3827968628500,false,Hết hàng! Sản phẩm Flash Sale 'FSI-00167': yêu cầu 1; còn lại 0
TXN-SYNCHRONIZED-00655,REQ-SIM-00655,-,CUS-00655,FSI-00167,1,SYNCHRONIZED,pool-3-thread-655,3826221071500,3827968920200,false,Hết hàng! Sản phẩm Flash Sale 'FSI-00167': yêu cầu 1; còn lại 0
TXN-SYNCHRONIZED-00656,REQ-SIM-00656,-,CUS-00656,FSI-00167,1,SYNCHRONIZED,pool-3-thread-656,3826221080100,3827969220900,false,Hết hàng! Sản phẩm Flash Sale 'FSI-00167': yêu cầu 1; còn lại 0
TXN-SYNCHRONIZED-00657,REQ-SIM-00657,-,CUS-00657,FSI-00167,1,SYNCHRONIZED,pool-3-thread-657,3826221088100,3827969518700,false,Hết hàng! Sản phẩm Flash Sale 'FSI-00167': yêu cầu 1; còn lại 0
TXN-SYNCHRONIZED-00658,REQ-SIM-00658,-,CUS-00658,FSI-00167,1,SYNCHRONIZED,pool-3-thread-658,3826221095700,3827969808600,false,Hết hàng! Sản phẩm Flash Sale 'FSI-00167': yêu cầu 1; còn lại 0
TXN-SYNCHRONIZED-00659,REQ-SIM-00659,-,CUS-00659,FSI-00167,1,SYNCHRONIZED,pool-3-thread-659,3826221103300,3827970105300,false,Hết hàng! Sản phẩm Flash Sale 'FSI-00167': yêu cầu 1; còn lại 0
TXN-SYNCHRONIZED-00660,REQ-SIM-00660,-,CUS-00660,FSI-00167,1,SYNCHRONIZED,pool-3-thread-660,3826221111300,3827970394900,false,Hết hàng! Sản phẩm Flash Sale 'FSI-00167': yêu cầu 1; còn lại 0
TXN-SYNCHRONIZED-00662,REQ-SIM-00662,-,CUS-00662,FSI-00167,1,SYNCHRONIZED,pool-3-thread-662,3826221119200,3827970689000,false,Hết hàng! Sản phẩm Flash Sale 'FSI-00167': yêu cầu 1; còn lại 0
TXN-SYNCHRONIZED-00661,REQ-SIM-00661,-,CUS-00661,FSI-00167,1,SYNCHRONIZED,pool-3-thread-661,3826221127100,3827970976100,false,Hết hàng! Sản phẩm Flash Sale 'FSI-00167': yêu cầu 1; còn lại 0
TXN-SYNCHRONIZED-00663,REQ-SIM-00663,-,CUS-00663,FSI-00167,1,SYNCHRONIZED,pool-3-thread-663,3826221134500,3827971280400,false,Hết hàng! Sản phẩm Flash Sale 'FSI-00167': yêu cầu 1; còn lại 0
TXN-SYNCHRONIZED-00664,REQ-SIM-00664,-,CUS-00664,FSI-00167,1,SYNCHRONIZED,pool-3-thread-664,3826221141900,3827971566200,false,Hết hàng! Sản phẩm Flash Sale 'FSI-00167': yêu cầu 1; còn lại 0
TXN-SYNCHRONIZED-00665,REQ-SIM-00665,-,CUS-00665,FSI-00167,1,SYNCHRONIZED,pool-3-thread-665,3826221149700,3827971846800,false,Hết hàng! Sản phẩm Flash Sale 'FSI-00167': yêu cầu 1; còn lại 0
TXN-SYNCHRONIZED-00666,REQ-SIM-00666,-,CUS-00666,FSI-00167,1,SYNCHRONIZED,pool-3-thread-666,3826221156900,3827972147100,false,Hết hàng! Sản phẩm Flash Sale 'FSI-00167': yêu cầu 1; còn lại 0
TXN-SYNCHRONIZED-00667,REQ-SIM-00667,-,CUS-00667,FSI-00167,1,SYNCHRONIZED,pool-3-thread-667,3826221165300,3827972429400,false,Hết hàng! Sản phẩm Flash Sale 'FSI-00167': yêu cầu 1; còn lại 0
TXN-SYNCHRONIZED-00668,REQ-SIM-00668,-,CUS-00668,FSI-00167,1,SYNCHRONIZED,pool-3-thread-668,3826221172900,3827972722200,false,Hết hàng! Sản phẩm Flash Sale 'FSI-00167': yêu cầu 1; còn lại 0
TXN-SYNCHRONIZED-00669,REQ-SIM-00669,-,CUS-00669,FSI-00167,1,SYNCHRONIZED,pool-3-thread-669,3826221180900,3827973020100,false,Hết hàng! Sản phẩm Flash Sale 'FSI-00167': yêu cầu 1; còn lại 0
TXN-SYNCHRONIZED-00670,REQ-SIM-00670,-,CUS-00670,FSI-00167,1,SYNCHRONIZED,pool-3-thread-670,3826221189100,3827973300300,false,Hết hàng! Sản phẩm Flash Sale 'FSI-00167': yêu cầu 1; còn lại 0
TXN-SYNCHRONIZED-00672,REQ-SIM-00672,-,CUS-00672,FSI-00167,1,SYNCHRONIZED,pool-3-thread-672,3826221197500,3827975130900,false,Hết hàng! Sản phẩm Flash Sale 'FSI-00167': yêu cầu 1; còn lại 0
TXN-SYNCHRONIZED-00671,REQ-SIM-00671,-,CUS-00671,FSI-00167,1,SYNCHRONIZED,pool-3-thread-671,3826221206100,3827975448800,false,Hết hàng! Sản phẩm Flash Sale 'FSI-00167': yêu cầu 1; còn lại 0
TXN-SYNCHRONIZED-00673,REQ-SIM-00673,-,CUS-00673,FSI-00167,1,SYNCHRONIZED,pool-3-thread-673,3826221213400,3827975747100,false,Hết hàng! Sản phẩm Flash Sale 'FSI-00167': yêu cầu 1; còn lại 0
TXN-SYNCHRONIZED-00674,REQ-SIM-00674,-,CUS-00674,FSI-00167,1,SYNCHRONIZED,pool-3-thread-674,3826221220700,3827976057200,false,Hết hàng! Sản phẩm Flash Sale 'FSI-00167': yêu cầu 1; còn lại 0
TXN-SYNCHRONIZED-00675,REQ-SIM-00675,-,CUS-00675,FSI-00167,1,SYNCHRONIZED,pool-3-thread-675,3826221227900,3827976355100,false,Hết hàng! Sản phẩm Flash Sale 'FSI-00167': yêu cầu 1; còn lại 0
TXN-SYNCHRONIZED-00676,REQ-SIM-00676,-,CUS-00676,FSI-00167,1,SYNCHRONIZED,pool-3-thread-676,3826221235700,3827976647400,false,Hết hàng! Sản phẩm Flash Sale 'FSI-00167': yêu cầu 1; còn lại 0
TXN-SYNCHRONIZED-00677,REQ-SIM-00677,-,CUS-00677,FSI-00167,1,SYNCHRONIZED,pool-3-thread-677,3826221243700,3827976951400,false,Hết hàng! Sản phẩm Flash Sale 'FSI-00167': yêu cầu 1; còn lại 0
TXN-SYNCHRONIZED-00678,REQ-SIM-00678,-,CUS-00678,FSI-00167,1,SYNCHRONIZED,pool-3-thread-678,3826221251400,3827977231500,false,Hết hàng! Sản phẩm Flash Sale 'FSI-00167': yêu cầu 1; còn lại 0
TXN-SYNCHRONIZED-00679,REQ-SIM-00679,-,CUS-00679,FSI-00167,1,SYNCHRONIZED,pool-3-thread-679,3826221259200,3827977521300,false,Hết hàng! Sản phẩm Flash Sale 'FSI-00167': yêu cầu 1; còn lại 0
TXN-SYNCHRONIZED-00680,REQ-SIM-00680,-,CUS-00680,FSI-00167,1,SYNCHRONIZED,pool-3-thread-680,3826221267000,3827977819900,false,Hết hàng! Sản phẩm Flash Sale 'FSI-00167': yêu cầu 1; còn lại 0
TXN-SYNCHRONIZED-00681,REQ-SIM-00681,-,CUS-00681,FSI-00167,1,SYNCHRONIZED,pool-3-thread-681,3826221274400,3827978107100,false,Hết hàng! Sản phẩm Flash Sale 'FSI-00167': yêu cầu 1; còn lại 0
TXN-SYNCHRONIZED-00682,REQ-SIM-00682,-,CUS-00682,FSI-00167,1,SYNCHRONIZED,pool-3-thread-682,3826221281900,3827978398600,false,Hết hàng! Sản phẩm Flash Sale 'FSI-00167': yêu cầu 1; còn lại 0
TXN-SYNCHRONIZED-00683,REQ-SIM-00683,-,CUS-00683,FSI-00167,1,SYNCHRONIZED,pool-3-thread-683,3826221290200,3827978684500,false,Hết hàng! Sản phẩm Flash Sale 'FSI-00167': yêu cầu 1; còn lại 0
TXN-SYNCHRONIZED-00684,REQ-SIM-00684,-,CUS-00684,FSI-00167,1,SYNCHRONIZED,pool-3-thread-684,3826221297700,3827978958500,false,Hết hàng! Sản phẩm Flash Sale 'FSI-00167': yêu cầu 1; còn lại 0
TXN-SYNCHRONIZED-00685,REQ-SIM-00685,-,CUS-00685,FSI-00167,1,SYNCHRONIZED,pool-3-thread-685,3826221305500,3827979234700,false,Hết hàng! Sản phẩm Flash Sale 'FSI-00167': yêu cầu 1; còn lại 0
TXN-SYNCHRONIZED-00686,REQ-SIM-00686,-,CUS-00686,FSI-00167,1,SYNCHRONIZED,pool-3-thread-686,3826221313600,3827979515000,false,Hết hàng! Sản phẩm Flash Sale 'FSI-00167': yêu cầu 1; còn lại 0
TXN-SYNCHRONIZED-00687,REQ-SIM-00687,-,CUS-00687,FSI-00167,1,SYNCHRONIZED,pool-3-thread-687,3826221321200,3827979791100,false,Hết hàng! Sản phẩm Flash Sale 'FSI-00167': yêu cầu 1; còn lại 0
TXN-SYNCHRONIZED-00689,REQ-SIM-00689,-,CUS-00689,FSI-00167,1,SYNCHRONIZED,pool-3-thread-689,3826221329900,3827980075000,false,Hết hàng! Sản phẩm Flash Sale 'FSI-00167': yêu cầu 1; còn lại 0
TXN-SYNCHRONIZED-00688,REQ-SIM-00688,-,CUS-00688,FSI-00167,1,SYNCHRONIZED,pool-3-thread-688,3826221339800,3827980502500,false,Hết hàng! Sản phẩm Flash Sale 'FSI-00167': yêu cầu 1; còn lại 0
TXN-SYNCHRONIZED-00690,REQ-SIM-00690,-,CUS-00690,FSI-00167,1,SYNCHRONIZED,pool-3-thread-690,3826221348600,3827980784500,false,Hết hàng! Sản phẩm Flash Sale 'FSI-00167': yêu cầu 1; còn lại 0
TXN-SYNCHRONIZED-00691,REQ-SIM-00691,-,CUS-00691,FSI-00167,1,SYNCHRONIZED,pool-3-thread-691,3826221358400,3827981068300,false,Hết hàng! Sản phẩm Flash Sale 'FSI-00167': yêu cầu 1; còn lại 0
TXN-SYNCHRONIZED-00693,REQ-SIM-00693,-,CUS-00693,FSI-00167,1,SYNCHRONIZED,pool-3-thread-693,3826221367400,3827981360100,false,Hết hàng! Sản phẩm Flash Sale 'FSI-00167': yêu cầu 1; còn lại 0
TXN-SYNCHRONIZED-00694,REQ-SIM-00694,-,CUS-00694,FSI-00167,1,SYNCHRONIZED,pool-3-thread-694,3826221377200,3827981652100,false,Hết hàng! Sản phẩm Flash Sale 'FSI-00167': yêu cầu 1; còn lại 0
TXN-SYNCHRONIZED-00695,REQ-SIM-00695,-,CUS-00695,FSI-00167,1,SYNCHRONIZED,pool-3-thread-695,3826221384800,3827981932000,false,Hết hàng! Sản phẩm Flash Sale 'FSI-00167': yêu cầu 1; còn lại 0
TXN-SYNCHRONIZED-00692,REQ-SIM-00692,-,CUS-00692,FSI-00167,1,SYNCHRONIZED,pool-3-thread-692,3826221392400,3827982213700,false,Hết hàng! Sản phẩm Flash Sale 'FSI-00167': yêu cầu 1; còn lại 0
TXN-SYNCHRONIZED-00697,REQ-SIM-00697,-,CUS-00697,FSI-00167,1,SYNCHRONIZED,pool-3-thread-697,3826221400400,3827982500400,false,Hết hàng! Sản phẩm Flash Sale 'FSI-00167': yêu cầu 1; còn lại 0
TXN-SYNCHRONIZED-00696,REQ-SIM-00696,-,CUS-00696,FSI-00167,1,SYNCHRONIZED,pool-3-thread-696,3826221408000,3827982802500,false,Hết hàng! Sản phẩm Flash Sale 'FSI-00167': yêu cầu 1; còn lại 0
TXN-SYNCHRONIZED-00698,REQ-SIM-00698,-,CUS-00698,FSI-00167,1,SYNCHRONIZED,pool-3-thread-698,3826221415500,3827983095400,false,Hết hàng! Sản phẩm Flash Sale 'FSI-00167': yêu cầu 1; còn lại 0
TXN-SYNCHRONIZED-00699,REQ-SIM-00699,-,CUS-00699,FSI-00167,1,SYNCHRONIZED,pool-3-thread-699,3826221422900,3827983382900,false,Hết hàng! Sản phẩm Flash Sale 'FSI-00167': yêu cầu 1; còn lại 0
TXN-SYNCHRONIZED-00700,REQ-SIM-00700,-,CUS-00700,FSI-00167,1,SYNCHRONIZED,pool-3-thread-700,3826221430600,3827983682600,false,Hết hàng! Sản phẩm Flash Sale 'FSI-00167': yêu cầu 1; còn lại 0
TXN-SYNCHRONIZED-00701,REQ-SIM-00701,-,CUS-00701,FSI-00167,1,SYNCHRONIZED,pool-3-thread-701,3826221439100,3827983965600,false,Hết hàng! Sản phẩm Flash Sale 'FSI-00167': yêu cầu 1; còn lại 0
TXN-SYNCHRONIZED-00702,REQ-SIM-00702,-,CUS-00702,FSI-00167,1,SYNCHRONIZED,pool-3-thread-702,3826221446400,3827984240900,false,Hết hàng! Sản phẩm Flash Sale 'FSI-00167': yêu cầu 1; còn lại 0
TXN-SYNCHRONIZED-00703,REQ-SIM-00703,-,CUS-00703,FSI-00167,1,SYNCHRONIZED,pool-3-thread-703,3826221454000,3827984529900,false,Hết hàng! Sản phẩm Flash Sale 'FSI-00167': yêu cầu 1; còn lại 0
TXN-SYNCHRONIZED-00704,REQ-SIM-00704,-,CUS-00704,FSI-00167,1,SYNCHRONIZED,pool-3-thread-704,3826221461300,3827984822100,false,Hết hàng! Sản phẩm Flash Sale 'FSI-00167': yêu cầu 1; còn lại 0
TXN-SYNCHRONIZED-00705,REQ-SIM-00705,-,CUS-00705,FSI-00167,1,SYNCHRONIZED,pool-3-thread-705,3826221469300,3827985114100,false,Hết hàng! Sản phẩm Flash Sale 'FSI-00167': yêu cầu 1; còn lại 0
TXN-SYNCHRONIZED-00706,REQ-SIM-00706,-,CUS-00706,FSI-00167,1,SYNCHRONIZED,pool-3-thread-706,3826221476900,3827985383500,false,Hết hàng! Sản phẩm Flash Sale 'FSI-00167': yêu cầu 1; còn lại 0
TXN-SYNCHRONIZED-00707,REQ-SIM-00707,-,CUS-00707,FSI-00167,1,SYNCHRONIZED,pool-3-thread-707,3826221484100,3827985660600,false,Hết hàng! Sản phẩm Flash Sale 'FSI-00167': yêu cầu 1; còn lại 0
TXN-SYNCHRONIZED-00708,REQ-SIM-00708,-,CUS-00708,FSI-00167,1,SYNCHRONIZED,pool-3-thread-708,3826221491600,3827985935000,false,Hết hàng! Sản phẩm Flash Sale 'FSI-00167': yêu cầu 1; còn lại 0
TXN-SYNCHRONIZED-00709,REQ-SIM-00709,-,CUS-00709,FSI-00167,1,SYNCHRONIZED,pool-3-thread-709,3826221498500,3827986203500,false,Hết hàng! Sản phẩm Flash Sale 'FSI-00167': yêu cầu 1; còn lại 0
TXN-SYNCHRONIZED-00710,REQ-SIM-00710,-,CUS-00710,FSI-00167,1,SYNCHRONIZED,pool-3-thread-710,3826221506100,3827986487100,false,Hết hàng! Sản phẩm Flash Sale 'FSI-00167': yêu cầu 1; còn lại 0
TXN-SYNCHRONIZED-00711,REQ-SIM-00711,-,CUS-00711,FSI-00167,1,SYNCHRONIZED,pool-3-thread-711,3826221513600,3827986783700,false,Hết hàng! Sản phẩm Flash Sale 'FSI-00167': yêu cầu 1; còn lại 0
TXN-SYNCHRONIZED-00712,REQ-SIM-00712,-,CUS-00712,FSI-00167,1,SYNCHRONIZED,pool-3-thread-712,3826221521300,3827987065600,false,Hết hàng! Sản phẩm Flash Sale 'FSI-00167': yêu cầu 1; còn lại 0
TXN-SYNCHRONIZED-00713,REQ-SIM-00713,-,CUS-00713,FSI-00167,1,SYNCHRONIZED,pool-3-thread-713,3826221528800,3827987341100,false,Hết hàng! Sản phẩm Flash Sale 'FSI-00167': yêu cầu 1; còn lại 0
TXN-SYNCHRONIZED-00714,REQ-SIM-00714,-,CUS-00714,FSI-00167,1,SYNCHRONIZED,pool-3-thread-714,3826221536400,3827987627800,false,Hết hàng! Sản phẩm Flash Sale 'FSI-00167': yêu cầu 1; còn lại 0
TXN-SYNCHRONIZED-00715,REQ-SIM-00715,-,CUS-00715,FSI-00167,1,SYNCHRONIZED,pool-3-thread-715,3826221544900,3827987922000,false,Hết hàng! Sản phẩm Flash Sale 'FSI-00167': yêu cầu 1; còn lại 0
TXN-SYNCHRONIZED-00716,REQ-SIM-00716,-,CUS-00716,FSI-00167,1,SYNCHRONIZED,pool-3-thread-716,3826221553400,3827988206800,false,Hết hàng! Sản phẩm Flash Sale 'FSI-00167': yêu cầu 1; còn lại 0
TXN-SYNCHRONIZED-00717,REQ-SIM-00717,-,CUS-00717,FSI-00167,1,SYNCHRONIZED,pool-3-thread-717,3826221560800,3827988494600,false,Hết hàng! Sản phẩm Flash Sale 'FSI-00167': yêu cầu 1; còn lại 0
TXN-SYNCHRONIZED-00718,REQ-SIM-00718,-,CUS-00718,FSI-00167,1,SYNCHRONIZED,pool-3-thread-718,3826221568500,3827988771500,false,Hết hàng! Sản phẩm Flash Sale 'FSI-00167': yêu cầu 1; còn lại 0
TXN-SYNCHRONIZED-00719,REQ-SIM-00719,-,CUS-00719,FSI-00167,1,SYNCHRONIZED,pool-3-thread-719,3826221576400,3827989054300,false,Hết hàng! Sản phẩm Flash Sale 'FSI-00167': yêu cầu 1; còn lại 0
TXN-SYNCHRONIZED-00720,REQ-SIM-00720,-,CUS-00720,FSI-00167,1,SYNCHRONIZED,pool-3-thread-720,3826221583800,3827989332300,false,Hết hàng! Sản phẩm Flash Sale 'FSI-00167': yêu cầu 1; còn lại 0
TXN-SYNCHRONIZED-00721,REQ-SIM-00721,-,CUS-00721,FSI-00167,1,SYNCHRONIZED,pool-3-thread-721,3826221591700,3827989604700,false,Hết hàng! Sản phẩm Flash Sale 'FSI-00167': yêu cầu 1; còn lại 0
TXN-SYNCHRONIZED-00722,REQ-SIM-00722,-,CUS-00722,FSI-00167,1,SYNCHRONIZED,pool-3-thread-722,3826221599200,3827989881900,false,Hết hàng! Sản phẩm Flash Sale 'FSI-00167': yêu cầu 1; còn lại 0
TXN-SYNCHRONIZED-00723,REQ-SIM-00723,-,CUS-00723,FSI-00167,1,SYNCHRONIZED,pool-3-thread-723,3826221606500,3827990166000,false,Hết hàng! Sản phẩm Flash Sale 'FSI-00167': yêu cầu 1; còn lại 0
TXN-SYNCHRONIZED-00724,REQ-SIM-00724,-,CUS-00724,FSI-00167,1,SYNCHRONIZED,pool-3-thread-724,3826221614000,3827990439100,false,Hết hàng! Sản phẩm Flash Sale 'FSI-00167': yêu cầu 1; còn lại 0
TXN-SYNCHRONIZED-00725,REQ-SIM-00725,-,CUS-00725,FSI-00167,1,SYNCHRONIZED,pool-3-thread-725,3826221622100,3827990722600,false,Hết hàng! Sản phẩm Flash Sale 'FSI-00167': yêu cầu 1; còn lại 0
TXN-SYNCHRONIZED-00726,REQ-SIM-00726,-,CUS-00726,FSI-00167,1,SYNCHRONIZED,pool-3-thread-726,3826221629700,3827991002100,false,Hết hàng! Sản phẩm Flash Sale 'FSI-00167': yêu cầu 1; còn lại 0
TXN-SYNCHRONIZED-00727,REQ-SIM-00727,-,CUS-00727,FSI-00167,1,SYNCHRONIZED,pool-3-thread-727,3826221637600,3827991310700,false,Hết hàng! Sản phẩm Flash Sale 'FSI-00167': yêu cầu 1; còn lại 0
TXN-SYNCHRONIZED-00728,REQ-SIM-00728,-,CUS-00728,FSI-00167,1,SYNCHRONIZED,pool-3-thread-728,3826221645500,3827991621500,false,Hết hàng! Sản phẩm Flash Sale 'FSI-00167': yêu cầu 1; còn lại 0
TXN-SYNCHRONIZED-00729,REQ-SIM-00729,-,CUS-00729,FSI-00167,1,SYNCHRONIZED,pool-3-thread-729,3826221653200,3827991906700,false,Hết hàng! Sản phẩm Flash Sale 'FSI-00167': yêu cầu 1; còn lại 0
TXN-SYNCHRONIZED-00730,REQ-SIM-00730,-,CUS-00730,FSI-00167,1,SYNCHRONIZED,pool-3-thread-730,3826221661200,3827992191000,false,Hết hàng! Sản phẩm Flash Sale 'FSI-00167': yêu cầu 1; còn lại 0
TXN-SYNCHRONIZED-00731,REQ-SIM-00731,-,CUS-00731,FSI-00167,1,SYNCHRONIZED,pool-3-thread-731,3826221669000,3827992469500,false,Hết hàng! Sản phẩm Flash Sale 'FSI-00167': yêu cầu 1; còn lại 0
TXN-SYNCHRONIZED-00732,REQ-SIM-00732,-,CUS-00732,FSI-00167,1,SYNCHRONIZED,pool-3-thread-732,3826221676400,3827992743300,false,Hết hàng! Sản phẩm Flash Sale 'FSI-00167': yêu cầu 1; còn lại 0
TXN-SYNCHRONIZED-00733,REQ-SIM-00733,-,CUS-00733,FSI-00167,1,SYNCHRONIZED,pool-3-thread-733,3826221684200,3827993022300,false,Hết hàng! Sản phẩm Flash Sale 'FSI-00167': yêu cầu 1; còn lại 0
TXN-SYNCHRONIZED-00734,REQ-SIM-00734,-,CUS-00734,FSI-00167,1,SYNCHRONIZED,pool-3-thread-734,3826221695700,3827993304000,false,Hết hàng! Sản phẩm Flash Sale 'FSI-00167': yêu cầu 1; còn lại 0
TXN-SYNCHRONIZED-00735,REQ-SIM-00735,-,CUS-00735,FSI-00167,1,SYNCHRONIZED,pool-3-thread-735,3826221703900,3827993581800,false,Hết hàng! Sản phẩm Flash Sale 'FSI-00167': yêu cầu 1; còn lại 0
TXN-SYNCHRONIZED-00736,REQ-SIM-00736,-,CUS-00736,FSI-00167,1,SYNCHRONIZED,pool-3-thread-736,3826221712000,3827993869200,false,Hết hàng! Sản phẩm Flash Sale 'FSI-00167': yêu cầu 1; còn lại 0
TXN-SYNCHRONIZED-00737,REQ-SIM-00737,-,CUS-00737,FSI-00167,1,SYNCHRONIZED,pool-3-thread-737,3826221720000,3827994150700,false,Hết hàng! Sản phẩm Flash Sale 'FSI-00167': yêu cầu 1; còn lại 0
TXN-SYNCHRONIZED-00738,REQ-SIM-00738,-,CUS-00738,FSI-00167,1,SYNCHRONIZED,pool-3-thread-738,3826221728200,3827994458800,false,Hết hàng! Sản phẩm Flash Sale 'FSI-00167': yêu cầu 1; còn lại 0
TXN-SYNCHRONIZED-00739,REQ-SIM-00739,-,CUS-00739,FSI-00167,1,SYNCHRONIZED,pool-3-thread-739,3826221736000,3827994755700,false,Hết hàng! Sản phẩm Flash Sale 'FSI-00167': yêu cầu 1; còn lại 0
TXN-SYNCHRONIZED-00740,REQ-SIM-00740,-,CUS-00740,FSI-00167,1,SYNCHRONIZED,pool-3-thread-740,3826221744100,3827995046400,false,Hết hàng! Sản phẩm Flash Sale 'FSI-00167': yêu cầu 1; còn lại 0
TXN-SYNCHRONIZED-00741,REQ-SIM-00741,-,CUS-00741,FSI-00167,1,SYNCHRONIZED,pool-3-thread-741,3826221752100,3827995364200,false,Hết hàng! Sản phẩm Flash Sale 'FSI-00167': yêu cầu 1; còn lại 0
TXN-SYNCHRONIZED-00742,REQ-SIM-00742,-,CUS-00742,FSI-00167,1,SYNCHRONIZED,pool-3-thread-742,3826221760600,3827995654400,false,Hết hàng! Sản phẩm Flash Sale 'FSI-00167': yêu cầu 1; còn lại 0
TXN-SYNCHRONIZED-00743,REQ-SIM-00743,-,CUS-00743,FSI-00167,1,SYNCHRONIZED,pool-3-thread-743,3826221768700,3827996022500,false,Hết hàng! Sản phẩm Flash Sale 'FSI-00167': yêu cầu 1; còn lại 0
TXN-SYNCHRONIZED-00744,REQ-SIM-00744,-,CUS-00744,FSI-00167,1,SYNCHRONIZED,pool-3-thread-744,3826221776400,3827996335800,false,Hết hàng! Sản phẩm Flash Sale 'FSI-00167': yêu cầu 1; còn lại 0
TXN-SYNCHRONIZED-00745,REQ-SIM-00745,-,CUS-00745,FSI-00167,1,SYNCHRONIZED,pool-3-thread-745,3826221784300,3827996632300,false,Hết hàng! Sản phẩm Flash Sale 'FSI-00167': yêu cầu 1; còn lại 0
TXN-SYNCHRONIZED-00746,REQ-SIM-00746,-,CUS-00746,FSI-00167,1,SYNCHRONIZED,pool-3-thread-746,3826221792000,3827996902800,false,Hết hàng! Sản phẩm Flash Sale 'FSI-00167': yêu cầu 1; còn lại 0
TXN-SYNCHRONIZED-00747,REQ-SIM-00747,-,CUS-00747,FSI-00167,1,SYNCHRONIZED,pool-3-thread-747,3826221799300,3827997184400,false,Hết hàng! Sản phẩm Flash Sale 'FSI-00167': yêu cầu 1; còn lại 0
TXN-SYNCHRONIZED-00748,REQ-SIM-00748,-,CUS-00748,FSI-00167,1,SYNCHRONIZED,pool-3-thread-748,3826221806400,3827997468400,false,Hết hàng! Sản phẩm Flash Sale 'FSI-00167': yêu cầu 1; còn lại 0
TXN-SYNCHRONIZED-00749,REQ-SIM-00749,-,CUS-00749,FSI-00167,1,SYNCHRONIZED,pool-3-thread-749,3826221814000,3827997758100,false,Hết hàng! Sản phẩm Flash Sale 'FSI-00167': yêu cầu 1; còn lại 0
TXN-SYNCHRONIZED-00750,REQ-SIM-00750,-,CUS-00750,FSI-00167,1,SYNCHRONIZED,pool-3-thread-750,3826221821800,3827998045900,false,Hết hàng! Sản phẩm Flash Sale 'FSI-00167': yêu cầu 1; còn lại 0
TXN-SYNCHRONIZED-00751,REQ-SIM-00751,-,CUS-00751,FSI-00167,1,SYNCHRONIZED,pool-3-thread-751,3826221829400,3827998332300,false,Hết hàng! Sản phẩm Flash Sale 'FSI-00167': yêu cầu 1; còn lại 0
TXN-SYNCHRONIZED-00752,REQ-SIM-00752,-,CUS-00752,FSI-00167,1,SYNCHRONIZED,pool-3-thread-752,3826221837300,3827998622800,false,Hết hàng! Sản phẩm Flash Sale 'FSI-00167': yêu cầu 1; còn lại 0
TXN-SYNCHRONIZED-00753,REQ-SIM-00753,-,CUS-00753,FSI-00167,1,SYNCHRONIZED,pool-3-thread-753,3826221845200,3827998912400,false,Hết hàng! Sản phẩm Flash Sale 'FSI-00167': yêu cầu 1; còn lại 0
TXN-SYNCHRONIZED-00754,REQ-SIM-00754,-,CUS-00754,FSI-00167,1,SYNCHRONIZED,pool-3-thread-754,3826221852200,3827999188400,false,Hết hàng! Sản phẩm Flash Sale 'FSI-00167': yêu cầu 1; còn lại 0
TXN-SYNCHRONIZED-00755,REQ-SIM-00755,-,CUS-00755,FSI-00167,1,SYNCHRONIZED,pool-3-thread-755,3826221860400,3827999470700,false,Hết hàng! Sản phẩm Flash Sale 'FSI-00167': yêu cầu 1; còn lại 0
TXN-SYNCHRONIZED-00756,REQ-SIM-00756,-,CUS-00756,FSI-00167,1,SYNCHRONIZED,pool-3-thread-756,3826221868300,3827999746700,false,Hết hàng! Sản phẩm Flash Sale 'FSI-00167': yêu cầu 1; còn lại 0
TXN-SYNCHRONIZED-00757,REQ-SIM-00757,-,CUS-00757,FSI-00167,1,SYNCHRONIZED,pool-3-thread-757,3826221876300,3828000019400,false,Hết hàng! Sản phẩm Flash Sale 'FSI-00167': yêu cầu 1; còn lại 0
TXN-SYNCHRONIZED-00758,REQ-SIM-00758,-,CUS-00758,FSI-00167,1,SYNCHRONIZED,pool-3-thread-758,3826221883900,3828000308800,false,Hết hàng! Sản phẩm Flash Sale 'FSI-00167': yêu cầu 1; còn lại 0
TXN-SYNCHRONIZED-00759,REQ-SIM-00759,-,CUS-00759,FSI-00167,1,SYNCHRONIZED,pool-3-thread-759,3826221891500,3828000587200,false,Hết hàng! Sản phẩm Flash Sale 'FSI-00167': yêu cầu 1; còn lại 0
TXN-SYNCHRONIZED-00760,REQ-SIM-00760,-,CUS-00760,FSI-00167,1,SYNCHRONIZED,pool-3-thread-760,3826221899100,3828000858800,false,Hết hàng! Sản phẩm Flash Sale 'FSI-00167': yêu cầu 1; còn lại 0
TXN-SYNCHRONIZED-00761,REQ-SIM-00761,-,CUS-00761,FSI-00167,1,SYNCHRONIZED,pool-3-thread-761,3826221906800,3828001134600,false,Hết hàng! Sản phẩm Flash Sale 'FSI-00167': yêu cầu 1; còn lại 0
TXN-SYNCHRONIZED-00762,REQ-SIM-00762,-,CUS-00762,FSI-00167,1,SYNCHRONIZED,pool-3-thread-762,3826221914400,3828001412200,false,Hết hàng! Sản phẩm Flash Sale 'FSI-00167': yêu cầu 1; còn lại 0
TXN-SYNCHRONIZED-00763,REQ-SIM-00763,-,CUS-00763,FSI-00167,1,SYNCHRONIZED,pool-3-thread-763,3826221922300,3828001702700,false,Hết hàng! Sản phẩm Flash Sale 'FSI-00167': yêu cầu 1; còn lại 0
TXN-SYNCHRONIZED-00764,REQ-SIM-00764,-,CUS-00764,FSI-00167,1,SYNCHRONIZED,pool-3-thread-764,3826221930400,3828001983000,false,Hết hàng! Sản phẩm Flash Sale 'FSI-00167': yêu cầu 1; còn lại 0
TXN-SYNCHRONIZED-00765,REQ-SIM-00765,-,CUS-00765,FSI-00167,1,SYNCHRONIZED,pool-3-thread-765,3826221938500,3828002269500,false,Hết hàng! Sản phẩm Flash Sale 'FSI-00167': yêu cầu 1; còn lại 0
TXN-SYNCHRONIZED-00766,REQ-SIM-00766,-,CUS-00766,FSI-00167,1,SYNCHRONIZED,pool-3-thread-766,3826221946100,3828002537200,false,Hết hàng! Sản phẩm Flash Sale 'FSI-00167': yêu cầu 1; còn lại 0
TXN-SYNCHRONIZED-00767,REQ-SIM-00767,-,CUS-00767,FSI-00167,1,SYNCHRONIZED,pool-3-thread-767,3826221953800,3828002821900,false,Hết hàng! Sản phẩm Flash Sale 'FSI-00167': yêu cầu 1; còn lại 0
TXN-SYNCHRONIZED-00768,REQ-SIM-00768,-,CUS-00768,FSI-00167,1,SYNCHRONIZED,pool-3-thread-768,3826221961800,3828003100400,false,Hết hàng! Sản phẩm Flash Sale 'FSI-00167': yêu cầu 1; còn lại 0
TXN-SYNCHRONIZED-00769,REQ-SIM-00769,-,CUS-00769,FSI-00167,1,SYNCHRONIZED,pool-3-thread-769,3826221970100,3828003383200,false,Hết hàng! Sản phẩm Flash Sale 'FSI-00167': yêu cầu 1; còn lại 0
TXN-SYNCHRONIZED-00770,REQ-SIM-00770,-,CUS-00770,FSI-00167,1,SYNCHRONIZED,pool-3-thread-770,3826221978100,3828003666100,false,Hết hàng! Sản phẩm Flash Sale 'FSI-00167': yêu cầu 1; còn lại 0
TXN-SYNCHRONIZED-00771,REQ-SIM-00771,-,CUS-00771,FSI-00167,1,SYNCHRONIZED,pool-3-thread-771,3826221985600,3828003960700,false,Hết hàng! Sản phẩm Flash Sale 'FSI-00167': yêu cầu 1; còn lại 0
TXN-SYNCHRONIZED-00772,REQ-SIM-00772,-,CUS-00772,FSI-00167,1,SYNCHRONIZED,pool-3-thread-772,3826221992900,3828004245900,false,Hết hàng! Sản phẩm Flash Sale 'FSI-00167': yêu cầu 1; còn lại 0
TXN-SYNCHRONIZED-00773,REQ-SIM-00773,-,CUS-00773,FSI-00167,1,SYNCHRONIZED,pool-3-thread-773,3826222000200,3828004534800,false,Hết hàng! Sản phẩm Flash Sale 'FSI-00167': yêu cầu 1; còn lại 0
TXN-SYNCHRONIZED-00774,REQ-SIM-00774,-,CUS-00774,FSI-00167,1,SYNCHRONIZED,pool-3-thread-774,3826222007400,3828004813100,false,Hết hàng! Sản phẩm Flash Sale 'FSI-00167': yêu cầu 1; còn lại 0
TXN-SYNCHRONIZED-00775,REQ-SIM-00775,-,CUS-00775,FSI-00167,1,SYNCHRONIZED,pool-3-thread-775,3826222015200,3828005098800,false,Hết hàng! Sản phẩm Flash Sale 'FSI-00167': yêu cầu 1; còn lại 0
TXN-SYNCHRONIZED-00776,REQ-SIM-00776,-,CUS-00776,FSI-00167,1,SYNCHRONIZED,pool-3-thread-776,3826222022600,3828005388400,false,Hết hàng! Sản phẩm Flash Sale 'FSI-00167': yêu cầu 1; còn lại 0
TXN-SYNCHRONIZED-00778,REQ-SIM-00778,-,CUS-00778,FSI-00167,1,SYNCHRONIZED,pool-3-thread-778,3826222030000,3828005693000,false,Hết hàng! Sản phẩm Flash Sale 'FSI-00167': yêu cầu 1; còn lại 0
TXN-SYNCHRONIZED-00777,REQ-SIM-00777,-,CUS-00777,FSI-00167,1,SYNCHRONIZED,pool-3-thread-777,3826222037700,3828006002300,false,Hết hàng! Sản phẩm Flash Sale 'FSI-00167': yêu cầu 1; còn lại 0
TXN-SYNCHRONIZED-00779,REQ-SIM-00779,-,CUS-00779,FSI-00167,1,SYNCHRONIZED,pool-3-thread-779,3826222045700,3828006285500,false,Hết hàng! Sản phẩm Flash Sale 'FSI-00167': yêu cầu 1; còn lại 0
TXN-SYNCHRONIZED-00781,REQ-SIM-00781,-,CUS-00781,FSI-00167,1,SYNCHRONIZED,pool-3-thread-781,3826222053400,3828006562800,false,Hết hàng! Sản phẩm Flash Sale 'FSI-00167': yêu cầu 1; còn lại 0
TXN-SYNCHRONIZED-00780,REQ-SIM-00780,-,CUS-00780,FSI-00167,1,SYNCHRONIZED,pool-3-thread-780,3826222060100,3828006841900,false,Hết hàng! Sản phẩm Flash Sale 'FSI-00167': yêu cầu 1; còn lại 0
TXN-SYNCHRONIZED-00782,REQ-SIM-00782,-,CUS-00782,FSI-00167,1,SYNCHRONIZED,pool-3-thread-782,3826222068000,3828007134900,false,Hết hàng! Sản phẩm Flash Sale 'FSI-00167': yêu cầu 1; còn lại 0
TXN-SYNCHRONIZED-00783,REQ-SIM-00783,-,CUS-00783,FSI-00167,1,SYNCHRONIZED,pool-3-thread-783,3826222075300,3828007424600,false,Hết hàng! Sản phẩm Flash Sale 'FSI-00167': yêu cầu 1; còn lại 0
TXN-SYNCHRONIZED-00784,REQ-SIM-00784,-,CUS-00784,FSI-00167,1,SYNCHRONIZED,pool-3-thread-784,3826222082700,3828007711300,false,Hết hàng! Sản phẩm Flash Sale 'FSI-00167': yêu cầu 1; còn lại 0
TXN-SYNCHRONIZED-00785,REQ-SIM-00785,-,CUS-00785,FSI-00167,1,SYNCHRONIZED,pool-3-thread-785,3826222090300,3828007998000,false,Hết hàng! Sản phẩm Flash Sale 'FSI-00167': yêu cầu 1; còn lại 0
TXN-SYNCHRONIZED-00786,REQ-SIM-00786,-,CUS-00786,FSI-00167,1,SYNCHRONIZED,pool-3-thread-786,3826222098100,3828008313100,false,Hết hàng! Sản phẩm Flash Sale 'FSI-00167': yêu cầu 1; còn lại 0
TXN-SYNCHRONIZED-00787,REQ-SIM-00787,-,CUS-00787,FSI-00167,1,SYNCHRONIZED,pool-3-thread-787,3826222106000,3828008598600,false,Hết hàng! Sản phẩm Flash Sale 'FSI-00167': yêu cầu 1; còn lại 0
TXN-SYNCHRONIZED-00788,REQ-SIM-00788,-,CUS-00788,FSI-00167,1,SYNCHRONIZED,pool-3-thread-788,3826222113600,3828008898800,false,Hết hàng! Sản phẩm Flash Sale 'FSI-00167': yêu cầu 1; còn lại 0
TXN-SYNCHRONIZED-00789,REQ-SIM-00789,-,CUS-00789,FSI-00167,1,SYNCHRONIZED,pool-3-thread-789,3826222122000,3828009184500,false,Hết hàng! Sản phẩm Flash Sale 'FSI-00167': yêu cầu 1; còn lại 0
TXN-SYNCHRONIZED-00790,REQ-SIM-00790,-,CUS-00790,FSI-00167,1,SYNCHRONIZED,pool-3-thread-790,3826222129200,3828009461200,false,Hết hàng! Sản phẩm Flash Sale 'FSI-00167': yêu cầu 1; còn lại 0
TXN-SYNCHRONIZED-00791,REQ-SIM-00791,-,CUS-00791,FSI-00167,1,SYNCHRONIZED,pool-3-thread-791,3826222137300,3828009751700,false,Hết hàng! Sản phẩm Flash Sale 'FSI-00167': yêu cầu 1; còn lại 0
TXN-SYNCHRONIZED-00793,REQ-SIM-00793,-,CUS-00793,FSI-00167,1,SYNCHRONIZED,pool-3-thread-793,3826222145100,3828010034700,false,Hết hàng! Sản phẩm Flash Sale 'FSI-00167': yêu cầu 1; còn lại 0
TXN-SYNCHRONIZED-00792,REQ-SIM-00792,-,CUS-00792,FSI-00167,1,SYNCHRONIZED,pool-3-thread-792,3826222154200,3828010316800,false,Hết hàng! Sản phẩm Flash Sale 'FSI-00167': yêu cầu 1; còn lại 0
TXN-SYNCHRONIZED-00794,REQ-SIM-00794,-,CUS-00794,FSI-00167,1,SYNCHRONIZED,pool-3-thread-794,3826222161600,3828010611400,false,Hết hàng! Sản phẩm Flash Sale 'FSI-00167': yêu cầu 1; còn lại 0
TXN-SYNCHRONIZED-00795,REQ-SIM-00795,-,CUS-00795,FSI-00167,1,SYNCHRONIZED,pool-3-thread-795,3826222169400,3828010897900,false,Hết hàng! Sản phẩm Flash Sale 'FSI-00167': yêu cầu 1; còn lại 0
TXN-SYNCHRONIZED-00796,REQ-SIM-00796,-,CUS-00796,FSI-00167,1,SYNCHRONIZED,pool-3-thread-796,3826222177400,3828011169100,false,Hết hàng! Sản phẩm Flash Sale 'FSI-00167': yêu cầu 1; còn lại 0
TXN-SYNCHRONIZED-00797,REQ-SIM-00797,-,CUS-00797,FSI-00167,1,SYNCHRONIZED,pool-3-thread-797,3826222185000,3828011443400,false,Hết hàng! Sản phẩm Flash Sale 'FSI-00167': yêu cầu 1; còn lại 0
TXN-SYNCHRONIZED-00798,REQ-SIM-00798,-,CUS-00798,FSI-00167,1,SYNCHRONIZED,pool-3-thread-798,3826222192300,3828011725200,false,Hết hàng! Sản phẩm Flash Sale 'FSI-00167': yêu cầu 1; còn lại 0
TXN-SYNCHRONIZED-00799,REQ-SIM-00799,-,CUS-00799,FSI-00167,1,SYNCHRONIZED,pool-3-thread-799,3826222199800,3828012100400,false,Hết hàng! Sản phẩm Flash Sale 'FSI-00167': yêu cầu 1; còn lại 0
TXN-SYNCHRONIZED-00800,REQ-SIM-00800,-,CUS-00800,FSI-00167,1,SYNCHRONIZED,pool-3-thread-800,3826222207300,3828012401900,false,Hết hàng! Sản phẩm Flash Sale 'FSI-00167': yêu cầu 1; còn lại 0
TXN-SYNCHRONIZED-00801,REQ-SIM-00801,-,CUS-00801,FSI-00167,1,SYNCHRONIZED,pool-3-thread-801,3826222215200,3828012712300,false,Hết hàng! Sản phẩm Flash Sale 'FSI-00167': yêu cầu 1; còn lại 0
TXN-SYNCHRONIZED-00802,REQ-SIM-00802,-,CUS-00802,FSI-00167,1,SYNCHRONIZED,pool-3-thread-802,3826222223100,3828013067800,false,Hết hàng! Sản phẩm Flash Sale 'FSI-00167': yêu cầu 1; còn lại 0
TXN-SYNCHRONIZED-00803,REQ-SIM-00803,-,CUS-00803,FSI-00167,1,SYNCHRONIZED,pool-3-thread-803,3826222230600,3828013366100,false,Hết hàng! Sản phẩm Flash Sale 'FSI-00167': yêu cầu 1; còn lại 0
TXN-SYNCHRONIZED-00804,REQ-SIM-00804,-,CUS-00804,FSI-00167,1,SYNCHRONIZED,pool-3-thread-804,3826222238500,3828013657000,false,Hết hàng! Sản phẩm Flash Sale 'FSI-00167': yêu cầu 1; còn lại 0
TXN-SYNCHRONIZED-00805,REQ-SIM-00805,-,CUS-00805,FSI-00167,1,SYNCHRONIZED,pool-3-thread-805,3826222246300,3828013941200,false,Hết hàng! Sản phẩm Flash Sale 'FSI-00167': yêu cầu 1; còn lại 0
TXN-SYNCHRONIZED-00806,REQ-SIM-00806,-,CUS-00806,FSI-00167,1,SYNCHRONIZED,pool-3-thread-806,3826222253800,3828014226900,false,Hết hàng! Sản phẩm Flash Sale 'FSI-00167': yêu cầu 1; còn lại 0
TXN-SYNCHRONIZED-00807,REQ-SIM-00807,-,CUS-00807,FSI-00167,1,SYNCHRONIZED,pool-3-thread-807,3826222262000,3828014505500,false,Hết hàng! Sản phẩm Flash Sale 'FSI-00167': yêu cầu 1; còn lại 0
TXN-SYNCHRONIZED-00808,REQ-SIM-00808,-,CUS-00808,FSI-00167,1,SYNCHRONIZED,pool-3-thread-808,3826222270200,3828014807600,false,Hết hàng! Sản phẩm Flash Sale 'FSI-00167': yêu cầu 1; còn lại 0
TXN-SYNCHRONIZED-00809,REQ-SIM-00809,-,CUS-00809,FSI-00167,1,SYNCHRONIZED,pool-3-thread-809,3826222278000,3828015080800,false,Hết hàng! Sản phẩm Flash Sale 'FSI-00167': yêu cầu 1; còn lại 0
TXN-SYNCHRONIZED-00810,REQ-SIM-00810,-,CUS-00810,FSI-00167,1,SYNCHRONIZED,pool-3-thread-810,3826222285600,3828015368300,false,Hết hàng! Sản phẩm Flash Sale 'FSI-00167': yêu cầu 1; còn lại 0
TXN-SYNCHRONIZED-00811,REQ-SIM-00811,-,CUS-00811,FSI-00167,1,SYNCHRONIZED,pool-3-thread-811,3826222294300,3828015656100,false,Hết hàng! Sản phẩm Flash Sale 'FSI-00167': yêu cầu 1; còn lại 0
TXN-SYNCHRONIZED-00812,REQ-SIM-00812,-,CUS-00812,FSI-00167,1,SYNCHRONIZED,pool-3-thread-812,3826222302600,3828015939600,false,Hết hàng! Sản phẩm Flash Sale 'FSI-00167': yêu cầu 1; còn lại 0
TXN-SYNCHRONIZED-00813,REQ-SIM-00813,-,CUS-00813,FSI-00167,1,SYNCHRONIZED,pool-3-thread-813,3826222310400,3828016230900,false,Hết hàng! Sản phẩm Flash Sale 'FSI-00167': yêu cầu 1; còn lại 0
TXN-SYNCHRONIZED-00814,REQ-SIM-00814,-,CUS-00814,FSI-00167,1,SYNCHRONIZED,pool-3-thread-814,3826222318200,3828016523100,false,Hết hàng! Sản phẩm Flash Sale 'FSI-00167': yêu cầu 1; còn lại 0
TXN-SYNCHRONIZED-00815,REQ-SIM-00815,-,CUS-00815,FSI-00167,1,SYNCHRONIZED,pool-3-thread-815,3826222326500,3828016796600,false,Hết hàng! Sản phẩm Flash Sale 'FSI-00167': yêu cầu 1; còn lại 0
TXN-SYNCHRONIZED-00816,REQ-SIM-00816,-,CUS-00816,FSI-00167,1,SYNCHRONIZED,pool-3-thread-816,3826222335500,3828017074800,false,Hết hàng! Sản phẩm Flash Sale 'FSI-00167': yêu cầu 1; còn lại 0
TXN-SYNCHRONIZED-00817,REQ-SIM-00817,-,CUS-00817,FSI-00167,1,SYNCHRONIZED,pool-3-thread-817,3826222342800,3828017385200,false,Hết hàng! Sản phẩm Flash Sale 'FSI-00167': yêu cầu 1; còn lại 0
TXN-SYNCHRONIZED-00818,REQ-SIM-00818,-,CUS-00818,FSI-00167,1,SYNCHRONIZED,pool-3-thread-818,3826222349900,3828017657500,false,Hết hàng! Sản phẩm Flash Sale 'FSI-00167': yêu cầu 1; còn lại 0
TXN-SYNCHRONIZED-00819,REQ-SIM-00819,-,CUS-00819,FSI-00167,1,SYNCHRONIZED,pool-3-thread-819,3826222357500,3828017967200,false,Hết hàng! Sản phẩm Flash Sale 'FSI-00167': yêu cầu 1; còn lại 0
TXN-SYNCHRONIZED-00820,REQ-SIM-00820,-,CUS-00820,FSI-00167,1,SYNCHRONIZED,pool-3-thread-820,3826222364800,3828018246600,false,Hết hàng! Sản phẩm Flash Sale 'FSI-00167': yêu cầu 1; còn lại 0
TXN-SYNCHRONIZED-00821,REQ-SIM-00821,-,CUS-00821,FSI-00167,1,SYNCHRONIZED,pool-3-thread-821,3826222372000,3828018539800,false,Hết hàng! Sản phẩm Flash Sale 'FSI-00167': yêu cầu 1; còn lại 0
TXN-SYNCHRONIZED-00822,REQ-SIM-00822,-,CUS-00822,FSI-00167,1,SYNCHRONIZED,pool-3-thread-822,3826222379800,3828018869100,false,Hết hàng! Sản phẩm Flash Sale 'FSI-00167': yêu cầu 1; còn lại 0
TXN-SYNCHRONIZED-00823,REQ-SIM-00823,-,CUS-00823,FSI-00167,1,SYNCHRONIZED,pool-3-thread-823,3826222388200,3828019147500,false,Hết hàng! Sản phẩm Flash Sale 'FSI-00167': yêu cầu 1; còn lại 0
TXN-SYNCHRONIZED-00824,REQ-SIM-00824,-,CUS-00824,FSI-00167,1,SYNCHRONIZED,pool-3-thread-824,3826222396100,3828019427100,false,Hết hàng! Sản phẩm Flash Sale 'FSI-00167': yêu cầu 1; còn lại 0
TXN-SYNCHRONIZED-00825,REQ-SIM-00825,-,CUS-00825,FSI-00167,1,SYNCHRONIZED,pool-3-thread-825,3826222403900,3828019733400,false,Hết hàng! Sản phẩm Flash Sale 'FSI-00167': yêu cầu 1; còn lại 0
TXN-SYNCHRONIZED-00826,REQ-SIM-00826,-,CUS-00826,FSI-00167,1,SYNCHRONIZED,pool-3-thread-826,3826222411800,3828020062000,false,Hết hàng! Sản phẩm Flash Sale 'FSI-00167': yêu cầu 1; còn lại 0
TXN-SYNCHRONIZED-00827,REQ-SIM-00827,-,CUS-00827,FSI-00167,1,SYNCHRONIZED,pool-3-thread-827,3826222420100,3828020331100,false,Hết hàng! Sản phẩm Flash Sale 'FSI-00167': yêu cầu 1; còn lại 0
TXN-SYNCHRONIZED-00828,REQ-SIM-00828,-,CUS-00828,FSI-00167,1,SYNCHRONIZED,pool-3-thread-828,3826222427100,3828020598600,false,Hết hàng! Sản phẩm Flash Sale 'FSI-00167': yêu cầu 1; còn lại 0
TXN-SYNCHRONIZED-00829,REQ-SIM-00829,-,CUS-00829,FSI-00167,1,SYNCHRONIZED,pool-3-thread-829,3826222436100,3828020891100,false,Hết hàng! Sản phẩm Flash Sale 'FSI-00167': yêu cầu 1; còn lại 0
TXN-SYNCHRONIZED-00830,REQ-SIM-00830,-,CUS-00830,FSI-00167,1,SYNCHRONIZED,pool-3-thread-830,3826222454300,3828021244400,false,Hết hàng! Sản phẩm Flash Sale 'FSI-00167': yêu cầu 1; còn lại 0
TXN-SYNCHRONIZED-00831,REQ-SIM-00831,-,CUS-00831,FSI-00167,1,SYNCHRONIZED,pool-3-thread-831,3826222462100,3828021523600,false,Hết hàng! Sản phẩm Flash Sale 'FSI-00167': yêu cầu 1; còn lại 0
TXN-SYNCHRONIZED-00832,REQ-SIM-00832,-,CUS-00832,FSI-00167,1,SYNCHRONIZED,pool-3-thread-832,3826222477700,3828021793000,false,Hết hàng! Sản phẩm Flash Sale 'FSI-00167': yêu cầu 1; còn lại 0
TXN-SYNCHRONIZED-00833,REQ-SIM-00833,-,CUS-00833,FSI-00167,1,SYNCHRONIZED,pool-3-thread-833,3826222485300,3828022056800,false,Hết hàng! Sản phẩm Flash Sale 'FSI-00167': yêu cầu 1; còn lại 0
TXN-SYNCHRONIZED-00834,REQ-SIM-00834,-,CUS-00834,FSI-00167,1,SYNCHRONIZED,pool-3-thread-834,3826222495600,3828022422300,false,Hết hàng! Sản phẩm Flash Sale 'FSI-00167': yêu cầu 1; còn lại 0
TXN-SYNCHRONIZED-00835,REQ-SIM-00835,-,CUS-00835,FSI-00167,1,SYNCHRONIZED,pool-3-thread-835,3826222504500,3828022700800,false,Hết hàng! Sản phẩm Flash Sale 'FSI-00167': yêu cầu 1; còn lại 0
TXN-SYNCHRONIZED-00836,REQ-SIM-00836,-,CUS-00836,FSI-00167,1,SYNCHRONIZED,pool-3-thread-836,3826222522800,3828022984600,false,Hết hàng! Sản phẩm Flash Sale 'FSI-00167': yêu cầu 1; còn lại 0
TXN-SYNCHRONIZED-00837,REQ-SIM-00837,-,CUS-00837,FSI-00167,1,SYNCHRONIZED,pool-3-thread-837,3826222531000,3828023258300,false,Hết hàng! Sản phẩm Flash Sale 'FSI-00167': yêu cầu 1; còn lại 0
TXN-SYNCHRONIZED-00838,REQ-SIM-00838,-,CUS-00838,FSI-00167,1,SYNCHRONIZED,pool-3-thread-838,3826222538300,3828023580700,false,Hết hàng! Sản phẩm Flash Sale 'FSI-00167': yêu cầu 1; còn lại 0
TXN-SYNCHRONIZED-00839,REQ-SIM-00839,-,CUS-00839,FSI-00167,1,SYNCHRONIZED,pool-3-thread-839,3826222547000,3828023869400,false,Hết hàng! Sản phẩm Flash Sale 'FSI-00167': yêu cầu 1; còn lại 0
TXN-SYNCHRONIZED-00840,REQ-SIM-00840,-,CUS-00840,FSI-00167,1,SYNCHRONIZED,pool-3-thread-840,3826222557000,3828024145000,false,Hết hàng! Sản phẩm Flash Sale 'FSI-00167': yêu cầu 1; còn lại 0
TXN-SYNCHRONIZED-00841,REQ-SIM-00841,-,CUS-00841,FSI-00167,1,SYNCHRONIZED,pool-3-thread-841,3826222565000,3828024422900,false,Hết hàng! Sản phẩm Flash Sale 'FSI-00167': yêu cầu 1; còn lại 0
TXN-SYNCHRONIZED-00842,REQ-SIM-00842,-,CUS-00842,FSI-00167,1,SYNCHRONIZED,pool-3-thread-842,3826222576900,3828024771200,false,Hết hàng! Sản phẩm Flash Sale 'FSI-00167': yêu cầu 1; còn lại 0
TXN-SYNCHRONIZED-00843,REQ-SIM-00843,-,CUS-00843,FSI-00167,1,SYNCHRONIZED,pool-3-thread-843,3826222584700,3828025039800,false,Hết hàng! Sản phẩm Flash Sale 'FSI-00167': yêu cầu 1; còn lại 0
TXN-SYNCHRONIZED-00844,REQ-SIM-00844,-,CUS-00844,FSI-00167,1,SYNCHRONIZED,pool-3-thread-844,3826222594900,3828025304500,false,Hết hàng! Sản phẩm Flash Sale 'FSI-00167': yêu cầu 1; còn lại 0
TXN-SYNCHRONIZED-00845,REQ-SIM-00845,-,CUS-00845,FSI-00167,1,SYNCHRONIZED,pool-3-thread-845,3826222603800,3828025565600,false,Hết hàng! Sản phẩm Flash Sale 'FSI-00167': yêu cầu 1; còn lại 0
TXN-SYNCHRONIZED-00846,REQ-SIM-00846,-,CUS-00846,FSI-00167,1,SYNCHRONIZED,pool-3-thread-846,3826222614200,3828025956500,false,Hết hàng! Sản phẩm Flash Sale 'FSI-00167': yêu cầu 1; còn lại 0
TXN-SYNCHRONIZED-00847,REQ-SIM-00847,-,CUS-00847,FSI-00167,1,SYNCHRONIZED,pool-3-thread-847,3826222623000,3828026228000,false,Hết hàng! Sản phẩm Flash Sale 'FSI-00167': yêu cầu 1; còn lại 0
TXN-SYNCHRONIZED-00848,REQ-SIM-00848,-,CUS-00848,FSI-00167,1,SYNCHRONIZED,pool-3-thread-848,3826222632800,3828026494500,false,Hết hàng! Sản phẩm Flash Sale 'FSI-00167': yêu cầu 1; còn lại 0
TXN-SYNCHRONIZED-00849,REQ-SIM-00849,-,CUS-00849,FSI-00167,1,SYNCHRONIZED,pool-3-thread-849,3826222641200,3828026767500,false,Hết hàng! Sản phẩm Flash Sale 'FSI-00167': yêu cầu 1; còn lại 0
TXN-SYNCHRONIZED-00850,REQ-SIM-00850,-,CUS-00850,FSI-00167,1,SYNCHRONIZED,pool-3-thread-850,3826222651700,3828027065800,false,Hết hàng! Sản phẩm Flash Sale 'FSI-00167': yêu cầu 1; còn lại 0
TXN-SYNCHRONIZED-00851,REQ-SIM-00851,-,CUS-00851,FSI-00167,1,SYNCHRONIZED,pool-3-thread-851,3826222661000,3828027330900,false,Hết hàng! Sản phẩm Flash Sale 'FSI-00167': yêu cầu 1; còn lại 0
TXN-SYNCHRONIZED-00852,REQ-SIM-00852,-,CUS-00852,FSI-00167,1,SYNCHRONIZED,pool-3-thread-852,3826222670300,3828027599400,false,Hết hàng! Sản phẩm Flash Sale 'FSI-00167': yêu cầu 1; còn lại 0
TXN-SYNCHRONIZED-00853,REQ-SIM-00853,-,CUS-00853,FSI-00167,1,SYNCHRONIZED,pool-3-thread-853,3826222679200,3828027890100,false,Hết hàng! Sản phẩm Flash Sale 'FSI-00167': yêu cầu 1; còn lại 0
TXN-SYNCHRONIZED-00854,REQ-SIM-00854,-,CUS-00854,FSI-00167,1,SYNCHRONIZED,pool-3-thread-854,3826222690100,3828028186700,false,Hết hàng! Sản phẩm Flash Sale 'FSI-00167': yêu cầu 1; còn lại 0
TXN-SYNCHRONIZED-00855,REQ-SIM-00855,-,CUS-00855,FSI-00167,1,SYNCHRONIZED,pool-3-thread-855,3826222698600,3828028478500,false,Hết hàng! Sản phẩm Flash Sale 'FSI-00167': yêu cầu 1; còn lại 0
TXN-SYNCHRONIZED-00856,REQ-SIM-00856,-,CUS-00856,FSI-00167,1,SYNCHRONIZED,pool-3-thread-856,3826222712400,3828028751800,false,Hết hàng! Sản phẩm Flash Sale 'FSI-00167': yêu cầu 1; còn lại 0
TXN-SYNCHRONIZED-00857,REQ-SIM-00857,-,CUS-00857,FSI-00167,1,SYNCHRONIZED,pool-3-thread-857,3826222721200,3828029014700,false,Hết hàng! Sản phẩm Flash Sale 'FSI-00167': yêu cầu 1; còn lại 0
TXN-SYNCHRONIZED-00859,REQ-SIM-00859,-,CUS-00859,FSI-00167,1,SYNCHRONIZED,pool-3-thread-859,3826222731000,3828029319700,false,Hết hàng! Sản phẩm Flash Sale 'FSI-00167': yêu cầu 1; còn lại 0
TXN-SYNCHRONIZED-00858,REQ-SIM-00858,-,CUS-00858,FSI-00167,1,SYNCHRONIZED,pool-3-thread-858,3826222738900,3828029587300,false,Hết hàng! Sản phẩm Flash Sale 'FSI-00167': yêu cầu 1; còn lại 0
TXN-SYNCHRONIZED-00860,REQ-SIM-00860,-,CUS-00860,FSI-00167,1,SYNCHRONIZED,pool-3-thread-860,3826222746900,3828029850200,false,Hết hàng! Sản phẩm Flash Sale 'FSI-00167': yêu cầu 1; còn lại 0
TXN-SYNCHRONIZED-00861,REQ-SIM-00861,-,CUS-00861,FSI-00167,1,SYNCHRONIZED,pool-3-thread-861,3826222754900,3828030119700,false,Hết hàng! Sản phẩm Flash Sale 'FSI-00167': yêu cầu 1; còn lại 0
TXN-SYNCHRONIZED-00862,REQ-SIM-00862,-,CUS-00862,FSI-00167,1,SYNCHRONIZED,pool-3-thread-862,3826222763200,3828030382900,false,Hết hàng! Sản phẩm Flash Sale 'FSI-00167': yêu cầu 1; còn lại 0
TXN-SYNCHRONIZED-00863,REQ-SIM-00863,-,CUS-00863,FSI-00167,1,SYNCHRONIZED,pool-3-thread-863,3826222771100,3828030701200,false,Hết hàng! Sản phẩm Flash Sale 'FSI-00167': yêu cầu 1; còn lại 0
TXN-SYNCHRONIZED-00864,REQ-SIM-00864,-,CUS-00864,FSI-00167,1,SYNCHRONIZED,pool-3-thread-864,3826222780000,3828031023700,false,Hết hàng! Sản phẩm Flash Sale 'FSI-00167': yêu cầu 1; còn lại 0
TXN-SYNCHRONIZED-00865,REQ-SIM-00865,-,CUS-00865,FSI-00167,1,SYNCHRONIZED,pool-3-thread-865,3826222788900,3828031295200,false,Hết hàng! Sản phẩm Flash Sale 'FSI-00167': yêu cầu 1; còn lại 0
TXN-SYNCHRONIZED-00866,REQ-SIM-00866,-,CUS-00866,FSI-00167,1,SYNCHRONIZED,pool-3-thread-866,3826222796500,3828031560200,false,Hết hàng! Sản phẩm Flash Sale 'FSI-00167': yêu cầu 1; còn lại 0
TXN-SYNCHRONIZED-00870,REQ-SIM-00870,-,CUS-00870,FSI-00167,1,SYNCHRONIZED,pool-3-thread-870,3826222804700,3828031876200,false,Hết hàng! Sản phẩm Flash Sale 'FSI-00167': yêu cầu 1; còn lại 0
TXN-SYNCHRONIZED-00869,REQ-SIM-00869,-,CUS-00869,FSI-00167,1,SYNCHRONIZED,pool-3-thread-869,3826222812200,3828032134900,false,Hết hàng! Sản phẩm Flash Sale 'FSI-00167': yêu cầu 1; còn lại 0
TXN-SYNCHRONIZED-00867,REQ-SIM-00867,-,CUS-00867,FSI-00167,1,SYNCHRONIZED,pool-3-thread-867,3826222819700,3828032453400,false,Hết hàng! Sản phẩm Flash Sale 'FSI-00167': yêu cầu 1; còn lại 0
TXN-SYNCHRONIZED-00871,REQ-SIM-00871,-,CUS-00871,FSI-00167,1,SYNCHRONIZED,pool-3-thread-871,3826222827800,3828032717000,false,Hết hàng! Sản phẩm Flash Sale 'FSI-00167': yêu cầu 1; còn lại 0
TXN-SYNCHRONIZED-00872,REQ-SIM-00872,-,CUS-00872,FSI-00167,1,SYNCHRONIZED,pool-3-thread-872,3826222835800,3828033000400,false,Hết hàng! Sản phẩm Flash Sale 'FSI-00167': yêu cầu 1; còn lại 0
TXN-SYNCHRONIZED-00868,REQ-SIM-00868,-,CUS-00868,FSI-00167,1,SYNCHRONIZED,pool-3-thread-868,3826222844000,3828033362800,false,Hết hàng! Sản phẩm Flash Sale 'FSI-00167': yêu cầu 1; còn lại 0
TXN-SYNCHRONIZED-00873,REQ-SIM-00873,-,CUS-00873,FSI-00167,1,SYNCHRONIZED,pool-3-thread-873,3826222851000,3828033635700,false,Hết hàng! Sản phẩm Flash Sale 'FSI-00167': yêu cầu 1; còn lại 0
TXN-SYNCHRONIZED-00874,REQ-SIM-00874,-,CUS-00874,FSI-00167,1,SYNCHRONIZED,pool-3-thread-874,3826222858600,3828033997100,false,Hết hàng! Sản phẩm Flash Sale 'FSI-00167': yêu cầu 1; còn lại 0
TXN-SYNCHRONIZED-00875,REQ-SIM-00875,-,CUS-00875,FSI-00167,1,SYNCHRONIZED,pool-3-thread-875,3826222866500,3828034354200,false,Hết hàng! Sản phẩm Flash Sale 'FSI-00167': yêu cầu 1; còn lại 0
TXN-SYNCHRONIZED-00877,REQ-SIM-00877,-,CUS-00877,FSI-00167,1,SYNCHRONIZED,pool-3-thread-877,3826222874600,3828034616000,false,Hết hàng! Sản phẩm Flash Sale 'FSI-00167': yêu cầu 1; còn lại 0
TXN-SYNCHRONIZED-00876,REQ-SIM-00876,-,CUS-00876,FSI-00167,1,SYNCHRONIZED,pool-3-thread-876,3826222882600,3828034881600,false,Hết hàng! Sản phẩm Flash Sale 'FSI-00167': yêu cầu 1; còn lại 0
TXN-SYNCHRONIZED-00878,REQ-SIM-00878,-,CUS-00878,FSI-00167,1,SYNCHRONIZED,pool-3-thread-878,3826222890900,3828035144000,false,Hết hàng! Sản phẩm Flash Sale 'FSI-00167': yêu cầu 1; còn lại 0
TXN-SYNCHRONIZED-00879,REQ-SIM-00879,-,CUS-00879,FSI-00167,1,SYNCHRONIZED,pool-3-thread-879,3826222898400,3828035508500,false,Hết hàng! Sản phẩm Flash Sale 'FSI-00167': yêu cầu 1; còn lại 0
TXN-SYNCHRONIZED-00880,REQ-SIM-00880,-,CUS-00880,FSI-00167,1,SYNCHRONIZED,pool-3-thread-880,3826222907200,3828035771500,false,Hết hàng! Sản phẩm Flash Sale 'FSI-00167': yêu cầu 1; còn lại 0
TXN-SYNCHRONIZED-00881,REQ-SIM-00881,-,CUS-00881,FSI-00167,1,SYNCHRONIZED,pool-3-thread-881,3826222915600,3828036056800,false,Hết hàng! Sản phẩm Flash Sale 'FSI-00167': yêu cầu 1; còn lại 0
TXN-SYNCHRONIZED-00882,REQ-SIM-00882,-,CUS-00882,FSI-00167,1,SYNCHRONIZED,pool-3-thread-882,3826222924300,3828036317900,false,Hết hàng! Sản phẩm Flash Sale 'FSI-00167': yêu cầu 1; còn lại 0
TXN-SYNCHRONIZED-00883,REQ-SIM-00883,-,CUS-00883,FSI-00167,1,SYNCHRONIZED,pool-3-thread-883,3826222933000,3828036640800,false,Hết hàng! Sản phẩm Flash Sale 'FSI-00167': yêu cầu 1; còn lại 0
TXN-SYNCHRONIZED-00884,REQ-SIM-00884,-,CUS-00884,FSI-00167,1,SYNCHRONIZED,pool-3-thread-884,3826222940500,3828036902500,false,Hết hàng! Sản phẩm Flash Sale 'FSI-00167': yêu cầu 1; còn lại 0
TXN-SYNCHRONIZED-00885,REQ-SIM-00885,-,CUS-00885,FSI-00167,1,SYNCHRONIZED,pool-3-thread-885,3826222948500,3828037165400,false,Hết hàng! Sản phẩm Flash Sale 'FSI-00167': yêu cầu 1; còn lại 0
TXN-SYNCHRONIZED-00886,REQ-SIM-00886,-,CUS-00886,FSI-00167,1,SYNCHRONIZED,pool-3-thread-886,3826222956300,3828037430000,false,Hết hàng! Sản phẩm Flash Sale 'FSI-00167': yêu cầu 1; còn lại 0
TXN-SYNCHRONIZED-00887,REQ-SIM-00887,-,CUS-00887,FSI-00167,1,SYNCHRONIZED,pool-3-thread-887,3826222965700,3828037714600,false,Hết hàng! Sản phẩm Flash Sale 'FSI-00167': yêu cầu 1; còn lại 0
TXN-SYNCHRONIZED-00888,REQ-SIM-00888,-,CUS-00888,FSI-00167,1,SYNCHRONIZED,pool-3-thread-888,3826222973600,3828037972600,false,Hết hàng! Sản phẩm Flash Sale 'FSI-00167': yêu cầu 1; còn lại 0
TXN-SYNCHRONIZED-00889,REQ-SIM-00889,-,CUS-00889,FSI-00167,1,SYNCHRONIZED,pool-3-thread-889,3826222981200,3828038250600,false,Hết hàng! Sản phẩm Flash Sale 'FSI-00167': yêu cầu 1; còn lại 0
TXN-SYNCHRONIZED-00890,REQ-SIM-00890,-,CUS-00890,FSI-00167,1,SYNCHRONIZED,pool-3-thread-890,3826222988800,3828038507500,false,Hết hàng! Sản phẩm Flash Sale 'FSI-00167': yêu cầu 1; còn lại 0
TXN-SYNCHRONIZED-00891,REQ-SIM-00891,-,CUS-00891,FSI-00167,1,SYNCHRONIZED,pool-3-thread-891,3826222996400,3828038768800,false,Hết hàng! Sản phẩm Flash Sale 'FSI-00167': yêu cầu 1; còn lại 0
TXN-SYNCHRONIZED-00892,REQ-SIM-00892,-,CUS-00892,FSI-00167,1,SYNCHRONIZED,pool-3-thread-892,3826223003700,3828039062100,false,Hết hàng! Sản phẩm Flash Sale 'FSI-00167': yêu cầu 1; còn lại 0
TXN-SYNCHRONIZED-00895,REQ-SIM-00895,-,CUS-00895,FSI-00167,1,SYNCHRONIZED,pool-3-thread-895,3826223011800,3828039332000,false,Hết hàng! Sản phẩm Flash Sale 'FSI-00167': yêu cầu 1; còn lại 0
TXN-SYNCHRONIZED-00896,REQ-SIM-00896,-,CUS-00896,FSI-00167,1,SYNCHRONIZED,pool-3-thread-896,3826223019600,3828039594100,false,Hết hàng! Sản phẩm Flash Sale 'FSI-00167': yêu cầu 1; còn lại 0
TXN-SYNCHRONIZED-00893,REQ-SIM-00893,-,CUS-00893,FSI-00167,1,SYNCHRONIZED,pool-3-thread-893,3826223026800,3828039864500,false,Hết hàng! Sản phẩm Flash Sale 'FSI-00167': yêu cầu 1; còn lại 0
TXN-SYNCHRONIZED-00897,REQ-SIM-00897,-,CUS-00897,FSI-00167,1,SYNCHRONIZED,pool-3-thread-897,3826223034300,3828040174600,false,Hết hàng! Sản phẩm Flash Sale 'FSI-00167': yêu cầu 1; còn lại 0
TXN-SYNCHRONIZED-00894,REQ-SIM-00894,-,CUS-00894,FSI-00167,1,SYNCHRONIZED,pool-3-thread-894,3826223041300,3828040440800,false,Hết hàng! Sản phẩm Flash Sale 'FSI-00167': yêu cầu 1; còn lại 0
TXN-SYNCHRONIZED-00906,REQ-SIM-00906,-,CUS-00906,FSI-00167,1,SYNCHRONIZED,pool-3-thread-906,3826223048200,3828040705800,false,Hết hàng! Sản phẩm Flash Sale 'FSI-00167': yêu cầu 1; còn lại 0
TXN-SYNCHRONIZED-00899,REQ-SIM-00899,-,CUS-00899,FSI-00167,1,SYNCHRONIZED,pool-3-thread-899,3826223055500,3828040963400,false,Hết hàng! Sản phẩm Flash Sale 'FSI-00167': yêu cầu 1; còn lại 0
TXN-SYNCHRONIZED-00900,REQ-SIM-00900,-,CUS-00900,FSI-00167,1,SYNCHRONIZED,pool-3-thread-900,3826223062600,3828041227300,false,Hết hàng! Sản phẩm Flash Sale 'FSI-00167': yêu cầu 1; còn lại 0
TXN-SYNCHRONIZED-00901,REQ-SIM-00901,-,CUS-00901,FSI-00167,1,SYNCHRONIZED,pool-3-thread-901,3826223070300,3828041596100,false,Hết hàng! Sản phẩm Flash Sale 'FSI-00167': yêu cầu 1; còn lại 0
TXN-SYNCHRONIZED-00902,REQ-SIM-00902,-,CUS-00902,FSI-00167,1,SYNCHRONIZED,pool-3-thread-902,3826223077500,3828041855900,false,Hết hàng! Sản phẩm Flash Sale 'FSI-00167': yêu cầu 1; còn lại 0
TXN-SYNCHRONIZED-00903,REQ-SIM-00903,-,CUS-00903,FSI-00167,1,SYNCHRONIZED,pool-3-thread-903,3826223086000,3828042117400,false,Hết hàng! Sản phẩm Flash Sale 'FSI-00167': yêu cầu 1; còn lại 0
TXN-SYNCHRONIZED-00910,REQ-SIM-00910,-,CUS-00910,FSI-00167,1,SYNCHRONIZED,pool-3-thread-910,3826223093100,3828042483800,false,Hết hàng! Sản phẩm Flash Sale 'FSI-00167': yêu cầu 1; còn lại 0
TXN-SYNCHRONIZED-00905,REQ-SIM-00905,-,CUS-00905,FSI-00167,1,SYNCHRONIZED,pool-3-thread-905,3826223100400,3828042854500,false,Hết hàng! Sản phẩm Flash Sale 'FSI-00167': yêu cầu 1; còn lại 0
TXN-SYNCHRONIZED-00898,REQ-SIM-00898,-,CUS-00898,FSI-00167,1,SYNCHRONIZED,pool-3-thread-898,3826223108100,3828043107500,false,Hết hàng! Sản phẩm Flash Sale 'FSI-00167': yêu cầu 1; còn lại 0
TXN-SYNCHRONIZED-00907,REQ-SIM-00907,-,CUS-00907,FSI-00167,1,SYNCHRONIZED,pool-3-thread-907,3826223115800,3828043376300,false,Hết hàng! Sản phẩm Flash Sale 'FSI-00167': yêu cầu 1; còn lại 0
TXN-SYNCHRONIZED-00908,REQ-SIM-00908,-,CUS-00908,FSI-00167,1,SYNCHRONIZED,pool-3-thread-908,3826223122800,3828043649600,false,Hết hàng! Sản phẩm Flash Sale 'FSI-00167': yêu cầu 1; còn lại 0
TXN-SYNCHRONIZED-00909,REQ-SIM-00909,-,CUS-00909,FSI-00167,1,SYNCHRONIZED,pool-3-thread-909,3826223130600,3828043955900,false,Hết hàng! Sản phẩm Flash Sale 'FSI-00167': yêu cầu 1; còn lại 0
TXN-SYNCHRONIZED-00904,REQ-SIM-00904,-,CUS-00904,FSI-00167,1,SYNCHRONIZED,pool-3-thread-904,3826223137300,3828044232300,false,Hết hàng! Sản phẩm Flash Sale 'FSI-00167': yêu cầu 1; còn lại 0
TXN-SYNCHRONIZED-00911,REQ-SIM-00911,-,CUS-00911,FSI-00167,1,SYNCHRONIZED,pool-3-thread-911,3826223144500,3828044504100,false,Hết hàng! Sản phẩm Flash Sale 'FSI-00167': yêu cầu 1; còn lại 0
TXN-SYNCHRONIZED-00912,REQ-SIM-00912,-,CUS-00912,FSI-00167,1,SYNCHRONIZED,pool-3-thread-912,3826223152100,3828044773200,false,Hết hàng! Sản phẩm Flash Sale 'FSI-00167': yêu cầu 1; còn lại 0
TXN-SYNCHRONIZED-00920,REQ-SIM-00920,-,CUS-00920,FSI-00167,1,SYNCHRONIZED,pool-3-thread-920,3826223159700,3828045051000,false,Hết hàng! Sản phẩm Flash Sale 'FSI-00167': yêu cầu 1; còn lại 0
TXN-SYNCHRONIZED-00916,REQ-SIM-00916,-,CUS-00916,FSI-00167,1,SYNCHRONIZED,pool-3-thread-916,3826223167300,3828045318500,false,Hết hàng! Sản phẩm Flash Sale 'FSI-00167': yêu cầu 1; còn lại 0
TXN-SYNCHRONIZED-00913,REQ-SIM-00913,-,CUS-00913,FSI-00167,1,SYNCHRONIZED,pool-3-thread-913,3826223175000,3828045585800,false,Hết hàng! Sản phẩm Flash Sale 'FSI-00167': yêu cầu 1; còn lại 0
TXN-SYNCHRONIZED-00917,REQ-SIM-00917,-,CUS-00917,FSI-00167,1,SYNCHRONIZED,pool-3-thread-917,3826223182300,3828045867000,false,Hết hàng! Sản phẩm Flash Sale 'FSI-00167': yêu cầu 1; còn lại 0
TXN-SYNCHRONIZED-00918,REQ-SIM-00918,-,CUS-00918,FSI-00167,1,SYNCHRONIZED,pool-3-thread-918,3826223190100,3828046131900,false,Hết hàng! Sản phẩm Flash Sale 'FSI-00167': yêu cầu 1; còn lại 0
TXN-SYNCHRONIZED-00914,REQ-SIM-00914,-,CUS-00914,FSI-00167,1,SYNCHRONIZED,pool-3-thread-914,3826223197000,3828046408700,false,Hết hàng! Sản phẩm Flash Sale 'FSI-00167': yêu cầu 1; còn lại 0
TXN-SYNCHRONIZED-00919,REQ-SIM-00919,-,CUS-00919,FSI-00167,1,SYNCHRONIZED,pool-3-thread-919,3826223204900,3828046673500,false,Hết hàng! Sản phẩm Flash Sale 'FSI-00167': yêu cầu 1; còn lại 0
TXN-SYNCHRONIZED-00927,REQ-SIM-00927,-,CUS-00927,FSI-00167,1,SYNCHRONIZED,pool-3-thread-927,3826223212200,3828046936800,false,Hết hàng! Sản phẩm Flash Sale 'FSI-00167': yêu cầu 1; còn lại 0
TXN-SYNCHRONIZED-00921,REQ-SIM-00921,-,CUS-00921,FSI-00167,1,SYNCHRONIZED,pool-3-thread-921,3826223220100,3828047195500,false,Hết hàng! Sản phẩm Flash Sale 'FSI-00167': yêu cầu 1; còn lại 0
TXN-SYNCHRONIZED-00922,REQ-SIM-00922,-,CUS-00922,FSI-00167,1,SYNCHRONIZED,pool-3-thread-922,3826223228000,3828047452500,false,Hết hàng! Sản phẩm Flash Sale 'FSI-00167': yêu cầu 1; còn lại 0
TXN-SYNCHRONIZED-00929,REQ-SIM-00929,-,CUS-00929,FSI-00167,1,SYNCHRONIZED,pool-3-thread-929,3826223236300,3828047718300,false,Hết hàng! Sản phẩm Flash Sale 'FSI-00167': yêu cầu 1; còn lại 0
TXN-SYNCHRONIZED-00924,REQ-SIM-00924,-,CUS-00924,FSI-00167,1,SYNCHRONIZED,pool-3-thread-924,3826223243400,3828047982500,false,Hết hàng! Sản phẩm Flash Sale 'FSI-00167': yêu cầu 1; còn lại 0
TXN-SYNCHRONIZED-00925,REQ-SIM-00925,-,CUS-00925,FSI-00167,1,SYNCHRONIZED,pool-3-thread-925,3826223256900,3828048244000,false,Hết hàng! Sản phẩm Flash Sale 'FSI-00167': yêu cầu 1; còn lại 0
TXN-SYNCHRONIZED-00926,REQ-SIM-00926,-,CUS-00926,FSI-00167,1,SYNCHRONIZED,pool-3-thread-926,3826223267000,3828048553000,false,Hết hàng! Sản phẩm Flash Sale 'FSI-00167': yêu cầu 1; còn lại 0
TXN-SYNCHRONIZED-00915,REQ-SIM-00915,-,CUS-00915,FSI-00167,1,SYNCHRONIZED,pool-3-thread-915,3826223274500,3828048815900,false,Hết hàng! Sản phẩm Flash Sale 'FSI-00167': yêu cầu 1; còn lại 0
TXN-SYNCHRONIZED-00928,REQ-SIM-00928,-,CUS-00928,FSI-00167,1,SYNCHRONIZED,pool-3-thread-928,3826223284800,3828049070100,false,Hết hàng! Sản phẩm Flash Sale 'FSI-00167': yêu cầu 1; còn lại 0
TXN-SYNCHRONIZED-00923,REQ-SIM-00923,-,CUS-00923,FSI-00167,1,SYNCHRONIZED,pool-3-thread-923,3826223294200,3828049340600,false,Hết hàng! Sản phẩm Flash Sale 'FSI-00167': yêu cầu 1; còn lại 0
TXN-SYNCHRONIZED-00930,REQ-SIM-00930,-,CUS-00930,FSI-00167,1,SYNCHRONIZED,pool-3-thread-930,3826223302600,3828049604000,false,Hết hàng! Sản phẩm Flash Sale 'FSI-00167': yêu cầu 1; còn lại 0
TXN-SYNCHRONIZED-00931,REQ-SIM-00931,-,CUS-00931,FSI-00167,1,SYNCHRONIZED,pool-3-thread-931,3826223318000,3828049877000,false,Hết hàng! Sản phẩm Flash Sale 'FSI-00167': yêu cầu 1; còn lại 0
TXN-SYNCHRONIZED-00932,REQ-SIM-00932,-,CUS-00932,FSI-00167,1,SYNCHRONIZED,pool-3-thread-932,3826223325100,3828050147800,false,Hết hàng! Sản phẩm Flash Sale 'FSI-00167': yêu cầu 1; còn lại 0
TXN-SYNCHRONIZED-00933,REQ-SIM-00933,-,CUS-00933,FSI-00167,1,SYNCHRONIZED,pool-3-thread-933,3826223335000,3828050411400,false,Hết hàng! Sản phẩm Flash Sale 'FSI-00167': yêu cầu 1; còn lại 0
TXN-SYNCHRONIZED-00934,REQ-SIM-00934,-,CUS-00934,FSI-00167,1,SYNCHRONIZED,pool-3-thread-934,3826223345000,3828050693100,false,Hết hàng! Sản phẩm Flash Sale 'FSI-00167': yêu cầu 1; còn lại 0
TXN-SYNCHRONIZED-00935,REQ-SIM-00935,-,CUS-00935,FSI-00167,1,SYNCHRONIZED,pool-3-thread-935,3826223362900,3828050963600,false,Hết hàng! Sản phẩm Flash Sale 'FSI-00167': yêu cầu 1; còn lại 0
TXN-SYNCHRONIZED-00936,REQ-SIM-00936,-,CUS-00936,FSI-00167,1,SYNCHRONIZED,pool-3-thread-936,3826223371200,3828051230100,false,Hết hàng! Sản phẩm Flash Sale 'FSI-00167': yêu cầu 1; còn lại 0
TXN-SYNCHRONIZED-00938,REQ-SIM-00938,-,CUS-00938,FSI-00167,1,SYNCHRONIZED,pool-3-thread-938,3826223387400,3828051518200,false,Hết hàng! Sản phẩm Flash Sale 'FSI-00167': yêu cầu 1; còn lại 0
TXN-SYNCHRONIZED-00937,REQ-SIM-00937,-,CUS-00937,FSI-00167,1,SYNCHRONIZED,pool-3-thread-937,3826223400400,3828051782000,false,Hết hàng! Sản phẩm Flash Sale 'FSI-00167': yêu cầu 1; còn lại 0
TXN-SYNCHRONIZED-00939,REQ-SIM-00939,-,CUS-00939,FSI-00167,1,SYNCHRONIZED,pool-3-thread-939,3826223416300,3828052042500,false,Hết hàng! Sản phẩm Flash Sale 'FSI-00167': yêu cầu 1; còn lại 0
TXN-SYNCHRONIZED-00940,REQ-SIM-00940,-,CUS-00940,FSI-00167,1,SYNCHRONIZED,pool-3-thread-940,3826223427000,3828052302400,false,Hết hàng! Sản phẩm Flash Sale 'FSI-00167': yêu cầu 1; còn lại 0
TXN-SYNCHRONIZED-00941,REQ-SIM-00941,-,CUS-00941,FSI-00167,1,SYNCHRONIZED,pool-3-thread-941,3826223437200,3828052585500,false,Hết hàng! Sản phẩm Flash Sale 'FSI-00167': yêu cầu 1; còn lại 0
TXN-SYNCHRONIZED-00942,REQ-SIM-00942,-,CUS-00942,FSI-00167,1,SYNCHRONIZED,pool-3-thread-942,3826223445500,3828053019500,false,Hết hàng! Sản phẩm Flash Sale 'FSI-00167': yêu cầu 1; còn lại 0
TXN-SYNCHRONIZED-00943,REQ-SIM-00943,-,CUS-00943,FSI-00167,1,SYNCHRONIZED,pool-3-thread-943,3826223456800,3828053318600,false,Hết hàng! Sản phẩm Flash Sale 'FSI-00167': yêu cầu 1; còn lại 0
TXN-SYNCHRONIZED-00944,REQ-SIM-00944,-,CUS-00944,FSI-00167,1,SYNCHRONIZED,pool-3-thread-944,3826223464100,3828053576500,false,Hết hàng! Sản phẩm Flash Sale 'FSI-00167': yêu cầu 1; còn lại 0
TXN-SYNCHRONIZED-00945,REQ-SIM-00945,-,CUS-00945,FSI-00167,1,SYNCHRONIZED,pool-3-thread-945,3826223475300,3828053844000,false,Hết hàng! Sản phẩm Flash Sale 'FSI-00167': yêu cầu 1; còn lại 0
TXN-SYNCHRONIZED-00946,REQ-SIM-00946,-,CUS-00946,FSI-00167,1,SYNCHRONIZED,pool-3-thread-946,3826223483100,3828054104000,false,Hết hàng! Sản phẩm Flash Sale 'FSI-00167': yêu cầu 1; còn lại 0
TXN-SYNCHRONIZED-00947,REQ-SIM-00947,-,CUS-00947,FSI-00167,1,SYNCHRONIZED,pool-3-thread-947,3826223492500,3828054362700,false,Hết hàng! Sản phẩm Flash Sale 'FSI-00167': yêu cầu 1; còn lại 0
TXN-SYNCHRONIZED-00948,REQ-SIM-00948,-,CUS-00948,FSI-00167,1,SYNCHRONIZED,pool-3-thread-948,3826223499800,3828054621000,false,Hết hàng! Sản phẩm Flash Sale 'FSI-00167': yêu cầu 1; còn lại 0
TXN-SYNCHRONIZED-00949,REQ-SIM-00949,-,CUS-00949,FSI-00167,1,SYNCHRONIZED,pool-3-thread-949,3826223507700,3828055039900,false,Hết hàng! Sản phẩm Flash Sale 'FSI-00167': yêu cầu 1; còn lại 0
TXN-SYNCHRONIZED-00950,REQ-SIM-00950,-,CUS-00950,FSI-00167,1,SYNCHRONIZED,pool-3-thread-950,3826223515100,3828055310500,false,Hết hàng! Sản phẩm Flash Sale 'FSI-00167': yêu cầu 1; còn lại 0
TXN-SYNCHRONIZED-00951,REQ-SIM-00951,-,CUS-00951,FSI-00167,1,SYNCHRONIZED,pool-3-thread-951,3826223522100,3828055577200,false,Hết hàng! Sản phẩm Flash Sale 'FSI-00167': yêu cầu 1; còn lại 0
TXN-SYNCHRONIZED-00952,REQ-SIM-00952,-,CUS-00952,FSI-00167,1,SYNCHRONIZED,pool-3-thread-952,3826223530100,3828055839700,false,Hết hàng! Sản phẩm Flash Sale 'FSI-00167': yêu cầu 1; còn lại 0
TXN-SYNCHRONIZED-00953,REQ-SIM-00953,-,CUS-00953,FSI-00167,1,SYNCHRONIZED,pool-3-thread-953,3826223537800,3828056133900,false,Hết hàng! Sản phẩm Flash Sale 'FSI-00167': yêu cầu 1; còn lại 0
TXN-SYNCHRONIZED-00954,REQ-SIM-00954,-,CUS-00954,FSI-00167,1,SYNCHRONIZED,pool-3-thread-954,3826223545800,3828056395100,false,Hết hàng! Sản phẩm Flash Sale 'FSI-00167': yêu cầu 1; còn lại 0
TXN-SYNCHRONIZED-00955,REQ-SIM-00955,-,CUS-00955,FSI-00167,1,SYNCHRONIZED,pool-3-thread-955,3826223553500,3828056653900,false,Hết hàng! Sản phẩm Flash Sale 'FSI-00167': yêu cầu 1; còn lại 0
TXN-SYNCHRONIZED-00956,REQ-SIM-00956,-,CUS-00956,FSI-00167,1,SYNCHRONIZED,pool-3-thread-956,3826223561000,3828056963500,false,Hết hàng! Sản phẩm Flash Sale 'FSI-00167': yêu cầu 1; còn lại 0
TXN-SYNCHRONIZED-00957,REQ-SIM-00957,-,CUS-00957,FSI-00167,1,SYNCHRONIZED,pool-3-thread-957,3826223568600,3828057227800,false,Hết hàng! Sản phẩm Flash Sale 'FSI-00167': yêu cầu 1; còn lại 0
TXN-SYNCHRONIZED-00958,REQ-SIM-00958,-,CUS-00958,FSI-00167,1,SYNCHRONIZED,pool-3-thread-958,3826223576300,3828057494800,false,Hết hàng! Sản phẩm Flash Sale 'FSI-00167': yêu cầu 1; còn lại 0
TXN-SYNCHRONIZED-00959,REQ-SIM-00959,-,CUS-00959,FSI-00167,1,SYNCHRONIZED,pool-3-thread-959,3826223584400,3828057761200,false,Hết hàng! Sản phẩm Flash Sale 'FSI-00167': yêu cầu 1; còn lại 0
TXN-SYNCHRONIZED-00960,REQ-SIM-00960,-,CUS-00960,FSI-00167,1,SYNCHRONIZED,pool-3-thread-960,3826223592200,3828058033300,false,Hết hàng! Sản phẩm Flash Sale 'FSI-00167': yêu cầu 1; còn lại 0
TXN-SYNCHRONIZED-00961,REQ-SIM-00961,-,CUS-00961,FSI-00167,1,SYNCHRONIZED,pool-3-thread-961,3826223600800,3828058296500,false,Hết hàng! Sản phẩm Flash Sale 'FSI-00167': yêu cầu 1; còn lại 0
TXN-SYNCHRONIZED-00962,REQ-SIM-00962,-,CUS-00962,FSI-00167,1,SYNCHRONIZED,pool-3-thread-962,3826223609600,3828058555400,false,Hết hàng! Sản phẩm Flash Sale 'FSI-00167': yêu cầu 1; còn lại 0
TXN-SYNCHRONIZED-00963,REQ-SIM-00963,-,CUS-00963,FSI-00167,1,SYNCHRONIZED,pool-3-thread-963,3826223617000,3828058816900,false,Hết hàng! Sản phẩm Flash Sale 'FSI-00167': yêu cầu 1; còn lại 0
TXN-SYNCHRONIZED-00964,REQ-SIM-00964,-,CUS-00964,FSI-00167,1,SYNCHRONIZED,pool-3-thread-964,3826223624900,3828059077600,false,Hết hàng! Sản phẩm Flash Sale 'FSI-00167': yêu cầu 1; còn lại 0
TXN-SYNCHRONIZED-00965,REQ-SIM-00965,-,CUS-00965,FSI-00167,1,SYNCHRONIZED,pool-3-thread-965,3826223631900,3828059346900,false,Hết hàng! Sản phẩm Flash Sale 'FSI-00167': yêu cầu 1; còn lại 0
TXN-SYNCHRONIZED-00966,REQ-SIM-00966,-,CUS-00966,FSI-00167,1,SYNCHRONIZED,pool-3-thread-966,3826223639100,3828059602500,false,Hết hàng! Sản phẩm Flash Sale 'FSI-00167': yêu cầu 1; còn lại 0
TXN-SYNCHRONIZED-00967,REQ-SIM-00967,-,CUS-00967,FSI-00167,1,SYNCHRONIZED,pool-3-thread-967,3826223646900,3828059879000,false,Hết hàng! Sản phẩm Flash Sale 'FSI-00167': yêu cầu 1; còn lại 0
TXN-SYNCHRONIZED-00968,REQ-SIM-00968,-,CUS-00968,FSI-00167,1,SYNCHRONIZED,pool-3-thread-968,3826223654400,3828060160000,false,Hết hàng! Sản phẩm Flash Sale 'FSI-00167': yêu cầu 1; còn lại 0
TXN-SYNCHRONIZED-00969,REQ-SIM-00969,-,CUS-00969,FSI-00167,1,SYNCHRONIZED,pool-3-thread-969,3826223661800,3828060449400,false,Hết hàng! Sản phẩm Flash Sale 'FSI-00167': yêu cầu 1; còn lại 0
TXN-SYNCHRONIZED-00970,REQ-SIM-00970,-,CUS-00970,FSI-00167,1,SYNCHRONIZED,pool-3-thread-970,3826223668500,3828060715300,false,Hết hàng! Sản phẩm Flash Sale 'FSI-00167': yêu cầu 1; còn lại 0
TXN-SYNCHRONIZED-00971,REQ-SIM-00971,-,CUS-00971,FSI-00167,1,SYNCHRONIZED,pool-3-thread-971,3826223676300,3828060983300,false,Hết hàng! Sản phẩm Flash Sale 'FSI-00167': yêu cầu 1; còn lại 0
TXN-SYNCHRONIZED-00972,REQ-SIM-00972,-,CUS-00972,FSI-00167,1,SYNCHRONIZED,pool-3-thread-972,3826223683400,3828061241600,false,Hết hàng! Sản phẩm Flash Sale 'FSI-00167': yêu cầu 1; còn lại 0
TXN-SYNCHRONIZED-00973,REQ-SIM-00973,-,CUS-00973,FSI-00167,1,SYNCHRONIZED,pool-3-thread-973,3826223690600,3828061511100,false,Hết hàng! Sản phẩm Flash Sale 'FSI-00167': yêu cầu 1; còn lại 0
TXN-SYNCHRONIZED-00974,REQ-SIM-00974,-,CUS-00974,FSI-00167,1,SYNCHRONIZED,pool-3-thread-974,3826223698500,3828061776900,false,Hết hàng! Sản phẩm Flash Sale 'FSI-00167': yêu cầu 1; còn lại 0
TXN-SYNCHRONIZED-00975,REQ-SIM-00975,-,CUS-00975,FSI-00167,1,SYNCHRONIZED,pool-3-thread-975,3826223705800,3828062035900,false,Hết hàng! Sản phẩm Flash Sale 'FSI-00167': yêu cầu 1; còn lại 0
TXN-SYNCHRONIZED-00976,REQ-SIM-00976,-,CUS-00976,FSI-00167,1,SYNCHRONIZED,pool-3-thread-976,3826223713500,3828062296900,false,Hết hàng! Sản phẩm Flash Sale 'FSI-00167': yêu cầu 1; còn lại 0
TXN-SYNCHRONIZED-00977,REQ-SIM-00977,-,CUS-00977,FSI-00167,1,SYNCHRONIZED,pool-3-thread-977,3826223720900,3828062566300,false,Hết hàng! Sản phẩm Flash Sale 'FSI-00167': yêu cầu 1; còn lại 0
TXN-SYNCHRONIZED-00978,REQ-SIM-00978,-,CUS-00978,FSI-00167,1,SYNCHRONIZED,pool-3-thread-978,3826223727900,3828062828300,false,Hết hàng! Sản phẩm Flash Sale 'FSI-00167': yêu cầu 1; còn lại 0
TXN-SYNCHRONIZED-00979,REQ-SIM-00979,-,CUS-00979,FSI-00167,1,SYNCHRONIZED,pool-3-thread-979,3826223735500,3828063094600,false,Hết hàng! Sản phẩm Flash Sale 'FSI-00167': yêu cầu 1; còn lại 0
TXN-SYNCHRONIZED-00980,REQ-SIM-00980,-,CUS-00980,FSI-00167,1,SYNCHRONIZED,pool-3-thread-980,3826223742800,3828063371100,false,Hết hàng! Sản phẩm Flash Sale 'FSI-00167': yêu cầu 1; còn lại 0
TXN-SYNCHRONIZED-00981,REQ-SIM-00981,-,CUS-00981,FSI-00167,1,SYNCHRONIZED,pool-3-thread-981,3826223750400,3828063627400,false,Hết hàng! Sản phẩm Flash Sale 'FSI-00167': yêu cầu 1; còn lại 0
TXN-SYNCHRONIZED-00982,REQ-SIM-00982,-,CUS-00982,FSI-00167,1,SYNCHRONIZED,pool-3-thread-982,3826223757300,3828063897900,false,Hết hàng! Sản phẩm Flash Sale 'FSI-00167': yêu cầu 1; còn lại 0
TXN-SYNCHRONIZED-00983,REQ-SIM-00983,-,CUS-00983,FSI-00167,1,SYNCHRONIZED,pool-3-thread-983,3826223764400,3828064173500,false,Hết hàng! Sản phẩm Flash Sale 'FSI-00167': yêu cầu 1; còn lại 0
TXN-SYNCHRONIZED-00984,REQ-SIM-00984,-,CUS-00984,FSI-00167,1,SYNCHRONIZED,pool-3-thread-984,3826223772800,3828064436000,false,Hết hàng! Sản phẩm Flash Sale 'FSI-00167': yêu cầu 1; còn lại 0
TXN-SYNCHRONIZED-00985,REQ-SIM-00985,-,CUS-00985,FSI-00167,1,SYNCHRONIZED,pool-3-thread-985,3826223779800,3828064700100,false,Hết hàng! Sản phẩm Flash Sale 'FSI-00167': yêu cầu 1; còn lại 0
TXN-SYNCHRONIZED-00986,REQ-SIM-00986,-,CUS-00986,FSI-00167,1,SYNCHRONIZED,pool-3-thread-986,3826223787500,3828064964100,false,Hết hàng! Sản phẩm Flash Sale 'FSI-00167': yêu cầu 1; còn lại 0
TXN-SYNCHRONIZED-00987,REQ-SIM-00987,-,CUS-00987,FSI-00167,1,SYNCHRONIZED,pool-3-thread-987,3826223794900,3828065238100,false,Hết hàng! Sản phẩm Flash Sale 'FSI-00167': yêu cầu 1; còn lại 0
TXN-SYNCHRONIZED-00988,REQ-SIM-00988,-,CUS-00988,FSI-00167,1,SYNCHRONIZED,pool-3-thread-988,3826223802600,3828065522000,false,Hết hàng! Sản phẩm Flash Sale 'FSI-00167': yêu cầu 1; còn lại 0
TXN-SYNCHRONIZED-00989,REQ-SIM-00989,-,CUS-00989,FSI-00167,1,SYNCHRONIZED,pool-3-thread-989,3826223810100,3828065815900,false,Hết hàng! Sản phẩm Flash Sale 'FSI-00167': yêu cầu 1; còn lại 0
TXN-SYNCHRONIZED-00990,REQ-SIM-00990,-,CUS-00990,FSI-00167,1,SYNCHRONIZED,pool-3-thread-990,3826223818100,3828066078600,false,Hết hàng! Sản phẩm Flash Sale 'FSI-00167': yêu cầu 1; còn lại 0
TXN-SYNCHRONIZED-00991,REQ-SIM-00991,-,CUS-00991,FSI-00167,1,SYNCHRONIZED,pool-3-thread-991,3826223825300,3828066444600,false,Hết hàng! Sản phẩm Flash Sale 'FSI-00167': yêu cầu 1; còn lại 0
TXN-SYNCHRONIZED-00992,REQ-SIM-00992,-,CUS-00992,FSI-00167,1,SYNCHRONIZED,pool-3-thread-992,3826223833200,3828066728000,false,Hết hàng! Sản phẩm Flash Sale 'FSI-00167': yêu cầu 1; còn lại 0
TXN-SYNCHRONIZED-00993,REQ-SIM-00993,-,CUS-00993,FSI-00167,1,SYNCHRONIZED,pool-3-thread-993,3826223839800,3828066988800,false,Hết hàng! Sản phẩm Flash Sale 'FSI-00167': yêu cầu 1; còn lại 0
TXN-SYNCHRONIZED-00994,REQ-SIM-00994,-,CUS-00994,FSI-00167,1,SYNCHRONIZED,pool-3-thread-994,3826223847000,3828067258500,false,Hết hàng! Sản phẩm Flash Sale 'FSI-00167': yêu cầu 1; còn lại 0
TXN-SYNCHRONIZED-00995,REQ-SIM-00995,-,CUS-00995,FSI-00167,1,SYNCHRONIZED,pool-3-thread-995,3826223854200,3828067668800,false,Hết hàng! Sản phẩm Flash Sale 'FSI-00167': yêu cầu 1; còn lại 0
TXN-SYNCHRONIZED-00996,REQ-SIM-00996,-,CUS-00996,FSI-00167,1,SYNCHRONIZED,pool-3-thread-996,3826223862400,3828067926300,false,Hết hàng! Sản phẩm Flash Sale 'FSI-00167': yêu cầu 1; còn lại 0
TXN-SYNCHRONIZED-00997,REQ-SIM-00997,-,CUS-00997,FSI-00167,1,SYNCHRONIZED,pool-3-thread-997,3826223869200,3828068319800,false,Hết hàng! Sản phẩm Flash Sale 'FSI-00167': yêu cầu 1; còn lại 0
TXN-SYNCHRONIZED-00998,REQ-SIM-00998,-,CUS-00998,FSI-00167,1,SYNCHRONIZED,pool-3-thread-998,3826223877000,3828068584500,false,Hết hàng! Sản phẩm Flash Sale 'FSI-00167': yêu cầu 1; còn lại 0
TXN-SYNCHRONIZED-00999,REQ-SIM-00999,-,CUS-00999,FSI-00167,1,SYNCHRONIZED,pool-3-thread-999,3826223884400,3828068850900,false,Hết hàng! Sản phẩm Flash Sale 'FSI-00167': yêu cầu 1; còn lại 0
TXN-SYNCHRONIZED-01000,REQ-SIM-01000,-,CUS-01000,FSI-00167,1,SYNCHRONIZED,pool-3-thread-1000,3826223889600,3828069221100,false,Hết hàng! Sản phẩm Flash Sale 'FSI-00167': yêu cầu 1; còn lại 0
TXN-OPTIMISTIC-00652,REQ-SIM-00652,SIM-OPTIMISTIC-00652,CUS-00652,FSI-00167,1,OPTIMISTIC,pool-4-thread-652,3828169143700,3828345656700,true,
TXN-OPTIMISTIC-00549,REQ-SIM-00549,SIM-OPTIMISTIC-00549,CUS-00549,FSI-00167,1,OPTIMISTIC,pool-4-thread-549,3828167632700,3828390710000,true,
TXN-OPTIMISTIC-00970,REQ-SIM-00970,SIM-OPTIMISTIC-00970,CUS-00970,FSI-00167,1,OPTIMISTIC,pool-4-thread-970,3828172843100,3828421429400,true,
TXN-OPTIMISTIC-00556,REQ-SIM-00556,SIM-OPTIMISTIC-00556,CUS-00556,FSI-00167,1,OPTIMISTIC,pool-4-thread-556,3828167709000,3828438878000,true,
TXN-OPTIMISTIC-00665,REQ-SIM-00665,SIM-OPTIMISTIC-00665,CUS-00665,FSI-00167,1,OPTIMISTIC,pool-4-thread-665,3828169276800,3828486501200,true,
TXN-OPTIMISTIC-00632,REQ-SIM-00632,SIM-OPTIMISTIC-00632,CUS-00632,FSI-00167,1,OPTIMISTIC,pool-4-thread-632,3828168927500,3828517823100,true,
TXN-OPTIMISTIC-00620,REQ-SIM-00620,SIM-OPTIMISTIC-00620,CUS-00620,FSI-00167,1,OPTIMISTIC,pool-4-thread-620,3828168805300,3828544141500,true,
TXN-OPTIMISTIC-00518,REQ-SIM-00518,SIM-OPTIMISTIC-00518,CUS-00518,FSI-00167,1,OPTIMISTIC,pool-4-thread-518,3828167295000,3828559239300,true,
TXN-OPTIMISTIC-00933,REQ-SIM-00933,SIM-OPTIMISTIC-00933,CUS-00933,FSI-00167,1,OPTIMISTIC,pool-4-thread-933,3828172456900,3828574444600,true,
TXN-OPTIMISTIC-00925,REQ-SIM-00925,SIM-OPTIMISTIC-00925,CUS-00925,FSI-00167,1,OPTIMISTIC,pool-4-thread-925,3828172367300,3828589851500,true,
TXN-OPTIMISTIC-00843,REQ-SIM-00843,SIM-OPTIMISTIC-00843,CUS-00843,FSI-00167,1,OPTIMISTIC,pool-4-thread-843,3828171508400,3828604540800,true,
TXN-OPTIMISTIC-00993,REQ-SIM-00993,SIM-OPTIMISTIC-00993,CUS-00993,FSI-00167,1,OPTIMISTIC,pool-4-thread-993,3828173099500,3828620247500,true,
TXN-OPTIMISTIC-00967,REQ-SIM-00967,SIM-OPTIMISTIC-00967,CUS-00967,FSI-00167,1,OPTIMISTIC,pool-4-thread-967,3828172811600,3828637609600,true,
TXN-OPTIMISTIC-00996,REQ-SIM-00996,SIM-OPTIMISTIC-00996,CUS-00996,FSI-00167,1,OPTIMISTIC,pool-4-thread-996,3828173135800,3828651928000,true,
TXN-OPTIMISTIC-00985,REQ-SIM-00985,SIM-OPTIMISTIC-00985,CUS-00985,FSI-00167,1,OPTIMISTIC,pool-4-thread-985,3828173019100,3828665531800,true,
TXN-OPTIMISTIC-00489,REQ-SIM-00489,SIM-OPTIMISTIC-00489,CUS-00489,FSI-00167,1,OPTIMISTIC,pool-4-thread-489,3828166993200,3828679149100,true,
TXN-OPTIMISTIC-00819,REQ-SIM-00819,SIM-OPTIMISTIC-00819,CUS-00819,FSI-00167,1,OPTIMISTIC,pool-4-thread-819,3828170965300,3828693016500,true,
TXN-OPTIMISTIC-00663,REQ-SIM-00663,SIM-OPTIMISTIC-00663,CUS-00663,FSI-00167,1,OPTIMISTIC,pool-4-thread-663,3828169257400,3828707011200,true,
TXN-OPTIMISTIC-00965,REQ-SIM-00965,SIM-OPTIMISTIC-00965,CUS-00965,FSI-00167,1,OPTIMISTIC,pool-4-thread-965,3828172791200,3828721723300,true,
TXN-OPTIMISTIC-00992,REQ-SIM-00992,SIM-OPTIMISTIC-00992,CUS-00992,FSI-00167,1,OPTIMISTIC,pool-4-thread-992,3828173087600,3828736414100,true,
TXN-OPTIMISTIC-00694,REQ-SIM-00694,SIM-OPTIMISTIC-00694,CUS-00694,FSI-00167,1,OPTIMISTIC,pool-4-thread-694,3828169574400,3828750325000,true,
TXN-OPTIMISTIC-00881,REQ-SIM-00881,SIM-OPTIMISTIC-00881,CUS-00881,FSI-00167,1,OPTIMISTIC,pool-4-thread-881,3828171920900,3828768788400,true,
TXN-OPTIMISTIC-00567,REQ-SIM-00567,SIM-OPTIMISTIC-00567,CUS-00567,FSI-00167,1,OPTIMISTIC,pool-4-thread-567,3828167828700,3828790768300,true,
TXN-OPTIMISTIC-00892,REQ-SIM-00892,SIM-OPTIMISTIC-00892,CUS-00892,FSI-00167,1,OPTIMISTIC,pool-4-thread-892,3828172031700,3828813392200,true,
TXN-OPTIMISTIC-00703,REQ-SIM-00703,SIM-OPTIMISTIC-00703,CUS-00703,FSI-00167,1,OPTIMISTIC,pool-4-thread-703,3828169666500,3828831180400,true,
TXN-OPTIMISTIC-00986,REQ-SIM-00986,SIM-OPTIMISTIC-00986,CUS-00986,FSI-00167,1,OPTIMISTIC,pool-4-thread-986,3828173029600,3828854264700,true,
TXN-OPTIMISTIC-00875,REQ-SIM-00875,SIM-OPTIMISTIC-00875,CUS-00875,FSI-00167,1,OPTIMISTIC,pool-4-thread-875,3828171862600,3828869705000,true,
TXN-OPTIMISTIC-00619,REQ-SIM-00619,SIM-OPTIMISTIC-00619,CUS-00619,FSI-00167,1,OPTIMISTIC,pool-4-thread-619,3828168795500,3828886355900,true,
TXN-OPTIMISTIC-00827,REQ-SIM-00827,SIM-OPTIMISTIC-00827,CUS-00827,FSI-00167,1,OPTIMISTIC,pool-4-thread-827,3828171051200,3828905806600,true,
TXN-OPTIMISTIC-00713,REQ-SIM-00713,SIM-OPTIMISTIC-00713,CUS-00713,FSI-00167,1,OPTIMISTIC,pool-4-thread-713,3828169767700,3828920603600,true,
TXN-OPTIMISTIC-00953,REQ-SIM-00953,SIM-OPTIMISTIC-00953,CUS-00953,FSI-00167,1,OPTIMISTIC,pool-4-thread-953,3828172661400,3828935422300,true,
TXN-OPTIMISTIC-00575,REQ-SIM-00575,SIM-OPTIMISTIC-00575,CUS-00575,FSI-00167,1,OPTIMISTIC,pool-4-thread-575,3828167915500,3828950813800,true,
TXN-OPTIMISTIC-00949,REQ-SIM-00949,SIM-OPTIMISTIC-00949,CUS-00949,FSI-00167,1,OPTIMISTIC,pool-4-thread-949,3828172618500,3828972067500,true,
TXN-OPTIMISTIC-00825,REQ-SIM-00825,SIM-OPTIMISTIC-00825,CUS-00825,FSI-00167,1,OPTIMISTIC,pool-4-thread-825,3828171026900,3828990452400,true,
TXN-OPTIMISTIC-00994,REQ-SIM-00994,SIM-OPTIMISTIC-00994,CUS-00994,FSI-00167,1,OPTIMISTIC,pool-4-thread-994,3828173110500,3829008065000,true,
TXN-OPTIMISTIC-00561,REQ-SIM-00561,SIM-OPTIMISTIC-00561,CUS-00561,FSI-00167,1,OPTIMISTIC,pool-4-thread-561,3828167759300,3829025471100,true,
TXN-OPTIMISTIC-00578,REQ-SIM-00578,SIM-OPTIMISTIC-00578,CUS-00578,FSI-00167,1,OPTIMISTIC,pool-4-thread-578,3828167946100,3829042839600,true,
TXN-OPTIMISTIC-00386,REQ-SIM-00386,SIM-OPTIMISTIC-00386,CUS-00386,FSI-00167,1,OPTIMISTIC,pool-4-thread-386,3828165518700,3829067558300,true,
TXN-OPTIMISTIC-00435,REQ-SIM-00435,SIM-OPTIMISTIC-00435,CUS-00435,FSI-00167,1,OPTIMISTIC,pool-4-thread-435,3828166367500,3829089047400,true,
TXN-OPTIMISTIC-00446,REQ-SIM-00446,SIM-OPTIMISTIC-00446,CUS-00446,FSI-00167,1,OPTIMISTIC,pool-4-thread-446,3828166500400,3829109226100,true,
TXN-OPTIMISTIC-00644,REQ-SIM-00644,SIM-OPTIMISTIC-00644,CUS-00644,FSI-00167,1,OPTIMISTIC,pool-4-thread-644,3828169062800,3829128184300,true,
TXN-OPTIMISTIC-00394,REQ-SIM-00394,SIM-OPTIMISTIC-00394,CUS-00394,FSI-00167,1,OPTIMISTIC,pool-4-thread-394,3828165609600,3829144277800,true,
TXN-OPTIMISTIC-00783,REQ-SIM-00783,SIM-OPTIMISTIC-00783,CUS-00783,FSI-00167,1,OPTIMISTIC,pool-4-thread-783,3828170530100,3829161419700,true,
TXN-OPTIMISTIC-00700,REQ-SIM-00700,SIM-OPTIMISTIC-00700,CUS-00700,FSI-00167,1,OPTIMISTIC,pool-4-thread-700,3828169637100,3829177534100,true,
TXN-OPTIMISTIC-00805,REQ-SIM-00805,SIM-OPTIMISTIC-00805,CUS-00805,FSI-00167,1,OPTIMISTIC,pool-4-thread-805,3828170821600,3829195234800,true,
TXN-OPTIMISTIC-00858,REQ-SIM-00858,SIM-OPTIMISTIC-00858,CUS-00858,FSI-00167,1,OPTIMISTIC,pool-4-thread-858,3828171676300,3829216570400,true,
TXN-OPTIMISTIC-00654,REQ-SIM-00654,SIM-OPTIMISTIC-00654,CUS-00654,FSI-00167,1,OPTIMISTIC,pool-4-thread-654,3828169163100,3829233277600,true,
TXN-OPTIMISTIC-00937,REQ-SIM-00937,SIM-OPTIMISTIC-00937,CUS-00937,FSI-00167,1,OPTIMISTIC,pool-4-thread-937,3828172487400,3829250171500,true,
TXN-OPTIMISTIC-00878,REQ-SIM-00878,SIM-OPTIMISTIC-00878,CUS-00878,FSI-00167,1,OPTIMISTIC,pool-4-thread-878,3828171892600,3829268662900,true,
TXN-OPTIMISTIC-00772,REQ-SIM-00772,SIM-OPTIMISTIC-00772,CUS-00772,FSI-00167,1,OPTIMISTIC,pool-4-thread-772,3828170376600,3829285925800,true,
TXN-OPTIMISTIC-00677,REQ-SIM-00677,SIM-OPTIMISTIC-00677,CUS-00677,FSI-00167,1,OPTIMISTIC,pool-4-thread-677,3828169398100,3829306275400,true,
TXN-OPTIMISTIC-00627,REQ-SIM-00627,SIM-OPTIMISTIC-00627,CUS-00627,FSI-00167,1,OPTIMISTIC,pool-4-thread-627,3828168877000,3829333291000,true,
TXN-OPTIMISTIC-00467,REQ-SIM-00467,SIM-OPTIMISTIC-00467,CUS-00467,FSI-00167,1,OPTIMISTIC,pool-4-thread-467,3828166747200,3829354495400,true,
TXN-OPTIMISTIC-00719,REQ-SIM-00719,SIM-OPTIMISTIC-00719,CUS-00719,FSI-00167,1,OPTIMISTIC,pool-4-thread-719,3828169835800,3829370685200,true,
TXN-OPTIMISTIC-00139,REQ-SIM-00139,SIM-OPTIMISTIC-00139,CUS-00139,FSI-00167,1,OPTIMISTIC,pool-4-thread-139,3828162448000,3829384992900,true,
TXN-OPTIMISTIC-00171,REQ-SIM-00171,SIM-OPTIMISTIC-00171,CUS-00171,FSI-00167,1,OPTIMISTIC,pool-4-thread-171,3828162768800,3829402260800,true,
TXN-OPTIMISTIC-00147,REQ-SIM-00147,SIM-OPTIMISTIC-00147,CUS-00147,FSI-00167,1,OPTIMISTIC,pool-4-thread-147,3828162528000,3829419414600,true,
TXN-OPTIMISTIC-00146,REQ-SIM-00146,SIM-OPTIMISTIC-00146,CUS-00146,FSI-00167,1,OPTIMISTIC,pool-4-thread-146,3828162518500,3829434392900,true,
TXN-OPTIMISTIC-00346,REQ-SIM-00346,SIM-OPTIMISTIC-00346,CUS-00346,FSI-00167,1,OPTIMISTIC,pool-4-thread-346,3828165013100,3829449926600,true,
TXN-OPTIMISTIC-00001,REQ-SIM-00001,SIM-OPTIMISTIC-00001,CUS-00001,FSI-00167,1,OPTIMISTIC,pool-4-thread-1,3828160933500,3829463940000,true,
TXN-OPTIMISTIC-00081,REQ-SIM-00081,SIM-OPTIMISTIC-00081,CUS-00081,FSI-00167,1,OPTIMISTIC,pool-4-thread-81,3828161832700,3829480663300,true,
TXN-OPTIMISTIC-00234,REQ-SIM-00234,SIM-OPTIMISTIC-00234,CUS-00234,FSI-00167,1,OPTIMISTIC,pool-4-thread-234,3828163727100,3829500556500,true,
TXN-OPTIMISTIC-00179,REQ-SIM-00179,SIM-OPTIMISTIC-00179,CUS-00179,FSI-00167,1,OPTIMISTIC,pool-4-thread-179,3828162854300,3829515978900,true,
TXN-OPTIMISTIC-00492,REQ-SIM-00492,SIM-OPTIMISTIC-00492,CUS-00492,FSI-00167,1,OPTIMISTIC,pool-4-thread-492,3828167024000,3829529718300,true,
TXN-OPTIMISTIC-00033,REQ-SIM-00033,SIM-OPTIMISTIC-00033,CUS-00033,FSI-00167,1,OPTIMISTIC,pool-4-thread-33,3828161299300,3829545163800,true,
TXN-OPTIMISTIC-00167,REQ-SIM-00167,SIM-OPTIMISTIC-00167,CUS-00167,FSI-00167,1,OPTIMISTIC,pool-4-thread-167,3828162729000,3829563288000,true,
TXN-OPTIMISTIC-00053,REQ-SIM-00053,SIM-OPTIMISTIC-00053,CUS-00053,FSI-00167,1,OPTIMISTIC,pool-4-thread-53,3828161511700,3829578471500,true,
TXN-OPTIMISTIC-00036,REQ-SIM-00036,SIM-OPTIMISTIC-00036,CUS-00036,FSI-00167,1,OPTIMISTIC,pool-4-thread-36,3828161334200,3829594432000,true,
TXN-OPTIMISTIC-00073,REQ-SIM-00073,SIM-OPTIMISTIC-00073,CUS-00073,FSI-00167,1,OPTIMISTIC,pool-4-thread-73,3828161748500,3829609102600,true,
TXN-OPTIMISTIC-00195,REQ-SIM-00195,SIM-OPTIMISTIC-00195,CUS-00195,FSI-00167,1,OPTIMISTIC,pool-4-thread-195,3828163311600,3829627232100,true,
TXN-OPTIMISTIC-00564,REQ-SIM-00564,SIM-OPTIMISTIC-00564,CUS-00564,FSI-00167,1,OPTIMISTIC,pool-4-thread-564,3828167794700,3829644270600,true,
TXN-OPTIMISTIC-00089,REQ-SIM-00089,SIM-OPTIMISTIC-00089,CUS-00089,FSI-00167,1,OPTIMISTIC,pool-4-thread-89,3828161914100,3829660223000,true,
TXN-OPTIMISTIC-00483,REQ-SIM-00483,SIM-OPTIMISTIC-00483,CUS-00483,FSI-00167,1,OPTIMISTIC,pool-4-thread-483,3828166927900,3829676067200,true,
TXN-OPTIMISTIC-00312,REQ-SIM-00312,SIM-OPTIMISTIC-00312,CUS-00312,FSI-00167,1,OPTIMISTIC,pool-4-thread-312,3828164625300,3829693629800,true,
TXN-OPTIMISTIC-00328,REQ-SIM-00328,SIM-OPTIMISTIC-00328,CUS-00328,FSI-00167,1,OPTIMISTIC,pool-4-thread-328,3828164804000,3829717291600,true,
TXN-OPTIMISTIC-00058,REQ-SIM-00058,SIM-OPTIMISTIC-00058,CUS-00058,FSI-00167,1,OPTIMISTIC,pool-4-thread-58,3828161562100,3829737048500,true,
TXN-OPTIMISTIC-00464,REQ-SIM-00464,SIM-OPTIMISTIC-00464,CUS-00464,FSI-00167,1,OPTIMISTIC,pool-4-thread-464,3828166707400,3829755274700,true,
TXN-OPTIMISTIC-00065,REQ-SIM-00065,SIM-OPTIMISTIC-00065,CUS-00065,FSI-00167,1,OPTIMISTIC,pool-4-thread-65,3828161646500,3829771429800,true,
TXN-OPTIMISTIC-00297,REQ-SIM-00297,SIM-OPTIMISTIC-00297,CUS-00297,FSI-00167,1,OPTIMISTIC,pool-4-thread-297,3828164428200,3829789104800,true,
TXN-OPTIMISTIC-00355,REQ-SIM-00355,SIM-OPTIMISTIC-00355,CUS-00355,FSI-00167,1,OPTIMISTIC,pool-4-thread-355,3828165120800,3829806525600,true,
TXN-OPTIMISTIC-00553,REQ-SIM-00553,SIM-OPTIMISTIC-00553,CUS-00553,FSI-00167,1,OPTIMISTIC,pool-4-thread-553,3828167676100,3829824391500,true,
TXN-OPTIMISTIC-00121,REQ-SIM-00121,SIM-OPTIMISTIC-00121,CUS-00121,FSI-00167,1,OPTIMISTIC,pool-4-thread-121,3828162250800,3829839387800,true,
TXN-OPTIMISTIC-00113,REQ-SIM-00113,SIM-OPTIMISTIC-00113,CUS-00113,FSI-00167,1,OPTIMISTIC,pool-4-thread-113,3828162163700,3829852533500,true,
TXN-OPTIMISTIC-00173,REQ-SIM-00173,SIM-OPTIMISTIC-00173,CUS-00173,FSI-00167,1,OPTIMISTIC,pool-4-thread-173,3828162793200,3829867145200,true,
TXN-OPTIMISTIC-00006,REQ-SIM-00006,SIM-OPTIMISTIC-00006,CUS-00006,FSI-00167,1,OPTIMISTIC,pool-4-thread-6,3828160985800,3829880742300,true,
TXN-OPTIMISTIC-00122,REQ-SIM-00122,SIM-OPTIMISTIC-00122,CUS-00122,FSI-00167,1,OPTIMISTIC,pool-4-thread-122,3828162259700,3829893226700,true,
TXN-OPTIMISTIC-00201,REQ-SIM-00201,SIM-OPTIMISTIC-00201,CUS-00201,FSI-00167,1,OPTIMISTIC,pool-4-thread-201,3828163374900,3829907479000,true,
TXN-OPTIMISTIC-00228,REQ-SIM-00228,SIM-OPTIMISTIC-00228,CUS-00228,FSI-00167,1,OPTIMISTIC,pool-4-thread-228,3828163665100,3829923586500,true,
TXN-OPTIMISTIC-00049,REQ-SIM-00049,SIM-OPTIMISTIC-00049,CUS-00049,FSI-00167,1,OPTIMISTIC,pool-4-thread-49,3828161472000,3829936422500,true,
TXN-OPTIMISTIC-00054,REQ-SIM-00054,SIM-OPTIMISTIC-00054,CUS-00054,FSI-00167,1,OPTIMISTIC,pool-4-thread-54,3828161520600,3829952084700,true,
TXN-OPTIMISTIC-00009,REQ-SIM-00009,SIM-OPTIMISTIC-00009,CUS-00009,FSI-00167,1,OPTIMISTIC,pool-4-thread-9,3828161031800,3829967906200,true,
TXN-OPTIMISTIC-00352,REQ-SIM-00352,SIM-OPTIMISTIC-00352,CUS-00352,FSI-00167,1,OPTIMISTIC,pool-4-thread-352,3828165085500,3829982481300,true,
TXN-OPTIMISTIC-00286,REQ-SIM-00286,SIM-OPTIMISTIC-00286,CUS-00286,FSI-00167,1,OPTIMISTIC,pool-4-thread-286,3828164290600,3829998249100,true,
TXN-OPTIMISTIC-00362,REQ-SIM-00362,SIM-OPTIMISTIC-00362,CUS-00362,FSI-00167,1,OPTIMISTIC,pool-4-thread-362,3828165216700,3830013372600,true,
TXN-OPTIMISTIC-00162,REQ-SIM-00162,SIM-OPTIMISTIC-00162,CUS-00162,FSI-00167,1,OPTIMISTIC,pool-4-thread-162,3828162680000,3830028309400,true,
TXN-OPTIMISTIC-00519,REQ-SIM-00519,SIM-OPTIMISTIC-00519,CUS-00519,FSI-00167,1,OPTIMISTIC,pool-4-thread-519,3828167306300,3830044807000,true,
TXN-OPTIMISTIC-00129,REQ-SIM-00129,-,CUS-00129,FSI-00167,1,OPTIMISTIC,pool-4-thread-129,3828162341800,3830058656000,false,Hết hàng! Sản phẩm Flash Sale 'FSI-00167': yêu cầu 1; còn lại 0
TXN-OPTIMISTIC-00205,REQ-SIM-00205,-,CUS-00205,FSI-00167,1,OPTIMISTIC,pool-4-thread-205,3828163415600,3830058973100,false,Hết hàng! Sản phẩm Flash Sale 'FSI-00167': yêu cầu 1; còn lại 0
TXN-OPTIMISTIC-00021,REQ-SIM-00021,-,CUS-00021,FSI-00167,1,OPTIMISTIC,pool-4-thread-21,3828161175800,3830059320500,false,Hết hàng! Sản phẩm Flash Sale 'FSI-00167': yêu cầu 1; còn lại 0
TXN-OPTIMISTIC-00157,REQ-SIM-00157,-,CUS-00157,FSI-00167,1,OPTIMISTIC,pool-4-thread-157,3828162634900,3830059648000,false,Hết hàng! Sản phẩm Flash Sale 'FSI-00167': yêu cầu 1; còn lại 0
TXN-OPTIMISTIC-00216,REQ-SIM-00216,-,CUS-00216,FSI-00167,1,OPTIMISTIC,pool-4-thread-216,3828163531800,3830059939800,false,Hết hàng! Sản phẩm Flash Sale 'FSI-00167': yêu cầu 1; còn lại 0
TXN-OPTIMISTIC-00117,REQ-SIM-00117,-,CUS-00117,FSI-00167,1,OPTIMISTIC,pool-4-thread-117,3828162210800,3830060290500,false,Hết hàng! Sản phẩm Flash Sale 'FSI-00167': yêu cầu 1; còn lại 0
TXN-OPTIMISTIC-00116,REQ-SIM-00116,-,CUS-00116,FSI-00167,1,OPTIMISTIC,pool-4-thread-116,3828162202400,3830060629700,false,Hết hàng! Sản phẩm Flash Sale 'FSI-00167': yêu cầu 1; còn lại 0
TXN-OPTIMISTIC-00196,REQ-SIM-00196,-,CUS-00196,FSI-00167,1,OPTIMISTIC,pool-4-thread-196,3828163320100,3830060995800,false,Hết hàng! Sản phẩm Flash Sale 'FSI-00167': yêu cầu 1; còn lại 0
TXN-OPTIMISTIC-00387,REQ-SIM-00387,-,CUS-00387,FSI-00167,1,OPTIMISTIC,pool-4-thread-387,3828165531700,3830061424800,false,Hết hàng! Sản phẩm Flash Sale 'FSI-00167': yêu cầu 1; còn lại 0
TXN-OPTIMISTIC-00148,REQ-SIM-00148,-,CUS-00148,FSI-00167,1,OPTIMISTIC,pool-4-thread-148,3828162541100,3830061749500,false,Hết hàng! Sản phẩm Flash Sale 'FSI-00167': yêu cầu 1; còn lại 0
TXN-OPTIMISTIC-00203,REQ-SIM-00203,-,CUS-00203,FSI-00167,1,OPTIMISTIC,pool-4-thread-203,3828163396100,3830062218800,false,Hết hàng! Sản phẩm Flash Sale 'FSI-00167': yêu cầu 1; còn lại 0
TXN-OPTIMISTIC-00175,REQ-SIM-00175,-,CUS-00175,FSI-00167,1,OPTIMISTIC,pool-4-thread-175,3828162814100,3830062534100,false,Hết hàng! Sản phẩm Flash Sale 'FSI-00167': yêu cầu 1; còn lại 0
TXN-OPTIMISTIC-00211,REQ-SIM-00211,-,CUS-00211,FSI-00167,1,OPTIMISTIC,pool-4-thread-211,3828163481100,3830062862200,false,Hết hàng! Sản phẩm Flash Sale 'FSI-00167': yêu cầu 1; còn lại 0
TXN-OPTIMISTIC-00660,REQ-SIM-00660,-,CUS-00660,FSI-00167,1,OPTIMISTIC,pool-4-thread-660,3828169227900,3830063196600,false,Hết hàng! Sản phẩm Flash Sale 'FSI-00167': yêu cầu 1; còn lại 0
TXN-OPTIMISTIC-00371,REQ-SIM-00371,-,CUS-00371,FSI-00167,1,OPTIMISTIC,pool-4-thread-371,3828165327000,3830063583400,false,Hết hàng! Sản phẩm Flash Sale 'FSI-00167': yêu cầu 1; còn lại 0
TXN-OPTIMISTIC-00134,REQ-SIM-00134,-,CUS-00134,FSI-00167,1,OPTIMISTIC,pool-4-thread-134,3828162392800,3830063901900,false,Hết hàng! Sản phẩm Flash Sale 'FSI-00167': yêu cầu 1; còn lại 0
TXN-OPTIMISTIC-00123,REQ-SIM-00123,-,CUS-00123,FSI-00167,1,OPTIMISTIC,pool-4-thread-123,3828162271700,3830064278700,false,Hết hàng! Sản phẩm Flash Sale 'FSI-00167': yêu cầu 1; còn lại 0
TXN-OPTIMISTIC-00294,REQ-SIM-00294,-,CUS-00294,FSI-00167,1,OPTIMISTIC,pool-4-thread-294,3828164385200,3830064650800,false,Hết hàng! Sản phẩm Flash Sale 'FSI-00167': yêu cầu 1; còn lại 0
TXN-OPTIMISTIC-00233,REQ-SIM-00233,-,CUS-00233,FSI-00167,1,OPTIMISTIC,pool-4-thread-233,3828163714300,3830064947500,false,Hết hàng! Sản phẩm Flash Sale 'FSI-00167': yêu cầu 1; còn lại 0
TXN-OPTIMISTIC-00012,REQ-SIM-00012,-,CUS-00012,FSI-00167,1,OPTIMISTIC,pool-4-thread-12,3828161076500,3830065427000,false,Hết hàng! Sản phẩm Flash Sale 'FSI-00167': yêu cầu 1; còn lại 0
TXN-OPTIMISTIC-00356,REQ-SIM-00356,-,CUS-00356,FSI-00167,1,OPTIMISTIC,pool-4-thread-356,3828165131100,3830065830700,false,Hết hàng! Sản phẩm Flash Sale 'FSI-00167': yêu cầu 1; còn lại 0
TXN-OPTIMISTIC-00280,REQ-SIM-00280,-,CUS-00280,FSI-00167,1,OPTIMISTIC,pool-4-thread-280,3828164219600,3830066131400,false,Hết hàng! Sản phẩm Flash Sale 'FSI-00167': yêu cầu 1; còn lại 0
TXN-OPTIMISTIC-00245,REQ-SIM-00245,-,CUS-00245,FSI-00167,1,OPTIMISTIC,pool-4-thread-245,3828163838100,3830066430500,false,Hết hàng! Sản phẩm Flash Sale 'FSI-00167': yêu cầu 1; còn lại 0
TXN-OPTIMISTIC-00241,REQ-SIM-00241,-,CUS-00241,FSI-00167,1,OPTIMISTIC,pool-4-thread-241,3828163798300,3830066967100,false,Hết hàng! Sản phẩm Flash Sale 'FSI-00167': yêu cầu 1; còn lại 0
TXN-OPTIMISTIC-00217,REQ-SIM-00217,-,CUS-00217,FSI-00167,1,OPTIMISTIC,pool-4-thread-217,3828163541600,3830067209000,false,Hết hàng! Sản phẩm Flash Sale 'FSI-00167': yêu cầu 1; còn lại 0
TXN-OPTIMISTIC-00017,REQ-SIM-00017,-,CUS-00017,FSI-00167,1,OPTIMISTIC,pool-4-thread-17,3828161128800,3830067603700,false,Hết hàng! Sản phẩm Flash Sale 'FSI-00167': yêu cầu 1; còn lại 0
TXN-OPTIMISTIC-00292,REQ-SIM-00292,-,CUS-00292,FSI-00167,1,OPTIMISTIC,pool-4-thread-292,3828164360100,3830067952900,false,Hết hàng! Sản phẩm Flash Sale 'FSI-00167': yêu cầu 1; còn lại 0
TXN-OPTIMISTIC-00093,REQ-SIM-00093,-,CUS-00093,FSI-00167,1,OPTIMISTIC,pool-4-thread-93,3828161954000,3830068341100,false,Hết hàng! Sản phẩm Flash Sale 'FSI-00167': yêu cầu 1; còn lại 0
TXN-OPTIMISTIC-00433,REQ-SIM-00433,-,CUS-00433,FSI-00167,1,OPTIMISTIC,pool-4-thread-433,3828166343000,3830068751000,false,Hết hàng! Sản phẩm Flash Sale 'FSI-00167': yêu cầu 1; còn lại 0
TXN-OPTIMISTIC-00349,REQ-SIM-00349,-,CUS-00349,FSI-00167,1,OPTIMISTIC,pool-4-thread-349,3828165052800,3830069111500,false,Hết hàng! Sản phẩm Flash Sale 'FSI-00167': yêu cầu 1; còn lại 0
TXN-OPTIMISTIC-00325,REQ-SIM-00325,-,CUS-00325,FSI-00167,1,OPTIMISTIC,pool-4-thread-325,3828164770500,3830069465600,false,Hết hàng! Sản phẩm Flash Sale 'FSI-00167': yêu cầu 1; còn lại 0
TXN-OPTIMISTIC-00050,REQ-SIM-00050,-,CUS-00050,FSI-00167,1,OPTIMISTIC,pool-4-thread-50,3828161484600,3830069804700,false,Hết hàng! Sản phẩm Flash Sale 'FSI-00167': yêu cầu 1; còn lại 0
TXN-OPTIMISTIC-00343,REQ-SIM-00343,-,CUS-00343,FSI-00167,1,OPTIMISTIC,pool-4-thread-343,3828164974500,3830070107500,false,Hết hàng! Sản phẩm Flash Sale 'FSI-00167': yêu cầu 1; còn lại 0
TXN-OPTIMISTIC-00391,REQ-SIM-00391,-,CUS-00391,FSI-00167,1,OPTIMISTIC,pool-4-thread-391,3828165577200,3830070389600,false,Hết hàng! Sản phẩm Flash Sale 'FSI-00167': yêu cầu 1; còn lại 0
TXN-OPTIMISTIC-00026,REQ-SIM-00026,-,CUS-00026,FSI-00167,1,OPTIMISTIC,pool-4-thread-26,3828161225500,3830070817600,false,Hết hàng! Sản phẩm Flash Sale 'FSI-00167': yêu cầu 1; còn lại 0
TXN-OPTIMISTIC-00249,REQ-SIM-00249,-,CUS-00249,FSI-00167,1,OPTIMISTIC,pool-4-thread-249,3828163889000,3830071046800,false,Hết hàng! Sản phẩm Flash Sale 'FSI-00167': yêu cầu 1; còn lại 0
TXN-OPTIMISTIC-00069,REQ-SIM-00069,-,CUS-00069,FSI-00167,1,OPTIMISTIC,pool-4-thread-69,3828161705200,3830071401900,false,Hết hàng! Sản phẩm Flash Sale 'FSI-00167': yêu cầu 1; còn lại 0
TXN-OPTIMISTIC-00311,REQ-SIM-00311,-,CUS-00311,FSI-00167,1,OPTIMISTIC,pool-4-thread-311,3828164613000,3830071736500,false,Hết hàng! Sản phẩm Flash Sale 'FSI-00167': yêu cầu 1; còn lại 0
TXN-OPTIMISTIC-00209,REQ-SIM-00209,-,CUS-00209,FSI-00167,1,OPTIMISTIC,pool-4-thread-209,3828163458600,3830072026300,false,Hết hàng! Sản phẩm Flash Sale 'FSI-00167': yêu cầu 1; còn lại 0
TXN-OPTIMISTIC-00224,REQ-SIM-00224,-,CUS-00224,FSI-00167,1,OPTIMISTIC,pool-4-thread-224,3828163619900,3830072398600,false,Hết hàng! Sản phẩm Flash Sale 'FSI-00167': yêu cầu 1; còn lại 0
TXN-OPTIMISTIC-00307,REQ-SIM-00307,-,CUS-00307,FSI-00167,1,OPTIMISTIC,pool-4-thread-307,3828164567700,3830072712700,false,Hết hàng! Sản phẩm Flash Sale 'FSI-00167': yêu cầu 1; còn lại 0
TXN-OPTIMISTIC-00132,REQ-SIM-00132,-,CUS-00132,FSI-00167,1,OPTIMISTIC,pool-4-thread-132,3828162374500,3830073050000,false,Hết hàng! Sản phẩm Flash Sale 'FSI-00167': yêu cầu 1; còn lại 0
TXN-OPTIMISTIC-00299,REQ-SIM-00299,-,CUS-00299,FSI-00167,1,OPTIMISTIC,pool-4-thread-299,3828164457600,3830073336100,false,Hết hàng! Sản phẩm Flash Sale 'FSI-00167': yêu cầu 1; còn lại 0
TXN-OPTIMISTIC-00210,REQ-SIM-00210,-,CUS-00210,FSI-00167,1,OPTIMISTIC,pool-4-thread-210,3828163469400,3830073738000,false,Hết hàng! Sản phẩm Flash Sale 'FSI-00167': yêu cầu 1; còn lại 0
TXN-OPTIMISTIC-00169,REQ-SIM-00169,-,CUS-00169,FSI-00167,1,OPTIMISTIC,pool-4-thread-169,3828162747000,3830074085300,false,Hết hàng! Sản phẩm Flash Sale 'FSI-00167': yêu cầu 1; còn lại 0
TXN-OPTIMISTIC-00178,REQ-SIM-00178,-,CUS-00178,FSI-00167,1,OPTIMISTIC,pool-4-thread-178,3828162844300,3830074420700,false,Hết hàng! Sản phẩm Flash Sale 'FSI-00167': yêu cầu 1; còn lại 0
TXN-OPTIMISTIC-00247,REQ-SIM-00247,-,CUS-00247,FSI-00167,1,OPTIMISTIC,pool-4-thread-247,3828163863400,3830074707400,false,Hết hàng! Sản phẩm Flash Sale 'FSI-00167': yêu cầu 1; còn lại 0
TXN-OPTIMISTIC-00177,REQ-SIM-00177,-,CUS-00177,FSI-00167,1,OPTIMISTIC,pool-4-thread-177,3828162833500,3830075044700,false,Hết hàng! Sản phẩm Flash Sale 'FSI-00167': yêu cầu 1; còn lại 0
TXN-OPTIMISTIC-00354,REQ-SIM-00354,-,CUS-00354,FSI-00167,1,OPTIMISTIC,pool-4-thread-354,3828165110000,3830075406100,false,Hết hàng! Sản phẩm Flash Sale 'FSI-00167': yêu cầu 1; còn lại 0
TXN-OPTIMISTIC-00056,REQ-SIM-00056,-,CUS-00056,FSI-00167,1,OPTIMISTIC,pool-4-thread-56,3828161540600,3830075699300,false,Hết hàng! Sản phẩm Flash Sale 'FSI-00167': yêu cầu 1; còn lại 0
TXN-OPTIMISTIC-00208,REQ-SIM-00208,-,CUS-00208,FSI-00167,1,OPTIMISTIC,pool-4-thread-208,3828163448900,3830076016300,false,Hết hàng! Sản phẩm Flash Sale 'FSI-00167': yêu cầu 1; còn lại 0
TXN-OPTIMISTIC-00342,REQ-SIM-00342,-,CUS-00342,FSI-00167,1,OPTIMISTIC,pool-4-thread-342,3828164964100,3830076369700,false,Hết hàng! Sản phẩm Flash Sale 'FSI-00167': yêu cầu 1; còn lại 0
TXN-OPTIMISTIC-00096,REQ-SIM-00096,-,CUS-00096,FSI-00167,1,OPTIMISTIC,pool-4-thread-96,3828161988300,3830076725200,false,Hết hàng! Sản phẩm Flash Sale 'FSI-00167': yêu cầu 1; còn lại 0
TXN-OPTIMISTIC-00438,REQ-SIM-00438,-,CUS-00438,FSI-00167,1,OPTIMISTIC,pool-4-thread-438,3828166401200,3830077019000,false,Hết hàng! Sản phẩm Flash Sale 'FSI-00167': yêu cầu 1; còn lại 0
TXN-OPTIMISTIC-00061,REQ-SIM-00061,-,CUS-00061,FSI-00167,1,OPTIMISTIC,pool-4-thread-61,3828161598500,3830077443800,false,Hết hàng! Sản phẩm Flash Sale 'FSI-00167': yêu cầu 1; còn lại 0
TXN-OPTIMISTIC-00254,REQ-SIM-00254,-,CUS-00254,FSI-00167,1,OPTIMISTIC,pool-4-thread-254,3828163939200,3830077822100,false,Hết hàng! Sản phẩm Flash Sale 'FSI-00167': yêu cầu 1; còn lại 0
TXN-OPTIMISTIC-00426,REQ-SIM-00426,-,CUS-00426,FSI-00167,1,OPTIMISTIC,pool-4-thread-426,3828166254100,3830078258200,false,Hết hàng! Sản phẩm Flash Sale 'FSI-00167': yêu cầu 1; còn lại 0
TXN-OPTIMISTIC-00396,REQ-SIM-00396,-,CUS-00396,FSI-00167,1,OPTIMISTIC,pool-4-thread-396,3828165634800,3830078657700,false,Hết hàng! Sản phẩm Flash Sale 'FSI-00167': yêu cầu 1; còn lại 0
TXN-OPTIMISTIC-00451,REQ-SIM-00451,-,CUS-00451,FSI-00167,1,OPTIMISTIC,pool-4-thread-451,3828166561500,3830079047000,false,Hết hàng! Sản phẩm Flash Sale 'FSI-00167': yêu cầu 1; còn lại 0
TXN-OPTIMISTIC-00786,REQ-SIM-00786,-,CUS-00786,FSI-00167,1,OPTIMISTIC,pool-4-thread-786,3828170568400,3830079368300,false,Hết hàng! Sản phẩm Flash Sale 'FSI-00167': yêu cầu 1; còn lại 0
TXN-OPTIMISTIC-00237,REQ-SIM-00237,-,CUS-00237,FSI-00167,1,OPTIMISTIC,pool-4-thread-237,3828163755900,3830079714300,false,Hết hàng! Sản phẩm Flash Sale 'FSI-00167': yêu cầu 1; còn lại 0
TXN-OPTIMISTIC-00360,REQ-SIM-00360,-,CUS-00360,FSI-00167,1,OPTIMISTIC,pool-4-thread-360,3828165181100,3830080103900,false,Hết hàng! Sản phẩm Flash Sale 'FSI-00167': yêu cầu 1; còn lại 0
TXN-OPTIMISTIC-00432,REQ-SIM-00432,-,CUS-00432,FSI-00167,1,OPTIMISTIC,pool-4-thread-432,3828166327100,3830080443500,false,Hết hàng! Sản phẩm Flash Sale 'FSI-00167': yêu cầu 1; còn lại 0
TXN-OPTIMISTIC-00427,REQ-SIM-00427,-,CUS-00427,FSI-00167,1,OPTIMISTIC,pool-4-thread-427,3828166270600,3830080714000,false,Hết hàng! Sản phẩm Flash Sale 'FSI-00167': yêu cầu 1; còn lại 0
TXN-OPTIMISTIC-00559,REQ-SIM-00559,-,CUS-00559,FSI-00167,1,OPTIMISTIC,pool-4-thread-559,3828167738500,3830081297200,false,Hết hàng! Sản phẩm Flash Sale 'FSI-00167': yêu cầu 1; còn lại 0
TXN-OPTIMISTIC-00447,REQ-SIM-00447,-,CUS-00447,FSI-00167,1,OPTIMISTIC,pool-4-thread-447,3828166511700,3830081525300,false,Hết hàng! Sản phẩm Flash Sale 'FSI-00167': yêu cầu 1; còn lại 0
TXN-OPTIMISTIC-00463,REQ-SIM-00463,-,CUS-00463,FSI-00167,1,OPTIMISTIC,pool-4-thread-463,3828166696600,3830081913700,false,Hết hàng! Sản phẩm Flash Sale 'FSI-00167': yêu cầu 1; còn lại 0
TXN-OPTIMISTIC-00462,REQ-SIM-00462,-,CUS-00462,FSI-00167,1,OPTIMISTIC,pool-4-thread-462,3828166686500,3830082266000,false,Hết hàng! Sản phẩm Flash Sale 'FSI-00167': yêu cầu 1; còn lại 0
TXN-OPTIMISTIC-00189,REQ-SIM-00189,-,CUS-00189,FSI-00167,1,OPTIMISTIC,pool-4-thread-189,3828163246300,3830082726600,false,Hết hàng! Sản phẩm Flash Sale 'FSI-00167': yêu cầu 1; còn lại 0
TXN-OPTIMISTIC-00558,REQ-SIM-00558,-,CUS-00558,FSI-00167,1,OPTIMISTIC,pool-4-thread-558,3828167728700,3830083183600,false,Hết hàng! Sản phẩm Flash Sale 'FSI-00167': yêu cầu 1; còn lại 0
TXN-OPTIMISTIC-00576,REQ-SIM-00576,-,CUS-00576,FSI-00167,1,OPTIMISTIC,pool-4-thread-576,3828167925200,3830083472900,false,Hết hàng! Sản phẩm Flash Sale 'FSI-00167': yêu cầu 1; còn lại 0
TXN-OPTIMISTIC-00225,REQ-SIM-00225,-,CUS-00225,FSI-00167,1,OPTIMISTIC,pool-4-thread-225,3828163628700,3830083912100,false,Hết hàng! Sản phẩm Flash Sale 'FSI-00167': yêu cầu 1; còn lại 0
TXN-OPTIMISTIC-00594,REQ-SIM-00594,-,CUS-00594,FSI-00167,1,OPTIMISTIC,pool-4-thread-594,3828168519300,3830084320300,false,Hết hàng! Sản phẩm Flash Sale 'FSI-00167': yêu cầu 1; còn lại 0
TXN-OPTIMISTIC-00523,REQ-SIM-00523,-,CUS-00523,FSI-00167,1,OPTIMISTIC,pool-4-thread-523,3828167342900,3830084733300,false,Hết hàng! Sản phẩm Flash Sale 'FSI-00167': yêu cầu 1; còn lại 0
TXN-OPTIMISTIC-00649,REQ-SIM-00649,-,CUS-00649,FSI-00167,1,OPTIMISTIC,pool-4-thread-649,3828169115500,3830085158500,false,Hết hàng! Sản phẩm Flash Sale 'FSI-00167': yêu cầu 1; còn lại 0
TXN-OPTIMISTIC-00678,REQ-SIM-00678,-,CUS-00678,FSI-00167,1,OPTIMISTIC,pool-4-thread-678,3828169408200,3830085493000,false,Hết hàng! Sản phẩm Flash Sale 'FSI-00167': yêu cầu 1; còn lại 0
TXN-OPTIMISTIC-00679,REQ-SIM-00679,-,CUS-00679,FSI-00167,1,OPTIMISTIC,pool-4-thread-679,3828169417500,3830085823000,false,Hết hàng! Sản phẩm Flash Sale 'FSI-00167': yêu cầu 1; còn lại 0
TXN-OPTIMISTIC-00901,REQ-SIM-00901,-,CUS-00901,FSI-00167,1,OPTIMISTIC,pool-4-thread-901,3828172122700,3830086232900,false,Hết hàng! Sản phẩm Flash Sale 'FSI-00167': yêu cầu 1; còn lại 0
TXN-OPTIMISTIC-00690,REQ-SIM-00690,-,CUS-00690,FSI-00167,1,OPTIMISTIC,pool-4-thread-690,3828169531500,3830086653100,false,Hết hàng! Sản phẩm Flash Sale 'FSI-00167': yêu cầu 1; còn lại 0
TXN-OPTIMISTIC-00792,REQ-SIM-00792,-,CUS-00792,FSI-00167,1,OPTIMISTIC,pool-4-thread-792,3828170656300,3830086964600,false,Hết hàng! Sản phẩm Flash Sale 'FSI-00167': yêu cầu 1; còn lại 0
TXN-OPTIMISTIC-00756,REQ-SIM-00756,-,CUS-00756,FSI-00167,1,OPTIMISTIC,pool-4-thread-756,3828170219900,3830087334700,false,Hết hàng! Sản phẩm Flash Sale 'FSI-00167': yêu cầu 1; còn lại 0
TXN-OPTIMISTIC-00517,REQ-SIM-00517,-,CUS-00517,FSI-00167,1,OPTIMISTIC,pool-4-thread-517,3828167284700,3830087656500,false,Hết hàng! Sản phẩm Flash Sale 'FSI-00167': yêu cầu 1; còn lại 0
TXN-OPTIMISTIC-00002,REQ-SIM-00002,-,CUS-00002,FSI-00167,1,OPTIMISTIC,pool-4-thread-2,3828160941700,3830088223800,false,Hết hàng! Sản phẩm Flash Sale 'FSI-00167': yêu cầu 1; còn lại 0
TXN-OPTIMISTIC-00972,REQ-SIM-00972,-,CUS-00972,FSI-00167,1,OPTIMISTIC,pool-4-thread-972,3828172863600,3830088537300,false,Hết hàng! Sản phẩm Flash Sale 'FSI-00167': yêu cầu 1; còn lại 0
TXN-OPTIMISTIC-00697,REQ-SIM-00697,-,CUS-00697,FSI-00167,1,OPTIMISTIC,pool-4-thread-697,3828169603200,3830088868600,false,Hết hàng! Sản phẩm Flash Sale 'FSI-00167': yêu cầu 1; còn lại 0
TXN-OPTIMISTIC-00601,REQ-SIM-00601,-,CUS-00601,FSI-00167,1,OPTIMISTIC,pool-4-thread-601,3828168598700,3830089243400,false,Hết hàng! Sản phẩm Flash Sale 'FSI-00167': yêu cầu 1; còn lại 0
TXN-OPTIMISTIC-00865,REQ-SIM-00865,-,CUS-00865,FSI-00167,1,OPTIMISTIC,pool-4-thread-865,3828171766700,3830089568200,false,Hết hàng! Sản phẩm Flash Sale 'FSI-00167': yêu cầu 1; còn lại 0
TXN-OPTIMISTIC-00787,REQ-SIM-00787,-,CUS-00787,FSI-00167,1,OPTIMISTIC,pool-4-thread-787,3828170602900,3830089906900,false,Hết hàng! Sản phẩm Flash Sale 'FSI-00167': yêu cầu 1; còn lại 0
TXN-OPTIMISTIC-00924,REQ-SIM-00924,-,CUS-00924,FSI-00167,1,OPTIMISTIC,pool-4-thread-924,3828172356500,3830090247000,false,Hết hàng! Sản phẩm Flash Sale 'FSI-00167': yêu cầu 1; còn lại 0
TXN-OPTIMISTIC-00499,REQ-SIM-00499,-,CUS-00499,FSI-00167,1,OPTIMISTIC,pool-4-thread-499,3828167093600,3830090642200,false,Hết hàng! Sản phẩm Flash Sale 'FSI-00167': yêu cầu 1; còn lại 0
TXN-OPTIMISTIC-00588,REQ-SIM-00588,-,CUS-00588,FSI-00167,1,OPTIMISTIC,pool-4-thread-588,3828168452800,3830090874800,false,Hết hàng! Sản phẩm Flash Sale 'FSI-00167': yêu cầu 1; còn lại 0
TXN-OPTIMISTIC-00900,REQ-SIM-00900,-,CUS-00900,FSI-00167,1,OPTIMISTIC,pool-4-thread-900,3828172113500,3830091177100,false,Hết hàng! Sản phẩm Flash Sale 'FSI-00167': yêu cầu 1; còn lại 0
TXN-OPTIMISTIC-00014,REQ-SIM-00014,-,CUS-00014,FSI-00167,1,OPTIMISTIC,pool-4-thread-14,3828161099500,3830091647400,false,Hết hàng! Sản phẩm Flash Sale 'FSI-00167': yêu cầu 1; còn lại 0
TXN-OPTIMISTIC-00889,REQ-SIM-00889,-,CUS-00889,FSI-00167,1,OPTIMISTIC,pool-4-thread-889,3828172000800,3830091982300,false,Hết hàng! Sản phẩm Flash Sale 'FSI-00167': yêu cầu 1; còn lại 0
TXN-OPTIMISTIC-00373,REQ-SIM-00373,-,CUS-00373,FSI-00167,1,OPTIMISTIC,pool-4-thread-373,3828165349000,3830092355700,false,Hết hàng! Sản phẩm Flash Sale 'FSI-00167': yêu cầu 1; còn lại 0
TXN-OPTIMISTIC-00913,REQ-SIM-00913,-,CUS-00913,FSI-00167,1,OPTIMISTIC,pool-4-thread-913,3828172245000,3830092645600,false,Hết hàng! Sản phẩm Flash Sale 'FSI-00167': yêu cầu 1; còn lại 0
TXN-OPTIMISTIC-00877,REQ-SIM-00877,-,CUS-00877,FSI-00167,1,OPTIMISTIC,pool-4-thread-877,3828171883100,3830092976800,false,Hết hàng! Sản phẩm Flash Sale 'FSI-00167': yêu cầu 1; còn lại 0
TXN-OPTIMISTIC-00541,REQ-SIM-00541,-,CUS-00541,FSI-00167,1,OPTIMISTIC,pool-4-thread-541,3828167548500,3830093377300,false,Hết hàng! Sản phẩm Flash Sale 'FSI-00167': yêu cầu 1; còn lại 0
TXN-OPTIMISTIC-00918,REQ-SIM-00918,-,CUS-00918,FSI-00167,1,OPTIMISTIC,pool-4-thread-918,3828172296100,3830093699500,false,Hết hàng! Sản phẩm Flash Sale 'FSI-00167': yêu cầu 1; còn lại 0
TXN-OPTIMISTIC-00577,REQ-SIM-00577,-,CUS-00577,FSI-00167,1,OPTIMISTIC,pool-4-thread-577,3828167934600,3830094039700,false,Hết hàng! Sản phẩm Flash Sale 'FSI-00167': yêu cầu 1; còn lại 0
TXN-OPTIMISTIC-00894,REQ-SIM-00894,-,CUS-00894,FSI-00167,1,OPTIMISTIC,pool-4-thread-894,3828172052400,3830094353200,false,Hết hàng! Sản phẩm Flash Sale 'FSI-00167': yêu cầu 1; còn lại 0
TXN-OPTIMISTIC-00600,REQ-SIM-00600,-,CUS-00600,FSI-00167,1,OPTIMISTIC,pool-4-thread-600,3828168587300,3830094679900,false,Hết hàng! Sản phẩm Flash Sale 'FSI-00167': yêu cầu 1; còn lại 0
TXN-OPTIMISTIC-00595,REQ-SIM-00595,-,CUS-00595,FSI-00167,1,OPTIMISTIC,pool-4-thread-595,3828168534700,3830094976200,false,Hết hàng! Sản phẩm Flash Sale 'FSI-00167': yêu cầu 1; còn lại 0
TXN-OPTIMISTIC-00613,REQ-SIM-00613,-,CUS-00613,FSI-00167,1,OPTIMISTIC,pool-4-thread-613,3828168737400,3830095283900,false,Hết hàng! Sản phẩm Flash Sale 'FSI-00167': yêu cầu 1; còn lại 0
TXN-OPTIMISTIC-00804,REQ-SIM-00804,-,CUS-00804,FSI-00167,1,OPTIMISTIC,pool-4-thread-804,3828170810100,3830095830100,false,Hết hàng! Sản phẩm Flash Sale 'FSI-00167': yêu cầu 1; còn lại 0
TXN-OPTIMISTIC-00811,REQ-SIM-00811,-,CUS-00811,FSI-00167,1,OPTIMISTIC,pool-4-thread-811,3828170884100,3830096024200,false,Hết hàng! Sản phẩm Flash Sale 'FSI-00167': yêu cầu 1; còn lại 0
TXN-OPTIMISTIC-00798,REQ-SIM-00798,-,CUS-00798,FSI-00167,1,OPTIMISTIC,pool-4-thread-798,3828170742800,3830096432200,false,Hết hàng! Sản phẩm Flash Sale 'FSI-00167': yêu cầu 1; còn lại 0
TXN-OPTIMISTIC-00583,REQ-SIM-00583,-,CUS-00583,FSI-00167,1,OPTIMISTIC,pool-4-thread-583,3828168380900,3830096781000,false,Hết hàng! Sản phẩm Flash Sale 'FSI-00167': yêu cầu 1; còn lại 0
TXN-OPTIMISTIC-00912,REQ-SIM-00912,-,CUS-00912,FSI-00167,1,OPTIMISTIC,pool-4-thread-912,3828172231900,3830097196700,false,Hết hàng! Sản phẩm Flash Sale 'FSI-00167': yêu cầu 1; còn lại 0
TXN-OPTIMISTIC-00834,REQ-SIM-00834,-,CUS-00834,FSI-00167,1,OPTIMISTIC,pool-4-thread-834,3828171404100,3830097542300,false,Hết hàng! Sản phẩm Flash Sale 'FSI-00167': yêu cầu 1; còn lại 0
TXN-OPTIMISTIC-00400,REQ-SIM-00400,-,CUS-00400,FSI-00167,1,OPTIMISTIC,pool-4-thread-400,3828165685000,3830097916300,false,Hết hàng! Sản phẩm Flash Sale 'FSI-00167': yêu cầu 1; còn lại 0
TXN-OPTIMISTIC-00763,REQ-SIM-00763,-,CUS-00763,FSI-00167,1,OPTIMISTIC,pool-4-thread-763,3828170289100,3830098204900,false,Hết hàng! Sản phẩm Flash Sale 'FSI-00167': yêu cầu 1; còn lại 0
TXN-OPTIMISTIC-00876,REQ-SIM-00876,-,CUS-00876,FSI-00167,1,OPTIMISTIC,pool-4-thread-876,3828171872500,3830098481200,false,Hết hàng! Sản phẩm Flash Sale 'FSI-00167': yêu cầu 1; còn lại 0
TXN-OPTIMISTIC-00888,REQ-SIM-00888,-,CUS-00888,FSI-00167,1,OPTIMISTIC,pool-4-thread-888,3828171989700,3830098744300,false,Hết hàng! Sản phẩm Flash Sale 'FSI-00167': yêu cầu 1; còn lại 0
TXN-OPTIMISTIC-00630,REQ-SIM-00630,-,CUS-00630,FSI-00167,1,OPTIMISTIC,pool-4-thread-630,3828168896600,3830099023300,false,Hết hàng! Sản phẩm Flash Sale 'FSI-00167': yêu cầu 1; còn lại 0
TXN-OPTIMISTIC-00835,REQ-SIM-00835,-,CUS-00835,FSI-00167,1,OPTIMISTIC,pool-4-thread-835,3828171393600,3830099341000,false,Hết hàng! Sản phẩm Flash Sale 'FSI-00167': yêu cầu 1; còn lại 0
TXN-OPTIMISTIC-00768,REQ-SIM-00768,-,CUS-00768,FSI-00167,1,OPTIMISTIC,pool-4-thread-768,3828170334000,3830099596500,false,Hết hàng! Sản phẩm Flash Sale 'FSI-00167': yêu cầu 1; còn lại 0
TXN-OPTIMISTIC-00930,REQ-SIM-00930,-,CUS-00930,FSI-00167,1,OPTIMISTIC,pool-4-thread-930,3828172416300,3830099902600,false,Hết hàng! Sản phẩm Flash Sale 'FSI-00167': yêu cầu 1; còn lại 0
TXN-OPTIMISTIC-00864,REQ-SIM-00864,-,CUS-00864,FSI-00167,1,OPTIMISTIC,pool-4-thread-864,3828171740100,3830100166000,false,Hết hàng! Sản phẩm Flash Sale 'FSI-00167': yêu cầu 1; còn lại 0
TXN-OPTIMISTIC-00829,REQ-SIM-00829,-,CUS-00829,FSI-00167,1,OPTIMISTIC,pool-4-thread-829,3828171369200,3830100461800,false,Hết hàng! Sản phẩm Flash Sale 'FSI-00167': yêu cầu 1; còn lại 0
TXN-OPTIMISTIC-00726,REQ-SIM-00726,-,CUS-00726,FSI-00167,1,OPTIMISTIC,pool-4-thread-726,3828169900900,3830100763100,false,Hết hàng! Sản phẩm Flash Sale 'FSI-00167': yêu cầu 1; còn lại 0
TXN-OPTIMISTIC-00612,REQ-SIM-00612,-,CUS-00612,FSI-00167,1,OPTIMISTIC,pool-4-thread-612,3828168723900,3830101046600,false,Hết hàng! Sản phẩm Flash Sale 'FSI-00167': yêu cầu 1; còn lại 0
TXN-OPTIMISTIC-00607,REQ-SIM-00607,-,CUS-00607,FSI-00167,1,OPTIMISTIC,pool-4-thread-607,3828168652000,3830101376700,false,Hết hàng! Sản phẩm Flash Sale 'FSI-00167': yêu cầu 1; còn lại 0
TXN-OPTIMISTIC-00091,REQ-SIM-00091,-,CUS-00091,FSI-00167,1,OPTIMISTIC,pool-4-thread-91,3828161936000,3830101649500,false,Hết hàng! Sản phẩm Flash Sale 'FSI-00167': yêu cầu 1; còn lại 0
TXN-OPTIMISTIC-00859,REQ-SIM-00859,-,CUS-00859,FSI-00167,1,OPTIMISTIC,pool-4-thread-859,3828171730300,3830101941200,false,Hết hàng! Sản phẩm Flash Sale 'FSI-00167': yêu cầu 1; còn lại 0
TXN-OPTIMISTIC-00793,REQ-SIM-00793,-,CUS-00793,FSI-00167,1,OPTIMISTIC,pool-4-thread-793,3828170671000,3830102231000,false,Hết hàng! Sản phẩm Flash Sale 'FSI-00167': yêu cầu 1; còn lại 0
TXN-OPTIMISTIC-00493,REQ-SIM-00493,-,CUS-00493,FSI-00167,1,OPTIMISTIC,pool-4-thread-493,3828167033000,3830102604700,false,Hết hàng! Sản phẩm Flash Sale 'FSI-00167': yêu cầu 1; còn lại 0
TXN-OPTIMISTIC-00303,REQ-SIM-00303,-,CUS-00303,FSI-00167,1,OPTIMISTIC,pool-4-thread-303,3828164508200,3830102952500,false,Hết hàng! Sản phẩm Flash Sale 'FSI-00167': yêu cầu 1; còn lại 0
TXN-OPTIMISTIC-00283,REQ-SIM-00283,-,CUS-00283,FSI-00167,1,OPTIMISTIC,pool-4-thread-283,3828164256100,3830103208500,false,Hết hàng! Sản phẩm Flash Sale 'FSI-00167': yêu cầu 1; còn lại 0
TXN-OPTIMISTIC-00637,REQ-SIM-00637,-,CUS-00637,FSI-00167,1,OPTIMISTIC,pool-4-thread-637,3828168980100,3830103530900,false,Hết hàng! Sản phẩm Flash Sale 'FSI-00167': yêu cầu 1; còn lại 0
TXN-OPTIMISTIC-00919,REQ-SIM-00919,-,CUS-00919,FSI-00167,1,OPTIMISTIC,pool-4-thread-919,3828172305500,3830103797700,false,Hết hàng! Sản phẩm Flash Sale 'FSI-00167': yêu cầu 1; còn lại 0
TXN-OPTIMISTIC-00841,REQ-SIM-00841,-,CUS-00841,FSI-00167,1,OPTIMISTIC,pool-4-thread-841,3828171484000,3830104133200,false,Hết hàng! Sản phẩm Flash Sale 'FSI-00167': yêu cầu 1; còn lại 0
TXN-OPTIMISTIC-00870,REQ-SIM-00870,-,CUS-00870,FSI-00167,1,OPTIMISTIC,pool-4-thread-870,3828171809700,3830104517100,false,Hết hàng! Sản phẩm Flash Sale 'FSI-00167': yêu cầu 1; còn lại 0
TXN-OPTIMISTIC-00546,REQ-SIM-00546,-,CUS-00546,FSI-00167,1,OPTIMISTIC,pool-4-thread-546,3828167604100,3830104819600,false,Hết hàng! Sản phẩm Flash Sale 'FSI-00167': yêu cầu 1; còn lại 0
TXN-OPTIMISTIC-00236,REQ-SIM-00236,-,CUS-00236,FSI-00167,1,OPTIMISTIC,pool-4-thread-236,3828163747500,3830105090100,false,Hết hàng! Sản phẩm Flash Sale 'FSI-00167': yêu cầu 1; còn lại 0
TXN-OPTIMISTIC-00023,REQ-SIM-00023,-,CUS-00023,FSI-00167,1,OPTIMISTIC,pool-4-thread-23,3828161193700,3830105456300,false,Hết hàng! Sản phẩm Flash Sale 'FSI-00167': yêu cầu 1; còn lại 0
TXN-OPTIMISTIC-00047,REQ-SIM-00047,-,CUS-00047,FSI-00167,1,OPTIMISTIC,pool-4-thread-47,3828161452800,3830105851500,false,Hết hàng! Sản phẩm Flash Sale 'FSI-00167': yêu cầu 1; còn lại 0
TXN-OPTIMISTIC-00260,REQ-SIM-00260,-,CUS-00260,FSI-00167,1,OPTIMISTIC,pool-4-thread-260,3828163999000,3830106183200,false,Hết hàng! Sản phẩm Flash Sale 'FSI-00167': yêu cầu 1; còn lại 0
TXN-OPTIMISTIC-00685,REQ-SIM-00685,-,CUS-00685,FSI-00167,1,OPTIMISTIC,pool-4-thread-685,3828169478900,3830106473600,false,Hết hàng! Sản phẩm Flash Sale 'FSI-00167': yêu cầu 1; còn lại 0
TXN-OPTIMISTIC-00357,REQ-SIM-00357,-,CUS-00357,FSI-00167,1,OPTIMISTIC,pool-4-thread-357,3828165145700,3830106741900,false,Hết hàng! Sản phẩm Flash Sale 'FSI-00167': yêu cầu 1; còn lại 0
TXN-OPTIMISTIC-00263,REQ-SIM-00263,-,CUS-00263,FSI-00167,1,OPTIMISTIC,pool-4-thread-263,3828164031400,3830107068900,false,Hết hàng! Sản phẩm Flash Sale 'FSI-00167': yêu cầu 1; còn lại 0
TXN-OPTIMISTIC-00680,REQ-SIM-00680,-,CUS-00680,FSI-00167,1,OPTIMISTIC,pool-4-thread-680,3828169427200,3830107352900,false,Hết hàng! Sản phẩm Flash Sale 'FSI-00167': yêu cầu 1; còn lại 0
TXN-OPTIMISTIC-00501,REQ-SIM-00501,-,CUS-00501,FSI-00167,1,OPTIMISTIC,pool-4-thread-501,3828167111000,3830107655000,false,Hết hàng! Sản phẩm Flash Sale 'FSI-00167': yêu cầu 1; còn lại 0
TXN-OPTIMISTIC-00708,REQ-SIM-00708,-,CUS-00708,FSI-00167,1,OPTIMISTIC,pool-4-thread-708,3828169717000,3830107959000,false,Hết hàng! Sản phẩm Flash Sale 'FSI-00167': yêu cầu 1; còn lại 0
TXN-OPTIMISTIC-00194,REQ-SIM-00194,-,CUS-00194,FSI-00167,1,OPTIMISTIC,pool-4-thread-194,3828163302000,3830108311200,false,Hết hàng! Sản phẩm Flash Sale 'FSI-00167': yêu cầu 1; còn lại 0
TXN-OPTIMISTIC-00375,REQ-SIM-00375,-,CUS-00375,FSI-00167,1,OPTIMISTIC,pool-4-thread-375,3828165372900,3830108585000,false,Hết hàng! Sản phẩm Flash Sale 'FSI-00167': yêu cầu 1; còn lại 0
TXN-OPTIMISTIC-00643,REQ-SIM-00643,-,CUS-00643,FSI-00167,1,OPTIMISTIC,pool-4-thread-643,3828169051100,3830109013300,false,Hết hàng! Sản phẩm Flash Sale 'FSI-00167': yêu cầu 1; còn lại 0
TXN-OPTIMISTIC-00221,REQ-SIM-00221,-,CUS-00221,FSI-00167,1,OPTIMISTIC,pool-4-thread-221,3828163582100,3830109324100,false,Hết hàng! Sản phẩm Flash Sale 'FSI-00167': yêu cầu 1; còn lại 0
TXN-OPTIMISTIC-00475,REQ-SIM-00475,-,CUS-00475,FSI-00167,1,OPTIMISTIC,pool-4-thread-475,3828166847000,3830109602800,false,Hết hàng! Sản phẩm Flash Sale 'FSI-00167': yêu cầu 1; còn lại 0
TXN-OPTIMISTIC-00347,REQ-SIM-00347,-,CUS-00347,FSI-00167,1,OPTIMISTIC,pool-4-thread-347,3828165024100,3830109935100,false,Hết hàng! Sản phẩm Flash Sale 'FSI-00167': yêu cầu 1; còn lại 0
TXN-OPTIMISTIC-00353,REQ-SIM-00353,-,CUS-00353,FSI-00167,1,OPTIMISTIC,pool-4-thread-353,3828165097200,3830110223200,false,Hết hàng! Sản phẩm Flash Sale 'FSI-00167': yêu cầu 1; còn lại 0
TXN-OPTIMISTIC-00389,REQ-SIM-00389,-,CUS-00389,FSI-00167,1,OPTIMISTIC,pool-4-thread-389,3828165551900,3830110500000,false,Hết hàng! Sản phẩm Flash Sale 'FSI-00167': yêu cầu 1; còn lại 0
TXN-OPTIMISTIC-00261,REQ-SIM-00261,-,CUS-00261,FSI-00167,1,OPTIMISTIC,pool-4-thread-261,3828164009000,3830110835700,false,Hết hàng! Sản phẩm Flash Sale 'FSI-00167': yêu cầu 1; còn lại 0
TXN-OPTIMISTIC-00275,REQ-SIM-00275,-,CUS-00275,FSI-00167,1,OPTIMISTIC,pool-4-thread-275,3828164165700,3830111140200,false,Hết hàng! Sản phẩm Flash Sale 'FSI-00167': yêu cầu 1; còn lại 0
TXN-OPTIMISTIC-00377,REQ-SIM-00377,-,CUS-00377,FSI-00167,1,OPTIMISTIC,pool-4-thread-377,3828165396800,3830111449700,false,Hết hàng! Sản phẩm Flash Sale 'FSI-00167': yêu cầu 1; còn lại 0
TXN-OPTIMISTIC-00043,REQ-SIM-00043,-,CUS-00043,FSI-00167,1,OPTIMISTIC,pool-4-thread-43,3828161410200,3830111767700,false,Hết hàng! Sản phẩm Flash Sale 'FSI-00167': yêu cầu 1; còn lại 0
TXN-OPTIMISTIC-00252,REQ-SIM-00252,-,CUS-00252,FSI-00167,1,OPTIMISTIC,pool-4-thread-252,3828163921300,3830112097200,false,Hết hàng! Sản phẩm Flash Sale 'FSI-00167': yêu cầu 1; còn lại 0
TXN-OPTIMISTIC-00112,REQ-SIM-00112,-,CUS-00112,FSI-00167,1,OPTIMISTIC,pool-4-thread-112,3828162151500,3830112422600,false,Hết hàng! Sản phẩm Flash Sale 'FSI-00167': yêu cầu 1; còn lại 0
TXN-OPTIMISTIC-00282,REQ-SIM-00282,-,CUS-00282,FSI-00167,1,OPTIMISTIC,pool-4-thread-282,3828164245100,3830112845200,false,Hết hàng! Sản phẩm Flash Sale 'FSI-00167': yêu cầu 1; còn lại 0
TXN-OPTIMISTIC-00840,REQ-SIM-00840,-,CUS-00840,FSI-00167,1,OPTIMISTIC,pool-4-thread-840,3828171451500,3830113158300,false,Hết hàng! Sản phẩm Flash Sale 'FSI-00167': yêu cầu 1; còn lại 0
TXN-OPTIMISTIC-00392,REQ-SIM-00392,-,CUS-00392,FSI-00167,1,OPTIMISTIC,pool-4-thread-392,3828165587700,3830113473600,false,Hết hàng! Sản phẩm Flash Sale 'FSI-00167': yêu cầu 1; còn lại 0
TXN-OPTIMISTIC-00316,REQ-SIM-00316,-,CUS-00316,FSI-00167,1,OPTIMISTIC,pool-4-thread-316,3828164670900,3830113805700,false,Hết hàng! Sản phẩm Flash Sale 'FSI-00167': yêu cầu 1; còn lại 0
TXN-OPTIMISTIC-00143,REQ-SIM-00143,-,CUS-00143,FSI-00167,1,OPTIMISTIC,pool-4-thread-143,3828162490400,3830114089900,false,Hết hàng! Sản phẩm Flash Sale 'FSI-00167': yêu cầu 1; còn lại 0
TXN-OPTIMISTIC-00466,REQ-SIM-00466,-,CUS-00466,FSI-00167,1,OPTIMISTIC,pool-4-thread-466,3828166734600,3830114364700,false,Hết hàng! Sản phẩm Flash Sale 'FSI-00167': yêu cầu 1; còn lại 0
TXN-OPTIMISTIC-00198,REQ-SIM-00198,-,CUS-00198,FSI-00167,1,OPTIMISTIC,pool-4-thread-198,3828163341700,3830114666000,false,Hết hàng! Sản phẩm Flash Sale 'FSI-00167': yêu cầu 1; còn lại 0
TXN-OPTIMISTIC-00214,REQ-SIM-00214,-,CUS-00214,FSI-00167,1,OPTIMISTIC,pool-4-thread-214,3828163512400,3830114970100,false,Hết hàng! Sản phẩm Flash Sale 'FSI-00167': yêu cầu 1; còn lại 0
TXN-OPTIMISTIC-00273,REQ-SIM-00273,-,CUS-00273,FSI-00167,1,OPTIMISTIC,pool-4-thread-273,3828164140400,3830115275200,false,Hết hàng! Sản phẩm Flash Sale 'FSI-00167': yêu cầu 1; còn lại 0
TXN-OPTIMISTIC-00288,REQ-SIM-00288,-,CUS-00288,FSI-00167,1,OPTIMISTIC,pool-4-thread-288,3828164310300,3830115579700,false,Hết hàng! Sản phẩm Flash Sale 'FSI-00167': yêu cầu 1; còn lại 0
TXN-OPTIMISTIC-00240,REQ-SIM-00240,-,CUS-00240,FSI-00167,1,OPTIMISTIC,pool-4-thread-240,3828163788700,3830115884000,false,Hết hàng! Sản phẩm Flash Sale 'FSI-00167': yêu cầu 1; còn lại 0
TXN-OPTIMISTIC-00454,REQ-SIM-00454,-,CUS-00454,FSI-00167,1,OPTIMISTIC,pool-4-thread-454,3828166595100,3830116198400,false,Hết hàng! Sản phẩm Flash Sale 'FSI-00167': yêu cầu 1; còn lại 0
TXN-OPTIMISTIC-00192,REQ-SIM-00192,-,CUS-00192,FSI-00167,1,OPTIMISTIC,pool-4-thread-192,3828163280500,3830116513200,false,Hết hàng! Sản phẩm Flash Sale 'FSI-00167': yêu cầu 1; còn lại 0
TXN-OPTIMISTIC-00127,REQ-SIM-00127,-,CUS-00127,FSI-00167,1,OPTIMISTIC,pool-4-thread-127,3828162316400,3830116868500,false,Hết hàng! Sản phẩm Flash Sale 'FSI-00167': yêu cầu 1; còn lại 0
TXN-OPTIMISTIC-00092,REQ-SIM-00092,-,CUS-00092,FSI-00167,1,OPTIMISTIC,pool-4-thread-92,3828161943500,3830117203100,false,Hết hàng! Sản phẩm Flash Sale 'FSI-00167': yêu cầu 1; còn lại 0
TXN-OPTIMISTIC-00107,REQ-SIM-00107,-,CUS-00107,FSI-00167,1,OPTIMISTIC,pool-4-thread-107,3828162100500,3830117544800,false,Hết hàng! Sản phẩm Flash Sale 'FSI-00167': yêu cầu 1; còn lại 0
TXN-OPTIMISTIC-00150,REQ-SIM-00150,-,CUS-00150,FSI-00167,1,OPTIMISTIC,pool-4-thread-150,3828162564400,3830117910200,false,Hết hàng! Sản phẩm Flash Sale 'FSI-00167': yêu cầu 1; còn lại 0
TXN-OPTIMISTIC-00415,REQ-SIM-00415,-,CUS-00415,FSI-00167,1,OPTIMISTIC,pool-4-thread-415,3828165909900,3830118293800,false,Hết hàng! Sản phẩm Flash Sale 'FSI-00167': yêu cầu 1; còn lại 0
TXN-OPTIMISTIC-00408,REQ-SIM-00408,-,CUS-00408,FSI-00167,1,OPTIMISTIC,pool-4-thread-408,3828165795500,3830118630700,false,Hết hàng! Sản phẩm Flash Sale 'FSI-00167': yêu cầu 1; còn lại 0
TXN-OPTIMISTIC-00715,REQ-SIM-00715,-,CUS-00715,FSI-00167,1,OPTIMISTIC,pool-4-thread-715,3828169792300,3830118873400,false,Hết hàng! Sản phẩm Flash Sale 'FSI-00167': yêu cầu 1; còn lại 0
TXN-OPTIMISTIC-00461,REQ-SIM-00461,-,CUS-00461,FSI-00167,1,OPTIMISTIC,pool-4-thread-461,3828166672300,3830119217200,false,Hết hàng! Sản phẩm Flash Sale 'FSI-00167': yêu cầu 1; còn lại 0
TXN-OPTIMISTIC-00367,REQ-SIM-00367,-,CUS-00367,FSI-00167,1,OPTIMISTIC,pool-4-thread-367,3828165263500,3830119515300,false,Hết hàng! Sản phẩm Flash Sale 'FSI-00167': yêu cầu 1; còn lại 0
TXN-OPTIMISTIC-00152,REQ-SIM-00152,-,CUS-00152,FSI-00167,1,OPTIMISTIC,pool-4-thread-152,3828162582900,3830119818100,false,Hết hàng! Sản phẩm Flash Sale 'FSI-00167': yêu cầu 1; còn lại 0
TXN-OPTIMISTIC-00135,REQ-SIM-00135,-,CUS-00135,FSI-00167,1,OPTIMISTIC,pool-4-thread-135,3828162402200,3830120150100,false,Hết hàng! Sản phẩm Flash Sale 'FSI-00167': yêu cầu 1; còn lại 0
TXN-OPTIMISTIC-00024,REQ-SIM-00024,-,CUS-00024,FSI-00167,1,OPTIMISTIC,pool-4-thread-24,3828161204900,3830120418100,false,Hết hàng! Sản phẩm Flash Sale 'FSI-00167': yêu cầu 1; còn lại 0
TXN-OPTIMISTIC-00239,REQ-SIM-00239,-,CUS-00239,FSI-00167,1,OPTIMISTIC,pool-4-thread-239,3828163778000,3830120753100,false,Hết hàng! Sản phẩm Flash Sale 'FSI-00167': yêu cầu 1; còn lại 0
TXN-OPTIMISTIC-00439,REQ-SIM-00439,-,CUS-00439,FSI-00167,1,OPTIMISTIC,pool-4-thread-439,3828166409700,3830121079100,false,Hết hàng! Sản phẩm Flash Sale 'FSI-00167': yêu cầu 1; còn lại 0
TXN-OPTIMISTIC-00468,REQ-SIM-00468,-,CUS-00468,FSI-00167,1,OPTIMISTIC,pool-4-thread-468,3828166758800,3830121380400,false,Hết hàng! Sản phẩm Flash Sale 'FSI-00167': yêu cầu 1; còn lại 0
TXN-OPTIMISTIC-00395,REQ-SIM-00395,-,CUS-00395,FSI-00167,1,OPTIMISTIC,pool-4-thread-395,3828165620100,3830121803600,false,Hết hàng! Sản phẩm Flash Sale 'FSI-00167': yêu cầu 1; còn lại 0
TXN-OPTIMISTIC-00064,REQ-SIM-00064,-,CUS-00064,FSI-00167,1,OPTIMISTIC,pool-4-thread-64,3828161635600,3830122129100,false,Hết hàng! Sản phẩm Flash Sale 'FSI-00167': yêu cầu 1; còn lại 0
TXN-OPTIMISTIC-00510,REQ-SIM-00510,-,CUS-00510,FSI-00167,1,OPTIMISTIC,pool-4-thread-510,3828167213500,3830122426500,false,Hết hàng! Sản phẩm Flash Sale 'FSI-00167': yêu cầu 1; còn lại 0
TXN-OPTIMISTIC-00348,REQ-SIM-00348,-,CUS-00348,FSI-00167,1,OPTIMISTIC,pool-4-thread-348,3828165040800,3830122748200,false,Hết hàng! Sản phẩm Flash Sale 'FSI-00167': yêu cầu 1; còn lại 0
TXN-OPTIMISTIC-00535,REQ-SIM-00535,-,CUS-00535,FSI-00167,1,OPTIMISTIC,pool-4-thread-535,3828167482600,3830123052700,false,Hết hàng! Sản phẩm Flash Sale 'FSI-00167': yêu cầu 1; còn lại 0
TXN-OPTIMISTIC-00469,REQ-SIM-00469,-,CUS-00469,FSI-00167,1,OPTIMISTIC,pool-4-thread-469,3828166771100,3830123312800,false,Hết hàng! Sản phẩm Flash Sale 'FSI-00167': yêu cầu 1; còn lại 0
TXN-OPTIMISTIC-00223,REQ-SIM-00223,-,CUS-00223,FSI-00167,1,OPTIMISTIC,pool-4-thread-223,3828163604300,3830123626600,false,Hết hàng! Sản phẩm Flash Sale 'FSI-00167': yêu cầu 1; còn lại 0
TXN-OPTIMISTIC-00003,REQ-SIM-00003,-,CUS-00003,FSI-00167,1,OPTIMISTIC,pool-4-thread-3,3828160950400,3830123948900,false,Hết hàng! Sản phẩm Flash Sale 'FSI-00167': yêu cầu 1; còn lại 0
TXN-OPTIMISTIC-00319,REQ-SIM-00319,-,CUS-00319,FSI-00167,1,OPTIMISTIC,pool-4-thread-319,3828164701700,3830124247400,false,Hết hàng! Sản phẩm Flash Sale 'FSI-00167': yêu cầu 1; còn lại 0
TXN-OPTIMISTIC-00186,REQ-SIM-00186,-,CUS-00186,FSI-00167,1,OPTIMISTIC,pool-4-thread-186,3828163212300,3830124546000,false,Hết hàng! Sản phẩm Flash Sale 'FSI-00167': yêu cầu 1; còn lại 0
TXN-OPTIMISTIC-00648,REQ-SIM-00648,-,CUS-00648,FSI-00167,1,OPTIMISTIC,pool-4-thread-648,3828169105900,3830124874500,false,Hết hàng! Sản phẩm Flash Sale 'FSI-00167': yêu cầu 1; còn lại 0
TXN-OPTIMISTIC-00025,REQ-SIM-00025,-,CUS-00025,FSI-00167,1,OPTIMISTIC,pool-4-thread-25,3828161215800,3830125147200,false,Hết hàng! Sản phẩm Flash Sale 'FSI-00167': yêu cầu 1; còn lại 0
TXN-OPTIMISTIC-00570,REQ-SIM-00570,-,CUS-00570,FSI-00167,1,OPTIMISTIC,pool-4-thread-570,3828167863400,3830125445100,false,Hết hàng! Sản phẩm Flash Sale 'FSI-00167': yêu cầu 1; còn lại 0
TXN-OPTIMISTIC-00372,REQ-SIM-00372,-,CUS-00372,FSI-00167,1,OPTIMISTIC,pool-4-thread-372,3828165339400,3830125758300,false,Hết hàng! Sản phẩm Flash Sale 'FSI-00167': yêu cầu 1; còn lại 0
TXN-OPTIMISTIC-00163,REQ-SIM-00163,-,CUS-00163,FSI-00167,1,OPTIMISTIC,pool-4-thread-163,3828162691100,3830126069600,false,Hết hàng! Sản phẩm Flash Sale 'FSI-00167': yêu cầu 1; còn lại 0
TXN-OPTIMISTIC-00114,REQ-SIM-00114,-,CUS-00114,FSI-00167,1,OPTIMISTIC,pool-4-thread-114,3828162178400,3830126359800,false,Hết hàng! Sản phẩm Flash Sale 'FSI-00167': yêu cầu 1; còn lại 0
TXN-OPTIMISTIC-00187,REQ-SIM-00187,-,CUS-00187,FSI-00167,1,OPTIMISTIC,pool-4-thread-187,3828163225000,3830126673800,false,Hết hàng! Sản phẩm Flash Sale 'FSI-00167': yêu cầu 1; còn lại 0
TXN-OPTIMISTIC-00258,REQ-SIM-00258,-,CUS-00258,FSI-00167,1,OPTIMISTIC,pool-4-thread-258,3828163974900,3830127105400,false,Hết hàng! Sản phẩm Flash Sale 'FSI-00167': yêu cầu 1; còn lại 0
TXN-OPTIMISTIC-00653,REQ-SIM-00653,-,CUS-00653,FSI-00167,1,OPTIMISTIC,pool-4-thread-653,3828169153000,3830127355300,false,Hết hàng! Sản phẩm Flash Sale 'FSI-00167': yêu cầu 1; còn lại 0
TXN-OPTIMISTIC-00820,REQ-SIM-00820,-,CUS-00820,FSI-00167,1,OPTIMISTIC,pool-4-thread-820,3828170976100,3830127640300,false,Hết hàng! Sản phẩm Flash Sale 'FSI-00167': yêu cầu 1; còn lại 0
TXN-OPTIMISTIC-00995,REQ-SIM-00995,-,CUS-00995,FSI-00167,1,OPTIMISTIC,pool-4-thread-995,3828173123300,3830127906600,false,Hết hàng! Sản phẩm Flash Sale 'FSI-00167': yêu cầu 1; còn lại 0
TXN-OPTIMISTIC-00673,REQ-SIM-00673,-,CUS-00673,FSI-00167,1,OPTIMISTIC,pool-4-thread-673,3828169356600,3830128194900,false,Hết hàng! Sản phẩm Flash Sale 'FSI-00167': yêu cầu 1; còn lại 0
TXN-OPTIMISTIC-00747,REQ-SIM-00747,-,CUS-00747,FSI-00167,1,OPTIMISTIC,pool-4-thread-747,3828170127600,3830128451500,false,Hết hàng! Sản phẩm Flash Sale 'FSI-00167': yêu cầu 1; còn lại 0
TXN-OPTIMISTIC-00631,REQ-SIM-00631,-,CUS-00631,FSI-00167,1,OPTIMISTIC,pool-4-thread-631,3828168916500,3830128717700,false,Hết hàng! Sản phẩm Flash Sale 'FSI-00167': yêu cầu 1; còn lại 0
TXN-OPTIMISTIC-00778,REQ-SIM-00778,-,CUS-00778,FSI-00167,1,OPTIMISTIC,pool-4-thread-778,3828170453900,3830129043200,false,Hết hàng! Sản phẩm Flash Sale 'FSI-00167': yêu cầu 1; còn lại 0
TXN-OPTIMISTIC-00942,REQ-SIM-00942,-,CUS-00942,FSI-00167,1,OPTIMISTIC,pool-4-thread-942,3828172540300,3830129281200,false,Hết hàng! Sản phẩm Flash Sale 'FSI-00167': yêu cầu 1; còn lại 0
TXN-OPTIMISTIC-00551,REQ-SIM-00551,-,CUS-00551,FSI-00167,1,OPTIMISTIC,pool-4-thread-551,3828167654900,3830129541000,false,Hết hàng! Sản phẩm Flash Sale 'FSI-00167': yêu cầu 1; còn lại 0
TXN-OPTIMISTIC-00785,REQ-SIM-00785,-,CUS-00785,FSI-00167,1,OPTIMISTIC,pool-4-thread-785,3828170555400,3830129879900,false,Hết hàng! Sản phẩm Flash Sale 'FSI-00167': yêu cầu 1; còn lại 0
TXN-OPTIMISTIC-00854,REQ-SIM-00854,-,CUS-00854,FSI-00167,1,OPTIMISTIC,pool-4-thread-854,3828171629400,3830130080900,false,Hết hàng! Sản phẩm Flash Sale 'FSI-00167': yêu cầu 1; còn lại 0
TXN-OPTIMISTIC-00608,REQ-SIM-00608,-,CUS-00608,FSI-00167,1,OPTIMISTIC,pool-4-thread-608,3828168664200,3830130385400,false,Hết hàng! Sản phẩm Flash Sale 'FSI-00167': yêu cầu 1; còn lại 0
TXN-OPTIMISTIC-00848,REQ-SIM-00848,-,CUS-00848,FSI-00167,1,OPTIMISTIC,pool-4-thread-848,3828171561400,3830130591300,false,Hết hàng! Sản phẩm Flash Sale 'FSI-00167': yêu cầu 1; còn lại 0
TXN-OPTIMISTIC-00555,REQ-SIM-00555,-,CUS-00555,FSI-00167,1,OPTIMISTIC,pool-4-thread-555,3828167698700,3830130859300,false,Hết hàng! Sản phẩm Flash Sale 'FSI-00167': yêu cầu 1; còn lại 0
TXN-OPTIMISTIC-00472,REQ-SIM-00472,-,CUS-00472,FSI-00167,1,OPTIMISTIC,pool-4-thread-472,3828166804500,3830131146300,false,Hết hàng! Sản phẩm Flash Sale 'FSI-00167': yêu cầu 1; còn lại 0
TXN-OPTIMISTIC-00755,REQ-SIM-00755,-,CUS-00755,FSI-00167,1,OPTIMISTIC,pool-4-thread-755,3828170207300,3830131426900,false,Hết hàng! Sản phẩm Flash Sale 'FSI-00167': yêu cầu 1; còn lại 0
TXN-OPTIMISTIC-00500,REQ-SIM-00500,-,CUS-00500,FSI-00167,1,OPTIMISTIC,pool-4-thread-500,3828167101000,3830131689700,false,Hết hàng! Sản phẩm Flash Sale 'FSI-00167': yêu cầu 1; còn lại 0
TXN-OPTIMISTIC-00538,REQ-SIM-00538,-,CUS-00538,FSI-00167,1,OPTIMISTIC,pool-4-thread-538,3828167517500,3830131959500,false,Hết hàng! Sản phẩm Flash Sale 'FSI-00167': yêu cầu 1; còn lại 0
TXN-OPTIMISTIC-00813,REQ-SIM-00813,-,CUS-00813,FSI-00167,1,OPTIMISTIC,pool-4-thread-813,3828170904600,3830132229500,false,Hết hàng! Sản phẩm Flash Sale 'FSI-00167': yêu cầu 1; còn lại 0
TXN-OPTIMISTIC-00806,REQ-SIM-00806,-,CUS-00806,FSI-00167,1,OPTIMISTIC,pool-4-thread-806,3828170840400,3830132506200,false,Hết hàng! Sản phẩm Flash Sale 'FSI-00167': yêu cầu 1; còn lại 0
TXN-OPTIMISTIC-00766,REQ-SIM-00766,-,CUS-00766,FSI-00167,1,OPTIMISTIC,pool-4-thread-766,3828170315000,3830132781600,false,Hết hàng! Sản phẩm Flash Sale 'FSI-00167': yêu cầu 1; còn lại 0
TXN-OPTIMISTIC-00749,REQ-SIM-00749,-,CUS-00749,FSI-00167,1,OPTIMISTIC,pool-4-thread-749,3828170146600,3830133109200,false,Hết hàng! Sản phẩm Flash Sale 'FSI-00167': yêu cầu 1; còn lại 0
TXN-OPTIMISTIC-00742,REQ-SIM-00742,-,CUS-00742,FSI-00167,1,OPTIMISTIC,pool-4-thread-742,3828170079700,3830133329600,false,Hết hàng! Sản phẩm Flash Sale 'FSI-00167': yêu cầu 1; còn lại 0
TXN-OPTIMISTIC-00737,REQ-SIM-00737,-,CUS-00737,FSI-00167,1,OPTIMISTIC,pool-4-thread-737,3828170026900,3830133596200,false,Hết hàng! Sản phẩm Flash Sale 'FSI-00167': yêu cầu 1; còn lại 0
TXN-OPTIMISTIC-00743,REQ-SIM-00743,-,CUS-00743,FSI-00167,1,OPTIMISTIC,pool-4-thread-743,3828170090400,3830133992700,false,Hết hàng! Sản phẩm Flash Sale 'FSI-00167': yêu cầu 1; còn lại 0
TXN-OPTIMISTIC-00795,REQ-SIM-00795,-,CUS-00795,FSI-00167,1,OPTIMISTIC,pool-4-thread-795,3828170701300,3830134199600,false,Hết hàng! Sản phẩm Flash Sale 'FSI-00167': yêu cầu 1; còn lại 0
TXN-OPTIMISTIC-00584,REQ-SIM-00584,-,CUS-00584,FSI-00167,1,OPTIMISTIC,pool-4-thread-584,3828168404900,3830134499900,false,Hết hàng! Sản phẩm Flash Sale 'FSI-00167': yêu cầu 1; còn lại 0
TXN-OPTIMISTIC-00597,REQ-SIM-00597,-,CUS-00597,FSI-00167,1,OPTIMISTIC,pool-4-thread-597,3828168555100,3830134758900,false,Hết hàng! Sản phẩm Flash Sale 'FSI-00167': yêu cầu 1; còn lại 0
TXN-OPTIMISTIC-00401,REQ-SIM-00401,-,CUS-00401,FSI-00167,1,OPTIMISTIC,pool-4-thread-401,3828165695300,3830135172700,false,Hết hàng! Sản phẩm Flash Sale 'FSI-00167': yêu cầu 1; còn lại 0
TXN-OPTIMISTIC-00460,REQ-SIM-00460,-,CUS-00460,FSI-00167,1,OPTIMISTIC,pool-4-thread-460,3828166660000,3830135355400,false,Hết hàng! Sản phẩm Flash Sale 'FSI-00167': yêu cầu 1; còn lại 0
TXN-OPTIMISTIC-00563,REQ-SIM-00563,-,CUS-00563,FSI-00167,1,OPTIMISTIC,pool-4-thread-563,3828167782700,3830135625300,false,Hết hàng! Sản phẩm Flash Sale 'FSI-00167': yêu cầu 1; còn lại 0
TXN-OPTIMISTIC-00782,REQ-SIM-00782,-,CUS-00782,FSI-00167,1,OPTIMISTIC,pool-4-thread-782,3828170516100,3830135920600,false,Hết hàng! Sản phẩm Flash Sale 'FSI-00167': yêu cầu 1; còn lại 0
TXN-OPTIMISTIC-00777,REQ-SIM-00777,-,CUS-00777,FSI-00167,1,OPTIMISTIC,pool-4-thread-777,3828170439400,3830136200000,false,Hết hàng! Sản phẩm Flash Sale 'FSI-00167': yêu cầu 1; còn lại 0
TXN-OPTIMISTIC-00789,REQ-SIM-00789,-,CUS-00789,FSI-00167,1,OPTIMISTIC,pool-4-thread-789,3828170629900,3830136456300,false,Hết hàng! Sản phẩm Flash Sale 'FSI-00167': yêu cầu 1; còn lại 0
TXN-OPTIMISTIC-00748,REQ-SIM-00748,-,CUS-00748,FSI-00167,1,OPTIMISTIC,pool-4-thread-748,3828170136400,3830136730100,false,Hết hàng! Sản phẩm Flash Sale 'FSI-00167': yêu cầu 1; còn lại 0
TXN-OPTIMISTIC-00724,REQ-SIM-00724,-,CUS-00724,FSI-00167,1,OPTIMISTIC,pool-4-thread-724,3828169880900,3830137002600,false,Hết hàng! Sản phẩm Flash Sale 'FSI-00167': yêu cầu 1; còn lại 0
TXN-OPTIMISTIC-00596,REQ-SIM-00596,-,CUS-00596,FSI-00167,1,OPTIMISTIC,pool-4-thread-596,3828168544500,3830137274800,false,Hết hàng! Sản phẩm Flash Sale 'FSI-00167': yêu cầu 1; còn lại 0
TXN-OPTIMISTIC-00736,REQ-SIM-00736,-,CUS-00736,FSI-00167,1,OPTIMISTIC,pool-4-thread-736,3828170017600,3830137579500,false,Hết hàng! Sản phẩm Flash Sale 'FSI-00167': yêu cầu 1; còn lại 0
TXN-OPTIMISTIC-00725,REQ-SIM-00725,-,CUS-00725,FSI-00167,1,OPTIMISTIC,pool-4-thread-725,3828169891200,3830137838000,false,Hết hàng! Sản phẩm Flash Sale 'FSI-00167': yêu cầu 1; còn lại 0
TXN-OPTIMISTIC-00548,REQ-SIM-00548,-,CUS-00548,FSI-00167,1,OPTIMISTIC,pool-4-thread-548,3828167624000,3830138106100,false,Hết hàng! Sản phẩm Flash Sale 'FSI-00167': yêu cầu 1; còn lại 0
TXN-OPTIMISTIC-00759,REQ-SIM-00759,-,CUS-00759,FSI-00167,1,OPTIMISTIC,pool-4-thread-759,3828170249900,3830138389700,false,Hết hàng! Sản phẩm Flash Sale 'FSI-00167': yêu cầu 1; còn lại 0
TXN-OPTIMISTIC-00730,REQ-SIM-00730,-,CUS-00730,FSI-00167,1,OPTIMISTIC,pool-4-thread-730,3828169956000,3830138696900,false,Hết hàng! Sản phẩm Flash Sale 'FSI-00167': yêu cầu 1; còn lại 0
TXN-OPTIMISTIC-00770,REQ-SIM-00770,-,CUS-00770,FSI-00167,1,OPTIMISTIC,pool-4-thread-770,3828170357500,3830138999700,false,Hết hàng! Sản phẩm Flash Sale 'FSI-00167': yêu cầu 1; còn lại 0
TXN-OPTIMISTIC-00764,REQ-SIM-00764,-,CUS-00764,FSI-00167,1,OPTIMISTIC,pool-4-thread-764,3828170298000,3830139250300,false,Hết hàng! Sản phẩm Flash Sale 'FSI-00167': yêu cầu 1; còn lại 0
TXN-OPTIMISTIC-00527,REQ-SIM-00527,-,CUS-00527,FSI-00167,1,OPTIMISTIC,pool-4-thread-527,3828167387100,3830139529200,false,Hết hàng! Sản phẩm Flash Sale 'FSI-00167': yêu cầu 1; còn lại 0
TXN-OPTIMISTIC-00455,REQ-SIM-00455,-,CUS-00455,FSI-00167,1,OPTIMISTIC,pool-4-thread-455,3828166606300,3830139830100,false,Hết hàng! Sản phẩm Flash Sale 'FSI-00167': yêu cầu 1; còn lại 0
TXN-OPTIMISTIC-00741,REQ-SIM-00741,-,CUS-00741,FSI-00167,1,OPTIMISTIC,pool-4-thread-741,3828170068300,3830140063200,false,Hết hàng! Sản phẩm Flash Sale 'FSI-00167': yêu cầu 1; còn lại 0
TXN-OPTIMISTIC-00526,REQ-SIM-00526,-,CUS-00526,FSI-00167,1,OPTIMISTIC,pool-4-thread-526,3828167374200,3830140372600,false,Hết hàng! Sản phẩm Flash Sale 'FSI-00167': yêu cầu 1; còn lại 0
TXN-OPTIMISTIC-00545,REQ-SIM-00545,-,CUS-00545,FSI-00167,1,OPTIMISTIC,pool-4-thread-545,3828167592100,3830140661400,false,Hết hàng! Sản phẩm Flash Sale 'FSI-00167': yêu cầu 1; còn lại 0
TXN-OPTIMISTIC-00752,REQ-SIM-00752,-,CUS-00752,FSI-00167,1,OPTIMISTIC,pool-4-thread-752,3828170176900,3830140959300,false,Hết hàng! Sản phẩm Flash Sale 'FSI-00167': yêu cầu 1; còn lại 0
TXN-OPTIMISTIC-00566,REQ-SIM-00566,-,CUS-00566,FSI-00167,1,OPTIMISTIC,pool-4-thread-566,3828167817200,3830141236800,false,Hết hàng! Sản phẩm Flash Sale 'FSI-00167': yêu cầu 1; còn lại 0
TXN-OPTIMISTIC-00753,REQ-SIM-00753,-,CUS-00753,FSI-00167,1,OPTIMISTIC,pool-4-thread-753,3828170186800,3830141519900,false,Hết hàng! Sản phẩm Flash Sale 'FSI-00167': yêu cầu 1; còn lại 0
TXN-OPTIMISTIC-00734,REQ-SIM-00734,-,CUS-00734,FSI-00167,1,OPTIMISTIC,pool-4-thread-734,3828169996000,3830141740900,false,Hết hàng! Sản phẩm Flash Sale 'FSI-00167': yêu cầu 1; còn lại 0
TXN-OPTIMISTIC-00711,REQ-SIM-00711,-,CUS-00711,FSI-00167,1,OPTIMISTIC,pool-4-thread-711,3828169748000,3830142000000,false,Hết hàng! Sản phẩm Flash Sale 'FSI-00167': yêu cầu 1; còn lại 0
TXN-OPTIMISTIC-00560,REQ-SIM-00560,-,CUS-00560,FSI-00167,1,OPTIMISTIC,pool-4-thread-560,3828167750400,3830142288900,false,Hết hàng! Sản phẩm Flash Sale 'FSI-00167': yêu cầu 1; còn lại 0
TXN-OPTIMISTIC-00533,REQ-SIM-00533,-,CUS-00533,FSI-00167,1,OPTIMISTIC,pool-4-thread-533,3828167461900,3830142558400,false,Hết hàng! Sản phẩm Flash Sale 'FSI-00167': yêu cầu 1; còn lại 0
TXN-OPTIMISTIC-00729,REQ-SIM-00729,-,CUS-00729,FSI-00167,1,OPTIMISTIC,pool-4-thread-729,3828169946700,3830142938800,false,Hết hàng! Sản phẩm Flash Sale 'FSI-00167': yêu cầu 1; còn lại 0
TXN-OPTIMISTIC-00539,REQ-SIM-00539,-,CUS-00539,FSI-00167,1,OPTIMISTIC,pool-4-thread-539,3828167528100,3830144645500,false,Hết hàng! Sản phẩm Flash Sale 'FSI-00167': yêu cầu 1; còn lại 0
TXN-OPTIMISTIC-00676,REQ-SIM-00676,-,CUS-00676,FSI-00167,1,OPTIMISTIC,pool-4-thread-676,3828169386700,3830144947200,false,Hết hàng! Sản phẩm Flash Sale 'FSI-00167': yêu cầu 1; còn lại 0
TXN-OPTIMISTIC-00689,REQ-SIM-00689,-,CUS-00689,FSI-00167,1,OPTIMISTIC,pool-4-thread-689,3828169522700,3830145227900,false,Hết hàng! Sản phẩm Flash Sale 'FSI-00167': yêu cầu 1; còn lại 0
TXN-OPTIMISTIC-00717,REQ-SIM-00717,-,CUS-00717,FSI-00167,1,OPTIMISTIC,pool-4-thread-717,3828169812600,3830145495300,false,Hết hàng! Sản phẩm Flash Sale 'FSI-00167': yêu cầu 1; còn lại 0
TXN-OPTIMISTIC-00671,REQ-SIM-00671,-,CUS-00671,FSI-00167,1,OPTIMISTIC,pool-4-thread-671,3828169336500,3830145789300,false,Hết hàng! Sản phẩm Flash Sale 'FSI-00167': yêu cầu 1; còn lại 0
TXN-OPTIMISTIC-00683,REQ-SIM-00683,-,CUS-00683,FSI-00167,1,OPTIMISTIC,pool-4-thread-683,3828169458400,3830146094300,false,Hết hàng! Sản phẩm Flash Sale 'FSI-00167': yêu cầu 1; còn lại 0
TXN-OPTIMISTIC-00722,REQ-SIM-00722,-,CUS-00722,FSI-00167,1,OPTIMISTIC,pool-4-thread-722,3828169860300,3830146359700,false,Hết hàng! Sản phẩm Flash Sale 'FSI-00167': yêu cầu 1; còn lại 0
TXN-OPTIMISTIC-00704,REQ-SIM-00704,-,CUS-00704,FSI-00167,1,OPTIMISTIC,pool-4-thread-704,3828169677300,3830146634200,false,Hết hàng! Sản phẩm Flash Sale 'FSI-00167': yêu cầu 1; còn lại 0
TXN-OPTIMISTIC-00531,REQ-SIM-00531,-,CUS-00531,FSI-00167,1,OPTIMISTIC,pool-4-thread-531,3828167437500,3830146892000,false,Hết hàng! Sản phẩm Flash Sale 'FSI-00167': yêu cầu 1; còn lại 0
TXN-OPTIMISTIC-00670,REQ-SIM-00670,-,CUS-00670,FSI-00167,1,OPTIMISTIC,pool-4-thread-670,3828169324400,3830147177600,false,Hết hàng! Sản phẩm Flash Sale 'FSI-00167': yêu cầu 1; còn lại 0
TXN-OPTIMISTIC-00515,REQ-SIM-00515,-,CUS-00515,FSI-00167,1,OPTIMISTIC,pool-4-thread-515,3828167263700,3830147443200,false,Hết hàng! Sản phẩm Flash Sale 'FSI-00167': yêu cầu 1; còn lại 0
TXN-OPTIMISTIC-00525,REQ-SIM-00525,-,CUS-00525,FSI-00167,1,OPTIMISTIC,pool-4-thread-525,3828167362400,3830147715100,false,Hết hàng! Sản phẩm Flash Sale 'FSI-00167': yêu cầu 1; còn lại 0
TXN-OPTIMISTIC-00520,REQ-SIM-00520,-,CUS-00520,FSI-00167,1,OPTIMISTIC,pool-4-thread-520,3828167315900,3830148025200,false,Hết hàng! Sản phẩm Flash Sale 'FSI-00167': yêu cầu 1; còn lại 0
TXN-OPTIMISTIC-00692,REQ-SIM-00692,-,CUS-00692,FSI-00167,1,OPTIMISTIC,pool-4-thread-692,3828169551200,3830148304700,false,Hết hàng! Sản phẩm Flash Sale 'FSI-00167': yêu cầu 1; còn lại 0
TXN-OPTIMISTIC-00635,REQ-SIM-00635,-,CUS-00635,FSI-00167,1,OPTIMISTIC,pool-4-thread-635,3828168959800,3830148561900,false,Hết hàng! Sản phẩm Flash Sale 'FSI-00167': yêu cầu 1; còn lại 0
TXN-OPTIMISTIC-00658,REQ-SIM-00658,-,CUS-00658,FSI-00167,1,OPTIMISTIC,pool-4-thread-658,3828169205200,3830148853600,false,Hết hàng! Sản phẩm Flash Sale 'FSI-00167': yêu cầu 1; còn lại 0
TXN-OPTIMISTIC-00705,REQ-SIM-00705,-,CUS-00705,FSI-00167,1,OPTIMISTIC,pool-4-thread-705,3828169687100,3830149122600,false,Hết hàng! Sản phẩm Flash Sale 'FSI-00167': yêu cầu 1; còn lại 0
TXN-OPTIMISTIC-00524,REQ-SIM-00524,-,CUS-00524,FSI-00167,1,OPTIMISTIC,pool-4-thread-524,3828167354300,3830149369300,false,Hết hàng! Sản phẩm Flash Sale 'FSI-00167': yêu cầu 1; còn lại 0
TXN-OPTIMISTIC-00622,REQ-SIM-00622,-,CUS-00622,FSI-00167,1,OPTIMISTIC,pool-4-thread-622,3828168825900,3830149633200,false,Hết hàng! Sản phẩm Flash Sale 'FSI-00167': yêu cầu 1; còn lại 0
TXN-OPTIMISTIC-00681,REQ-SIM-00681,-,CUS-00681,FSI-00167,1,OPTIMISTIC,pool-4-thread-681,3828169438000,3830149900200,false,Hết hàng! Sản phẩm Flash Sale 'FSI-00167': yêu cầu 1; còn lại 0
TXN-OPTIMISTIC-00628,REQ-SIM-00628,-,CUS-00628,FSI-00167,1,OPTIMISTIC,pool-4-thread-628,3828168887000,3830150171800,false,Hết hàng! Sản phẩm Flash Sale 'FSI-00167': yêu cầu 1; còn lại 0
TXN-OPTIMISTIC-00453,REQ-SIM-00453,-,CUS-00453,FSI-00167,1,OPTIMISTIC,pool-4-thread-453,3828166571800,3830150457100,false,Hết hàng! Sản phẩm Flash Sale 'FSI-00167': yêu cầu 1; còn lại 0
TXN-OPTIMISTIC-00687,REQ-SIM-00687,-,CUS-00687,FSI-00167,1,OPTIMISTIC,pool-4-thread-687,3828169502700,3830150737300,false,Hết hàng! Sản phẩm Flash Sale 'FSI-00167': yêu cầu 1; còn lại 0
TXN-OPTIMISTIC-00659,REQ-SIM-00659,-,CUS-00659,FSI-00167,1,OPTIMISTIC,pool-4-thread-659,3828169218100,3830151006800,false,Hết hàng! Sản phẩm Flash Sale 'FSI-00167': yêu cầu 1; còn lại 0
TXN-OPTIMISTIC-00616,REQ-SIM-00616,-,CUS-00616,FSI-00167,1,OPTIMISTIC,pool-4-thread-616,3828168768400,3830151271800,false,Hết hàng! Sản phẩm Flash Sale 'FSI-00167': yêu cầu 1; còn lại 0
TXN-OPTIMISTIC-00484,REQ-SIM-00484,-,CUS-00484,FSI-00167,1,OPTIMISTIC,pool-4-thread-484,3828166937400,3830151580600,false,Hết hàng! Sản phẩm Flash Sale 'FSI-00167': yêu cầu 1; còn lại 0
TXN-OPTIMISTIC-00693,REQ-SIM-00693,-,CUS-00693,FSI-00167,1,OPTIMISTIC,pool-4-thread-693,3828169562900,3830151812100,false,Hết hàng! Sản phẩm Flash Sale 'FSI-00167': yêu cầu 1; còn lại 0
TXN-OPTIMISTIC-00473,REQ-SIM-00473,-,CUS-00473,FSI-00167,1,OPTIMISTIC,pool-4-thread-473,3828166823400,3830152112900,false,Hết hàng! Sản phẩm Flash Sale 'FSI-00167': yêu cầu 1; còn lại 0
TXN-OPTIMISTIC-00428,REQ-SIM-00428,-,CUS-00428,FSI-00167,1,OPTIMISTIC,pool-4-thread-428,3828166282600,3830152435200,false,Hết hàng! Sản phẩm Flash Sale 'FSI-00167': yêu cầu 1; còn lại 0
TXN-OPTIMISTIC-00605,REQ-SIM-00605,-,CUS-00605,FSI-00167,1,OPTIMISTIC,pool-4-thread-605,3828168633000,3830152702200,false,Hết hàng! Sản phẩm Flash Sale 'FSI-00167': yêu cầu 1; còn lại 0
TXN-OPTIMISTIC-00639,REQ-SIM-00639,-,CUS-00639,FSI-00167,1,OPTIMISTIC,pool-4-thread-639,3828169000500,3830153081100,false,Hết hàng! Sản phẩm Flash Sale 'FSI-00167': yêu cầu 1; còn lại 0
TXN-OPTIMISTIC-00621,REQ-SIM-00621,-,CUS-00621,FSI-00167,1,OPTIMISTIC,pool-4-thread-621,3828168815800,3830153357300,false,Hết hàng! Sản phẩm Flash Sale 'FSI-00167': yêu cầu 1; còn lại 0
TXN-OPTIMISTIC-00503,REQ-SIM-00503,-,CUS-00503,FSI-00167,1,OPTIMISTIC,pool-4-thread-503,3828167136100,3830153620800,false,Hết hàng! Sản phẩm Flash Sale 'FSI-00167': yêu cầu 1; còn lại 0
TXN-OPTIMISTIC-00662,REQ-SIM-00662,-,CUS-00662,FSI-00167,1,OPTIMISTIC,pool-4-thread-662,3828169247500,3830153898400,false,Hết hàng! Sản phẩm Flash Sale 'FSI-00167': yêu cầu 1; còn lại 0
TXN-OPTIMISTIC-00614,REQ-SIM-00614,-,CUS-00614,FSI-00167,1,OPTIMISTIC,pool-4-thread-614,3828168748700,3830154183900,false,Hết hàng! Sản phẩm Flash Sale 'FSI-00167': yêu cầu 1; còn lại 0
TXN-OPTIMISTIC-00767,REQ-SIM-00767,-,CUS-00767,FSI-00167,1,OPTIMISTIC,pool-4-thread-767,3828170324300,3830154457300,false,Hết hàng! Sản phẩm Flash Sale 'FSI-00167': yêu cầu 1; còn lại 0
TXN-OPTIMISTIC-00943,REQ-SIM-00943,-,CUS-00943,FSI-00167,1,OPTIMISTIC,pool-4-thread-943,3828172560500,3830154745500,false,Hết hàng! Sản phẩm Flash Sale 'FSI-00167': yêu cầu 1; còn lại 0
TXN-OPTIMISTIC-00591,REQ-SIM-00591,-,CUS-00591,FSI-00167,1,OPTIMISTIC,pool-4-thread-591,3828168485500,3830155027000,false,Hết hàng! Sản phẩm Flash Sale 'FSI-00167': yêu cầu 1; còn lại 0
TXN-OPTIMISTIC-00572,REQ-SIM-00572,-,CUS-00572,FSI-00167,1,OPTIMISTIC,pool-4-thread-572,3828167886800,3830155323900,false,Hết hàng! Sản phẩm Flash Sale 'FSI-00167': yêu cầu 1; còn lại 0
TXN-OPTIMISTIC-00740,REQ-SIM-00740,-,CUS-00740,FSI-00167,1,OPTIMISTIC,pool-4-thread-740,3828170057900,3830155590100,false,Hết hàng! Sản phẩm Flash Sale 'FSI-00167': yêu cầu 1; còn lại 0
TXN-OPTIMISTIC-00974,REQ-SIM-00974,-,CUS-00974,FSI-00167,1,OPTIMISTIC,pool-4-thread-974,3828172883500,3830155831800,false,Hết hàng! Sản phẩm Flash Sale 'FSI-00167': yêu cầu 1; còn lại 0
TXN-OPTIMISTIC-00668,REQ-SIM-00668,-,CUS-00668,FSI-00167,1,OPTIMISTIC,pool-4-thread-668,3828169305200,3830156138500,false,Hết hàng! Sản phẩm Flash Sale 'FSI-00167': yêu cầu 1; còn lại 0
TXN-OPTIMISTIC-00849,REQ-SIM-00849,-,CUS-00849,FSI-00167,1,OPTIMISTIC,pool-4-thread-849,3828171572100,3830156412800,false,Hết hàng! Sản phẩm Flash Sale 'FSI-00167': yêu cầu 1; còn lại 0
TXN-OPTIMISTIC-00699,REQ-SIM-00699,-,CUS-00699,FSI-00167,1,OPTIMISTIC,pool-4-thread-699,3828169626200,3830156689300,false,Hết hàng! Sản phẩm Flash Sale 'FSI-00167': yêu cầu 1; còn lại 0
TXN-OPTIMISTIC-00860,REQ-SIM-00860,-,CUS-00860,FSI-00167,1,OPTIMISTIC,pool-4-thread-860,3828171694500,3830156995100,false,Hết hàng! Sản phẩm Flash Sale 'FSI-00167': yêu cầu 1; còn lại 0
TXN-OPTIMISTIC-00735,REQ-SIM-00735,-,CUS-00735,FSI-00167,1,OPTIMISTIC,pool-4-thread-735,3828170006700,3830157256000,false,Hết hàng! Sản phẩm Flash Sale 'FSI-00167': yêu cầu 1; còn lại 0
TXN-OPTIMISTIC-00723,REQ-SIM-00723,-,CUS-00723,FSI-00167,1,OPTIMISTIC,pool-4-thread-723,3828169871000,3830157534800,false,Hết hàng! Sản phẩm Flash Sale 'FSI-00167': yêu cầu 1; còn lại 0
TXN-OPTIMISTIC-00975,REQ-SIM-00975,-,CUS-00975,FSI-00167,1,OPTIMISTIC,pool-4-thread-975,3828172893600,3830157826300,false,Hết hàng! Sản phẩm Flash Sale 'FSI-00167': yêu cầu 1; còn lại 0
TXN-OPTIMISTIC-00580,REQ-SIM-00580,-,CUS-00580,FSI-00167,1,OPTIMISTIC,pool-4-thread-580,3828168318100,3830158102200,false,Hết hàng! Sản phẩm Flash Sale 'FSI-00167': yêu cầu 1; còn lại 0
TXN-OPTIMISTIC-00771,REQ-SIM-00771,-,CUS-00771,FSI-00167,1,OPTIMISTIC,pool-4-thread-771,3828170366200,3830158339400,false,Hết hàng! Sản phẩm Flash Sale 'FSI-00167': yêu cầu 1; còn lại 0
TXN-OPTIMISTIC-00987,REQ-SIM-00987,-,CUS-00987,FSI-00167,1,OPTIMISTIC,pool-4-thread-987,3828173037700,3830158620600,false,Hết hàng! Sản phẩm Flash Sale 'FSI-00167': yêu cầu 1; còn lại 0
TXN-OPTIMISTIC-00935,REQ-SIM-00935,-,CUS-00935,FSI-00167,1,OPTIMISTIC,pool-4-thread-935,3828172465500,3830158934500,false,Hết hàng! Sản phẩm Flash Sale 'FSI-00167': yêu cầu 1; còn lại 0
TXN-OPTIMISTIC-00656,REQ-SIM-00656,-,CUS-00656,FSI-00167,1,OPTIMISTIC,pool-4-thread-656,3828169183200,3830159215900,false,Hết hàng! Sản phẩm Flash Sale 'FSI-00167': yêu cầu 1; còn lại 0
TXN-OPTIMISTIC-00803,REQ-SIM-00803,-,CUS-00803,FSI-00167,1,OPTIMISTIC,pool-4-thread-803,3828170800200,3830159456300,false,Hết hàng! Sản phẩm Flash Sale 'FSI-00167': yêu cầu 1; còn lại 0
TXN-OPTIMISTIC-00915,REQ-SIM-00915,-,CUS-00915,FSI-00167,1,OPTIMISTIC,pool-4-thread-915,3828172265600,3830159748000,false,Hết hàng! Sản phẩm Flash Sale 'FSI-00167': yêu cầu 1; còn lại 0
TXN-OPTIMISTIC-00962,REQ-SIM-00962,-,CUS-00962,FSI-00167,1,OPTIMISTIC,pool-4-thread-962,3828172756900,3830160025900,false,Hết hàng! Sản phẩm Flash Sale 'FSI-00167': yêu cầu 1; còn lại 0
TXN-OPTIMISTIC-00956,REQ-SIM-00956,-,CUS-00956,FSI-00167,1,OPTIMISTIC,pool-4-thread-956,3828172697700,3830160329000,false,Hết hàng! Sản phẩm Flash Sale 'FSI-00167': yêu cầu 1; còn lại 0
TXN-OPTIMISTIC-00867,REQ-SIM-00867,-,CUS-00867,FSI-00167,1,OPTIMISTIC,pool-4-thread-867,3828171775900,3830160609400,false,Hết hàng! Sản phẩm Flash Sale 'FSI-00167': yêu cầu 1; còn lại 0
TXN-OPTIMISTIC-00807,REQ-SIM-00807,-,CUS-00807,FSI-00167,1,OPTIMISTIC,pool-4-thread-807,3828170831400,3830160919900,false,Hết hàng! Sản phẩm Flash Sale 'FSI-00167': yêu cầu 1; còn lại 0
TXN-OPTIMISTIC-00587,REQ-SIM-00587,-,CUS-00587,FSI-00167,1,OPTIMISTIC,pool-4-thread-587,3828168436400,3830161452600,false,Hết hàng! Sản phẩm Flash Sale 'FSI-00167': yêu cầu 1; còn lại 0
TXN-OPTIMISTIC-00936,REQ-SIM-00936,-,CUS-00936,FSI-00167,1,OPTIMISTIC,pool-4-thread-936,3828172475900,3830161556400,false,Hết hàng! Sản phẩm Flash Sale 'FSI-00167': yêu cầu 1; còn lại 0
TXN-OPTIMISTIC-00973,REQ-SIM-00973,-,CUS-00973,FSI-00167,1,OPTIMISTIC,pool-4-thread-973,3828172874100,3830161822900,false,Hết hàng! Sản phẩm Flash Sale 'FSI-00167': yêu cầu 1; còn lại 0
TXN-OPTIMISTIC-00751,REQ-SIM-00751,-,CUS-00751,FSI-00167,1,OPTIMISTIC,pool-4-thread-751,3828170167000,3830162098300,false,Hết hàng! Sản phẩm Flash Sale 'FSI-00167': yêu cầu 1; còn lại 0
TXN-OPTIMISTIC-00745,REQ-SIM-00745,-,CUS-00745,FSI-00167,1,OPTIMISTIC,pool-4-thread-745,3828170107500,3830162368100,false,Hết hàng! Sản phẩm Flash Sale 'FSI-00167': yêu cầu 1; còn lại 0
TXN-OPTIMISTIC-00655,REQ-SIM-00655,-,CUS-00655,FSI-00167,1,OPTIMISTIC,pool-4-thread-655,3828169173800,3830162652800,false,Hết hàng! Sản phẩm Flash Sale 'FSI-00167': yêu cầu 1; còn lại 0
TXN-OPTIMISTIC-00997,REQ-SIM-00997,-,CUS-00997,FSI-00167,1,OPTIMISTIC,pool-4-thread-997,3828173146800,3830162931100,false,Hết hàng! Sản phẩm Flash Sale 'FSI-00167': yêu cầu 1; còn lại 0
TXN-OPTIMISTIC-00978,REQ-SIM-00978,-,CUS-00978,FSI-00167,1,OPTIMISTIC,pool-4-thread-978,3828172934400,3830163205500,false,Hết hàng! Sản phẩm Flash Sale 'FSI-00167': yêu cầu 1; còn lại 0
TXN-OPTIMISTIC-00817,REQ-SIM-00817,-,CUS-00817,FSI-00167,1,OPTIMISTIC,pool-4-thread-817,3828170946200,3830163490500,false,Hết hàng! Sản phẩm Flash Sale 'FSI-00167': yêu cầu 1; còn lại 0
TXN-OPTIMISTIC-00866,REQ-SIM-00866,-,CUS-00866,FSI-00167,1,OPTIMISTIC,pool-4-thread-866,3828171753800,3830163769600,false,Hết hàng! Sản phẩm Flash Sale 'FSI-00167': yêu cầu 1; còn lại 0
TXN-OPTIMISTIC-00831,REQ-SIM-00831,-,CUS-00831,FSI-00167,1,OPTIMISTIC,pool-4-thread-831,3828171325100,3830164030400,false,Hết hàng! Sản phẩm Flash Sale 'FSI-00167': yêu cầu 1; còn lại 0
TXN-OPTIMISTIC-00830,REQ-SIM-00830,-,CUS-00830,FSI-00167,1,OPTIMISTIC,pool-4-thread-830,3828171314400,3830164421800,false,Hết hàng! Sản phẩm Flash Sale 'FSI-00167': yêu cầu 1; còn lại 0
TXN-OPTIMISTIC-00979,REQ-SIM-00979,-,CUS-00979,FSI-00167,1,OPTIMISTIC,pool-4-thread-979,3828172949500,3830164655300,false,Hết hàng! Sản phẩm Flash Sale 'FSI-00167': yêu cầu 1; còn lại 0
TXN-OPTIMISTIC-00824,REQ-SIM-00824,-,CUS-00824,FSI-00167,1,OPTIMISTIC,pool-4-thread-824,3828171015400,3830164915100,false,Hết hàng! Sản phẩm Flash Sale 'FSI-00167': yêu cầu 1; còn lại 0
TXN-OPTIMISTIC-00991,REQ-SIM-00991,-,CUS-00991,FSI-00167,1,OPTIMISTIC,pool-4-thread-991,3828173078800,3830165193500,false,Hết hàng! Sản phẩm Flash Sale 'FSI-00167': yêu cầu 1; còn lại 0
TXN-OPTIMISTIC-00645,REQ-SIM-00645,-,CUS-00645,FSI-00167,1,OPTIMISTIC,pool-4-thread-645,3828169073100,3830165524500,false,Hết hàng! Sản phẩm Flash Sale 'FSI-00167': yêu cầu 1; còn lại 0
TXN-OPTIMISTIC-00969,REQ-SIM-00969,-,CUS-00969,FSI-00167,1,OPTIMISTIC,pool-4-thread-969,3828172833300,3830165770700,false,Hết hàng! Sản phẩm Flash Sale 'FSI-00167': yêu cầu 1; còn lại 0
TXN-OPTIMISTIC-00968,REQ-SIM-00968,-,CUS-00968,FSI-00167,1,OPTIMISTIC,pool-4-thread-968,3828172822600,3830166055600,false,Hết hàng! Sản phẩm Flash Sale 'FSI-00167': yêu cầu 1; còn lại 0
TXN-OPTIMISTIC-00999,REQ-SIM-00999,-,CUS-00999,FSI-00167,1,OPTIMISTIC,pool-4-thread-999,3828173164900,3830166328000,false,Hết hàng! Sản phẩm Flash Sale 'FSI-00167': yêu cầu 1; còn lại 0
TXN-OPTIMISTIC-00633,REQ-SIM-00633,-,CUS-00633,FSI-00167,1,OPTIMISTIC,pool-4-thread-633,3828168938200,3830166641600,false,Hết hàng! Sản phẩm Flash Sale 'FSI-00167': yêu cầu 1; còn lại 0
TXN-OPTIMISTIC-00758,REQ-SIM-00758,-,CUS-00758,FSI-00167,1,OPTIMISTIC,pool-4-thread-758,3828170240000,3830166876200,false,Hết hàng! Sản phẩm Flash Sale 'FSI-00167': yêu cầu 1; còn lại 0
TXN-OPTIMISTIC-00625,REQ-SIM-00625,-,CUS-00625,FSI-00167,1,OPTIMISTIC,pool-4-thread-625,3828168855800,3830167248100,false,Hết hàng! Sản phẩm Flash Sale 'FSI-00167': yêu cầu 1; còn lại 0
TXN-OPTIMISTIC-00744,REQ-SIM-00744,-,CUS-00744,FSI-00167,1,OPTIMISTIC,pool-4-thread-744,3828170099600,3830167445800,false,Hết hàng! Sản phẩm Flash Sale 'FSI-00167': yêu cầu 1; còn lại 0
TXN-OPTIMISTIC-00914,REQ-SIM-00914,-,CUS-00914,FSI-00167,1,OPTIMISTIC,pool-4-thread-914,3828172255200,3830167747100,false,Hết hàng! Sản phẩm Flash Sale 'FSI-00167': yêu cầu 1; còn lại 0
TXN-OPTIMISTIC-00615,REQ-SIM-00615,-,CUS-00615,FSI-00167,1,OPTIMISTIC,pool-4-thread-615,3828168759000,3830168020500,false,Hết hàng! Sản phẩm Flash Sale 'FSI-00167': yêu cầu 1; còn lại 0
TXN-OPTIMISTIC-00880,REQ-SIM-00880,-,CUS-00880,FSI-00167,1,OPTIMISTIC,pool-4-thread-880,3828171913800,3830168289100,false,Hết hàng! Sản phẩm Flash Sale 'FSI-00167': yêu cầu 1; còn lại 0
TXN-OPTIMISTIC-00739,REQ-SIM-00739,-,CUS-00739,FSI-00167,1,OPTIMISTIC,pool-4-thread-739,3828170046500,3830168552000,false,Hết hàng! Sản phẩm Flash Sale 'FSI-00167': yêu cầu 1; còn lại 0
TXN-OPTIMISTIC-00948,REQ-SIM-00948,-,CUS-00948,FSI-00167,1,OPTIMISTIC,pool-4-thread-948,3828172607700,3830168840900,false,Hết hàng! Sản phẩm Flash Sale 'FSI-00167': yêu cầu 1; còn lại 0
TXN-OPTIMISTIC-00920,REQ-SIM-00920,-,CUS-00920,FSI-00167,1,OPTIMISTIC,pool-4-thread-920,3828172317000,3830169128800,false,Hết hàng! Sản phẩm Flash Sale 'FSI-00167': yêu cầu 1; còn lại 0
TXN-OPTIMISTIC-00696,REQ-SIM-00696,-,CUS-00696,FSI-00167,1,OPTIMISTIC,pool-4-thread-696,3828169592800,3830169401600,false,Hết hàng! Sản phẩm Flash Sale 'FSI-00167': yêu cầu 1; còn lại 0
TXN-OPTIMISTIC-00647,REQ-SIM-00647,-,CUS-00647,FSI-00167,1,OPTIMISTIC,pool-4-thread-647,3828169095600,3830169663500,false,Hết hàng! Sản phẩm Flash Sale 'FSI-00167': yêu cầu 1; còn lại 0
TXN-OPTIMISTIC-00714,REQ-SIM-00714,-,CUS-00714,FSI-00167,1,OPTIMISTIC,pool-4-thread-714,3828169779900,3830169963500,false,Hết hàng! Sản phẩm Flash Sale 'FSI-00167': yêu cầu 1; còn lại 0
TXN-OPTIMISTIC-00891,REQ-SIM-00891,-,CUS-00891,FSI-00167,1,OPTIMISTIC,pool-4-thread-891,3828172021600,3830170263000,false,Hết hàng! Sản phẩm Flash Sale 'FSI-00167': yêu cầu 1; còn lại 0
TXN-OPTIMISTIC-00885,REQ-SIM-00885,-,CUS-00885,FSI-00167,1,OPTIMISTIC,pool-4-thread-885,3828171962600,3830170516800,false,Hết hàng! Sản phẩm Flash Sale 'FSI-00167': yêu cầu 1; còn lại 0
TXN-OPTIMISTIC-00569,REQ-SIM-00569,-,CUS-00569,FSI-00167,1,OPTIMISTIC,pool-4-thread-569,3828167850800,3830170801200,false,Hết hàng! Sản phẩm Flash Sale 'FSI-00167': yêu cầu 1; còn lại 0
TXN-OPTIMISTIC-00709,REQ-SIM-00709,-,CUS-00709,FSI-00167,1,OPTIMISTIC,pool-4-thread-709,3828169726700,3830171060400,false,Hết hàng! Sản phẩm Flash Sale 'FSI-00167': yêu cầu 1; còn lại 0
TXN-OPTIMISTIC-00781,REQ-SIM-00781,-,CUS-00781,FSI-00167,1,OPTIMISTIC,pool-4-thread-781,3828170502800,3830171337600,false,Hết hàng! Sản phẩm Flash Sale 'FSI-00167': yêu cầu 1; còn lại 0
TXN-OPTIMISTIC-00579,REQ-SIM-00579,-,CUS-00579,FSI-00167,1,OPTIMISTIC,pool-4-thread-579,3828167977700,3830171603000,false,Hết hàng! Sản phẩm Flash Sale 'FSI-00167': yêu cầu 1; còn lại 0
TXN-OPTIMISTIC-00590,REQ-SIM-00590,-,CUS-00590,FSI-00167,1,OPTIMISTIC,pool-4-thread-590,3828168475600,3830171908200,false,Hết hàng! Sản phẩm Flash Sale 'FSI-00167': yêu cầu 1; còn lại 0
TXN-OPTIMISTIC-00856,REQ-SIM-00856,-,CUS-00856,FSI-00167,1,OPTIMISTIC,pool-4-thread-856,3828171653100,3830172178400,false,Hết hàng! Sản phẩm Flash Sale 'FSI-00167': yêu cầu 1; còn lại 0
TXN-OPTIMISTIC-00853,REQ-SIM-00853,-,CUS-00853,FSI-00167,1,OPTIMISTIC,pool-4-thread-853,3828171618000,3830172577000,false,Hết hàng! Sản phẩm Flash Sale 'FSI-00167': yêu cầu 1; còn lại 0
TXN-OPTIMISTIC-00896,REQ-SIM-00896,-,CUS-00896,FSI-00167,1,OPTIMISTIC,pool-4-thread-896,3828172071600,3830172753300,false,Hết hàng! Sản phẩm Flash Sale 'FSI-00167': yêu cầu 1; còn lại 0
TXN-OPTIMISTIC-00872,REQ-SIM-00872,-,CUS-00872,FSI-00167,1,OPTIMISTIC,pool-4-thread-872,3828171834600,3830173030700,false,Hết hàng! Sản phẩm Flash Sale 'FSI-00167': yêu cầu 1; còn lại 0
TXN-OPTIMISTIC-00850,REQ-SIM-00850,-,CUS-00850,FSI-00167,1,OPTIMISTIC,pool-4-thread-850,3828171551300,3830173276400,false,Hết hàng! Sản phẩm Flash Sale 'FSI-00167': yêu cầu 1; còn lại 0
TXN-OPTIMISTIC-00818,REQ-SIM-00818,-,CUS-00818,FSI-00167,1,OPTIMISTIC,pool-4-thread-818,3828170955600,3830173560100,false,Hết hàng! Sản phẩm Flash Sale 'FSI-00167': yêu cầu 1; còn lại 0
TXN-OPTIMISTIC-00855,REQ-SIM-00855,-,CUS-00855,FSI-00167,1,OPTIMISTIC,pool-4-thread-855,3828171642200,3830173824700,false,Hết hàng! Sản phẩm Flash Sale 'FSI-00167': yêu cầu 1; còn lại 0
TXN-OPTIMISTIC-00879,REQ-SIM-00879,-,CUS-00879,FSI-00167,1,OPTIMISTIC,pool-4-thread-879,3828171903300,3830174109000,false,Hết hàng! Sản phẩm Flash Sale 'FSI-00167': yêu cầu 1; còn lại 0
TXN-OPTIMISTIC-00844,REQ-SIM-00844,-,CUS-00844,FSI-00167,1,OPTIMISTIC,pool-4-thread-844,3828171518700,3830174375000,false,Hết hàng! Sản phẩm Flash Sale 'FSI-00167': yêu cầu 1; còn lại 0
TXN-OPTIMISTIC-00794,REQ-SIM-00794,-,CUS-00794,FSI-00167,1,OPTIMISTIC,pool-4-thread-794,3828170690600,3830174651400,false,Hết hàng! Sản phẩm Flash Sale 'FSI-00167': yêu cầu 1; còn lại 0
TXN-OPTIMISTIC-00812,REQ-SIM-00812,-,CUS-00812,FSI-00167,1,OPTIMISTIC,pool-4-thread-812,3828170894600,3830174931900,false,Hết hàng! Sản phẩm Flash Sale 'FSI-00167': yêu cầu 1; còn lại 0
TXN-OPTIMISTIC-00832,REQ-SIM-00832,-,CUS-00832,FSI-00167,1,OPTIMISTIC,pool-4-thread-832,3828171381700,3830175206700,false,Hết hàng! Sản phẩm Flash Sale 'FSI-00167': yêu cầu 1; còn lại 0
TXN-OPTIMISTIC-00909,REQ-SIM-00909,-,CUS-00909,FSI-00167,1,OPTIMISTIC,pool-4-thread-909,3828172203600,3830175585400,false,Hết hàng! Sản phẩm Flash Sale 'FSI-00167': yêu cầu 1; còn lại 0
TXN-OPTIMISTIC-00675,REQ-SIM-00675,-,CUS-00675,FSI-00167,1,OPTIMISTIC,pool-4-thread-675,3828169374900,3830175786100,false,Hết hàng! Sản phẩm Flash Sale 'FSI-00167': yêu cầu 1; còn lại 0
TXN-OPTIMISTIC-00530,REQ-SIM-00530,-,CUS-00530,FSI-00167,1,OPTIMISTIC,pool-4-thread-530,3828167426300,3830176113900,false,Hết hàng! Sản phẩm Flash Sale 'FSI-00167': yêu cầu 1; còn lại 0
TXN-OPTIMISTIC-00826,REQ-SIM-00826,-,CUS-00826,FSI-00167,1,OPTIMISTIC,pool-4-thread-826,3828171039400,3830176341800,false,Hết hàng! Sản phẩm Flash Sale 'FSI-00167': yêu cầu 1; còn lại 0
TXN-OPTIMISTIC-00981,REQ-SIM-00981,-,CUS-00981,FSI-00167,1,OPTIMISTIC,pool-4-thread-981,3828172968600,3830176681700,false,Hết hàng! Sản phẩm Flash Sale 'FSI-00167': yêu cầu 1; còn lại 0
TXN-OPTIMISTIC-00980,REQ-SIM-00980,-,CUS-00980,FSI-00167,1,OPTIMISTIC,pool-4-thread-980,3828172958100,3830177011600,false,Hết hàng! Sản phẩm Flash Sale 'FSI-00167': yêu cầu 1; còn lại 0
TXN-OPTIMISTIC-00833,REQ-SIM-00833,-,CUS-00833,FSI-00167,1,OPTIMISTIC,pool-4-thread-833,3828171415700,3830177481100,false,Hết hàng! Sản phẩm Flash Sale 'FSI-00167': yêu cầu 1; còn lại 0
TXN-OPTIMISTIC-00651,REQ-SIM-00651,-,CUS-00651,FSI-00167,1,OPTIMISTIC,pool-4-thread-651,3828169132900,3830177646500,false,Hết hàng! Sản phẩm Flash Sale 'FSI-00167': yêu cầu 1; còn lại 0
TXN-OPTIMISTIC-00902,REQ-SIM-00902,-,CUS-00902,FSI-00167,1,OPTIMISTIC,pool-4-thread-902,3828172133200,3830178353600,false,Hết hàng! Sản phẩm Flash Sale 'FSI-00167': yêu cầu 1; còn lại 0
TXN-OPTIMISTIC-00842,REQ-SIM-00842,-,CUS-00842,FSI-00167,1,OPTIMISTIC,pool-4-thread-842,3828171496300,3830178604300,false,Hết hàng! Sản phẩm Flash Sale 'FSI-00167': yêu cầu 1; còn lại 0
TXN-OPTIMISTIC-00816,REQ-SIM-00816,-,CUS-00816,FSI-00167,1,OPTIMISTIC,pool-4-thread-816,3828170936100,3830178948600,false,Hết hàng! Sản phẩm Flash Sale 'FSI-00167': yêu cầu 1; còn lại 0
TXN-OPTIMISTIC-00547,REQ-SIM-00547,-,CUS-00547,FSI-00167,1,OPTIMISTIC,pool-4-thread-547,3828167614300,3830179216200,false,Hết hàng! Sản phẩm Flash Sale 'FSI-00167': yêu cầu 1; còn lại 0
TXN-OPTIMISTIC-00944,REQ-SIM-00944,-,CUS-00944,FSI-00167,1,OPTIMISTIC,pool-4-thread-944,3828172548000,3830179502600,false,Hết hàng! Sản phẩm Flash Sale 'FSI-00167': yêu cầu 1; còn lại 0
TXN-OPTIMISTIC-00958,REQ-SIM-00958,-,CUS-00958,FSI-00167,1,OPTIMISTIC,pool-4-thread-958,3828172717500,3830179775100,false,Hết hàng! Sản phẩm Flash Sale 'FSI-00167': yêu cầu 1; còn lại 0
TXN-OPTIMISTIC-00762,REQ-SIM-00762,-,CUS-00762,FSI-00167,1,OPTIMISTIC,pool-4-thread-762,3828170279100,3830180169100,false,Hết hàng! Sản phẩm Flash Sale 'FSI-00167': yêu cầu 1; còn lại 0
TXN-OPTIMISTIC-00765,REQ-SIM-00765,-,CUS-00765,FSI-00167,1,OPTIMISTIC,pool-4-thread-765,3828170306300,3830180467900,false,Hết hàng! Sản phẩm Flash Sale 'FSI-00167': yêu cầu 1; còn lại 0
TXN-OPTIMISTIC-00721,REQ-SIM-00721,-,CUS-00721,FSI-00167,1,OPTIMISTIC,pool-4-thread-721,3828169851000,3830180979900,false,Hết hàng! Sản phẩm Flash Sale 'FSI-00167': yêu cầu 1; còn lại 0
TXN-OPTIMISTIC-00754,REQ-SIM-00754,-,CUS-00754,FSI-00167,1,OPTIMISTIC,pool-4-thread-754,3828170198400,3830181161700,false,Hết hàng! Sản phẩm Flash Sale 'FSI-00167': yêu cầu 1; còn lại 0
TXN-OPTIMISTIC-00774,REQ-SIM-00774,-,CUS-00774,FSI-00167,1,OPTIMISTIC,pool-4-thread-774,3828170401600,3830181488500,false,Hết hàng! Sản phẩm Flash Sale 'FSI-00167': yêu cầu 1; còn lại 0
TXN-OPTIMISTIC-00903,REQ-SIM-00903,-,CUS-00903,FSI-00167,1,OPTIMISTIC,pool-4-thread-903,3828172143000,3830181757600,false,Hết hàng! Sản phẩm Flash Sale 'FSI-00167': yêu cầu 1; còn lại 0
TXN-OPTIMISTIC-00846,REQ-SIM-00846,-,CUS-00846,FSI-00167,1,OPTIMISTIC,pool-4-thread-846,3828171539000,3830182041200,false,Hết hàng! Sản phẩm Flash Sale 'FSI-00167': yêu cầu 1; còn lại 0
TXN-OPTIMISTIC-00837,REQ-SIM-00837,-,CUS-00837,FSI-00167,1,OPTIMISTIC,pool-4-thread-837,3828171440100,3830182280400,false,Hết hàng! Sản phẩm Flash Sale 'FSI-00167': yêu cầu 1; còn lại 0
TXN-OPTIMISTIC-00868,REQ-SIM-00868,-,CUS-00868,FSI-00167,1,OPTIMISTIC,pool-4-thread-868,3828171789400,3830182587300,false,Hết hàng! Sản phẩm Flash Sale 'FSI-00167': yêu cầu 1; còn lại 0
TXN-OPTIMISTIC-00946,REQ-SIM-00946,-,CUS-00946,FSI-00167,1,OPTIMISTIC,pool-4-thread-946,3828172585300,3830182873900,false,Hết hàng! Sản phẩm Flash Sale 'FSI-00167': yêu cầu 1; còn lại 0
TXN-OPTIMISTIC-00934,REQ-SIM-00934,-,CUS-00934,FSI-00167,1,OPTIMISTIC,pool-4-thread-934,3828172446100,3830183125700,false,Hết hàng! Sản phẩm Flash Sale 'FSI-00167': yêu cầu 1; còn lại 0
TXN-OPTIMISTIC-00861,REQ-SIM-00861,-,CUS-00861,FSI-00167,1,OPTIMISTIC,pool-4-thread-861,3828171684800,3830183424700,false,Hết hàng! Sản phẩm Flash Sale 'FSI-00167': yêu cầu 1; còn lại 0
TXN-OPTIMISTIC-00952,REQ-SIM-00952,-,CUS-00952,FSI-00167,1,OPTIMISTIC,pool-4-thread-952,3828172650200,3830183674200,false,Hết hàng! Sản phẩm Flash Sale 'FSI-00167': yêu cầu 1; còn lại 0
TXN-OPTIMISTIC-00845,REQ-SIM-00845,-,CUS-00845,FSI-00167,1,OPTIMISTIC,pool-4-thread-845,3828171527800,3830183986300,false,Hết hàng! Sản phẩm Flash Sale 'FSI-00167': yêu cầu 1; còn lại 0
TXN-OPTIMISTIC-00883,REQ-SIM-00883,-,CUS-00883,FSI-00167,1,OPTIMISTIC,pool-4-thread-883,3828171942400,3830184226700,false,Hết hàng! Sản phẩm Flash Sale 'FSI-00167': yêu cầu 1; còn lại 0
TXN-OPTIMISTIC-00788,REQ-SIM-00788,-,CUS-00788,FSI-00167,1,OPTIMISTIC,pool-4-thread-788,3828170615300,3830184507800,false,Hết hàng! Sản phẩm Flash Sale 'FSI-00167': yêu cầu 1; còn lại 0
TXN-OPTIMISTIC-00761,REQ-SIM-00761,-,CUS-00761,FSI-00167,1,OPTIMISTIC,pool-4-thread-761,3828170269800,3830184814400,false,Hết hàng! Sản phẩm Flash Sale 'FSI-00167': yêu cầu 1; còn lại 0
TXN-OPTIMISTIC-00828,REQ-SIM-00828,-,CUS-00828,FSI-00167,1,OPTIMISTIC,pool-4-thread-828,3828171354000,3830185090200,false,Hết hàng! Sản phẩm Flash Sale 'FSI-00167': yêu cầu 1; còn lại 0
TXN-OPTIMISTIC-00929,REQ-SIM-00929,-,CUS-00929,FSI-00167,1,OPTIMISTIC,pool-4-thread-929,3828172397700,3830185341200,false,Hết hàng! Sản phẩm Flash Sale 'FSI-00167': yêu cầu 1; còn lại 0
TXN-OPTIMISTIC-00890,REQ-SIM-00890,-,CUS-00890,FSI-00167,1,OPTIMISTIC,pool-4-thread-890,3828172011800,3830185600900,false,Hết hàng! Sản phẩm Flash Sale 'FSI-00167': yêu cầu 1; còn lại 0
TXN-OPTIMISTIC-00688,REQ-SIM-00688,-,CUS-00688,FSI-00167,1,OPTIMISTIC,pool-4-thread-688,3828169513300,3830185876700,false,Hết hàng! Sản phẩm Flash Sale 'FSI-00167': yêu cầu 1; còn lại 0
TXN-OPTIMISTIC-00732,REQ-SIM-00732,-,CUS-00732,FSI-00167,1,OPTIMISTIC,pool-4-thread-732,3828169975900,3830186151000,false,Hết hàng! Sản phẩm Flash Sale 'FSI-00167': yêu cầu 1; còn lại 0
TXN-OPTIMISTIC-00910,REQ-SIM-00910,-,CUS-00910,FSI-00167,1,OPTIMISTIC,pool-4-thread-910,3828172211400,3830186442100,false,Hết hàng! Sản phẩm Flash Sale 'FSI-00167': yêu cầu 1; còn lại 0
TXN-OPTIMISTIC-00750,REQ-SIM-00750,-,CUS-00750,FSI-00167,1,OPTIMISTIC,pool-4-thread-750,3828170157300,3830186739200,false,Hết hàng! Sản phẩm Flash Sale 'FSI-00167': yêu cầu 1; còn lại 0
TXN-OPTIMISTIC-00982,REQ-SIM-00982,-,CUS-00982,FSI-00167,1,OPTIMISTIC,pool-4-thread-982,3828172995300,3830186987700,false,Hết hàng! Sản phẩm Flash Sale 'FSI-00167': yêu cầu 1; còn lại 0
TXN-OPTIMISTIC-00931,REQ-SIM-00931,-,CUS-00931,FSI-00167,1,OPTIMISTIC,pool-4-thread-931,3828172426500,3830187291000,false,Hết hàng! Sản phẩm Flash Sale 'FSI-00167': yêu cầu 1; còn lại 0
TXN-OPTIMISTIC-00989,REQ-SIM-00989,-,CUS-00989,FSI-00167,1,OPTIMISTIC,pool-4-thread-989,3828173046800,3830187564000,false,Hết hàng! Sản phẩm Flash Sale 'FSI-00167': yêu cầu 1; còn lại 0
TXN-OPTIMISTIC-00947,REQ-SIM-00947,-,CUS-00947,FSI-00167,1,OPTIMISTIC,pool-4-thread-947,3828172596800,3830187855100,false,Hết hàng! Sản phẩm Flash Sale 'FSI-00167': yêu cầu 1; còn lại 0
TXN-OPTIMISTIC-01000,REQ-SIM-01000,-,CUS-01000,FSI-00167,1,OPTIMISTIC,pool-4-thread-1000,3828173171000,3830188142200,false,Hết hàng! Sản phẩm Flash Sale 'FSI-00167': yêu cầu 1; còn lại 0
TXN-OPTIMISTIC-00960,REQ-SIM-00960,-,CUS-00960,FSI-00167,1,OPTIMISTIC,pool-4-thread-960,3828172737300,3830188422900,false,Hết hàng! Sản phẩm Flash Sale 'FSI-00167': yêu cầu 1; còn lại 0
TXN-OPTIMISTIC-00955,REQ-SIM-00955,-,CUS-00955,FSI-00167,1,OPTIMISTIC,pool-4-thread-955,3828172686200,3830188705500,false,Hết hàng! Sản phẩm Flash Sale 'FSI-00167': yêu cầu 1; còn lại 0
TXN-OPTIMISTIC-00976,REQ-SIM-00976,-,CUS-00976,FSI-00167,1,OPTIMISTIC,pool-4-thread-976,3828172904800,3830188997600,false,Hết hàng! Sản phẩm Flash Sale 'FSI-00167': yêu cầu 1; còn lại 0
TXN-OPTIMISTIC-00641,REQ-SIM-00641,-,CUS-00641,FSI-00167,1,OPTIMISTIC,pool-4-thread-641,3828169024500,3830189291700,false,Hết hàng! Sản phẩm Flash Sale 'FSI-00167': yêu cầu 1; còn lại 0
TXN-OPTIMISTIC-00964,REQ-SIM-00964,-,CUS-00964,FSI-00167,1,OPTIMISTIC,pool-4-thread-964,3828172779800,3830189543400,false,Hết hàng! Sản phẩm Flash Sale 'FSI-00167': yêu cầu 1; còn lại 0
TXN-OPTIMISTIC-00623,REQ-SIM-00623,-,CUS-00623,FSI-00167,1,OPTIMISTIC,pool-4-thread-623,3828168835500,3830189830300,false,Hết hàng! Sản phẩm Flash Sale 'FSI-00167': yêu cầu 1; còn lại 0
TXN-OPTIMISTIC-00667,REQ-SIM-00667,-,CUS-00667,FSI-00167,1,OPTIMISTIC,pool-4-thread-667,3828169295500,3830190121600,false,Hết hàng! Sản phẩm Flash Sale 'FSI-00167': yêu cầu 1; còn lại 0
TXN-OPTIMISTIC-00971,REQ-SIM-00971,-,CUS-00971,FSI-00167,1,OPTIMISTIC,pool-4-thread-971,3828172854300,3830190404300,false,Hết hàng! Sản phẩm Flash Sale 'FSI-00167': yêu cầu 1; còn lại 0
TXN-OPTIMISTIC-00728,REQ-SIM-00728,-,CUS-00728,FSI-00167,1,OPTIMISTIC,pool-4-thread-728,3828169936400,3830190643900,false,Hết hàng! Sản phẩm Flash Sale 'FSI-00167': yêu cầu 1; còn lại 0
TXN-OPTIMISTIC-00941,REQ-SIM-00941,-,CUS-00941,FSI-00167,1,OPTIMISTIC,pool-4-thread-941,3828172528400,3830190949500,false,Hết hàng! Sản phẩm Flash Sale 'FSI-00167': yêu cầu 1; còn lại 0
TXN-OPTIMISTIC-00873,REQ-SIM-00873,-,CUS-00873,FSI-00167,1,OPTIMISTIC,pool-4-thread-873,3828171844100,3830191225000,false,Hết hàng! Sản phẩm Flash Sale 'FSI-00167': yêu cầu 1; còn lại 0
TXN-OPTIMISTIC-00640,REQ-SIM-00640,-,CUS-00640,FSI-00167,1,OPTIMISTIC,pool-4-thread-640,3828169012000,3830191484500,false,Hết hàng! Sản phẩm Flash Sale 'FSI-00167': yêu cầu 1; còn lại 0
TXN-OPTIMISTIC-00911,REQ-SIM-00911,-,CUS-00911,FSI-00167,1,OPTIMISTIC,pool-4-thread-911,3828172221100,3830191801200,false,Hết hàng! Sản phẩm Flash Sale 'FSI-00167': yêu cầu 1; còn lại 0
TXN-OPTIMISTIC-00634,REQ-SIM-00634,-,CUS-00634,FSI-00167,1,OPTIMISTIC,pool-4-thread-634,3828168949900,3830192043500,false,Hết hàng! Sản phẩm Flash Sale 'FSI-00167': yêu cầu 1; còn lại 0
TXN-OPTIMISTIC-00893,REQ-SIM-00893,-,CUS-00893,FSI-00167,1,OPTIMISTIC,pool-4-thread-893,3828172042400,3830192327600,false,Hết hàng! Sản phẩm Flash Sale 'FSI-00167': yêu cầu 1; còn lại 0
TXN-OPTIMISTIC-00746,REQ-SIM-00746,-,CUS-00746,FSI-00167,1,OPTIMISTIC,pool-4-thread-746,3828170116800,3830192630300,false,Hết hàng! Sản phẩm Flash Sale 'FSI-00167': yêu cầu 1; còn lại 0
TXN-OPTIMISTIC-00599,REQ-SIM-00599,-,CUS-00599,FSI-00167,1,OPTIMISTIC,pool-4-thread-599,3828168578100,3830192885800,false,Hết hàng! Sản phẩm Flash Sale 'FSI-00167': yêu cầu 1; còn lại 0
TXN-OPTIMISTIC-00898,REQ-SIM-00898,-,CUS-00898,FSI-00167,1,OPTIMISTIC,pool-4-thread-898,3828172096000,3830193188100,false,Hết hàng! Sản phẩm Flash Sale 'FSI-00167': yêu cầu 1; còn lại 0
TXN-OPTIMISTIC-00921,REQ-SIM-00921,-,CUS-00921,FSI-00167,1,OPTIMISTIC,pool-4-thread-921,3828172327200,3830193496000,false,Hết hàng! Sản phẩm Flash Sale 'FSI-00167': yêu cầu 1; còn lại 0
TXN-OPTIMISTIC-00657,REQ-SIM-00657,-,CUS-00657,FSI-00167,1,OPTIMISTIC,pool-4-thread-657,3828169194500,3830193750200,false,Hết hàng! Sản phẩm Flash Sale 'FSI-00167': yêu cầu 1; còn lại 0
TXN-OPTIMISTIC-00862,REQ-SIM-00862,-,CUS-00862,FSI-00167,1,OPTIMISTIC,pool-4-thread-862,3828171707200,3830194055300,false,Hết hàng! Sản phẩm Flash Sale 'FSI-00167': yêu cầu 1; còn lại 0
TXN-OPTIMISTIC-00887,REQ-SIM-00887,-,CUS-00887,FSI-00167,1,OPTIMISTIC,pool-4-thread-887,3828171981000,3830194354100,false,Hết hàng! Sản phẩm Flash Sale 'FSI-00167': yêu cầu 1; còn lại 0
TXN-OPTIMISTIC-00950,REQ-SIM-00950,-,CUS-00950,FSI-00167,1,OPTIMISTIC,pool-4-thread-950,3828172628300,3830194648500,false,Hết hàng! Sản phẩm Flash Sale 'FSI-00167': yêu cầu 1; còn lại 0
TXN-OPTIMISTIC-00490,REQ-SIM-00490,-,CUS-00490,FSI-00167,1,OPTIMISTIC,pool-4-thread-490,3828167002700,3830195000300,false,Hết hàng! Sản phẩm Flash Sale 'FSI-00167': yêu cầu 1; còn lại 0
TXN-OPTIMISTIC-00886,REQ-SIM-00886,-,CUS-00886,FSI-00167,1,OPTIMISTIC,pool-4-thread-886,3828171972900,3830195197800,false,Hết hàng! Sản phẩm Flash Sale 'FSI-00167': yêu cầu 1; còn lại 0
TXN-OPTIMISTIC-00963,REQ-SIM-00963,-,CUS-00963,FSI-00167,1,OPTIMISTIC,pool-4-thread-963,3828172767800,3830195513800,false,Hết hàng! Sản phẩm Flash Sale 'FSI-00167': yêu cầu 1; còn lại 0
TXN-OPTIMISTIC-00904,REQ-SIM-00904,-,CUS-00904,FSI-00167,1,OPTIMISTIC,pool-4-thread-904,3828172152900,3830195766400,false,Hết hàng! Sản phẩm Flash Sale 'FSI-00167': yêu cầu 1; còn lại 0
TXN-OPTIMISTIC-00797,REQ-SIM-00797,-,CUS-00797,FSI-00167,1,OPTIMISTIC,pool-4-thread-797,3828170730800,3830196065300,false,Hết hàng! Sản phẩm Flash Sale 'FSI-00167': yêu cầu 1; còn lại 0
TXN-OPTIMISTIC-00773,REQ-SIM-00773,-,CUS-00773,FSI-00167,1,OPTIMISTIC,pool-4-thread-773,3828170389500,3830196369600,false,Hết hàng! Sản phẩm Flash Sale 'FSI-00167': yêu cầu 1; còn lại 0
TXN-OPTIMISTIC-00802,REQ-SIM-00802,-,CUS-00802,FSI-00167,1,OPTIMISTIC,pool-4-thread-802,3828170790700,3830196640500,false,Hết hàng! Sản phẩm Flash Sale 'FSI-00167': yêu cầu 1; còn lại 0
TXN-OPTIMISTIC-00808,REQ-SIM-00808,-,CUS-00808,FSI-00167,1,OPTIMISTIC,pool-4-thread-808,3828170851300,3830196903900,false,Hết hàng! Sản phẩm Flash Sale 'FSI-00167': yêu cầu 1; còn lại 0
TXN-OPTIMISTIC-00618,REQ-SIM-00618,-,CUS-00618,FSI-00167,1,OPTIMISTIC,pool-4-thread-618,3828168787000,3830197330200,false,Hết hàng! Sản phẩm Flash Sale 'FSI-00167': yêu cầu 1; còn lại 0
TXN-OPTIMISTIC-00906,REQ-SIM-00906,-,CUS-00906,FSI-00167,1,OPTIMISTIC,pool-4-thread-906,3828172172300,3830197586100,false,Hết hàng! Sản phẩm Flash Sale 'FSI-00167': yêu cầu 1; còn lại 0
TXN-OPTIMISTIC-00838,REQ-SIM-00838,-,CUS-00838,FSI-00167,1,OPTIMISTIC,pool-4-thread-838,3828171473100,3830197827900,false,Hết hàng! Sản phẩm Flash Sale 'FSI-00167': yêu cầu 1; còn lại 0
TXN-OPTIMISTIC-00666,REQ-SIM-00666,-,CUS-00666,FSI-00167,1,OPTIMISTIC,pool-4-thread-666,3828169286600,3830198143600,false,Hết hàng! Sản phẩm Flash Sale 'FSI-00167': yêu cầu 1; còn lại 0
TXN-OPTIMISTIC-00809,REQ-SIM-00809,-,CUS-00809,FSI-00167,1,OPTIMISTIC,pool-4-thread-809,3828170862500,3830198434800,false,Hết hàng! Sản phẩm Flash Sale 'FSI-00167': yêu cầu 1; còn lại 0
TXN-OPTIMISTIC-00908,REQ-SIM-00908,-,CUS-00908,FSI-00167,1,OPTIMISTIC,pool-4-thread-908,3828172194200,3830198721200,false,Hết hàng! Sản phẩm Flash Sale 'FSI-00167': yêu cầu 1; còn lại 0
TXN-OPTIMISTIC-00686,REQ-SIM-00686,-,CUS-00686,FSI-00167,1,OPTIMISTIC,pool-4-thread-686,3828169491700,3830199002300,false,Hết hàng! Sản phẩm Flash Sale 'FSI-00167': yêu cầu 1; còn lại 0
TXN-OPTIMISTIC-00863,REQ-SIM-00863,-,CUS-00863,FSI-00167,1,OPTIMISTIC,pool-4-thread-863,3828171720600,3830199413500,false,Hết hàng! Sản phẩm Flash Sale 'FSI-00167': yêu cầu 1; còn lại 0
TXN-OPTIMISTIC-00990,REQ-SIM-00990,-,CUS-00990,FSI-00167,1,OPTIMISTIC,pool-4-thread-990,3828173068400,3830199683800,false,Hết hàng! Sản phẩm Flash Sale 'FSI-00167': yêu cầu 1; còn lại 0
TXN-OPTIMISTIC-00851,REQ-SIM-00851,-,CUS-00851,FSI-00167,1,OPTIMISTIC,pool-4-thread-851,3828171593100,3830199984200,false,Hết hàng! Sản phẩm Flash Sale 'FSI-00167': yêu cầu 1; còn lại 0
TXN-OPTIMISTIC-00712,REQ-SIM-00712,-,CUS-00712,FSI-00167,1,OPTIMISTIC,pool-4-thread-712,3828169757200,3830200223300,false,Hết hàng! Sản phẩm Flash Sale 'FSI-00167': yêu cầu 1; còn lại 0
TXN-OPTIMISTIC-00629,REQ-SIM-00629,-,CUS-00629,FSI-00167,1,OPTIMISTIC,pool-4-thread-629,3828168908100,3830200531700,false,Hết hàng! Sản phẩm Flash Sale 'FSI-00167': yêu cầu 1; còn lại 0
TXN-OPTIMISTIC-00617,REQ-SIM-00617,-,CUS-00617,FSI-00167,1,OPTIMISTIC,pool-4-thread-617,3828168777800,3830201060900,false,Hết hàng! Sản phẩm Flash Sale 'FSI-00167': yêu cầu 1; còn lại 0
TXN-OPTIMISTIC-00796,REQ-SIM-00796,-,CUS-00796,FSI-00167,1,OPTIMISTIC,pool-4-thread-796,3828170716900,3830201347200,false,Hết hàng! Sản phẩm Flash Sale 'FSI-00167': yêu cầu 1; còn lại 0
TXN-OPTIMISTIC-00907,REQ-SIM-00907,-,CUS-00907,FSI-00167,1,OPTIMISTIC,pool-4-thread-907,3828172185300,3830201625500,false,Hết hàng! Sản phẩm Flash Sale 'FSI-00167': yêu cầu 1; còn lại 0
TXN-OPTIMISTIC-00852,REQ-SIM-00852,-,CUS-00852,FSI-00167,1,OPTIMISTIC,pool-4-thread-852,3828171604500,3830201906300,false,Hết hàng! Sản phẩm Flash Sale 'FSI-00167': yêu cầu 1; còn lại 0
TXN-OPTIMISTIC-00800,REQ-SIM-00800,-,CUS-00800,FSI-00167,1,OPTIMISTIC,pool-4-thread-800,3828170766000,3830202229200,false,Hết hàng! Sản phẩm Flash Sale 'FSI-00167': yêu cầu 1; còn lại 0
TXN-OPTIMISTIC-00954,REQ-SIM-00954,-,CUS-00954,FSI-00167,1,OPTIMISTIC,pool-4-thread-954,3828172671800,3830202638300,false,Hết hàng! Sản phẩm Flash Sale 'FSI-00167': yêu cầu 1; còn lại 0
TXN-OPTIMISTIC-00610,REQ-SIM-00610,-,CUS-00610,FSI-00167,1,OPTIMISTIC,pool-4-thread-610,3828168689400,3830202976700,false,Hết hàng! Sản phẩm Flash Sale 'FSI-00167': yêu cầu 1; còn lại 0
TXN-OPTIMISTIC-00905,REQ-SIM-00905,-,CUS-00905,FSI-00167,1,OPTIMISTIC,pool-4-thread-905,3828172163200,3830203248300,false,Hết hàng! Sản phẩm Flash Sale 'FSI-00167': yêu cầu 1; còn lại 0
TXN-OPTIMISTIC-00664,REQ-SIM-00664,-,CUS-00664,FSI-00167,1,OPTIMISTIC,pool-4-thread-664,3828169267500,3830203503100,false,Hết hàng! Sản phẩm Flash Sale 'FSI-00167': yêu cầu 1; còn lại 0
TXN-OPTIMISTIC-00550,REQ-SIM-00550,-,CUS-00550,FSI-00167,1,OPTIMISTIC,pool-4-thread-550,3828167642800,3830203797300,false,Hết hàng! Sản phẩm Flash Sale 'FSI-00167': yêu cầu 1; còn lại 0
TXN-OPTIMISTIC-00507,REQ-SIM-00507,-,CUS-00507,FSI-00167,1,OPTIMISTIC,pool-4-thread-507,3828167181800,3830204089200,false,Hết hàng! Sản phẩm Flash Sale 'FSI-00167': yêu cầu 1; còn lại 0
TXN-OPTIMISTIC-00916,REQ-SIM-00916,-,CUS-00916,FSI-00167,1,OPTIMISTIC,pool-4-thread-916,3828172276000,3830204385100,false,Hết hàng! Sản phẩm Flash Sale 'FSI-00167': yêu cầu 1; còn lại 0
TXN-OPTIMISTIC-00821,REQ-SIM-00821,-,CUS-00821,FSI-00167,1,OPTIMISTIC,pool-4-thread-821,3828170986300,3830204667500,false,Hết hàng! Sản phẩm Flash Sale 'FSI-00167': yêu cầu 1; còn lại 0
TXN-OPTIMISTIC-00784,REQ-SIM-00784,-,CUS-00784,FSI-00167,1,OPTIMISTIC,pool-4-thread-784,3828170542300,3830204966200,false,Hết hàng! Sản phẩm Flash Sale 'FSI-00167': yêu cầu 1; còn lại 0
TXN-OPTIMISTIC-00899,REQ-SIM-00899,-,CUS-00899,FSI-00167,1,OPTIMISTIC,pool-4-thread-899,3828172105000,3830205277000,false,Hết hàng! Sản phẩm Flash Sale 'FSI-00167': yêu cầu 1; còn lại 0
TXN-OPTIMISTIC-00075,REQ-SIM-00075,-,CUS-00075,FSI-00167,1,OPTIMISTIC,pool-4-thread-75,3828161769300,3830205559200,false,Hết hàng! Sản phẩm Flash Sale 'FSI-00167': yêu cầu 1; còn lại 0
TXN-OPTIMISTIC-00543,REQ-SIM-00543,-,CUS-00543,FSI-00167,1,OPTIMISTIC,pool-4-thread-543,3828167567400,3830205817400,false,Hết hàng! Sản phẩm Flash Sale 'FSI-00167': yêu cầu 1; còn lại 0
TXN-OPTIMISTIC-00482,REQ-SIM-00482,-,CUS-00482,FSI-00167,1,OPTIMISTIC,pool-4-thread-482,3828166917200,3830206130000,false,Hết hàng! Sản phẩm Flash Sale 'FSI-00167': yêu cầu 1; còn lại 0
TXN-OPTIMISTIC-00562,REQ-SIM-00562,-,CUS-00562,FSI-00167,1,OPTIMISTIC,pool-4-thread-562,3828167769600,3830206590000,false,Hết hàng! Sản phẩm Flash Sale 'FSI-00167': yêu cầu 1; còn lại 0
TXN-OPTIMISTIC-00988,REQ-SIM-00988,-,CUS-00988,FSI-00167,1,OPTIMISTIC,pool-4-thread-988,3828173057400,3830206695100,false,Hết hàng! Sản phẩm Flash Sale 'FSI-00167': yêu cầu 1; còn lại 0
TXN-OPTIMISTIC-00923,REQ-SIM-00923,-,CUS-00923,FSI-00167,1,OPTIMISTIC,pool-4-thread-923,3828172348400,3830207054900,false,Hết hàng! Sản phẩm Flash Sale 'FSI-00167': yêu cầu 1; còn lại 0
TXN-OPTIMISTIC-00791,REQ-SIM-00791,-,CUS-00791,FSI-00167,1,OPTIMISTIC,pool-4-thread-791,3828170680800,3830207349200,false,Hết hàng! Sản phẩm Flash Sale 'FSI-00167': yêu cầu 1; còn lại 0
TXN-OPTIMISTIC-00592,REQ-SIM-00592,-,CUS-00592,FSI-00167,1,OPTIMISTIC,pool-4-thread-592,3828168497400,3830207660300,false,Hết hàng! Sản phẩm Flash Sale 'FSI-00167': yêu cầu 1; còn lại 0
TXN-OPTIMISTIC-00928,REQ-SIM-00928,-,CUS-00928,FSI-00167,1,OPTIMISTIC,pool-4-thread-928,3828172407400,3830208003100,false,Hết hàng! Sản phẩm Flash Sale 'FSI-00167': yêu cầu 1; còn lại 0
TXN-OPTIMISTIC-00731,REQ-SIM-00731,-,CUS-00731,FSI-00167,1,OPTIMISTIC,pool-4-thread-731,3828169965900,3830208279000,false,Hết hàng! Sản phẩm Flash Sale 'FSI-00167': yêu cầu 1; còn lại 0
TXN-OPTIMISTIC-00213,REQ-SIM-00213,-,CUS-00213,FSI-00167,1,OPTIMISTIC,pool-4-thread-213,3828163502700,3830208616300,false,Hết hàng! Sản phẩm Flash Sale 'FSI-00167': yêu cầu 1; còn lại 0
TXN-OPTIMISTIC-00470,REQ-SIM-00470,-,CUS-00470,FSI-00167,1,OPTIMISTIC,pool-4-thread-470,3828166781300,3830208897200,false,Hết hàng! Sản phẩm Flash Sale 'FSI-00167': yêu cầu 1; còn lại 0
TXN-OPTIMISTIC-00272,REQ-SIM-00272,-,CUS-00272,FSI-00167,1,OPTIMISTIC,pool-4-thread-272,3828164130600,3830209264500,false,Hết hàng! Sản phẩm Flash Sale 'FSI-00167': yêu cầu 1; còn lại 0
TXN-OPTIMISTIC-00476,REQ-SIM-00476,-,CUS-00476,FSI-00167,1,OPTIMISTIC,pool-4-thread-476,3828166857200,3830209562500,false,Hết hàng! Sản phẩm Flash Sale 'FSI-00167': yêu cầu 1; còn lại 0
TXN-OPTIMISTIC-00422,REQ-SIM-00422,-,CUS-00422,FSI-00167,1,OPTIMISTIC,pool-4-thread-422,3828166203400,3830209882900,false,Hết hàng! Sản phẩm Flash Sale 'FSI-00167': yêu cầu 1; còn lại 0
TXN-OPTIMISTIC-00212,REQ-SIM-00212,-,CUS-00212,FSI-00167,1,OPTIMISTIC,pool-4-thread-212,3828163492500,3830210145500,false,Hết hàng! Sản phẩm Flash Sale 'FSI-00167': yêu cầu 1; còn lại 0
TXN-OPTIMISTIC-00716,REQ-SIM-00716,-,CUS-00716,FSI-00167,1,OPTIMISTIC,pool-4-thread-716,3828169802200,3830210457200,false,Hết hàng! Sản phẩm Flash Sale 'FSI-00167': yêu cầu 1; còn lại 0
TXN-OPTIMISTIC-00441,REQ-SIM-00441,-,CUS-00441,FSI-00167,1,OPTIMISTIC,pool-4-thread-441,3828166443900,3830210810200,false,Hết hàng! Sản phẩm Flash Sale 'FSI-00167': yêu cầu 1; còn lại 0
TXN-OPTIMISTIC-00573,REQ-SIM-00573,-,CUS-00573,FSI-00167,1,OPTIMISTIC,pool-4-thread-573,3828167897500,3830211170900,false,Hết hàng! Sản phẩm Flash Sale 'FSI-00167': yêu cầu 1; còn lại 0
TXN-OPTIMISTIC-00674,REQ-SIM-00674,-,CUS-00674,FSI-00167,1,OPTIMISTIC,pool-4-thread-674,3828169364900,3830211474500,false,Hết hàng! Sản phẩm Flash Sale 'FSI-00167': yêu cầu 1; còn lại 0
TXN-OPTIMISTIC-00939,REQ-SIM-00939,-,CUS-00939,FSI-00167,1,OPTIMISTIC,pool-4-thread-939,3828172508200,3830211777100,false,Hết hàng! Sản phẩm Flash Sale 'FSI-00167': yêu cầu 1; còn lại 0
TXN-OPTIMISTIC-00984,REQ-SIM-00984,-,CUS-00984,FSI-00167,1,OPTIMISTIC,pool-4-thread-984,3828173007400,3830212058000,false,Hết hàng! Sản phẩm Flash Sale 'FSI-00167': yêu cầu 1; còn lại 0
TXN-OPTIMISTIC-00957,REQ-SIM-00957,-,CUS-00957,FSI-00167,1,OPTIMISTIC,pool-4-thread-957,3828172707000,3830212366300,false,Hết hàng! Sản phẩm Flash Sale 'FSI-00167': yêu cầu 1; còn lại 0
TXN-OPTIMISTIC-00513,REQ-SIM-00513,-,CUS-00513,FSI-00167,1,OPTIMISTIC,pool-4-thread-513,3828167244700,3830212622100,false,Hết hàng! Sản phẩm Flash Sale 'FSI-00167': yêu cầu 1; còn lại 0
TXN-OPTIMISTIC-00661,REQ-SIM-00661,-,CUS-00661,FSI-00167,1,OPTIMISTIC,pool-4-thread-661,3828169239200,3830212915600,false,Hết hàng! Sản phẩm Flash Sale 'FSI-00167': yêu cầu 1; còn lại 0
TXN-OPTIMISTIC-00938,REQ-SIM-00938,-,CUS-00938,FSI-00167,1,OPTIMISTIC,pool-4-thread-938,3828172499200,3830213209800,false,Hết hàng! Sản phẩm Flash Sale 'FSI-00167': yêu cầu 1; còn lại 0
TXN-OPTIMISTIC-00602,REQ-SIM-00602,-,CUS-00602,FSI-00167,1,OPTIMISTIC,pool-4-thread-602,3828168607400,3830213513200,false,Hết hàng! Sản phẩm Flash Sale 'FSI-00167': yêu cầu 1; còn lại 0
TXN-OPTIMISTIC-00585,REQ-SIM-00585,-,CUS-00585,FSI-00167,1,OPTIMISTIC,pool-4-thread-585,3828168415300,3830213827400,false,Hết hàng! Sản phẩm Flash Sale 'FSI-00167': yêu cầu 1; còn lại 0
TXN-OPTIMISTIC-00459,REQ-SIM-00459,-,CUS-00459,FSI-00167,1,OPTIMISTIC,pool-4-thread-459,3828166647900,3830214122200,false,Hết hàng! Sản phẩm Flash Sale 'FSI-00167': yêu cầu 1; còn lại 0
TXN-OPTIMISTIC-00434,REQ-SIM-00434,-,CUS-00434,FSI-00167,1,OPTIMISTIC,pool-4-thread-434,3828166354000,3830214428800,false,Hết hàng! Sản phẩm Flash Sale 'FSI-00167': yêu cầu 1; còn lại 0
TXN-OPTIMISTIC-00431,REQ-SIM-00431,-,CUS-00431,FSI-00167,1,OPTIMISTIC,pool-4-thread-431,3828166315600,3830214721100,false,Hết hàng! Sản phẩm Flash Sale 'FSI-00167': yêu cầu 1; còn lại 0
TXN-OPTIMISTIC-00611,REQ-SIM-00611,-,CUS-00611,FSI-00167,1,OPTIMISTIC,pool-4-thread-611,3828168701700,3830214993700,false,Hết hàng! Sản phẩm Flash Sale 'FSI-00167': yêu cầu 1; còn lại 0
TXN-OPTIMISTIC-00502,REQ-SIM-00502,-,CUS-00502,FSI-00167,1,OPTIMISTIC,pool-4-thread-502,3828167124700,3830215284900,false,Hết hàng! Sản phẩm Flash Sale 'FSI-00167': yêu cầu 1; còn lại 0
TXN-OPTIMISTIC-00897,REQ-SIM-00897,-,CUS-00897,FSI-00167,1,OPTIMISTIC,pool-4-thread-897,3828172083300,3830215527900,false,Hết hàng! Sản phẩm Flash Sale 'FSI-00167': yêu cầu 1; còn lại 0
TXN-OPTIMISTIC-00494,REQ-SIM-00494,-,CUS-00494,FSI-00167,1,OPTIMISTIC,pool-4-thread-494,3828167045200,3830215816600,false,Hết hàng! Sản phẩm Flash Sale 'FSI-00167': yêu cầu 1; còn lại 0
TXN-OPTIMISTIC-00495,REQ-SIM-00495,-,CUS-00495,FSI-00167,1,OPTIMISTIC,pool-4-thread-495,3828167056000,3830216102900,false,Hết hàng! Sản phẩm Flash Sale 'FSI-00167': yêu cầu 1; còn lại 0
TXN-OPTIMISTIC-00710,REQ-SIM-00710,-,CUS-00710,FSI-00167,1,OPTIMISTIC,pool-4-thread-710,3828169736400,3830216387200,false,Hết hàng! Sản phẩm Flash Sale 'FSI-00167': yêu cầu 1; còn lại 0
TXN-OPTIMISTIC-00477,REQ-SIM-00477,-,CUS-00477,FSI-00167,1,OPTIMISTIC,pool-4-thread-477,3828166866500,3830216691700,false,Hết hàng! Sản phẩm Flash Sale 'FSI-00167': yêu cầu 1; còn lại 0
TXN-OPTIMISTIC-00801,REQ-SIM-00801,-,CUS-00801,FSI-00167,1,OPTIMISTIC,pool-4-thread-801,3828170780600,3830216993800,false,Hết hàng! Sản phẩm Flash Sale 'FSI-00167': yêu cầu 1; còn lại 0
TXN-OPTIMISTIC-00423,REQ-SIM-00423,-,CUS-00423,FSI-00167,1,OPTIMISTIC,pool-4-thread-423,3828166213600,3830217302400,false,Hết hàng! Sản phẩm Flash Sale 'FSI-00167': yêu cầu 1; còn lại 0
TXN-OPTIMISTIC-00465,REQ-SIM-00465,-,CUS-00465,FSI-00167,1,OPTIMISTIC,pool-4-thread-465,3828166718700,3830217602500,false,Hết hàng! Sản phẩm Flash Sale 'FSI-00167': yêu cầu 1; còn lại 0
TXN-OPTIMISTIC-00497,REQ-SIM-00497,-,CUS-00497,FSI-00167,1,OPTIMISTIC,pool-4-thread-497,3828167074900,3830217895300,false,Hết hàng! Sản phẩm Flash Sale 'FSI-00167': yêu cầu 1; còn lại 0
TXN-OPTIMISTIC-00532,REQ-SIM-00532,-,CUS-00532,FSI-00167,1,OPTIMISTIC,pool-4-thread-532,3828167448900,3830218312000,false,Hết hàng! Sản phẩm Flash Sale 'FSI-00167': yêu cầu 1; còn lại 0
TXN-OPTIMISTIC-00452,REQ-SIM-00452,-,CUS-00452,FSI-00167,1,OPTIMISTIC,pool-4-thread-452,3828166584400,3830218651300,false,Hết hàng! Sản phẩm Flash Sale 'FSI-00167': yêu cầu 1; còn lại 0
TXN-OPTIMISTIC-00410,REQ-SIM-00410,-,CUS-00410,FSI-00167,1,OPTIMISTIC,pool-4-thread-410,3828165858500,3830218952200,false,Hết hàng! Sản phẩm Flash Sale 'FSI-00167': yêu cầu 1; còn lại 0
TXN-OPTIMISTIC-00424,REQ-SIM-00424,-,CUS-00424,FSI-00167,1,OPTIMISTIC,pool-4-thread-424,3828166231100,3830219271300,false,Hết hàng! Sản phẩm Flash Sale 'FSI-00167': yêu cầu 1; còn lại 0
TXN-OPTIMISTIC-00945,REQ-SIM-00945,-,CUS-00945,FSI-00167,1,OPTIMISTIC,pool-4-thread-945,3828172572400,3830219562700,false,Hết hàng! Sản phẩm Flash Sale 'FSI-00167': yêu cầu 1; còn lại 0
TXN-OPTIMISTIC-00430,REQ-SIM-00430,-,CUS-00430,FSI-00167,1,OPTIMISTIC,pool-4-thread-430,3828166306000,3830220167800,false,Hết hàng! Sản phẩm Flash Sale 'FSI-00167': yêu cầu 1; còn lại 0
TXN-OPTIMISTIC-00603,REQ-SIM-00603,-,CUS-00603,FSI-00167,1,OPTIMISTIC,pool-4-thread-603,3828168618400,3830220312200,false,Hết hàng! Sản phẩm Flash Sale 'FSI-00167': yêu cầu 1; còn lại 0
TXN-OPTIMISTIC-00626,REQ-SIM-00626,-,CUS-00626,FSI-00167,1,OPTIMISTIC,pool-4-thread-626,3828168867000,3830220620600,false,Hết hàng! Sản phẩm Flash Sale 'FSI-00167': yêu cầu 1; còn lại 0
TXN-OPTIMISTIC-00839,REQ-SIM-00839,-,CUS-00839,FSI-00167,1,OPTIMISTIC,pool-4-thread-839,3828171463700,3830220962800,false,Hết hàng! Sản phẩm Flash Sale 'FSI-00167': yêu cầu 1; còn lại 0
TXN-OPTIMISTIC-00760,REQ-SIM-00760,-,CUS-00760,FSI-00167,1,OPTIMISTIC,pool-4-thread-760,3828170259800,3830221170100,false,Hết hàng! Sản phẩm Flash Sale 'FSI-00167': yêu cầu 1; còn lại 0
TXN-OPTIMISTIC-00425,REQ-SIM-00425,-,CUS-00425,FSI-00167,1,OPTIMISTIC,pool-4-thread-425,3828166242300,3830221502000,false,Hết hàng! Sản phẩm Flash Sale 'FSI-00167': yêu cầu 1; còn lại 0
TXN-OPTIMISTIC-00508,REQ-SIM-00508,-,CUS-00508,FSI-00167,1,OPTIMISTIC,pool-4-thread-508,3828167192500,3830221735500,false,Hết hàng! Sản phẩm Flash Sale 'FSI-00167': yêu cầu 1; còn lại 0
TXN-OPTIMISTIC-00869,REQ-SIM-00869,-,CUS-00869,FSI-00167,1,OPTIMISTIC,pool-4-thread-869,3828171799900,3830222019800,false,Hết hàng! Sản phẩm Flash Sale 'FSI-00167': yêu cầu 1; còn lại 0
TXN-OPTIMISTIC-00586,REQ-SIM-00586,-,CUS-00586,FSI-00167,1,OPTIMISTIC,pool-4-thread-586,3828168426000,3830222334800,false,Hết hàng! Sản phẩm Flash Sale 'FSI-00167': yêu cầu 1; còn lại 0
TXN-OPTIMISTIC-00646,REQ-SIM-00646,-,CUS-00646,FSI-00167,1,OPTIMISTIC,pool-4-thread-646,3828169084400,3830222610400,false,Hết hàng! Sản phẩm Flash Sale 'FSI-00167': yêu cầu 1; còn lại 0
TXN-OPTIMISTIC-00491,REQ-SIM-00491,-,CUS-00491,FSI-00167,1,OPTIMISTIC,pool-4-thread-491,3828167012500,3830222919200,false,Hết hàng! Sản phẩm Flash Sale 'FSI-00167': yêu cầu 1; còn lại 0
TXN-OPTIMISTIC-00682,REQ-SIM-00682,-,CUS-00682,FSI-00167,1,OPTIMISTIC,pool-4-thread-682,3828169447300,3830223200300,false,Hết hàng! Sản phẩm Flash Sale 'FSI-00167': yêu cầu 1; còn lại 0
TXN-OPTIMISTIC-00521,REQ-SIM-00521,-,CUS-00521,FSI-00167,1,OPTIMISTIC,pool-4-thread-521,3828167324600,3830223574200,false,Hết hàng! Sản phẩm Flash Sale 'FSI-00167': yêu cầu 1; còn lại 0
TXN-OPTIMISTIC-00799,REQ-SIM-00799,-,CUS-00799,FSI-00167,1,OPTIMISTIC,pool-4-thread-799,3828170751800,3830223836900,false,Hết hàng! Sản phẩm Flash Sale 'FSI-00167': yêu cầu 1; còn lại 0
TXN-OPTIMISTIC-00506,REQ-SIM-00506,-,CUS-00506,FSI-00167,1,OPTIMISTIC,pool-4-thread-506,3828167171600,3830224142200,false,Hết hàng! Sản phẩm Flash Sale 'FSI-00167': yêu cầu 1; còn lại 0
TXN-OPTIMISTIC-00922,REQ-SIM-00922,-,CUS-00922,FSI-00167,1,OPTIMISTIC,pool-4-thread-922,3828172338400,3830224415100,false,Hết hàng! Sản phẩm Flash Sale 'FSI-00167': yêu cầu 1; còn lại 0
TXN-OPTIMISTIC-00609,REQ-SIM-00609,-,CUS-00609,FSI-00167,1,OPTIMISTIC,pool-4-thread-609,3828168675500,3830224704600,false,Hết hàng! Sản phẩm Flash Sale 'FSI-00167': yêu cầu 1; còn lại 0
TXN-OPTIMISTIC-00471,REQ-SIM-00471,-,CUS-00471,FSI-00167,1,OPTIMISTIC,pool-4-thread-471,3828166792200,3830225015700,false,Hết hàng! Sản phẩm Flash Sale 'FSI-00167': yêu cầu 1; còn lại 0
TXN-OPTIMISTIC-00540,REQ-SIM-00540,-,CUS-00540,FSI-00167,1,OPTIMISTIC,pool-4-thread-540,3828167537200,3830225306400,false,Hết hàng! Sản phẩm Flash Sale 'FSI-00167': yêu cầu 1; còn lại 0
TXN-OPTIMISTIC-00185,REQ-SIM-00185,-,CUS-00185,FSI-00167,1,OPTIMISTIC,pool-4-thread-185,3828163200400,3830225590900,false,Hết hàng! Sản phẩm Flash Sale 'FSI-00167': yêu cầu 1; còn lại 0
TXN-OPTIMISTIC-00366,REQ-SIM-00366,-,CUS-00366,FSI-00167,1,OPTIMISTIC,pool-4-thread-366,3828165278400,3830225852500,false,Hết hàng! Sản phẩm Flash Sale 'FSI-00167': yêu cầu 1; còn lại 0
TXN-OPTIMISTIC-00810,REQ-SIM-00810,-,CUS-00810,FSI-00167,1,OPTIMISTIC,pool-4-thread-810,3828170872300,3830226136100,false,Hết hàng! Sản phẩm Flash Sale 'FSI-00167': yêu cầu 1; còn lại 0
TXN-OPTIMISTIC-00414,REQ-SIM-00414,-,CUS-00414,FSI-00167,1,OPTIMISTIC,pool-4-thread-414,3828165897200,3830226399800,false,Hết hàng! Sản phẩm Flash Sale 'FSI-00167': yêu cầu 1; còn lại 0
TXN-OPTIMISTIC-00136,REQ-SIM-00136,-,CUS-00136,FSI-00167,1,OPTIMISTIC,pool-4-thread-136,3828162412200,3830226700300,false,Hết hàng! Sản phẩm Flash Sale 'FSI-00167': yêu cầu 1; còn lại 0
TXN-OPTIMISTIC-00926,REQ-SIM-00926,-,CUS-00926,FSI-00167,1,OPTIMISTIC,pool-4-thread-926,3828172377400,3830227006000,false,Hết hàng! Sản phẩm Flash Sale 'FSI-00167': yêu cầu 1; còn lại 0
TXN-OPTIMISTIC-00836,REQ-SIM-00836,-,CUS-00836,FSI-00167,1,OPTIMISTIC,pool-4-thread-836,3828171428500,3830227271400,false,Hết hàng! Sản phẩm Flash Sale 'FSI-00167': yêu cầu 1; còn lại 0
TXN-OPTIMISTIC-00882,REQ-SIM-00882,-,CUS-00882,FSI-00167,1,OPTIMISTIC,pool-4-thread-882,3828171931300,3830227615000,false,Hết hàng! Sản phẩm Flash Sale 'FSI-00167': yêu cầu 1; còn lại 0
TXN-OPTIMISTIC-00669,REQ-SIM-00669,-,CUS-00669,FSI-00167,1,OPTIMISTIC,pool-4-thread-669,3828169314400,3830227870400,false,Hết hàng! Sản phẩm Flash Sale 'FSI-00167': yêu cầu 1; còn lại 0
TXN-OPTIMISTIC-00638,REQ-SIM-00638,-,CUS-00638,FSI-00167,1,OPTIMISTIC,pool-4-thread-638,3828168988500,3830228208000,false,Hết hàng! Sản phẩm Flash Sale 'FSI-00167': yêu cầu 1; còn lại 0
TXN-OPTIMISTIC-00402,REQ-SIM-00402,-,CUS-00402,FSI-00167,1,OPTIMISTIC,pool-4-thread-402,3828165705100,3830228482700,false,Hết hàng! Sản phẩm Flash Sale 'FSI-00167': yêu cầu 1; còn lại 0
TXN-OPTIMISTIC-00884,REQ-SIM-00884,-,CUS-00884,FSI-00167,1,OPTIMISTIC,pool-4-thread-884,3828171952300,3830228731200,false,Hết hàng! Sản phẩm Flash Sale 'FSI-00167': yêu cầu 1; còn lại 0
TXN-OPTIMISTIC-00847,REQ-SIM-00847,-,CUS-00847,FSI-00167,1,OPTIMISTIC,pool-4-thread-847,3828171582800,3830229023800,false,Hết hàng! Sản phẩm Flash Sale 'FSI-00167': yêu cầu 1; còn lại 0
TXN-OPTIMISTIC-00581,REQ-SIM-00581,-,CUS-00581,FSI-00167,1,OPTIMISTIC,pool-4-thread-581,3828168360800,3830229336500,false,Hết hàng! Sản phẩm Flash Sale 'FSI-00167': yêu cầu 1; còn lại 0
TXN-OPTIMISTIC-00823,REQ-SIM-00823,-,CUS-00823,FSI-00167,1,OPTIMISTIC,pool-4-thread-823,3828171005200,3830229625600,false,Hết hàng! Sản phẩm Flash Sale 'FSI-00167': yêu cầu 1; còn lại 0
TXN-OPTIMISTIC-00814,REQ-SIM-00814,-,CUS-00814,FSI-00167,1,OPTIMISTIC,pool-4-thread-814,3828170914800,3830229888100,false,Hết hàng! Sản phẩm Flash Sale 'FSI-00167': yêu cầu 1; còn lại 0
TXN-OPTIMISTIC-00998,REQ-SIM-00998,-,CUS-00998,FSI-00167,1,OPTIMISTIC,pool-4-thread-998,3828173156900,3830230177200,false,Hết hàng! Sản phẩm Flash Sale 'FSI-00167': yêu cầu 1; còn lại 0
TXN-OPTIMISTIC-00776,REQ-SIM-00776,-,CUS-00776,FSI-00167,1,OPTIMISTIC,pool-4-thread-776,3828170424300,3830230486900,false,Hết hàng! Sản phẩm Flash Sale 'FSI-00167': yêu cầu 1; còn lại 0
TXN-OPTIMISTIC-00951,REQ-SIM-00951,-,CUS-00951,FSI-00167,1,OPTIMISTIC,pool-4-thread-951,3828172639700,3830230732900,false,Hết hàng! Sản phẩm Flash Sale 'FSI-00167': yêu cầu 1; còn lại 0
TXN-OPTIMISTIC-00959,REQ-SIM-00959,-,CUS-00959,FSI-00167,1,OPTIMISTIC,pool-4-thread-959,3828172726400,3830231037400,false,Hết hàng! Sản phẩm Flash Sale 'FSI-00167': yêu cầu 1; còn lại 0
TXN-OPTIMISTIC-00927,REQ-SIM-00927,-,CUS-00927,FSI-00167,1,OPTIMISTIC,pool-4-thread-927,3828172387500,3830231384200,false,Hết hàng! Sản phẩm Flash Sale 'FSI-00167': yêu cầu 1; còn lại 0
TXN-OPTIMISTIC-00932,REQ-SIM-00932,-,CUS-00932,FSI-00167,1,OPTIMISTIC,pool-4-thread-932,3828172437300,3830231616800,false,Hết hàng! Sản phẩm Flash Sale 'FSI-00167': yêu cầu 1; còn lại 0
TXN-OPTIMISTIC-00534,REQ-SIM-00534,-,CUS-00534,FSI-00167,1,OPTIMISTIC,pool-4-thread-534,3828167471600,3830231888700,false,Hết hàng! Sản phẩm Flash Sale 'FSI-00167': yêu cầu 1; còn lại 0
TXN-OPTIMISTIC-00650,REQ-SIM-00650,-,CUS-00650,FSI-00167,1,OPTIMISTIC,pool-4-thread-650,3828169124500,3830232162000,false,Hết hàng! Sản phẩm Flash Sale 'FSI-00167': yêu cầu 1; còn lại 0
TXN-OPTIMISTIC-00733,REQ-SIM-00733,-,CUS-00733,FSI-00167,1,OPTIMISTIC,pool-4-thread-733,3828169985100,3830232458200,false,Hết hàng! Sản phẩm Flash Sale 'FSI-00167': yêu cầu 1; còn lại 0
TXN-OPTIMISTIC-00983,REQ-SIM-00983,-,CUS-00983,FSI-00167,1,OPTIMISTIC,pool-4-thread-983,3828172977800,3830232752000,false,Hết hàng! Sản phẩm Flash Sale 'FSI-00167': yêu cầu 1; còn lại 0
TXN-OPTIMISTIC-00238,REQ-SIM-00238,-,CUS-00238,FSI-00167,1,OPTIMISTIC,pool-4-thread-238,3828163767400,3830233054700,false,Hết hàng! Sản phẩm Flash Sale 'FSI-00167': yêu cầu 1; còn lại 0
TXN-OPTIMISTIC-00757,REQ-SIM-00757,-,CUS-00757,FSI-00167,1,OPTIMISTIC,pool-4-thread-757,3828170230200,3830233304300,false,Hết hàng! Sản phẩm Flash Sale 'FSI-00167': yêu cầu 1; còn lại 0
TXN-OPTIMISTIC-00961,REQ-SIM-00961,-,CUS-00961,FSI-00167,1,OPTIMISTIC,pool-4-thread-961,3828172747400,3830233604300,false,Hết hàng! Sản phẩm Flash Sale 'FSI-00167': yêu cầu 1; còn lại 0
TXN-OPTIMISTIC-00775,REQ-SIM-00775,-,CUS-00775,FSI-00167,1,OPTIMISTIC,pool-4-thread-775,3828170414600,3830233871800,false,Hết hàng! Sản phẩm Flash Sale 'FSI-00167': yêu cầu 1; còn lại 0
TXN-OPTIMISTIC-00977,REQ-SIM-00977,-,CUS-00977,FSI-00167,1,OPTIMISTIC,pool-4-thread-977,3828172917200,3830234202100,false,Hết hàng! Sản phẩm Flash Sale 'FSI-00167': yêu cầu 1; còn lại 0
TXN-OPTIMISTIC-00780,REQ-SIM-00780,-,CUS-00780,FSI-00167,1,OPTIMISTIC,pool-4-thread-780,3828170487300,3830234444700,false,Hết hàng! Sản phẩm Flash Sale 'FSI-00167': yêu cầu 1; còn lại 0
TXN-OPTIMISTIC-00917,REQ-SIM-00917,-,CUS-00917,FSI-00167,1,OPTIMISTIC,pool-4-thread-917,3828172283600,3830234771400,false,Hết hàng! Sản phẩm Flash Sale 'FSI-00167': yêu cầu 1; còn lại 0
TXN-OPTIMISTIC-00557,REQ-SIM-00557,-,CUS-00557,FSI-00167,1,OPTIMISTIC,pool-4-thread-557,3828167719700,3830235040200,false,Hết hàng! Sản phẩm Flash Sale 'FSI-00167': yêu cầu 1; còn lại 0
TXN-OPTIMISTIC-00940,REQ-SIM-00940,-,CUS-00940,FSI-00167,1,OPTIMISTIC,pool-4-thread-940,3828172518000,3830235370800,false,Hết hàng! Sản phẩm Flash Sale 'FSI-00167': yêu cầu 1; còn lại 0
TXN-OPTIMISTIC-00691,REQ-SIM-00691,-,CUS-00691,FSI-00167,1,OPTIMISTIC,pool-4-thread-691,3828169543100,3830235654100,false,Hết hàng! Sản phẩm Flash Sale 'FSI-00167': yêu cầu 1; còn lại 0
TXN-OPTIMISTIC-00474,REQ-SIM-00474,-,CUS-00474,FSI-00167,1,OPTIMISTIC,pool-4-thread-474,3828166836200,3830235956800,false,Hết hàng! Sản phẩm Flash Sale 'FSI-00167': yêu cầu 1; còn lại 0
TXN-OPTIMISTIC-00598,REQ-SIM-00598,-,CUS-00598,FSI-00167,1,OPTIMISTIC,pool-4-thread-598,3828168566700,3830236212500,false,Hết hàng! Sản phẩm Flash Sale 'FSI-00167': yêu cầu 1; còn lại 0
TXN-OPTIMISTIC-00544,REQ-SIM-00544,-,CUS-00544,FSI-00167,1,OPTIMISTIC,pool-4-thread-544,3828167580200,3830236503300,false,Hết hàng! Sản phẩm Flash Sale 'FSI-00167': yêu cầu 1; còn lại 0
TXN-OPTIMISTIC-00790,REQ-SIM-00790,-,CUS-00790,FSI-00167,1,OPTIMISTIC,pool-4-thread-790,3828170643400,3830236793200,false,Hết hàng! Sản phẩm Flash Sale 'FSI-00167': yêu cầu 1; còn lại 0
TXN-OPTIMISTIC-00874,REQ-SIM-00874,-,CUS-00874,FSI-00167,1,OPTIMISTIC,pool-4-thread-874,3828171852500,3830237092800,false,Hết hàng! Sản phẩm Flash Sale 'FSI-00167': yêu cầu 1; còn lại 0
TXN-OPTIMISTIC-00698,REQ-SIM-00698,-,CUS-00698,FSI-00167,1,OPTIMISTIC,pool-4-thread-698,3828169615200,3830237409000,false,Hết hàng! Sản phẩm Flash Sale 'FSI-00167': yêu cầu 1; còn lại 0
TXN-OPTIMISTIC-00695,REQ-SIM-00695,-,CUS-00695,FSI-00167,1,OPTIMISTIC,pool-4-thread-695,3828169583900,3830237670100,false,Hết hàng! Sản phẩm Flash Sale 'FSI-00167': yêu cầu 1; còn lại 0
TXN-OPTIMISTIC-00815,REQ-SIM-00815,-,CUS-00815,FSI-00167,1,OPTIMISTIC,pool-4-thread-815,3828170926200,3830238022300,false,Hết hàng! Sản phẩm Flash Sale 'FSI-00167': yêu cầu 1; còn lại 0
TXN-OPTIMISTIC-00857,REQ-SIM-00857,-,CUS-00857,FSI-00167,1,OPTIMISTIC,pool-4-thread-857,3828171664600,3830238278500,false,Hết hàng! Sản phẩm Flash Sale 'FSI-00167': yêu cầu 1; còn lại 0
TXN-OPTIMISTIC-00593,REQ-SIM-00593,-,CUS-00593,FSI-00167,1,OPTIMISTIC,pool-4-thread-593,3828168510000,3830238549800,false,Hết hàng! Sản phẩm Flash Sale 'FSI-00167': yêu cầu 1; còn lại 0
TXN-OPTIMISTIC-00707,REQ-SIM-00707,-,CUS-00707,FSI-00167,1,OPTIMISTIC,pool-4-thread-707,3828169708000,3830238809400,false,Hết hàng! Sản phẩm Flash Sale 'FSI-00167': yêu cầu 1; còn lại 0
TXN-OPTIMISTIC-00505,REQ-SIM-00505,-,CUS-00505,FSI-00167,1,OPTIMISTIC,pool-4-thread-505,3828167160000,3830239089300,false,Hết hàng! Sản phẩm Flash Sale 'FSI-00167': yêu cầu 1; còn lại 0
TXN-OPTIMISTIC-00516,REQ-SIM-00516,-,CUS-00516,FSI-00167,1,OPTIMISTIC,pool-4-thread-516,3828167275000,3830239349500,false,Hết hàng! Sản phẩm Flash Sale 'FSI-00167': yêu cầu 1; còn lại 0
TXN-OPTIMISTIC-00684,REQ-SIM-00684,-,CUS-00684,FSI-00167,1,OPTIMISTIC,pool-4-thread-684,3828169467300,3830239647000,false,Hết hàng! Sản phẩm Flash Sale 'FSI-00167': yêu cầu 1; còn lại 0
TXN-OPTIMISTIC-00528,REQ-SIM-00528,-,CUS-00528,FSI-00167,1,OPTIMISTIC,pool-4-thread-528,3828167399700,3830239900200,false,Hết hàng! Sản phẩm Flash Sale 'FSI-00167': yêu cầu 1; còn lại 0
TXN-OPTIMISTIC-00606,REQ-SIM-00606,-,CUS-00606,FSI-00167,1,OPTIMISTIC,pool-4-thread-606,3828168641600,3830240215200,false,Hết hàng! Sản phẩm Flash Sale 'FSI-00167': yêu cầu 1; còn lại 0
TXN-OPTIMISTIC-00511,REQ-SIM-00511,-,CUS-00511,FSI-00167,1,OPTIMISTIC,pool-4-thread-511,3828167224500,3830240474500,false,Hết hàng! Sản phẩm Flash Sale 'FSI-00167': yêu cầu 1; còn lại 0
TXN-OPTIMISTIC-00701,REQ-SIM-00701,-,CUS-00701,FSI-00167,1,OPTIMISTIC,pool-4-thread-701,3828169645300,3830240987300,false,Hết hàng! Sản phẩm Flash Sale 'FSI-00167': yêu cầu 1; còn lại 0
TXN-OPTIMISTIC-00504,REQ-SIM-00504,-,CUS-00504,FSI-00167,1,OPTIMISTIC,pool-4-thread-504,3828167147300,3830241142000,false,Hết hàng! Sản phẩm Flash Sale 'FSI-00167': yêu cầu 1; còn lại 0
TXN-OPTIMISTIC-00779,REQ-SIM-00779,-,CUS-00779,FSI-00167,1,OPTIMISTIC,pool-4-thread-779,3828170472700,3830241468600,false,Hết hàng! Sản phẩm Flash Sale 'FSI-00167': yêu cầu 1; còn lại 0
TXN-OPTIMISTIC-00411,REQ-SIM-00411,-,CUS-00411,FSI-00167,1,OPTIMISTIC,pool-4-thread-411,3828165838200,3830241757300,false,Hết hàng! Sản phẩm Flash Sale 'FSI-00167': yêu cầu 1; còn lại 0
TXN-OPTIMISTIC-00672,REQ-SIM-00672,-,CUS-00672,FSI-00167,1,OPTIMISTIC,pool-4-thread-672,3828169347400,3830242051000,false,Hết hàng! Sản phẩm Flash Sale 'FSI-00167': yêu cầu 1; còn lại 0
TXN-OPTIMISTIC-00509,REQ-SIM-00509,-,CUS-00509,FSI-00167,1,OPTIMISTIC,pool-4-thread-509,3828167202700,3830242430300,false,Hết hàng! Sản phẩm Flash Sale 'FSI-00167': yêu cầu 1; còn lại 0
TXN-OPTIMISTIC-00450,REQ-SIM-00450,-,CUS-00450,FSI-00167,1,OPTIMISTIC,pool-4-thread-450,3828166550300,3830242682700,false,Hết hàng! Sản phẩm Flash Sale 'FSI-00167': yêu cầu 1; còn lại 0
TXN-OPTIMISTIC-00456,REQ-SIM-00456,-,CUS-00456,FSI-00167,1,OPTIMISTIC,pool-4-thread-456,3828166615000,3830243019100,false,Hết hàng! Sản phẩm Flash Sale 'FSI-00167': yêu cầu 1; còn lại 0
TXN-OPTIMISTIC-00720,REQ-SIM-00720,-,CUS-00720,FSI-00167,1,OPTIMISTIC,pool-4-thread-720,3828169842900,3830243297200,false,Hết hàng! Sản phẩm Flash Sale 'FSI-00167': yêu cầu 1; còn lại 0
TXN-OPTIMISTIC-00072,REQ-SIM-00072,-,CUS-00072,FSI-00167,1,OPTIMISTIC,pool-4-thread-72,3828161738600,3830243628800,false,Hết hàng! Sản phẩm Flash Sale 'FSI-00167': yêu cầu 1; còn lại 0
TXN-OPTIMISTIC-00300,REQ-SIM-00300,-,CUS-00300,FSI-00167,1,OPTIMISTIC,pool-4-thread-300,3828164470500,3830243924900,false,Hết hàng! Sản phẩm Flash Sale 'FSI-00167': yêu cầu 1; còn lại 0
TXN-OPTIMISTIC-00243,REQ-SIM-00243,-,CUS-00243,FSI-00167,1,OPTIMISTIC,pool-4-thread-243,3828163818500,3830244209600,false,Hết hàng! Sản phẩm Flash Sale 'FSI-00167': yêu cầu 1; còn lại 0
TXN-OPTIMISTIC-00574,REQ-SIM-00574,-,CUS-00574,FSI-00167,1,OPTIMISTIC,pool-4-thread-574,3828167906700,3830244522800,false,Hết hàng! Sản phẩm Flash Sale 'FSI-00167': yêu cầu 1; còn lại 0
TXN-OPTIMISTIC-00161,REQ-SIM-00161,-,CUS-00161,FSI-00167,1,OPTIMISTIC,pool-4-thread-161,3828162669900,3830244795600,false,Hết hàng! Sản phẩm Flash Sale 'FSI-00167': yêu cầu 1; còn lại 0
TXN-OPTIMISTIC-00242,REQ-SIM-00242,-,CUS-00242,FSI-00167,1,OPTIMISTIC,pool-4-thread-242,3828163807900,3830245127100,false,Hết hàng! Sản phẩm Flash Sale 'FSI-00167': yêu cầu 1; còn lại 0
TXN-OPTIMISTIC-00088,REQ-SIM-00088,-,CUS-00088,FSI-00167,1,OPTIMISTIC,pool-4-thread-88,3828161903400,3830245371100,false,Hết hàng! Sản phẩm Flash Sale 'FSI-00167': yêu cầu 1; còn lại 0
TXN-OPTIMISTIC-00207,REQ-SIM-00207,-,CUS-00207,FSI-00167,1,OPTIMISTIC,pool-4-thread-207,3828163438600,3830245696000,false,Hết hàng! Sản phẩm Flash Sale 'FSI-00167': yêu cầu 1; còn lại 0
TXN-OPTIMISTIC-00479,REQ-SIM-00479,-,CUS-00479,FSI-00167,1,OPTIMISTIC,pool-4-thread-479,3828166897000,3830245973300,false,Hết hàng! Sản phẩm Flash Sale 'FSI-00167': yêu cầu 1; còn lại 0
TXN-OPTIMISTIC-00706,REQ-SIM-00706,-,CUS-00706,FSI-00167,1,OPTIMISTIC,pool-4-thread-706,3828169696700,3830246250200,false,Hết hàng! Sản phẩm Flash Sale 'FSI-00167': yêu cầu 1; còn lại 0
TXN-OPTIMISTIC-00718,REQ-SIM-00718,-,CUS-00718,FSI-00167,1,OPTIMISTIC,pool-4-thread-718,3828169824100,3830246551900,false,Hết hàng! Sản phẩm Flash Sale 'FSI-00167': yêu cầu 1; còn lại 0
TXN-OPTIMISTIC-00218,REQ-SIM-00218,-,CUS-00218,FSI-00167,1,OPTIMISTIC,pool-4-thread-218,3828163551200,3830246849300,false,Hết hàng! Sản phẩm Flash Sale 'FSI-00167': yêu cầu 1; còn lại 0
TXN-OPTIMISTIC-00624,REQ-SIM-00624,-,CUS-00624,FSI-00167,1,OPTIMISTIC,pool-4-thread-624,3828168846700,3830247090400,false,Hết hàng! Sản phẩm Flash Sale 'FSI-00167': yêu cầu 1; còn lại 0
TXN-OPTIMISTIC-00487,REQ-SIM-00487,-,CUS-00487,FSI-00167,1,OPTIMISTIC,pool-4-thread-487,3828166971200,3830247409400,false,Hết hàng! Sản phẩm Flash Sale 'FSI-00167': yêu cầu 1; còn lại 0
TXN-OPTIMISTIC-00871,REQ-SIM-00871,-,CUS-00871,FSI-00167,1,OPTIMISTIC,pool-4-thread-871,3828171820400,3830247696200,false,Hết hàng! Sản phẩm Flash Sale 'FSI-00167': yêu cầu 1; còn lại 0
TXN-OPTIMISTIC-00176,REQ-SIM-00176,-,CUS-00176,FSI-00167,1,OPTIMISTIC,pool-4-thread-176,3828162823600,3830248020100,false,Hết hàng! Sản phẩm Flash Sale 'FSI-00167': yêu cầu 1; còn lại 0
TXN-OPTIMISTIC-00496,REQ-SIM-00496,-,CUS-00496,FSI-00167,1,OPTIMISTIC,pool-4-thread-496,3828167066600,3830248245600,false,Hết hàng! Sản phẩm Flash Sale 'FSI-00167': yêu cầu 1; còn lại 0
TXN-OPTIMISTIC-00390,REQ-SIM-00390,-,CUS-00390,FSI-00167,1,OPTIMISTIC,pool-4-thread-390,3828165562900,3830248541400,false,Hết hàng! Sản phẩm Flash Sale 'FSI-00167': yêu cầu 1; còn lại 0
TXN-OPTIMISTIC-00133,REQ-SIM-00133,-,CUS-00133,FSI-00167,1,OPTIMISTIC,pool-4-thread-133,3828162385300,3830248850200,false,Hết hàng! Sản phẩm Flash Sale 'FSI-00167': yêu cầu 1; còn lại 0
TXN-OPTIMISTIC-00895,REQ-SIM-00895,-,CUS-00895,FSI-00167,1,OPTIMISTIC,pool-4-thread-895,3828172061600,3830249101000,false,Hết hàng! Sản phẩm Flash Sale 'FSI-00167': yêu cầu 1; còn lại 0
TXN-OPTIMISTIC-00182,REQ-SIM-00182,-,CUS-00182,FSI-00167,1,OPTIMISTIC,pool-4-thread-182,3828163162600,3830249377900,false,Hết hàng! Sản phẩm Flash Sale 'FSI-00167': yêu cầu 1; còn lại 0
TXN-OPTIMISTIC-00382,REQ-SIM-00382,-,CUS-00382,FSI-00167,1,OPTIMISTIC,pool-4-thread-382,3828165460800,3830249653700,false,Hết hàng! Sản phẩm Flash Sale 'FSI-00167': yêu cầu 1; còn lại 0
TXN-OPTIMISTIC-00485,REQ-SIM-00485,-,CUS-00485,FSI-00167,1,OPTIMISTIC,pool-4-thread-485,3828166949600,3830249955200,false,Hết hàng! Sản phẩm Flash Sale 'FSI-00167': yêu cầu 1; còn lại 0
TXN-OPTIMISTIC-00318,REQ-SIM-00318,-,CUS-00318,FSI-00167,1,OPTIMISTIC,pool-4-thread-318,3828164692500,3830250217800,false,Hết hàng! Sản phẩm Flash Sale 'FSI-00167': yêu cầu 1; còn lại 0
TXN-OPTIMISTIC-00330,REQ-SIM-00330,-,CUS-00330,FSI-00167,1,OPTIMISTIC,pool-4-thread-330,3828164826000,3830250550600,false,Hết hàng! Sản phẩm Flash Sale 'FSI-00167': yêu cầu 1; còn lại 0
TXN-OPTIMISTIC-00364,REQ-SIM-00364,-,CUS-00364,FSI-00167,1,OPTIMISTIC,pool-4-thread-364,3828165239600,3830250830300,false,Hết hàng! Sản phẩm Flash Sale 'FSI-00167': yêu cầu 1; còn lại 0
TXN-OPTIMISTIC-00164,REQ-SIM-00164,-,CUS-00164,FSI-00167,1,OPTIMISTIC,pool-4-thread-164,3828162699900,3830251120700,false,Hết hàng! Sản phẩm Flash Sale 'FSI-00167': yêu cầu 1; còn lại 0
TXN-OPTIMISTIC-00604,REQ-SIM-00604,-,CUS-00604,FSI-00167,1,OPTIMISTIC,pool-4-thread-604,3828168626800,3830251405400,false,Hết hàng! Sản phẩm Flash Sale 'FSI-00167': yêu cầu 1; còn lại 0
TXN-OPTIMISTIC-00383,REQ-SIM-00383,-,CUS-00383,FSI-00167,1,OPTIMISTIC,pool-4-thread-383,3828165473600,3830251706200,false,Hết hàng! Sản phẩm Flash Sale 'FSI-00167': yêu cầu 1; còn lại 0
TXN-OPTIMISTIC-00160,REQ-SIM-00160,-,CUS-00160,FSI-00167,1,OPTIMISTIC,pool-4-thread-160,3828162662600,3830251985100,false,Hết hàng! Sản phẩm Flash Sale 'FSI-00167': yêu cầu 1; còn lại 0
TXN-OPTIMISTIC-00159,REQ-SIM-00159,-,CUS-00159,FSI-00167,1,OPTIMISTIC,pool-4-thread-159,3828162653700,3830252431900,false,Hết hàng! Sản phẩm Flash Sale 'FSI-00167': yêu cầu 1; còn lại 0
TXN-OPTIMISTIC-00295,REQ-SIM-00295,-,CUS-00295,FSI-00167,1,OPTIMISTIC,pool-4-thread-295,3828164398000,3830252668000,false,Hết hàng! Sản phẩm Flash Sale 'FSI-00167': yêu cầu 1; còn lại 0
TXN-OPTIMISTIC-00140,REQ-SIM-00140,-,CUS-00140,FSI-00167,1,OPTIMISTIC,pool-4-thread-140,3828162456800,3830253043400,false,Hết hàng! Sản phẩm Flash Sale 'FSI-00167': yêu cầu 1; còn lại 0
TXN-OPTIMISTIC-00028,REQ-SIM-00028,-,CUS-00028,FSI-00167,1,OPTIMISTIC,pool-4-thread-28,3828161248600,3830253252600,false,Hết hàng! Sản phẩm Flash Sale 'FSI-00167': yêu cầu 1; còn lại 0
TXN-OPTIMISTIC-00331,REQ-SIM-00331,-,CUS-00331,FSI-00167,1,OPTIMISTIC,pool-4-thread-331,3828164839700,3830253568500,false,Hết hàng! Sản phẩm Flash Sale 'FSI-00167': yêu cầu 1; còn lại 0
TXN-OPTIMISTIC-00359,REQ-SIM-00359,-,CUS-00359,FSI-00167,1,OPTIMISTIC,pool-4-thread-359,3828165168500,3830253874800,false,Hết hàng! Sản phẩm Flash Sale 'FSI-00167': yêu cầu 1; còn lại 0
TXN-OPTIMISTIC-00340,REQ-SIM-00340,-,CUS-00340,FSI-00167,1,OPTIMISTIC,pool-4-thread-340,3828164940500,3830254135800,false,Hết hàng! Sản phẩm Flash Sale 'FSI-00167': yêu cầu 1; còn lại 0
TXN-OPTIMISTIC-00277,REQ-SIM-00277,-,CUS-00277,FSI-00167,1,OPTIMISTIC,pool-4-thread-277,3828164187900,3830254441700,false,Hết hàng! Sản phẩm Flash Sale 'FSI-00167': yêu cầu 1; còn lại 0
TXN-OPTIMISTIC-00529,REQ-SIM-00529,-,CUS-00529,FSI-00167,1,OPTIMISTIC,pool-4-thread-529,3828167412200,3830254712800,false,Hết hàng! Sản phẩm Flash Sale 'FSI-00167': yêu cầu 1; còn lại 0
TXN-OPTIMISTIC-00370,REQ-SIM-00370,-,CUS-00370,FSI-00167,1,OPTIMISTIC,pool-4-thread-370,3828165316400,3830254985900,false,Hết hàng! Sản phẩm Flash Sale 'FSI-00167': yêu cầu 1; còn lại 0
TXN-OPTIMISTIC-00104,REQ-SIM-00104,-,CUS-00104,FSI-00167,1,OPTIMISTIC,pool-4-thread-104,3828162069900,3830255282100,false,Hết hàng! Sản phẩm Flash Sale 'FSI-00167': yêu cầu 1; còn lại 0
TXN-OPTIMISTIC-00271,REQ-SIM-00271,-,CUS-00271,FSI-00167,1,OPTIMISTIC,pool-4-thread-271,3828164118300,3830255579000,false,Hết hàng! Sản phẩm Flash Sale 'FSI-00167': yêu cầu 1; còn lại 0
TXN-OPTIMISTIC-00264,REQ-SIM-00264,-,CUS-00264,FSI-00167,1,OPTIMISTIC,pool-4-thread-264,3828164041800,3830255955600,false,Hết hàng! Sản phẩm Flash Sale 'FSI-00167': yêu cầu 1; còn lại 0
TXN-OPTIMISTIC-00180,REQ-SIM-00180,-,CUS-00180,FSI-00167,1,OPTIMISTIC,pool-4-thread-180,3828163114800,3830256236600,false,Hết hàng! Sản phẩm Flash Sale 'FSI-00167': yêu cầu 1; còn lại 0
TXN-OPTIMISTIC-00098,REQ-SIM-00098,-,CUS-00098,FSI-00167,1,OPTIMISTIC,pool-4-thread-98,3828162005600,3830256580700,false,Hết hàng! Sản phẩm Flash Sale 'FSI-00167': yêu cầu 1; còn lại 0
TXN-OPTIMISTIC-00068,REQ-SIM-00068,-,CUS-00068,FSI-00167,1,OPTIMISTIC,pool-4-thread-68,3828161691800,3830256912200,false,Hết hàng! Sản phẩm Flash Sale 'FSI-00167': yêu cầu 1; còn lại 0
TXN-OPTIMISTIC-00246,REQ-SIM-00246,-,CUS-00246,FSI-00167,1,OPTIMISTIC,pool-4-thread-246,3828163849400,3830257216000,false,Hết hàng! Sản phẩm Flash Sale 'FSI-00167': yêu cầu 1; còn lại 0
TXN-OPTIMISTIC-00018,REQ-SIM-00018,-,CUS-00018,FSI-00167,1,OPTIMISTIC,pool-4-thread-18,3828161139700,3830257501000,false,Hết hàng! Sản phẩm Flash Sale 'FSI-00167': yêu cầu 1; còn lại 0
TXN-OPTIMISTIC-00248,REQ-SIM-00248,-,CUS-00248,FSI-00167,1,OPTIMISTIC,pool-4-thread-248,3828163876700,3830257785300,false,Hết hàng! Sản phẩm Flash Sale 'FSI-00167': yêu cầu 1; còn lại 0
TXN-OPTIMISTIC-00016,REQ-SIM-00016,-,CUS-00016,FSI-00167,1,OPTIMISTIC,pool-4-thread-16,3828161118100,3830258083600,false,Hết hàng! Sản phẩm Flash Sale 'FSI-00167': yêu cầu 1; còn lại 0
TXN-OPTIMISTIC-00087,REQ-SIM-00087,-,CUS-00087,FSI-00167,1,OPTIMISTIC,pool-4-thread-87,3828161892500,3830258374900,false,Hết hàng! Sản phẩm Flash Sale 'FSI-00167': yêu cầu 1; còn lại 0
TXN-OPTIMISTIC-00270,REQ-SIM-00270,-,CUS-00270,FSI-00167,1,OPTIMISTIC,pool-4-thread-270,3828164108100,3830258674500,false,Hết hàng! Sản phẩm Flash Sale 'FSI-00167': yêu cầu 1; còn lại 0
TXN-OPTIMISTIC-00111,REQ-SIM-00111,-,CUS-00111,FSI-00167,1,OPTIMISTIC,pool-4-thread-111,3828162139300,3830258972500,false,Hết hàng! Sản phẩm Flash Sale 'FSI-00167': yêu cầu 1; còn lại 0
TXN-OPTIMISTIC-00329,REQ-SIM-00329,-,CUS-00329,FSI-00167,1,OPTIMISTIC,pool-4-thread-329,3828164813700,3830259239700,false,Hết hàng! Sản phẩm Flash Sale 'FSI-00167': yêu cầu 1; còn lại 0
TXN-OPTIMISTIC-00514,REQ-SIM-00514,-,CUS-00514,FSI-00167,1,OPTIMISTIC,pool-4-thread-514,3828167254200,3830259541600,false,Hết hàng! Sản phẩm Flash Sale 'FSI-00167': yêu cầu 1; còn lại 0
TXN-OPTIMISTIC-00110,REQ-SIM-00110,-,CUS-00110,FSI-00167,1,OPTIMISTIC,pool-4-thread-110,3828162131700,3830259811700,false,Hết hàng! Sản phẩm Flash Sale 'FSI-00167': yêu cầu 1; còn lại 0
TXN-OPTIMISTIC-00032,REQ-SIM-00032,-,CUS-00032,FSI-00167,1,OPTIMISTIC,pool-4-thread-32,3828161289600,3830260100800,false,Hết hàng! Sản phẩm Flash Sale 'FSI-00167': yêu cầu 1; còn lại 0
TXN-OPTIMISTIC-00063,REQ-SIM-00063,-,CUS-00063,FSI-00167,1,OPTIMISTIC,pool-4-thread-63,3828161623600,3830260472200,false,Hết hàng! Sản phẩm Flash Sale 'FSI-00167': yêu cầu 1; còn lại 0
TXN-OPTIMISTIC-00571,REQ-SIM-00571,-,CUS-00571,FSI-00167,1,OPTIMISTIC,pool-4-thread-571,3828167876800,3830260864100,false,Hết hàng! Sản phẩm Flash Sale 'FSI-00167': yêu cầu 1; còn lại 0
TXN-OPTIMISTIC-00100,REQ-SIM-00100,-,CUS-00100,FSI-00167,1,OPTIMISTIC,pool-4-thread-100,3828162027900,3830261282500,false,Hết hàng! Sản phẩm Flash Sale 'FSI-00167': yêu cầu 1; còn lại 0
TXN-OPTIMISTIC-00322,REQ-SIM-00322,-,CUS-00322,FSI-00167,1,OPTIMISTIC,pool-4-thread-322,3828164737900,3830261630000,false,Hết hàng! Sản phẩm Flash Sale 'FSI-00167': yêu cầu 1; còn lại 0
TXN-OPTIMISTIC-00317,REQ-SIM-00317,-,CUS-00317,FSI-00167,1,OPTIMISTIC,pool-4-thread-317,3828164681400,3830262007500,false,Hết hàng! Sản phẩm Flash Sale 'FSI-00167': yêu cầu 1; còn lại 0
TXN-OPTIMISTIC-00235,REQ-SIM-00235,-,CUS-00235,FSI-00167,1,OPTIMISTIC,pool-4-thread-235,3828163738600,3830262439600,false,Hết hàng! Sản phẩm Flash Sale 'FSI-00167': yêu cầu 1; còn lại 0
TXN-OPTIMISTIC-00062,REQ-SIM-00062,-,CUS-00062,FSI-00167,1,OPTIMISTIC,pool-4-thread-62,3828161612800,3830262772500,false,Hết hàng! Sản phẩm Flash Sale 'FSI-00167': yêu cầu 1; còn lại 0
TXN-OPTIMISTIC-00259,REQ-SIM-00259,-,CUS-00259,FSI-00167,1,OPTIMISTIC,pool-4-thread-259,3828163987000,3830263073800,false,Hết hàng! Sản phẩm Flash Sale 'FSI-00167': yêu cầu 1; còn lại 0
TXN-OPTIMISTIC-00369,REQ-SIM-00369,-,CUS-00369,FSI-00167,1,OPTIMISTIC,pool-4-thread-369,3828165300100,3830263538200,false,Hết hàng! Sản phẩm Flash Sale 'FSI-00167': yêu cầu 1; còn lại 0
TXN-OPTIMISTIC-00398,REQ-SIM-00398,-,CUS-00398,FSI-00167,1,OPTIMISTIC,pool-4-thread-398,3828165657500,3830263850600,false,Hết hàng! Sản phẩm Flash Sale 'FSI-00167': yêu cầu 1; còn lại 0
TXN-OPTIMISTIC-00226,REQ-SIM-00226,-,CUS-00226,FSI-00167,1,OPTIMISTIC,pool-4-thread-226,3828163641500,3830264202100,false,Hết hàng! Sản phẩm Flash Sale 'FSI-00167': yêu cầu 1; còn lại 0
TXN-OPTIMISTIC-00287,REQ-SIM-00287,-,CUS-00287,FSI-00167,1,OPTIMISTIC,pool-4-thread-287,3828164299800,3830264792100,false,Hết hàng! Sản phẩm Flash Sale 'FSI-00167': yêu cầu 1; còn lại 0
TXN-OPTIMISTIC-00269,REQ-SIM-00269,-,CUS-00269,FSI-00167,1,OPTIMISTIC,pool-4-thread-269,3828164096700,3830265026900,false,Hết hàng! Sản phẩm Flash Sale 'FSI-00167': yêu cầu 1; còn lại 0
TXN-OPTIMISTIC-00405,REQ-SIM-00405,-,CUS-00405,FSI-00167,1,OPTIMISTIC,pool-4-thread-405,3828165739700,3830265347100,false,Hết hàng! Sản phẩm Flash Sale 'FSI-00167': yêu cầu 1; còn lại 0
TXN-OPTIMISTIC-00188,REQ-SIM-00188,-,CUS-00188,FSI-00167,1,OPTIMISTIC,pool-4-thread-188,3828163234200,3830265897600,false,Hết hàng! Sản phẩm Flash Sale 'FSI-00167': yêu cầu 1; còn lại 0
TXN-OPTIMISTIC-00038,REQ-SIM-00038,-,CUS-00038,FSI-00167,1,OPTIMISTIC,pool-4-thread-38,3828161359100,3830266060900,false,Hết hàng! Sản phẩm Flash Sale 'FSI-00167': yêu cầu 1; còn lại 0
TXN-OPTIMISTIC-00251,REQ-SIM-00251,-,CUS-00251,FSI-00167,1,OPTIMISTIC,pool-4-thread-251,3828163910800,3830266489200,false,Hết hàng! Sản phẩm Flash Sale 'FSI-00167': yêu cầu 1; còn lại 0
TXN-OPTIMISTIC-00015,REQ-SIM-00015,-,CUS-00015,FSI-00167,1,OPTIMISTIC,pool-4-thread-15,3828161108800,3830266861900,false,Hết hàng! Sản phẩm Flash Sale 'FSI-00167': yêu cầu 1; còn lại 0
TXN-OPTIMISTIC-00537,REQ-SIM-00537,-,CUS-00537,FSI-00167,1,OPTIMISTIC,pool-4-thread-537,3828167509400,3830267240700,false,Hết hàng! Sản phẩm Flash Sale 'FSI-00167': yêu cầu 1; còn lại 0
TXN-OPTIMISTIC-00149,REQ-SIM-00149,-,CUS-00149,FSI-00167,1,OPTIMISTIC,pool-4-thread-149,3828162552100,3830267540000,false,Hết hàng! Sản phẩm Flash Sale 'FSI-00167': yêu cầu 1; còn lại 0
TXN-OPTIMISTIC-00202,REQ-SIM-00202,-,CUS-00202,FSI-00167,1,OPTIMISTIC,pool-4-thread-202,3828163386700,3830267896100,false,Hết hàng! Sản phẩm Flash Sale 'FSI-00167': yêu cầu 1; còn lại 0
TXN-OPTIMISTIC-00118,REQ-SIM-00118,-,CUS-00118,FSI-00167,1,OPTIMISTIC,pool-4-thread-118,3828162219100,3830268208200,false,Hết hàng! Sản phẩm Flash Sale 'FSI-00167': yêu cầu 1; còn lại 0
TXN-OPTIMISTIC-00381,REQ-SIM-00381,-,CUS-00381,FSI-00167,1,OPTIMISTIC,pool-4-thread-381,3828165448800,3830268612800,false,Hết hàng! Sản phẩm Flash Sale 'FSI-00167': yêu cầu 1; còn lại 0
TXN-OPTIMISTIC-00337,REQ-SIM-00337,-,CUS-00337,FSI-00167,1,OPTIMISTIC,pool-4-thread-337,3828164907500,3830268921200,false,Hết hàng! Sản phẩm Flash Sale 'FSI-00167': yêu cầu 1; còn lại 0
TXN-OPTIMISTIC-00279,REQ-SIM-00279,-,CUS-00279,FSI-00167,1,OPTIMISTIC,pool-4-thread-279,3828164209200,3830269313400,false,Hết hàng! Sản phẩm Flash Sale 'FSI-00167': yêu cầu 1; còn lại 0
TXN-OPTIMISTIC-00181,REQ-SIM-00181,-,CUS-00181,FSI-00167,1,OPTIMISTIC,pool-4-thread-181,3828163144300,3830269615900,false,Hết hàng! Sản phẩm Flash Sale 'FSI-00167': yêu cầu 1; còn lại 0
TXN-OPTIMISTIC-00131,REQ-SIM-00131,-,CUS-00131,FSI-00167,1,OPTIMISTIC,pool-4-thread-131,3828162365900,3830269884300,false,Hết hàng! Sản phẩm Flash Sale 'FSI-00167': yêu cầu 1; còn lại 0
TXN-OPTIMISTIC-00119,REQ-SIM-00119,-,CUS-00119,FSI-00167,1,OPTIMISTIC,pool-4-thread-119,3828162231800,3830270224200,false,Hết hàng! Sản phẩm Flash Sale 'FSI-00167': yêu cầu 1; còn lại 0
TXN-OPTIMISTIC-00458,REQ-SIM-00458,-,CUS-00458,FSI-00167,1,OPTIMISTIC,pool-4-thread-458,3828166636200,3830270529000,false,Hết hàng! Sản phẩm Flash Sale 'FSI-00167': yêu cầu 1; còn lại 0
TXN-OPTIMISTIC-00421,REQ-SIM-00421,-,CUS-00421,FSI-00167,1,OPTIMISTIC,pool-4-thread-421,3828166189000,3830270830000,false,Hết hàng! Sản phẩm Flash Sale 'FSI-00167': yêu cầu 1; còn lại 0
TXN-OPTIMISTIC-00005,REQ-SIM-00005,-,CUS-00005,FSI-00167,1,OPTIMISTIC,pool-4-thread-5,3828160970900,3830271512000,false,Hết hàng! Sản phẩm Flash Sale 'FSI-00167': yêu cầu 1; còn lại 0
TXN-OPTIMISTIC-00206,REQ-SIM-00206,-,CUS-00206,FSI-00167,1,OPTIMISTIC,pool-4-thread-206,3828163427700,3830271613900,false,Hết hàng! Sản phẩm Flash Sale 'FSI-00167': yêu cầu 1; còn lại 0
TXN-OPTIMISTIC-00554,REQ-SIM-00554,-,CUS-00554,FSI-00167,1,OPTIMISTIC,pool-4-thread-554,3828167688000,3830272152400,false,Hết hàng! Sản phẩm Flash Sale 'FSI-00167': yêu cầu 1; còn lại 0
TXN-OPTIMISTIC-00010,REQ-SIM-00010,-,CUS-00010,FSI-00167,1,OPTIMISTIC,pool-4-thread-10,3828161045400,3830272487800,false,Hết hàng! Sản phẩm Flash Sale 'FSI-00167': yêu cầu 1; còn lại 0
TXN-OPTIMISTIC-00124,REQ-SIM-00124,-,CUS-00124,FSI-00167,1,OPTIMISTIC,pool-4-thread-124,3828162281700,3830272853100,false,Hết hàng! Sản phẩm Flash Sale 'FSI-00167': yêu cầu 1; còn lại 0
TXN-OPTIMISTIC-00099,REQ-SIM-00099,-,CUS-00099,FSI-00167,1,OPTIMISTIC,pool-4-thread-99,3828162017700,3830273297400,false,Hết hàng! Sản phẩm Flash Sale 'FSI-00167': yêu cầu 1; còn lại 0
TXN-OPTIMISTIC-00193,REQ-SIM-00193,-,CUS-00193,FSI-00167,1,OPTIMISTIC,pool-4-thread-193,3828163289500,3830273821800,false,Hết hàng! Sản phẩm Flash Sale 'FSI-00167': yêu cầu 1; còn lại 0
TXN-OPTIMISTIC-00200,REQ-SIM-00200,-,CUS-00200,FSI-00167,1,OPTIMISTIC,pool-4-thread-200,3828163365800,3830274099300,false,Hết hàng! Sản phẩm Flash Sale 'FSI-00167': yêu cầu 1; còn lại 0
TXN-OPTIMISTIC-00101,REQ-SIM-00101,-,CUS-00101,FSI-00167,1,OPTIMISTIC,pool-4-thread-101,3828162036000,3830274472900,false,Hết hàng! Sản phẩm Flash Sale 'FSI-00167': yêu cầu 1; còn lại 0
TXN-OPTIMISTIC-00358,REQ-SIM-00358,-,CUS-00358,FSI-00167,1,OPTIMISTIC,pool-4-thread-358,3828165157200,3830275100400,false,Hết hàng! Sản phẩm Flash Sale 'FSI-00167': yêu cầu 1; còn lại 0
TXN-OPTIMISTIC-00822,REQ-SIM-00822,-,CUS-00822,FSI-00167,1,OPTIMISTIC,pool-4-thread-822,3828170996700,3830275494000,false,Hết hàng! Sản phẩm Flash Sale 'FSI-00167': yêu cầu 1; còn lại 0
TXN-OPTIMISTIC-00046,REQ-SIM-00046,-,CUS-00046,FSI-00167,1,OPTIMISTIC,pool-4-thread-46,3828161440500,3830275912600,false,Hết hàng! Sản phẩm Flash Sale 'FSI-00167': yêu cầu 1; còn lại 0
TXN-OPTIMISTIC-00170,REQ-SIM-00170,-,CUS-00170,FSI-00167,1,OPTIMISTIC,pool-4-thread-170,3828162758500,3830276189700,false,Hết hàng! Sản phẩm Flash Sale 'FSI-00167': yêu cầu 1; còn lại 0
TXN-OPTIMISTIC-00151,REQ-SIM-00151,-,CUS-00151,FSI-00167,1,OPTIMISTIC,pool-4-thread-151,3828162572500,3830276686200,false,Hết hàng! Sản phẩm Flash Sale 'FSI-00167': yêu cầu 1; còn lại 0
TXN-OPTIMISTIC-00041,REQ-SIM-00041,-,CUS-00041,FSI-00167,1,OPTIMISTIC,pool-4-thread-41,3828161389300,3830277109800,false,Hết hàng! Sản phẩm Flash Sale 'FSI-00167': yêu cầu 1; còn lại 0
TXN-OPTIMISTIC-00174,REQ-SIM-00174,-,CUS-00174,FSI-00167,1,OPTIMISTIC,pool-4-thread-174,3828162803500,3830277273800,false,Hết hàng! Sản phẩm Flash Sale 'FSI-00167': yêu cầu 1; còn lại 0
TXN-OPTIMISTIC-00115,REQ-SIM-00115,-,CUS-00115,FSI-00167,1,OPTIMISTIC,pool-4-thread-115,3828162189900,3830277858800,false,Hết hàng! Sản phẩm Flash Sale 'FSI-00167': yêu cầu 1; còn lại 0
TXN-OPTIMISTIC-00095,REQ-SIM-00095,-,CUS-00095,FSI-00167,1,OPTIMISTIC,pool-4-thread-95,3828161975800,3830278119900,false,Hết hàng! Sản phẩm Flash Sale 'FSI-00167': yêu cầu 1; còn lại 0
TXN-OPTIMISTIC-00412,REQ-SIM-00412,-,CUS-00412,FSI-00167,1,OPTIMISTIC,pool-4-thread-412,3828165869400,3830278732300,false,Hết hàng! Sản phẩm Flash Sale 'FSI-00167': yêu cầu 1; còn lại 0
TXN-OPTIMISTIC-00008,REQ-SIM-00008,-,CUS-00008,FSI-00167,1,OPTIMISTIC,pool-4-thread-8,3828161016600,3830279113400,false,Hết hàng! Sản phẩm Flash Sale 'FSI-00167': yêu cầu 1; còn lại 0
TXN-OPTIMISTIC-00052,REQ-SIM-00052,-,CUS-00052,FSI-00167,1,OPTIMISTIC,pool-4-thread-52,3828161502800,3830279452200,false,Hết hàng! Sản phẩm Flash Sale 'FSI-00167': yêu cầu 1; còn lại 0
TXN-OPTIMISTIC-00156,REQ-SIM-00156,-,CUS-00156,FSI-00167,1,OPTIMISTIC,pool-4-thread-156,3828162626400,3830279840900,false,Hết hàng! Sản phẩm Flash Sale 'FSI-00167': yêu cầu 1; còn lại 0
TXN-OPTIMISTIC-00076,REQ-SIM-00076,-,CUS-00076,FSI-00167,1,OPTIMISTIC,pool-4-thread-76,3828161781600,3830280398800,false,Hết hàng! Sản phẩm Flash Sale 'FSI-00167': yêu cầu 1; còn lại 0
TXN-OPTIMISTIC-00083,REQ-SIM-00083,-,CUS-00083,FSI-00167,1,OPTIMISTIC,pool-4-thread-83,3828161851200,3830280634900,false,Hết hàng! Sản phẩm Flash Sale 'FSI-00167': yêu cầu 1; còn lại 0
TXN-OPTIMISTIC-00035,REQ-SIM-00035,-,CUS-00035,FSI-00167,1,OPTIMISTIC,pool-4-thread-35,3828161321900,3830280992100,false,Hết hàng! Sản phẩm Flash Sale 'FSI-00167': yêu cầu 1; còn lại 0
TXN-OPTIMISTIC-00407,REQ-SIM-00407,-,CUS-00407,FSI-00167,1,OPTIMISTIC,pool-4-thread-407,3828165764800,3830281314800,false,Hết hàng! Sản phẩm Flash Sale 'FSI-00167': yêu cầu 1; còn lại 0
TXN-OPTIMISTIC-00084,REQ-SIM-00084,-,CUS-00084,FSI-00167,1,OPTIMISTIC,pool-4-thread-84,3828161861000,3830281707500,false,Hết hàng! Sản phẩm Flash Sale 'FSI-00167': yêu cầu 1; còn lại 0
TXN-OPTIMISTIC-00403,REQ-SIM-00403,-,CUS-00403,FSI-00167,1,OPTIMISTIC,pool-4-thread-403,3828165716900,3830282047200,false,Hết hàng! Sản phẩm Flash Sale 'FSI-00167': yêu cầu 1; còn lại 0
TXN-OPTIMISTIC-00007,REQ-SIM-00007,-,CUS-00007,FSI-00167,1,OPTIMISTIC,pool-4-thread-7,3828161000500,3830282420700,false,Hết hàng! Sản phẩm Flash Sale 'FSI-00167': yêu cầu 1; còn lại 0
TXN-OPTIMISTIC-00565,REQ-SIM-00565,-,CUS-00565,FSI-00167,1,OPTIMISTIC,pool-4-thread-565,3828167807100,3830283002700,false,Hết hàng! Sản phẩm Flash Sale 'FSI-00167': yêu cầu 1; còn lại 0
TXN-OPTIMISTIC-00399,REQ-SIM-00399,-,CUS-00399,FSI-00167,1,OPTIMISTIC,pool-4-thread-399,3828165671500,3830283312300,false,Hết hàng! Sản phẩm Flash Sale 'FSI-00167': yêu cầu 1; còn lại 0
TXN-OPTIMISTIC-00090,REQ-SIM-00090,-,CUS-00090,FSI-00167,1,OPTIMISTIC,pool-4-thread-90,3828161925400,3830283636800,false,Hết hàng! Sản phẩm Flash Sale 'FSI-00167': yêu cầu 1; còn lại 0
TXN-OPTIMISTIC-00048,REQ-SIM-00048,-,CUS-00048,FSI-00167,1,OPTIMISTIC,pool-4-thread-48,3828161464300,3830284010400,false,Hết hàng! Sản phẩm Flash Sale 'FSI-00167': yêu cầu 1; còn lại 0
TXN-OPTIMISTIC-00589,REQ-SIM-00589,-,CUS-00589,FSI-00167,1,OPTIMISTIC,pool-4-thread-589,3828168462900,3830284398700,false,Hết hàng! Sản phẩm Flash Sale 'FSI-00167': yêu cầu 1; còn lại 0
TXN-OPTIMISTIC-00067,REQ-SIM-00067,-,CUS-00067,FSI-00167,1,OPTIMISTIC,pool-4-thread-67,3828161677500,3830284684000,false,Hết hàng! Sản phẩm Flash Sale 'FSI-00167': yêu cầu 1; còn lại 0
TXN-OPTIMISTIC-00055,REQ-SIM-00055,-,CUS-00055,FSI-00167,1,OPTIMISTIC,pool-4-thread-55,3828161531700,3830285344300,false,Hết hàng! Sản phẩm Flash Sale 'FSI-00167': yêu cầu 1; còn lại 0
TXN-OPTIMISTIC-00281,REQ-SIM-00281,-,CUS-00281,FSI-00167,1,OPTIMISTIC,pool-4-thread-281,3828164230200,3830285579400,false,Hết hàng! Sản phẩm Flash Sale 'FSI-00167': yêu cầu 1; còn lại 0
TXN-OPTIMISTIC-00406,REQ-SIM-00406,-,CUS-00406,FSI-00167,1,OPTIMISTIC,pool-4-thread-406,3828165753400,3830285979500,false,Hết hàng! Sản phẩm Flash Sale 'FSI-00167': yêu cầu 1; còn lại 0
TXN-OPTIMISTIC-00738,REQ-SIM-00738,-,CUS-00738,FSI-00167,1,OPTIMISTIC,pool-4-thread-738,3828170036200,3830286314000,false,Hết hàng! Sản phẩm Flash Sale 'FSI-00167': yêu cầu 1; còn lại 0
TXN-OPTIMISTIC-00231,REQ-SIM-00231,-,CUS-00231,FSI-00167,1,OPTIMISTIC,pool-4-thread-231,3828163696000,3830286702100,false,Hết hàng! Sản phẩm Flash Sale 'FSI-00167': yêu cầu 1; còn lại 0
TXN-OPTIMISTIC-00404,REQ-SIM-00404,-,CUS-00404,FSI-00167,1,OPTIMISTIC,pool-4-thread-404,3828165728100,3830287363800,false,Hết hàng! Sản phẩm Flash Sale 'FSI-00167': yêu cầu 1; còn lại 0
TXN-OPTIMISTIC-00029,REQ-SIM-00029,-,CUS-00029,FSI-00167,1,OPTIMISTIC,pool-4-thread-29,3828161259700,3830287618600,false,Hết hàng! Sản phẩm Flash Sale 'FSI-00167': yêu cầu 1; còn lại 0
TXN-OPTIMISTIC-00197,REQ-SIM-00197,-,CUS-00197,FSI-00167,1,OPTIMISTIC,pool-4-thread-197,3828163331000,3830288198200,false,Hết hàng! Sản phẩm Flash Sale 'FSI-00167': yêu cầu 1; còn lại 0
TXN-OPTIMISTIC-00230,REQ-SIM-00230,-,CUS-00230,FSI-00167,1,OPTIMISTIC,pool-4-thread-230,3828163685300,3830288458800,false,Hết hàng! Sản phẩm Flash Sale 'FSI-00167': yêu cầu 1; còn lại 0
TXN-OPTIMISTIC-00106,REQ-SIM-00106,-,CUS-00106,FSI-00167,1,OPTIMISTIC,pool-4-thread-106,3828162089300,3830288904200,false,Hết hàng! Sản phẩm Flash Sale 'FSI-00167': yêu cầu 1; còn lại 0
TXN-OPTIMISTIC-00344,REQ-SIM-00344,-,CUS-00344,FSI-00167,1,OPTIMISTIC,pool-4-thread-344,3828164986900,3830289452900,false,Hết hàng! Sản phẩm Flash Sale 'FSI-00167': yêu cầu 1; còn lại 0
TXN-OPTIMISTIC-00011,REQ-SIM-00011,-,CUS-00011,FSI-00167,1,OPTIMISTIC,pool-4-thread-11,3828161063600,3830289785400,false,Hết hàng! Sản phẩm Flash Sale 'FSI-00167': yêu cầu 1; còn lại 0
TXN-OPTIMISTIC-00204,REQ-SIM-00204,-,CUS-00204,FSI-00167,1,OPTIMISTIC,pool-4-thread-204,3828163406900,3830290165900,false,Hết hàng! Sản phẩm Flash Sale 'FSI-00167': yêu cầu 1; còn lại 0
TXN-OPTIMISTIC-00013,REQ-SIM-00013,-,CUS-00013,FSI-00167,1,OPTIMISTIC,pool-4-thread-13,3828161088000,3830290736700,false,Hết hàng! Sản phẩm Flash Sale 'FSI-00167': yêu cầu 1; còn lại 0
TXN-OPTIMISTIC-00220,REQ-SIM-00220,-,CUS-00220,FSI-00167,1,OPTIMISTIC,pool-4-thread-220,3828163571000,3830292655700,false,Hết hàng! Sản phẩm Flash Sale 'FSI-00167': yêu cầu 1; còn lại 0
TXN-OPTIMISTIC-00542,REQ-SIM-00542,-,CUS-00542,FSI-00167,1,OPTIMISTIC,pool-4-thread-542,3828167558100,3830293028700,false,Hết hàng! Sản phẩm Flash Sale 'FSI-00167': yêu cầu 1; còn lại 0
TXN-OPTIMISTIC-00166,REQ-SIM-00166,-,CUS-00166,FSI-00167,1,OPTIMISTIC,pool-4-thread-166,3828162719500,3830293607300,false,Hết hàng! Sản phẩm Flash Sale 'FSI-00167': yêu cầu 1; còn lại 0
TXN-OPTIMISTIC-00103,REQ-SIM-00103,-,CUS-00103,FSI-00167,1,OPTIMISTIC,pool-4-thread-103,3828162057700,3830293831600,false,Hết hàng! Sản phẩm Flash Sale 'FSI-00167': yêu cầu 1; còn lại 0
TXN-OPTIMISTIC-00363,REQ-SIM-00363,-,CUS-00363,FSI-00167,1,OPTIMISTIC,pool-4-thread-363,3828165228000,3830294350300,false,Hết hàng! Sản phẩm Flash Sale 'FSI-00167': yêu cầu 1; còn lại 0
TXN-OPTIMISTIC-00512,REQ-SIM-00512,-,CUS-00512,FSI-00167,1,OPTIMISTIC,pool-4-thread-512,3828167234900,3830294743800,false,Hết hàng! Sản phẩm Flash Sale 'FSI-00167': yêu cầu 1; còn lại 0
TXN-OPTIMISTIC-00308,REQ-SIM-00308,-,CUS-00308,FSI-00167,1,OPTIMISTIC,pool-4-thread-308,3828164581700,3830295283100,false,Hết hàng! Sản phẩm Flash Sale 'FSI-00167': yêu cầu 1; còn lại 0
TXN-OPTIMISTIC-00397,REQ-SIM-00397,-,CUS-00397,FSI-00167,1,OPTIMISTIC,pool-4-thread-397,3828165646800,3830295756500,false,Hết hàng! Sản phẩm Flash Sale 'FSI-00167': yêu cầu 1; còn lại 0
TXN-OPTIMISTIC-00445,REQ-SIM-00445,-,CUS-00445,FSI-00167,1,OPTIMISTIC,pool-4-thread-445,3828166488500,3830296315900,false,Hết hàng! Sản phẩm Flash Sale 'FSI-00167': yêu cầu 1; còn lại 0
TXN-OPTIMISTIC-00374,REQ-SIM-00374,-,CUS-00374,FSI-00167,1,OPTIMISTIC,pool-4-thread-374,3828165362400,3830296636900,false,Hết hàng! Sản phẩm Flash Sale 'FSI-00167': yêu cầu 1; còn lại 0
TXN-OPTIMISTIC-00158,REQ-SIM-00158,-,CUS-00158,FSI-00167,1,OPTIMISTIC,pool-4-thread-158,3828162644200,3830297052700,false,Hết hàng! Sản phẩm Flash Sale 'FSI-00167': yêu cầu 1; còn lại 0
TXN-OPTIMISTIC-00219,REQ-SIM-00219,-,CUS-00219,FSI-00167,1,OPTIMISTIC,pool-4-thread-219,3828163561800,3830297413800,false,Hết hàng! Sản phẩm Flash Sale 'FSI-00167': yêu cầu 1; còn lại 0
TXN-OPTIMISTIC-00314,REQ-SIM-00314,-,CUS-00314,FSI-00167,1,OPTIMISTIC,pool-4-thread-314,3828164648600,3830297894200,false,Hết hàng! Sản phẩm Flash Sale 'FSI-00167': yêu cầu 1; còn lại 0
TXN-OPTIMISTIC-00582,REQ-SIM-00582,-,CUS-00582,FSI-00167,1,OPTIMISTIC,pool-4-thread-582,3828168369500,3830298247400,false,Hết hàng! Sản phẩm Flash Sale 'FSI-00167': yêu cầu 1; còn lại 0
TXN-OPTIMISTIC-00094,REQ-SIM-00094,-,CUS-00094,FSI-00167,1,OPTIMISTIC,pool-4-thread-94,3828161963100,3830298892000,false,Hết hàng! Sản phẩm Flash Sale 'FSI-00167': yêu cầu 1; còn lại 0
TXN-OPTIMISTIC-00966,REQ-SIM-00966,-,CUS-00966,FSI-00167,1,OPTIMISTIC,pool-4-thread-966,3828172801600,3830299069400,false,Hết hàng! Sản phẩm Flash Sale 'FSI-00167': yêu cầu 1; còn lại 0
TXN-OPTIMISTIC-00284,REQ-SIM-00284,-,CUS-00284,FSI-00167,1,OPTIMISTIC,pool-4-thread-284,3828164266100,3830299510300,false,Hết hàng! Sản phẩm Flash Sale 'FSI-00167': yêu cầu 1; còn lại 0
TXN-OPTIMISTIC-00568,REQ-SIM-00568,-,CUS-00568,FSI-00167,1,OPTIMISTIC,pool-4-thread-568,3828167840400,3830299876000,false,Hết hàng! Sản phẩm Flash Sale 'FSI-00167': yêu cầu 1; còn lại 0
TXN-OPTIMISTIC-00045,REQ-SIM-00045,-,CUS-00045,FSI-00167,1,OPTIMISTIC,pool-4-thread-45,3828161432000,3830300277900,false,Hết hàng! Sản phẩm Flash Sale 'FSI-00167': yêu cầu 1; còn lại 0
TXN-OPTIMISTIC-00324,REQ-SIM-00324,-,CUS-00324,FSI-00167,1,OPTIMISTIC,pool-4-thread-324,3828164760800,3830300569100,false,Hết hàng! Sản phẩm Flash Sale 'FSI-00167': yêu cầu 1; còn lại 0
TXN-OPTIMISTIC-00108,REQ-SIM-00108,-,CUS-00108,FSI-00167,1,OPTIMISTIC,pool-4-thread-108,3828162111800,3830300904800,false,Hết hàng! Sản phẩm Flash Sale 'FSI-00167': yêu cầu 1; còn lại 0
TXN-OPTIMISTIC-00070,REQ-SIM-00070,-,CUS-00070,FSI-00167,1,OPTIMISTIC,pool-4-thread-70,3828161714400,3830301273400,false,Hết hàng! Sản phẩm Flash Sale 'FSI-00167': yêu cầu 1; còn lại 0
TXN-OPTIMISTIC-00339,REQ-SIM-00339,-,CUS-00339,FSI-00167,1,OPTIMISTIC,pool-4-thread-339,3828164930600,3830301643400,false,Hết hàng! Sản phẩm Flash Sale 'FSI-00167': yêu cầu 1; còn lại 0
TXN-OPTIMISTIC-00250,REQ-SIM-00250,-,CUS-00250,FSI-00167,1,OPTIMISTIC,pool-4-thread-250,3828163900800,3830301940000,false,Hết hàng! Sản phẩm Flash Sale 'FSI-00167': yêu cầu 1; còn lại 0
TXN-OPTIMISTIC-00267,REQ-SIM-00267,-,CUS-00267,FSI-00167,1,OPTIMISTIC,pool-4-thread-267,3828164073300,3830302342700,false,Hết hàng! Sản phẩm Flash Sale 'FSI-00167': yêu cầu 1; còn lại 0
TXN-OPTIMISTIC-00060,REQ-SIM-00060,-,CUS-00060,FSI-00167,1,OPTIMISTIC,pool-4-thread-60,3828161586600,3830302815200,false,Hết hàng! Sản phẩm Flash Sale 'FSI-00167': yêu cầu 1; còn lại 0
TXN-OPTIMISTIC-00378,REQ-SIM-00378,-,CUS-00378,FSI-00167,1,OPTIMISTIC,pool-4-thread-378,3828165408900,3830303164700,false,Hết hàng! Sản phẩm Flash Sale 'FSI-00167': yêu cầu 1; còn lại 0
TXN-OPTIMISTIC-00256,REQ-SIM-00256,-,CUS-00256,FSI-00167,1,OPTIMISTIC,pool-4-thread-256,3828163958900,3830303491300,false,Hết hàng! Sản phẩm Flash Sale 'FSI-00167': yêu cầu 1; còn lại 0
TXN-OPTIMISTIC-00268,REQ-SIM-00268,-,CUS-00268,FSI-00167,1,OPTIMISTIC,pool-4-thread-268,3828164085300,3830303914800,false,Hết hàng! Sản phẩm Flash Sale 'FSI-00167': yêu cầu 1; còn lại 0
TXN-OPTIMISTIC-00642,REQ-SIM-00642,-,CUS-00642,FSI-00167,1,OPTIMISTIC,pool-4-thread-642,3828169038200,3830304262500,false,Hết hàng! Sản phẩm Flash Sale 'FSI-00167': yêu cầu 1; còn lại 0
TXN-OPTIMISTIC-00385,REQ-SIM-00385,-,CUS-00385,FSI-00167,1,OPTIMISTIC,pool-4-thread-385,3828165503500,3830304717200,false,Hết hàng! Sản phẩm Flash Sale 'FSI-00167': yêu cầu 1; còn lại 0
TXN-OPTIMISTIC-00552,REQ-SIM-00552,-,CUS-00552,FSI-00167,1,OPTIMISTIC,pool-4-thread-552,3828167665300,3830305021200,false,Hết hàng! Sản phẩm Flash Sale 'FSI-00167': yêu cầu 1; còn lại 0
TXN-OPTIMISTIC-00191,REQ-SIM-00191,-,CUS-00191,FSI-00167,1,OPTIMISTIC,pool-4-thread-191,3828163269500,3830305529600,false,Hết hàng! Sản phẩm Flash Sale 'FSI-00167': yêu cầu 1; còn lại 0
TXN-OPTIMISTIC-00027,REQ-SIM-00027,-,CUS-00027,FSI-00167,1,OPTIMISTIC,pool-4-thread-27,3828161236800,3830305903100,false,Hết hàng! Sản phẩm Flash Sale 'FSI-00167': yêu cầu 1; còn lại 0
TXN-OPTIMISTIC-00313,REQ-SIM-00313,-,CUS-00313,FSI-00167,1,OPTIMISTIC,pool-4-thread-313,3828164638800,3830306351200,false,Hết hàng! Sản phẩm Flash Sale 'FSI-00167': yêu cầu 1; còn lại 0
TXN-OPTIMISTIC-00498,REQ-SIM-00498,-,CUS-00498,FSI-00167,1,OPTIMISTIC,pool-4-thread-498,3828167084600,3830306700500,false,Hết hàng! Sản phẩm Flash Sale 'FSI-00167': yêu cầu 1; còn lại 0
TXN-OPTIMISTIC-00298,REQ-SIM-00298,-,CUS-00298,FSI-00167,1,OPTIMISTIC,pool-4-thread-298,3828164443500,3830307062800,false,Hết hàng! Sản phẩm Flash Sale 'FSI-00167': yêu cầu 1; còn lại 0
TXN-OPTIMISTIC-00296,REQ-SIM-00296,-,CUS-00296,FSI-00167,1,OPTIMISTIC,pool-4-thread-296,3828164414200,3830307512600,false,Hết hàng! Sản phẩm Flash Sale 'FSI-00167': yêu cầu 1; còn lại 0
TXN-OPTIMISTIC-00448,REQ-SIM-00448,-,CUS-00448,FSI-00167,1,OPTIMISTIC,pool-4-thread-448,3828166526100,3830307821000,false,Hết hàng! Sản phẩm Flash Sale 'FSI-00167': yêu cầu 1; còn lại 0
TXN-OPTIMISTIC-00420,REQ-SIM-00420,-,CUS-00420,FSI-00167,1,OPTIMISTIC,pool-4-thread-420,3828166175800,3830308263100,false,Hết hàng! Sản phẩm Flash Sale 'FSI-00167': yêu cầu 1; còn lại 0
TXN-OPTIMISTIC-00368,REQ-SIM-00368,-,CUS-00368,FSI-00167,1,OPTIMISTIC,pool-4-thread-368,3828165288500,3830308641400,false,Hết hàng! Sản phẩm Flash Sale 'FSI-00167': yêu cầu 1; còn lại 0
TXN-OPTIMISTIC-00266,REQ-SIM-00266,-,CUS-00266,FSI-00167,1,OPTIMISTIC,pool-4-thread-266,3828164064800,3830309064900,false,Hết hàng! Sản phẩm Flash Sale 'FSI-00167': yêu cầu 1; còn lại 0
TXN-OPTIMISTIC-00486,REQ-SIM-00486,-,CUS-00486,FSI-00167,1,OPTIMISTIC,pool-4-thread-486,3828166961300,3830309429200,false,Hết hàng! Sản phẩm Flash Sale 'FSI-00167': yêu cầu 1; còn lại 0
TXN-OPTIMISTIC-00278,REQ-SIM-00278,-,CUS-00278,FSI-00167,1,OPTIMISTIC,pool-4-thread-278,3828164197800,3830309750100,false,Hết hàng! Sản phẩm Flash Sale 'FSI-00167': yêu cầu 1; còn lại 0
TXN-OPTIMISTIC-00429,REQ-SIM-00429,-,CUS-00429,FSI-00167,1,OPTIMISTIC,pool-4-thread-429,3828166294400,3830310173400,false,Hết hàng! Sản phẩm Flash Sale 'FSI-00167': yêu cầu 1; còn lại 0
TXN-OPTIMISTIC-00215,REQ-SIM-00215,-,CUS-00215,FSI-00167,1,OPTIMISTIC,pool-4-thread-215,3828163521900,3830310719900,false,Hết hàng! Sản phẩm Flash Sale 'FSI-00167': yêu cầu 1; còn lại 0
TXN-OPTIMISTIC-00457,REQ-SIM-00457,-,CUS-00457,FSI-00167,1,OPTIMISTIC,pool-4-thread-457,3828166625500,3830311114200,false,Hết hàng! Sản phẩm Flash Sale 'FSI-00167': yêu cầu 1; còn lại 0
TXN-OPTIMISTIC-00444,REQ-SIM-00444,-,CUS-00444,FSI-00167,1,OPTIMISTIC,pool-4-thread-444,3828166477000,3830311663000,false,Hết hàng! Sản phẩm Flash Sale 'FSI-00167': yêu cầu 1; còn lại 0
TXN-OPTIMISTIC-00702,REQ-SIM-00702,-,CUS-00702,FSI-00167,1,OPTIMISTIC,pool-4-thread-702,3828169654600,3830312029900,false,Hết hàng! Sản phẩm Flash Sale 'FSI-00167': yêu cầu 1; còn lại 0
TXN-OPTIMISTIC-00388,REQ-SIM-00388,-,CUS-00388,FSI-00167,1,OPTIMISTIC,pool-4-thread-388,3828165542600,3830312571600,false,Hết hàng! Sản phẩm Flash Sale 'FSI-00167': yêu cầu 1; còn lại 0
TXN-OPTIMISTIC-00309,REQ-SIM-00309,-,CUS-00309,FSI-00167,1,OPTIMISTIC,pool-4-thread-309,3828164591100,3830312968800,false,Hết hàng! Sản phẩm Flash Sale 'FSI-00167': yêu cầu 1; còn lại 0
TXN-OPTIMISTIC-00636,REQ-SIM-00636,-,CUS-00636,FSI-00167,1,OPTIMISTIC,pool-4-thread-636,3828168971300,3830313447600,false,Hết hàng! Sản phẩm Flash Sale 'FSI-00167': yêu cầu 1; còn lại 0
TXN-OPTIMISTIC-00727,REQ-SIM-00727,-,CUS-00727,FSI-00167,1,OPTIMISTIC,pool-4-thread-727,3828169911500,3830313796200,false,Hết hàng! Sản phẩm Flash Sale 'FSI-00167': yêu cầu 1; còn lại 0
TXN-OPTIMISTIC-00384,REQ-SIM-00384,-,CUS-00384,FSI-00167,1,OPTIMISTIC,pool-4-thread-384,3828165484000,3830314312000,false,Hết hàng! Sản phẩm Flash Sale 'FSI-00167': yêu cầu 1; còn lại 0
TXN-OPTIMISTIC-00262,REQ-SIM-00262,-,CUS-00262,FSI-00167,1,OPTIMISTIC,pool-4-thread-262,3828164019300,3830314664500,false,Hết hàng! Sản phẩm Flash Sale 'FSI-00167': yêu cầu 1; còn lại 0
TXN-OPTIMISTIC-00442,REQ-SIM-00442,-,CUS-00442,FSI-00167,1,OPTIMISTIC,pool-4-thread-442,3828166453500,3830315247900,false,Hết hàng! Sản phẩm Flash Sale 'FSI-00167': yêu cầu 1; còn lại 0
TXN-OPTIMISTIC-00418,REQ-SIM-00418,-,CUS-00418,FSI-00167,1,OPTIMISTIC,pool-4-thread-418,3828165944000,3830315707100,false,Hết hàng! Sản phẩm Flash Sale 'FSI-00167': yêu cầu 1; còn lại 0
TXN-OPTIMISTIC-00769,REQ-SIM-00769,-,CUS-00769,FSI-00167,1,OPTIMISTIC,pool-4-thread-769,3828170346700,3830316166800,false,Hết hàng! Sản phẩm Flash Sale 'FSI-00167': yêu cầu 1; còn lại 0
TXN-OPTIMISTIC-00085,REQ-SIM-00085,-,CUS-00085,FSI-00167,1,OPTIMISTIC,pool-4-thread-85,3828161873500,3830316617100,false,Hết hàng! Sản phẩm Flash Sale 'FSI-00167': yêu cầu 1; còn lại 0
TXN-OPTIMISTIC-00341,REQ-SIM-00341,-,CUS-00341,FSI-00167,1,OPTIMISTIC,pool-4-thread-341,3828164953100,3830317046600,false,Hết hàng! Sản phẩm Flash Sale 'FSI-00167': yêu cầu 1; còn lại 0
TXN-OPTIMISTIC-00437,REQ-SIM-00437,-,CUS-00437,FSI-00167,1,OPTIMISTIC,pool-4-thread-437,3828166390800,3830317426900,false,Hết hàng! Sản phẩm Flash Sale 'FSI-00167': yêu cầu 1; còn lại 0
TXN-OPTIMISTIC-00276,REQ-SIM-00276,-,CUS-00276,FSI-00167,1,OPTIMISTIC,pool-4-thread-276,3828164175800,3830317862200,false,Hết hàng! Sản phẩm Flash Sale 'FSI-00167': yêu cầu 1; còn lại 0
TXN-OPTIMISTIC-00321,REQ-SIM-00321,-,CUS-00321,FSI-00167,1,OPTIMISTIC,pool-4-thread-321,3828164725900,3830318224400,false,Hết hàng! Sản phẩm Flash Sale 'FSI-00167': yêu cầu 1; còn lại 0
TXN-OPTIMISTIC-00222,REQ-SIM-00222,-,CUS-00222,FSI-00167,1,OPTIMISTIC,pool-4-thread-222,3828163592900,3830318493800,false,Hết hàng! Sản phẩm Flash Sale 'FSI-00167': yêu cầu 1; còn lại 0
TXN-OPTIMISTIC-00323,REQ-SIM-00323,-,CUS-00323,FSI-00167,1,OPTIMISTIC,pool-4-thread-323,3828164748300,3830318826000,false,Hết hàng! Sản phẩm Flash Sale 'FSI-00167': yêu cầu 1; còn lại 0
TXN-OPTIMISTIC-00413,REQ-SIM-00413,-,CUS-00413,FSI-00167,1,OPTIMISTIC,pool-4-thread-413,3828165885800,3830319257700,false,Hết hàng! Sản phẩm Flash Sale 'FSI-00167': yêu cầu 1; còn lại 0
TXN-OPTIMISTIC-00229,REQ-SIM-00229,-,CUS-00229,FSI-00167,1,OPTIMISTIC,pool-4-thread-229,3828163674800,3830319752400,false,Hết hàng! Sản phẩm Flash Sale 'FSI-00167': yêu cầu 1; còn lại 0
TXN-OPTIMISTIC-00315,REQ-SIM-00315,-,CUS-00315,FSI-00167,1,OPTIMISTIC,pool-4-thread-315,3828164658500,3830320062000,false,Hết hàng! Sản phẩm Flash Sale 'FSI-00167': yêu cầu 1; còn lại 0
TXN-OPTIMISTIC-00253,REQ-SIM-00253,-,CUS-00253,FSI-00167,1,OPTIMISTIC,pool-4-thread-253,3828163931200,3830320455500,false,Hết hàng! Sản phẩm Flash Sale 'FSI-00167': yêu cầu 1; còn lại 0
TXN-OPTIMISTIC-00326,REQ-SIM-00326,-,CUS-00326,FSI-00167,1,OPTIMISTIC,pool-4-thread-326,3828164781000,3830320788800,false,Hết hàng! Sản phẩm Flash Sale 'FSI-00167': yêu cầu 1; còn lại 0
TXN-OPTIMISTIC-00304,REQ-SIM-00304,-,CUS-00304,FSI-00167,1,OPTIMISTIC,pool-4-thread-304,3828164520100,3830321490000,false,Hết hàng! Sản phẩm Flash Sale 'FSI-00167': yêu cầu 1; còn lại 0
TXN-OPTIMISTIC-00443,REQ-SIM-00443,-,CUS-00443,FSI-00167,1,OPTIMISTIC,pool-4-thread-443,3828166465200,3830321654900,false,Hết hàng! Sản phẩm Flash Sale 'FSI-00167': yêu cầu 1; còn lại 0
TXN-OPTIMISTIC-00522,REQ-SIM-00522,-,CUS-00522,FSI-00167,1,OPTIMISTIC,pool-4-thread-522,3828167333700,3830322171300,false,Hết hàng! Sản phẩm Flash Sale 'FSI-00167': yêu cầu 1; còn lại 0
TXN-OPTIMISTIC-00293,REQ-SIM-00293,-,CUS-00293,FSI-00167,1,OPTIMISTIC,pool-4-thread-293,3828164371600,3830322555300,false,Hết hàng! Sản phẩm Flash Sale 'FSI-00167': yêu cầu 1; còn lại 0
TXN-OPTIMISTIC-00338,REQ-SIM-00338,-,CUS-00338,FSI-00167,1,OPTIMISTIC,pool-4-thread-338,3828164918100,3830322914000,false,Hết hàng! Sản phẩm Flash Sale 'FSI-00167': yêu cầu 1; còn lại 0
TXN-OPTIMISTIC-00449,REQ-SIM-00449,-,CUS-00449,FSI-00167,1,OPTIMISTIC,pool-4-thread-449,3828166538800,3830323290600,false,Hết hàng! Sản phẩm Flash Sale 'FSI-00167': yêu cầu 1; còn lại 0
TXN-OPTIMISTIC-00478,REQ-SIM-00478,-,CUS-00478,FSI-00167,1,OPTIMISTIC,pool-4-thread-478,3828166879000,3830323674900,false,Hết hàng! Sản phẩm Flash Sale 'FSI-00167': yêu cầu 1; còn lại 0
TXN-OPTIMISTIC-00039,REQ-SIM-00039,-,CUS-00039,FSI-00167,1,OPTIMISTIC,pool-4-thread-39,3828161368900,3830324150200,false,Hết hàng! Sản phẩm Flash Sale 'FSI-00167': yêu cầu 1; còn lại 0
TXN-OPTIMISTIC-00274,REQ-SIM-00274,-,CUS-00274,FSI-00167,1,OPTIMISTIC,pool-4-thread-274,3828164153700,3830324546500,false,Hết hàng! Sản phẩm Flash Sale 'FSI-00167': yêu cầu 1; còn lại 0
TXN-OPTIMISTIC-00199,REQ-SIM-00199,-,CUS-00199,FSI-00167,1,OPTIMISTIC,pool-4-thread-199,3828163354400,3830324976900,false,Hết hàng! Sản phẩm Flash Sale 'FSI-00167': yêu cầu 1; còn lại 0
TXN-OPTIMISTIC-00336,REQ-SIM-00336,-,CUS-00336,FSI-00167,1,OPTIMISTIC,pool-4-thread-336,3828164896500,3830325353600,false,Hết hàng! Sản phẩm Flash Sale 'FSI-00167': yêu cầu 1; còn lại 0
TXN-OPTIMISTIC-00165,REQ-SIM-00165,-,CUS-00165,FSI-00167,1,OPTIMISTIC,pool-4-thread-165,3828162710000,3830325753300,false,Hết hàng! Sản phẩm Flash Sale 'FSI-00167': yêu cầu 1; còn lại 0
TXN-OPTIMISTIC-00480,REQ-SIM-00480,-,CUS-00480,FSI-00167,1,OPTIMISTIC,pool-4-thread-480,3828166889300,3830326180300,false,Hết hàng! Sản phẩm Flash Sale 'FSI-00167': yêu cầu 1; còn lại 0
TXN-OPTIMISTIC-00419,REQ-SIM-00419,-,CUS-00419,FSI-00167,1,OPTIMISTIC,pool-4-thread-419,3828166157300,3830326525800,false,Hết hàng! Sản phẩm Flash Sale 'FSI-00167': yêu cầu 1; còn lại 0
TXN-OPTIMISTIC-00305,REQ-SIM-00305,-,CUS-00305,FSI-00167,1,OPTIMISTIC,pool-4-thread-305,3828164533000,3830327052500,false,Hết hàng! Sản phẩm Flash Sale 'FSI-00167': yêu cầu 1; còn lại 0
TXN-OPTIMISTIC-00059,REQ-SIM-00059,-,CUS-00059,FSI-00167,1,OPTIMISTIC,pool-4-thread-59,3828161571600,3830327498900,false,Hết hàng! Sản phẩm Flash Sale 'FSI-00167': yêu cầu 1; còn lại 0
TXN-OPTIMISTIC-00481,REQ-SIM-00481,-,CUS-00481,FSI-00167,1,OPTIMISTIC,pool-4-thread-481,3828166906700,3830327827700,false,Hết hàng! Sản phẩm Flash Sale 'FSI-00167': yêu cầu 1; còn lại 0
TXN-OPTIMISTIC-00255,REQ-SIM-00255,-,CUS-00255,FSI-00167,1,OPTIMISTIC,pool-4-thread-255,3828163947800,3830328193700,false,Hết hàng! Sản phẩm Flash Sale 'FSI-00167': yêu cầu 1; còn lại 0
TXN-OPTIMISTIC-00361,REQ-SIM-00361,-,CUS-00361,FSI-00167,1,OPTIMISTIC,pool-4-thread-361,3828165206300,3830328662900,false,Hết hàng! Sản phẩm Flash Sale 'FSI-00167': yêu cầu 1; còn lại 0
TXN-OPTIMISTIC-00066,REQ-SIM-00066,-,CUS-00066,FSI-00167,1,OPTIMISTIC,pool-4-thread-66,3828161657500,3830329050000,false,Hết hàng! Sản phẩm Flash Sale 'FSI-00167': yêu cầu 1; còn lại 0
TXN-OPTIMISTIC-00071,REQ-SIM-00071,-,CUS-00071,FSI-00167,1,OPTIMISTIC,pool-4-thread-71,3828161730200,3830329408100,false,Hết hàng! Sản phẩm Flash Sale 'FSI-00167': yêu cầu 1; còn lại 0
TXN-OPTIMISTIC-00290,REQ-SIM-00290,-,CUS-00290,FSI-00167,1,OPTIMISTIC,pool-4-thread-290,3828164335600,3830329781000,false,Hết hàng! Sản phẩm Flash Sale 'FSI-00167': yêu cầu 1; còn lại 0
TXN-OPTIMISTIC-00265,REQ-SIM-00265,-,CUS-00265,FSI-00167,1,OPTIMISTIC,pool-4-thread-265,3828164052500,3830330207800,false,Hết hàng! Sản phẩm Flash Sale 'FSI-00167': yêu cầu 1; còn lại 0
TXN-OPTIMISTIC-00153,REQ-SIM-00153,-,CUS-00153,FSI-00167,1,OPTIMISTIC,pool-4-thread-153,3828162594400,3830330526500,false,Hết hàng! Sản phẩm Flash Sale 'FSI-00167': yêu cầu 1; còn lại 0
TXN-OPTIMISTIC-00184,REQ-SIM-00184,-,CUS-00184,FSI-00167,1,OPTIMISTIC,pool-4-thread-184,3828163186900,3830330895300,false,Hết hàng! Sản phẩm Flash Sale 'FSI-00167': yêu cầu 1; còn lại 0
TXN-OPTIMISTIC-00291,REQ-SIM-00291,-,CUS-00291,FSI-00167,1,OPTIMISTIC,pool-4-thread-291,3828164347800,3830331315600,false,Hết hàng! Sản phẩm Flash Sale 'FSI-00167': yêu cầu 1; còn lại 0
TXN-OPTIMISTIC-00332,REQ-SIM-00332,-,CUS-00332,FSI-00167,1,OPTIMISTIC,pool-4-thread-332,3828164851300,3830331734800,false,Hết hàng! Sản phẩm Flash Sale 'FSI-00167': yêu cầu 1; còn lại 0
TXN-OPTIMISTIC-00333,REQ-SIM-00333,-,CUS-00333,FSI-00167,1,OPTIMISTIC,pool-4-thread-333,3828164864700,3830332018000,false,Hết hàng! Sản phẩm Flash Sale 'FSI-00167': yêu cầu 1; còn lại 0
TXN-OPTIMISTIC-00232,REQ-SIM-00232,-,CUS-00232,FSI-00167,1,OPTIMISTIC,pool-4-thread-232,3828163704600,3830332430300,false,Hết hàng! Sản phẩm Flash Sale 'FSI-00167': yêu cầu 1; còn lại 0
TXN-OPTIMISTIC-00154,REQ-SIM-00154,-,CUS-00154,FSI-00167,1,OPTIMISTIC,pool-4-thread-154,3828162604800,3830332731400,false,Hết hàng! Sản phẩm Flash Sale 'FSI-00167': yêu cầu 1; còn lại 0
TXN-OPTIMISTIC-00301,REQ-SIM-00301,-,CUS-00301,FSI-00167,1,OPTIMISTIC,pool-4-thread-301,3828164482300,3830333409500,false,Hết hàng! Sản phẩm Flash Sale 'FSI-00167': yêu cầu 1; còn lại 0
TXN-OPTIMISTIC-00379,REQ-SIM-00379,-,CUS-00379,FSI-00167,1,OPTIMISTIC,pool-4-thread-379,3828165426000,3830333704200,false,Hết hàng! Sản phẩm Flash Sale 'FSI-00167': yêu cầu 1; còn lại 0
TXN-OPTIMISTIC-00488,REQ-SIM-00488,-,CUS-00488,FSI-00167,1,OPTIMISTIC,pool-4-thread-488,3828166982400,3830334029400,false,Hết hàng! Sản phẩm Flash Sale 'FSI-00167': yêu cầu 1; còn lại 0
TXN-OPTIMISTIC-00376,REQ-SIM-00376,-,CUS-00376,FSI-00167,1,OPTIMISTIC,pool-4-thread-376,3828165383800,3830334468300,false,Hết hàng! Sản phẩm Flash Sale 'FSI-00167': yêu cầu 1; còn lại 0
TXN-OPTIMISTIC-00285,REQ-SIM-00285,-,CUS-00285,FSI-00167,1,OPTIMISTIC,pool-4-thread-285,3828164278600,3830334931000,false,Hết hàng! Sản phẩm Flash Sale 'FSI-00167': yêu cầu 1; còn lại 0
TXN-OPTIMISTIC-00227,REQ-SIM-00227,-,CUS-00227,FSI-00167,1,OPTIMISTIC,pool-4-thread-227,3828163654100,3830335403800,false,Hết hàng! Sản phẩm Flash Sale 'FSI-00167': yêu cầu 1; còn lại 0
TXN-OPTIMISTIC-00393,REQ-SIM-00393,-,CUS-00393,FSI-00167,1,OPTIMISTIC,pool-4-thread-393,3828165598600,3830335775200,false,Hết hàng! Sản phẩm Flash Sale 'FSI-00167': yêu cầu 1; còn lại 0
TXN-OPTIMISTIC-00030,REQ-SIM-00030,-,CUS-00030,FSI-00167,1,OPTIMISTIC,pool-4-thread-30,3828161271500,3830336403800,false,Hết hàng! Sản phẩm Flash Sale 'FSI-00167': yêu cầu 1; còn lại 0
TXN-OPTIMISTIC-00536,REQ-SIM-00536,-,CUS-00536,FSI-00167,1,OPTIMISTIC,pool-4-thread-536,3828167493200,3830336662800,false,Hết hàng! Sản phẩm Flash Sale 'FSI-00167': yêu cầu 1; còn lại 0
TXN-OPTIMISTIC-00345,REQ-SIM-00345,-,CUS-00345,FSI-00167,1,OPTIMISTIC,pool-4-thread-345,3828164997000,3830337304000,false,Hết hàng! Sản phẩm Flash Sale 'FSI-00167': yêu cầu 1; còn lại 0
TXN-OPTIMISTIC-00409,REQ-SIM-00409,-,CUS-00409,FSI-00167,1,OPTIMISTIC,pool-4-thread-409,3828165820100,3830337647500,false,Hết hàng! Sản phẩm Flash Sale 'FSI-00167': yêu cầu 1; còn lại 0
TXN-OPTIMISTIC-00436,REQ-SIM-00436,-,CUS-00436,FSI-00167,1,OPTIMISTIC,pool-4-thread-436,3828166379300,3830338024400,false,Hết hàng! Sản phẩm Flash Sale 'FSI-00167': yêu cầu 1; còn lại 0
TXN-OPTIMISTIC-00365,REQ-SIM-00365,-,CUS-00365,FSI-00167,1,OPTIMISTIC,pool-4-thread-365,3828165253300,3830338513800,false,Hết hàng! Sản phẩm Flash Sale 'FSI-00167': yêu cầu 1; còn lại 0
TXN-OPTIMISTIC-00350,REQ-SIM-00350,-,CUS-00350,FSI-00167,1,OPTIMISTIC,pool-4-thread-350,3828165063100,3830338932200,false,Hết hàng! Sản phẩm Flash Sale 'FSI-00167': yêu cầu 1; còn lại 0
TXN-OPTIMISTIC-00031,REQ-SIM-00031,-,CUS-00031,FSI-00167,1,OPTIMISTIC,pool-4-thread-31,3828161279900,3830339414900,false,Hết hàng! Sản phẩm Flash Sale 'FSI-00167': yêu cầu 1; còn lại 0
TXN-OPTIMISTIC-00244,REQ-SIM-00244,-,CUS-00244,FSI-00167,1,OPTIMISTIC,pool-4-thread-244,3828163828800,3830339795500,false,Hết hàng! Sản phẩm Flash Sale 'FSI-00167': yêu cầu 1; còn lại 0
TXN-OPTIMISTIC-00257,REQ-SIM-00257,-,CUS-00257,FSI-00167,1,OPTIMISTIC,pool-4-thread-257,3828163966600,3830340149700,false,Hết hàng! Sản phẩm Flash Sale 'FSI-00167': yêu cầu 1; còn lại 0
TXN-OPTIMISTIC-00037,REQ-SIM-00037,-,CUS-00037,FSI-00167,1,OPTIMISTIC,pool-4-thread-37,3828161348100,3830340565700,false,Hết hàng! Sản phẩm Flash Sale 'FSI-00167': yêu cầu 1; còn lại 0
TXN-OPTIMISTIC-00051,REQ-SIM-00051,-,CUS-00051,FSI-00167,1,OPTIMISTIC,pool-4-thread-51,3828161493400,3830340969800,false,Hết hàng! Sản phẩm Flash Sale 'FSI-00167': yêu cầu 1; còn lại 0
TXN-OPTIMISTIC-00128,REQ-SIM-00128,-,CUS-00128,FSI-00167,1,OPTIMISTIC,pool-4-thread-128,3828162328100,3830341378600,false,Hết hàng! Sản phẩm Flash Sale 'FSI-00167': yêu cầu 1; còn lại 0
TXN-OPTIMISTIC-00416,REQ-SIM-00416,-,CUS-00416,FSI-00167,1,OPTIMISTIC,pool-4-thread-416,3828165921100,3830341775200,false,Hết hàng! Sản phẩm Flash Sale 'FSI-00167': yêu cầu 1; còn lại 0
TXN-OPTIMISTIC-00351,REQ-SIM-00351,-,CUS-00351,FSI-00167,1,OPTIMISTIC,pool-4-thread-351,3828165073000,3830342400800,false,Hết hàng! Sản phẩm Flash Sale 'FSI-00167': yêu cầu 1; còn lại 0
TXN-OPTIMISTIC-00327,REQ-SIM-00327,-,CUS-00327,FSI-00167,1,OPTIMISTIC,pool-4-thread-327,3828164792400,3830342652200,false,Hết hàng! Sản phẩm Flash Sale 'FSI-00167': yêu cầu 1; còn lại 0
TXN-OPTIMISTIC-00310,REQ-SIM-00310,-,CUS-00310,FSI-00167,1,OPTIMISTIC,pool-4-thread-310,3828164603000,3830343119000,false,Hết hàng! Sản phẩm Flash Sale 'FSI-00167': yêu cầu 1; còn lại 0
TXN-OPTIMISTIC-00077,REQ-SIM-00077,-,CUS-00077,FSI-00167,1,OPTIMISTIC,pool-4-thread-77,3828161791000,3830343516700,false,Hết hàng! Sản phẩm Flash Sale 'FSI-00167': yêu cầu 1; còn lại 0
TXN-OPTIMISTIC-00417,REQ-SIM-00417,-,CUS-00417,FSI-00167,1,OPTIMISTIC,pool-4-thread-417,3828165931500,3830343852400,false,Hết hàng! Sản phẩm Flash Sale 'FSI-00167': yêu cầu 1; còn lại 0
TXN-OPTIMISTIC-00082,REQ-SIM-00082,-,CUS-00082,FSI-00167,1,OPTIMISTIC,pool-4-thread-82,3828161841200,3830344247500,false,Hết hàng! Sản phẩm Flash Sale 'FSI-00167': yêu cầu 1; còn lại 0
TXN-OPTIMISTIC-00044,REQ-SIM-00044,-,CUS-00044,FSI-00167,1,OPTIMISTIC,pool-4-thread-44,3828161422300,3830344623100,false,Hết hàng! Sản phẩm Flash Sale 'FSI-00167': yêu cầu 1; còn lại 0
TXN-OPTIMISTIC-00004,REQ-SIM-00004,-,CUS-00004,FSI-00167,1,OPTIMISTIC,pool-4-thread-4,3828160960300,3830344962300,false,Hết hàng! Sản phẩm Flash Sale 'FSI-00167': yêu cầu 1; còn lại 0
TXN-OPTIMISTIC-00289,REQ-SIM-00289,-,CUS-00289,FSI-00167,1,OPTIMISTIC,pool-4-thread-289,3828164324100,3830345301400,false,Hết hàng! Sản phẩm Flash Sale 'FSI-00167': yêu cầu 1; còn lại 0
TXN-OPTIMISTIC-00057,REQ-SIM-00057,-,CUS-00057,FSI-00167,1,OPTIMISTIC,pool-4-thread-57,3828161549800,3830345677600,false,Hết hàng! Sản phẩm Flash Sale 'FSI-00167': yêu cầu 1; còn lại 0
TXN-OPTIMISTIC-00334,REQ-SIM-00334,-,CUS-00334,FSI-00167,1,OPTIMISTIC,pool-4-thread-334,3828164875400,3830346096000,false,Hết hàng! Sản phẩm Flash Sale 'FSI-00167': yêu cầu 1; còn lại 0
TXN-OPTIMISTIC-00042,REQ-SIM-00042,-,CUS-00042,FSI-00167,1,OPTIMISTIC,pool-4-thread-42,3828161399200,3830346445900,false,Hết hàng! Sản phẩm Flash Sale 'FSI-00167': yêu cầu 1; còn lại 0
TXN-OPTIMISTIC-00022,REQ-SIM-00022,-,CUS-00022,FSI-00167,1,OPTIMISTIC,pool-4-thread-22,3828161184000,3830346867400,false,Hết hàng! Sản phẩm Flash Sale 'FSI-00167': yêu cầu 1; còn lại 0
TXN-OPTIMISTIC-00144,REQ-SIM-00144,-,CUS-00144,FSI-00167,1,OPTIMISTIC,pool-4-thread-144,3828162500000,3830347258500,false,Hết hàng! Sản phẩm Flash Sale 'FSI-00167': yêu cầu 1; còn lại 0
TXN-OPTIMISTIC-00074,REQ-SIM-00074,-,CUS-00074,FSI-00167,1,OPTIMISTIC,pool-4-thread-74,3828161758200,3830347654600,false,Hết hàng! Sản phẩm Flash Sale 'FSI-00167': yêu cầu 1; còn lại 0
TXN-OPTIMISTIC-00079,REQ-SIM-00079,-,CUS-00079,FSI-00167,1,OPTIMISTIC,pool-4-thread-79,3828161811600,3830348034600,false,Hết hàng! Sản phẩm Flash Sale 'FSI-00167': yêu cầu 1; còn lại 0
TXN-OPTIMISTIC-00120,REQ-SIM-00120,-,CUS-00120,FSI-00167,1,OPTIMISTIC,pool-4-thread-120,3828162240900,3830348415500,false,Hết hàng! Sản phẩm Flash Sale 'FSI-00167': yêu cầu 1; còn lại 0
TXN-OPTIMISTIC-00105,REQ-SIM-00105,-,CUS-00105,FSI-00167,1,OPTIMISTIC,pool-4-thread-105,3828162079900,3830348883600,false,Hết hàng! Sản phẩm Flash Sale 'FSI-00167': yêu cầu 1; còn lại 0
TXN-OPTIMISTIC-00020,REQ-SIM-00020,-,CUS-00020,FSI-00167,1,OPTIMISTIC,pool-4-thread-20,3828161165700,3830349310400,false,Hết hàng! Sản phẩm Flash Sale 'FSI-00167': yêu cầu 1; còn lại 0
TXN-OPTIMISTIC-00102,REQ-SIM-00102,-,CUS-00102,FSI-00167,1,OPTIMISTIC,pool-4-thread-102,3828162046100,3830349690700,false,Hết hàng! Sản phẩm Flash Sale 'FSI-00167': yêu cầu 1; còn lại 0
TXN-OPTIMISTIC-00183,REQ-SIM-00183,-,CUS-00183,FSI-00167,1,OPTIMISTIC,pool-4-thread-183,3828163176500,3830350071900,false,Hết hàng! Sản phẩm Flash Sale 'FSI-00167': yêu cầu 1; còn lại 0
TXN-OPTIMISTIC-00080,REQ-SIM-00080,-,CUS-00080,FSI-00167,1,OPTIMISTIC,pool-4-thread-80,3828161822300,3830350536700,false,Hết hàng! Sản phẩm Flash Sale 'FSI-00167': yêu cầu 1; còn lại 0
TXN-OPTIMISTIC-00040,REQ-SIM-00040,-,CUS-00040,FSI-00167,1,OPTIMISTIC,pool-4-thread-40,3828161379300,3830350873700,false,Hết hàng! Sản phẩm Flash Sale 'FSI-00167': yêu cầu 1; còn lại 0
TXN-OPTIMISTIC-00380,REQ-SIM-00380,-,CUS-00380,FSI-00167,1,OPTIMISTIC,pool-4-thread-380,3828165437100,3830351233500,false,Hết hàng! Sản phẩm Flash Sale 'FSI-00167': yêu cầu 1; còn lại 0
TXN-OPTIMISTIC-00034,REQ-SIM-00034,-,CUS-00034,FSI-00167,1,OPTIMISTIC,pool-4-thread-34,3828161307900,3830351771500,false,Hết hàng! Sản phẩm Flash Sale 'FSI-00167': yêu cầu 1; còn lại 0
TXN-OPTIMISTIC-00019,REQ-SIM-00019,-,CUS-00019,FSI-00167,1,OPTIMISTIC,pool-4-thread-19,3828161152200,3830352197500,false,Hết hàng! Sản phẩm Flash Sale 'FSI-00167': yêu cầu 1; còn lại 0
TXN-OPTIMISTIC-00109,REQ-SIM-00109,-,CUS-00109,FSI-00167,1,OPTIMISTIC,pool-4-thread-109,3828162120900,3830352618800,false,Hết hàng! Sản phẩm Flash Sale 'FSI-00167': yêu cầu 1; còn lại 0
TXN-OPTIMISTIC-00097,REQ-SIM-00097,-,CUS-00097,FSI-00167,1,OPTIMISTIC,pool-4-thread-97,3828161996600,3830353026100,false,Hết hàng! Sản phẩm Flash Sale 'FSI-00167': yêu cầu 1; còn lại 0
TXN-OPTIMISTIC-00086,REQ-SIM-00086,-,CUS-00086,FSI-00167,1,OPTIMISTIC,pool-4-thread-86,3828161882400,3830353615600,false,Hết hàng! Sản phẩm Flash Sale 'FSI-00167': yêu cầu 1; còn lại 0
TXN-OPTIMISTIC-00145,REQ-SIM-00145,-,CUS-00145,FSI-00167,1,OPTIMISTIC,pool-4-thread-145,3828162509500,3830353849000,false,Hết hàng! Sản phẩm Flash Sale 'FSI-00167': yêu cầu 1; còn lại 0
TXN-OPTIMISTIC-00126,REQ-SIM-00126,-,CUS-00126,FSI-00167,1,OPTIMISTIC,pool-4-thread-126,3828162302200,3830354245300,false,Hết hàng! Sản phẩm Flash Sale 'FSI-00167': yêu cầu 1; còn lại 0
TXN-OPTIMISTIC-00138,REQ-SIM-00138,-,CUS-00138,FSI-00167,1,OPTIMISTIC,pool-4-thread-138,3828162436400,3830354603700,false,Hết hàng! Sản phẩm Flash Sale 'FSI-00167': yêu cầu 1; còn lại 0
TXN-OPTIMISTIC-00078,REQ-SIM-00078,-,CUS-00078,FSI-00167,1,OPTIMISTIC,pool-4-thread-78,3828161802100,3830354932100,false,Hết hàng! Sản phẩm Flash Sale 'FSI-00167': yêu cầu 1; còn lại 0
TXN-OPTIMISTIC-00125,REQ-SIM-00125,-,CUS-00125,FSI-00167,1,OPTIMISTIC,pool-4-thread-125,3828162290800,3830355352400,false,Hết hàng! Sản phẩm Flash Sale 'FSI-00167': yêu cầu 1; còn lại 0
TXN-OPTIMISTIC-00137,REQ-SIM-00137,-,CUS-00137,FSI-00167,1,OPTIMISTIC,pool-4-thread-137,3828162424400,3830355741000,false,Hết hàng! Sản phẩm Flash Sale 'FSI-00167': yêu cầu 1; còn lại 0
TXN-OPTIMISTIC-00130,REQ-SIM-00130,-,CUS-00130,FSI-00167,1,OPTIMISTIC,pool-4-thread-130,3828162352900,3830356144100,false,Hết hàng! Sản phẩm Flash Sale 'FSI-00167': yêu cầu 1; còn lại 0
TXN-OPTIMISTIC-00335,REQ-SIM-00335,-,CUS-00335,FSI-00167,1,OPTIMISTIC,pool-4-thread-335,3828164886700,3830356557200,false,Hết hàng! Sản phẩm Flash Sale 'FSI-00167': yêu cầu 1; còn lại 0
TXN-OPTIMISTIC-00142,REQ-SIM-00142,-,CUS-00142,FSI-00167,1,OPTIMISTIC,pool-4-thread-142,3828162477300,3830356933600,false,Hết hàng! Sản phẩm Flash Sale 'FSI-00167': yêu cầu 1; còn lại 0
TXN-OPTIMISTIC-00320,REQ-SIM-00320,-,CUS-00320,FSI-00167,1,OPTIMISTIC,pool-4-thread-320,3828164712000,3830357385900,false,Hết hàng! Sản phẩm Flash Sale 'FSI-00167': yêu cầu 1; còn lại 0
TXN-OPTIMISTIC-00168,REQ-SIM-00168,-,CUS-00168,FSI-00167,1,OPTIMISTIC,pool-4-thread-168,3828162737300,3830357759600,false,Hết hàng! Sản phẩm Flash Sale 'FSI-00167': yêu cầu 1; còn lại 0
TXN-OPTIMISTIC-00306,REQ-SIM-00306,-,CUS-00306,FSI-00167,1,OPTIMISTIC,pool-4-thread-306,3828164543600,3830358423100,false,Hết hàng! Sản phẩm Flash Sale 'FSI-00167': yêu cầu 1; còn lại 0
TXN-OPTIMISTIC-00190,REQ-SIM-00190,-,CUS-00190,FSI-00167,1,OPTIMISTIC,pool-4-thread-190,3828163256900,3830358653600,false,Hết hàng! Sản phẩm Flash Sale 'FSI-00167': yêu cầu 1; còn lại 0
TXN-OPTIMISTIC-00155,REQ-SIM-00155,-,CUS-00155,FSI-00167,1,OPTIMISTIC,pool-4-thread-155,3828162616000,3830359115100,false,Hết hàng! Sản phẩm Flash Sale 'FSI-00167': yêu cầu 1; còn lại 0
TXN-OPTIMISTIC-00302,REQ-SIM-00302,-,CUS-00302,FSI-00167,1,OPTIMISTIC,pool-4-thread-302,3828164494400,3830359562800,false,Hết hàng! Sản phẩm Flash Sale 'FSI-00167': yêu cầu 1; còn lại 0
TXN-OPTIMISTIC-00440,REQ-SIM-00440,-,CUS-00440,FSI-00167,1,OPTIMISTIC,pool-4-thread-440,3828166420000,3830360098900,false,Hết hàng! Sản phẩm Flash Sale 'FSI-00167': yêu cầu 1; còn lại 0
TXN-OPTIMISTIC-00172,REQ-SIM-00172,-,CUS-00172,FSI-00167,1,OPTIMISTIC,pool-4-thread-172,3828162779800,3830360345800,false,Hết hàng! Sản phẩm Flash Sale 'FSI-00167': yêu cầu 1; còn lại 0
TXN-OPTIMISTIC-00141,REQ-SIM-00141,-,CUS-00141,FSI-00167,1,OPTIMISTIC,pool-4-thread-141,3828162468300,3830360701000,false,Hết hàng! Sản phẩm Flash Sale 'FSI-00167': yêu cầu 1; còn lại 0
