transactionId,requestId,orderId,customerId,flashItemId,quantity,mechanism,threadName,startTime,endTime,success,errorMessage
TXN-NO_LOCK-00791,REQ-SIM-00791,SIM-NO_LOCK-00791,CUS-00791,FSI-00167,1,NO_LOCK,pool-1-thread-791,3844326676100,3844686260600,true,
TXN-NO_LOCK-00769,REQ-SIM-00769,SIM-NO_LOCK-00769,CUS-00769,FSI-00167,1,NO_LOCK,pool-1-thread-769,3844326167200,3844686180800,true,
TXN-NO_LOCK-00803,REQ-SIM-00803,SIM-NO_LOCK-00803,CUS-00803,FSI-00167,1,NO_LOCK,pool-1-thread-803,3844326906100,3844686183400,true,
TXN-NO_LOCK-00790,REQ-SIM-00790,SIM-NO_LOCK-00790,CUS-00790,FSI-00167,1,NO_LOCK,pool-1-thread-790,3844326652800,3844686181500,true,
TXN-NO_LOCK-00785,REQ-SIM-00785,SIM-NO_LOCK-00785,CUS-00785,FSI-00167,1,NO_LOCK,pool-1-thread-785,3844326539800,3844686182000,true,
TXN-NO_LOCK-00830,REQ-SIM-00830,SIM-NO_LOCK-00830,CUS-00830,FSI-00167,1,NO_LOCK,pool-1-thread-830,3844327656300,3844686913400,true,
TXN-NO_LOCK-00825,REQ-SIM-00825,SIM-NO_LOCK-00825,CUS-00825,FSI-00167,1,NO_LOCK,pool-1-thread-825,3844327550400,3844687016300,true,
TXN-NO_LOCK-00794,REQ-SIM-00794,SIM-NO_LOCK-00794,CUS-00794,FSI-00167,1,NO_LOCK,pool-1-thread-794,3844326732500,3844687098100,true,
TXN-NO_LOCK-00824,REQ-SIM-00824,SIM-NO_LOCK-00824,CUS-00824,FSI-00167,1,NO_LOCK,pool-1-thread-824,3844327532600,3844687072500,true,
TXN-NO_LOCK-00899,REQ-SIM-00899,SIM-NO_LOCK-00899,CUS-00899,FSI-00167,1,NO_LOCK,pool-1-thread-899,3844329484500,3844687151500,true,
TXN-NO_LOCK-00812,REQ-SIM-00812,SIM-NO_LOCK-00812,CUS-00812,FSI-00167,1,NO_LOCK,pool-1-thread-812,3844327117300,3844687399000,true,
TXN-NO_LOCK-00910,REQ-SIM-00910,SIM-NO_LOCK-00910,CUS-00910,FSI-00167,1,NO_LOCK,pool-1-thread-910,3844329822700,3844687408800,true,
TXN-NO_LOCK-00905,REQ-SIM-00905,SIM-NO_LOCK-00905,CUS-00905,FSI-00167,1,NO_LOCK,pool-1-thread-905,3844329662800,3844687590100,true,
TXN-NO_LOCK-00819,REQ-SIM-00819,SIM-NO_LOCK-00819,CUS-00819,FSI-00167,1,NO_LOCK,pool-1-thread-819,3844327342900,3844687734700,true,
TXN-NO_LOCK-00898,REQ-SIM-00898,SIM-NO_LOCK-00898,CUS-00898,FSI-00167,1,NO_LOCK,pool-1-thread-898,3844329420300,3844687846300,true,
TXN-NO_LOCK-00818,REQ-SIM-00818,SIM-NO_LOCK-00818,CUS-00818,FSI-00167,1,NO_LOCK,pool-1-thread-818,3844327325700,3844688046000,true,
TXN-NO_LOCK-00904,REQ-SIM-00904,SIM-NO_LOCK-00904,CUS-00904,FSI-00167,1,NO_LOCK,pool-1-thread-904,3844329644900,3844688244900,true,
TXN-NO_LOCK-00892,REQ-SIM-00892,SIM-NO_LOCK-00892,CUS-00892,FSI-00167,1,NO_LOCK,pool-1-thread-892,3844329257000,3844688337900,true,
TXN-NO_LOCK-00911,REQ-SIM-00911,SIM-NO_LOCK-00911,CUS-00911,FSI-00167,1,NO_LOCK,pool-1-thread-911,3844329834100,3844688430600,true,
TXN-NO_LOCK-00928,REQ-SIM-00928,SIM-NO_LOCK-00928,CUS-00928,FSI-00167,1,NO_LOCK,pool-1-thread-928,3844330262600,3844688551400,true,
TXN-NO_LOCK-00923,REQ-SIM-00923,SIM-NO_LOCK-00923,CUS-00923,FSI-00167,1,NO_LOCK,pool-1-thread-923,3844330154900,3844688751000,true,
TXN-NO_LOCK-00944,REQ-SIM-00944,SIM-NO_LOCK-00944,CUS-00944,FSI-00167,1,NO_LOCK,pool-1-thread-944,3844330713200,3844689728600,true,
TXN-NO_LOCK-00653,REQ-SIM-00653,SIM-NO_LOCK-00653,CUS-00653,FSI-00167,1,NO_LOCK,pool-1-thread-653,3844323601700,3844689779900,true,
TXN-NO_LOCK-00745,REQ-SIM-00745,SIM-NO_LOCK-00745,CUS-00745,FSI-00167,1,NO_LOCK,pool-1-thread-745,3844325634400,3844689851700,true,
TXN-NO_LOCK-00900,REQ-SIM-00900,SIM-NO_LOCK-00900,CUS-00900,FSI-00167,1,NO_LOCK,pool-1-thread-900,3844329518700,3844689907100,true,
TXN-NO_LOCK-00543,REQ-SIM-00543,SIM-NO_LOCK-00543,CUS-00543,FSI-00167,1,NO_LOCK,pool-1-thread-543,3844321064900,3844689946400,true,
TXN-NO_LOCK-00561,REQ-SIM-00561,SIM-NO_LOCK-00561,CUS-00561,FSI-00167,1,NO_LOCK,pool-1-thread-561,3844321502700,3844689853500,true,
TXN-NO_LOCK-00866,REQ-SIM-00866,SIM-NO_LOCK-00866,CUS-00866,FSI-00167,1,NO_LOCK,pool-1-thread-866,3844328553100,3844690109200,true,
TXN-NO_LOCK-00789,REQ-SIM-00789,SIM-NO_LOCK-00789,CUS-00789,FSI-00167,1,NO_LOCK,pool-1-thread-789,3844326639400,3844690120400,true,
TXN-NO_LOCK-00559,REQ-SIM-00559,SIM-NO_LOCK-00559,CUS-00559,FSI-00167,1,NO_LOCK,pool-1-thread-559,3844321474800,3844690069000,true,
TXN-NO_LOCK-00929,REQ-SIM-00929,SIM-NO_LOCK-00929,CUS-00929,FSI-00167,1,NO_LOCK,pool-1-thread-929,3844330285700,3844689953400,true,
TXN-NO_LOCK-00558,REQ-SIM-00558,SIM-NO_LOCK-00558,CUS-00558,FSI-00167,1,NO_LOCK,pool-1-thread-558,3844321457300,3844690255500,true,
TXN-NO_LOCK-00547,REQ-SIM-00547,SIM-NO_LOCK-00547,CUS-00547,FSI-00167,1,NO_LOCK,pool-1-thread-547,3844321212200,3844690347200,true,
TXN-NO_LOCK-00571,REQ-SIM-00571,SIM-NO_LOCK-00571,CUS-00571,FSI-00167,1,NO_LOCK,pool-1-thread-571,3844321700600,3844690347200,true,
TXN-NO_LOCK-00733,REQ-SIM-00733,SIM-NO_LOCK-00733,CUS-00733,FSI-00167,1,NO_LOCK,pool-1-thread-733,3844325384200,3844690484700,true,
TXN-NO_LOCK-00661,REQ-SIM-00661,SIM-NO_LOCK-00661,CUS-00661,FSI-00167,1,NO_LOCK,pool-1-thread-661,3844323781100,3844690487200,true,
TXN-NO_LOCK-00732,REQ-SIM-00732,SIM-NO_LOCK-00732,CUS-00732,FSI-00167,1,NO_LOCK,pool-1-thread-732,3844325347700,3844690493100,true,
TXN-NO_LOCK-00390,REQ-SIM-00390,SIM-NO_LOCK-00390,CUS-00390,FSI-00167,1,NO_LOCK,pool-1-thread-390,3844316879000,3844690391900,true,
TXN-NO_LOCK-00727,REQ-SIM-00727,SIM-NO_LOCK-00727,CUS-00727,FSI-00167,1,NO_LOCK,pool-1-thread-727,3844325232100,3844690626400,true,
TXN-NO_LOCK-00739,REQ-SIM-00739,SIM-NO_LOCK-00739,CUS-00739,FSI-00167,1,NO_LOCK,pool-1-thread-739,3844325513800,3844690652200,true,
TXN-NO_LOCK-00751,REQ-SIM-00751,SIM-NO_LOCK-00751,CUS-00751,FSI-00167,1,NO_LOCK,pool-1-thread-751,3844325745300,3844690841400,true,
TXN-NO_LOCK-00595,REQ-SIM-00595,SIM-NO_LOCK-00595,CUS-00595,FSI-00167,1,NO_LOCK,pool-1-thread-595,3844322224200,3844690745900,true,
TXN-NO_LOCK-00564,REQ-SIM-00564,SIM-NO_LOCK-00564,CUS-00564,FSI-00167,1,NO_LOCK,pool-1-thread-564,3844321565900,3844690705600,true,
TXN-NO_LOCK-00937,REQ-SIM-00937,SIM-NO_LOCK-00937,CUS-00937,FSI-00167,1,NO_LOCK,pool-1-thread-937,3844330490300,3844690923900,true,
TXN-NO_LOCK-00658,REQ-SIM-00658,SIM-NO_LOCK-00658,CUS-00658,FSI-00167,1,NO_LOCK,pool-1-thread-658,3844323728000,3844690930600,true,
TXN-NO_LOCK-00738,REQ-SIM-00738,SIM-NO_LOCK-00738,CUS-00738,FSI-00167,1,NO_LOCK,pool-1-thread-738,3844325498000,3844690976300,true,
TXN-NO_LOCK-00906,REQ-SIM-00906,SIM-NO_LOCK-00906,CUS-00906,FSI-00167,1,NO_LOCK,pool-1-thread-906,3844329723000,3844691017600,true,
TXN-NO_LOCK-00754,REQ-SIM-00754,SIM-NO_LOCK-00754,CUS-00754,FSI-00167,1,NO_LOCK,pool-1-thread-754,3844325819700,3844691556300,true,
TXN-NO_LOCK-00762,REQ-SIM-00762,SIM-NO_LOCK-00762,CUS-00762,FSI-00167,1,NO_LOCK,pool-1-thread-762,3844325999000,3844691571000,true,
TXN-NO_LOCK-00461,REQ-SIM-00461,SIM-NO_LOCK-00461,CUS-00461,FSI-00167,1,NO_LOCK,pool-1-thread-461,3844318774000,3844691708600,true,
TXN-NO_LOCK-00576,REQ-SIM-00576,SIM-NO_LOCK-00576,CUS-00576,FSI-00167,1,NO_LOCK,pool-1-thread-576,3844321791400,3844691727200,true,
TXN-NO_LOCK-00478,REQ-SIM-00478,SIM-NO_LOCK-00478,CUS-00478,FSI-00167,1,NO_LOCK,pool-1-thread-478,3844319152100,3844691931600,true,
TXN-NO_LOCK-00583,REQ-SIM-00583,SIM-NO_LOCK-00583,CUS-00583,FSI-00167,1,NO_LOCK,pool-1-thread-583,3844321941200,3844691849000,true,
TXN-NO_LOCK-00562,REQ-SIM-00562,SIM-NO_LOCK-00562,CUS-00562,FSI-00167,1,NO_LOCK,pool-1-thread-562,3844321520000,3844691825500,true,
TXN-NO_LOCK-00540,REQ-SIM-00540,SIM-NO_LOCK-00540,CUS-00540,FSI-00167,1,NO_LOCK,pool-1-thread-540,3844321012700,3844692044300,true,
TXN-NO_LOCK-00726,REQ-SIM-00726,SIM-NO_LOCK-00726,CUS-00726,FSI-00167,1,NO_LOCK,pool-1-thread-726,3844325216200,3844691586400,true,
TXN-NO_LOCK-00834,REQ-SIM-00834,SIM-NO_LOCK-00834,CUS-00834,FSI-00167,1,NO_LOCK,pool-1-thread-834,3844327768900,3844691747500,true,
TXN-NO_LOCK-00942,REQ-SIM-00942,SIM-NO_LOCK-00942,CUS-00942,FSI-00167,1,NO_LOCK,pool-1-thread-942,3844330624900,3844692085800,true,
TXN-NO_LOCK-00731,REQ-SIM-00731,SIM-NO_LOCK-00731,CUS-00731,FSI-00167,1,NO_LOCK,pool-1-thread-731,3844325315100,3844692258500,true,
TXN-NO_LOCK-00522,REQ-SIM-00522,SIM-NO_LOCK-00522,CUS-00522,FSI-00167,1,NO_LOCK,pool-1-thread-522,3844320532400,3844692282300,true,
TXN-NO_LOCK-00737,REQ-SIM-00737,SIM-NO_LOCK-00737,CUS-00737,FSI-00167,1,NO_LOCK,pool-1-thread-737,3844325469000,3844692292800,true,
TXN-NO_LOCK-00947,REQ-SIM-00947,SIM-NO_LOCK-00947,CUS-00947,FSI-00167,1,NO_LOCK,pool-1-thread-947,3844330775000,3844692307700,true,
TXN-NO_LOCK-00535,REQ-SIM-00535,SIM-NO_LOCK-00535,CUS-00535,FSI-00167,1,NO_LOCK,pool-1-thread-535,3844320866600,3844692304800,true,
TXN-NO_LOCK-00697,REQ-SIM-00697,SIM-NO_LOCK-00697,CUS-00697,FSI-00167,1,NO_LOCK,pool-1-thread-697,3844324591700,3844692172200,true,
TXN-NO_LOCK-00520,REQ-SIM-00520,SIM-NO_LOCK-00520,CUS-00520,FSI-00167,1,NO_LOCK,pool-1-thread-520,3844320473200,3844692368100,true,
TXN-NO_LOCK-00750,REQ-SIM-00750,SIM-NO_LOCK-00750,CUS-00750,FSI-00167,1,NO_LOCK,pool-1-thread-750,3844325731600,3844692574700,true,
TXN-NO_LOCK-00948,REQ-SIM-00948,SIM-NO_LOCK-00948,CUS-00948,FSI-00167,1,NO_LOCK,pool-1-thread-948,3844330819200,3844692580500,true,
TXN-NO_LOCK-00370,REQ-SIM-00370,SIM-NO_LOCK-00370,CUS-00370,FSI-00167,1,NO_LOCK,pool-1-thread-370,3844316403000,3844692505700,true,
TXN-NO_LOCK-00529,REQ-SIM-00529,SIM-NO_LOCK-00529,CUS-00529,FSI-00167,1,NO_LOCK,pool-1-thread-529,3844320684400,3844692639600,true,
TXN-NO_LOCK-00713,REQ-SIM-00713,SIM-NO_LOCK-00713,CUS-00713,FSI-00167,1,NO_LOCK,pool-1-thread-713,3844324935200,3844692716400,true,
TXN-NO_LOCK-00617,REQ-SIM-00617,SIM-NO_LOCK-00617,CUS-00617,FSI-00167,1,NO_LOCK,pool-1-thread-617,3844322724600,3844692701500,true,
TXN-NO_LOCK-00565,REQ-SIM-00565,SIM-NO_LOCK-00565,CUS-00565,FSI-00167,1,NO_LOCK,pool-1-thread-565,3844321580500,3844692785900,true,
TXN-NO_LOCK-00557,REQ-SIM-00557,SIM-NO_LOCK-00557,CUS-00557,FSI-00167,1,NO_LOCK,pool-1-thread-557,3844321440900,3844692887200,true,
TXN-NO_LOCK-00361,REQ-SIM-00361,SIM-NO_LOCK-00361,CUS-00361,FSI-00167,1,NO_LOCK,pool-1-thread-361,3844316150500,3844692907900,true,
TXN-NO_LOCK-00695,REQ-SIM-00695,SIM-NO_LOCK-00695,CUS-00695,FSI-00167,1,NO_LOCK,pool-1-thread-695,3844324562300,3844692916400,true,
TXN-NO_LOCK-00706,REQ-SIM-00706,SIM-NO_LOCK-00706,CUS-00706,FSI-00167,1,NO_LOCK,pool-1-thread-706,3844324788100,3844693026900,true,
TXN-NO_LOCK-00534,REQ-SIM-00534,SIM-NO_LOCK-00534,CUS-00534,FSI-00167,1,NO_LOCK,pool-1-thread-534,3844320849900,3844693033700,true,
TXN-NO_LOCK-00577,REQ-SIM-00577,SIM-NO_LOCK-00577,CUS-00577,FSI-00167,1,NO_LOCK,pool-1-thread-577,3844321811900,3844693230800,true,
TXN-NO_LOCK-00409,REQ-SIM-00409,SIM-NO_LOCK-00409,CUS-00409,FSI-00167,1,NO_LOCK,pool-1-thread-409,3844317310100,3844693245100,true,
TXN-NO_LOCK-00744,REQ-SIM-00744,SIM-NO_LOCK-00744,CUS-00744,FSI-00167,1,NO_LOCK,pool-1-thread-744,3844325623300,3844693225100,true,
TXN-NO_LOCK-00521,REQ-SIM-00521,SIM-NO_LOCK-00521,CUS-00521,FSI-00167,1,NO_LOCK,pool-1-thread-521,3844320517100,3844693244100,true,
TXN-NO_LOCK-00575,REQ-SIM-00575,SIM-NO_LOCK-00575,CUS-00575,FSI-00167,1,NO_LOCK,pool-1-thread-575,3844321768600,3844693219300,true,
TXN-NO_LOCK-00570,REQ-SIM-00570,SIM-NO_LOCK-00570,CUS-00570,FSI-00167,1,NO_LOCK,pool-1-thread-570,3844321673900,3844693412500,true,
TXN-NO_LOCK-00391,REQ-SIM-00391,SIM-NO_LOCK-00391,CUS-00391,FSI-00167,1,NO_LOCK,pool-1-thread-391,3844316890500,3844693508600,true,
TXN-NO_LOCK-00082,REQ-SIM-00082,SIM-NO_LOCK-00082,CUS-00082,FSI-00167,1,NO_LOCK,pool-1-thread-82,3844307743600,3844693542400,true,
TXN-NO_LOCK-00971,REQ-SIM-00971,SIM-NO_LOCK-00971,CUS-00971,FSI-00167,1,NO_LOCK,pool-1-thread-971,3844331399900,3844693583400,true,
TXN-NO_LOCK-00050,REQ-SIM-00050,SIM-NO_LOCK-00050,CUS-00050,FSI-00167,1,NO_LOCK,pool-1-thread-50,3844306985600,3844693515100,true,
TXN-NO_LOCK-00582,REQ-SIM-00582,SIM-NO_LOCK-00582,CUS-00582,FSI-00167,1,NO_LOCK,pool-1-thread-582,3844321923900,3844693516700,true,
TXN-NO_LOCK-00743,REQ-SIM-00743,SIM-NO_LOCK-00743,CUS-00743,FSI-00167,1,NO_LOCK,pool-1-thread-743,3844325606800,3844693637700,true,
TXN-NO_LOCK-00907,REQ-SIM-00907,SIM-NO_LOCK-00907,CUS-00907,FSI-00167,1,NO_LOCK,pool-1-thread-907,3844329741000,3844693652200,true,
TXN-NO_LOCK-00879,REQ-SIM-00879,SIM-NO_LOCK-00879,CUS-00879,FSI-00167,1,NO_LOCK,pool-1-thread-879,3844328886300,3844693679700,true,
TXN-NO_LOCK-00629,REQ-SIM-00629,SIM-NO_LOCK-00629,CUS-00629,FSI-00167,1,NO_LOCK,pool-1-thread-629,3844323000100,3844693453200,true,
TXN-NO_LOCK-00939,REQ-SIM-00939,SIM-NO_LOCK-00939,CUS-00939,FSI-00167,1,NO_LOCK,pool-1-thread-939,3844330560400,3844693704600,true,
TXN-NO_LOCK-00689,REQ-SIM-00689,SIM-NO_LOCK-00689,CUS-00689,FSI-00167,1,NO_LOCK,pool-1-thread-689,3844324415800,3844693746800,true,
TXN-NO_LOCK-00927,REQ-SIM-00927,SIM-NO_LOCK-00927,CUS-00927,FSI-00167,1,NO_LOCK,pool-1-thread-927,3844330239600,3844693804800,true,
TXN-NO_LOCK-00688,REQ-SIM-00688,SIM-NO_LOCK-00688,CUS-00688,FSI-00167,1,NO_LOCK,pool-1-thread-688,3844324386400,3844693820400,true,
TXN-NO_LOCK-00752,REQ-SIM-00752,SIM-NO_LOCK-00752,CUS-00752,FSI-00167,1,NO_LOCK,pool-1-thread-752,3844325783500,3844693867800,true,
TXN-NO_LOCK-00943,REQ-SIM-00943,SIM-NO_LOCK-00943,CUS-00943,FSI-00167,1,NO_LOCK,pool-1-thread-943,3844330699000,3844693906300,true,
TXN-NO_LOCK-00572,REQ-SIM-00572,SIM-NO_LOCK-00572,CUS-00572,FSI-00167,1,NO_LOCK,pool-1-thread-572,3844321715400,3844694017700,true,
TXN-NO_LOCK-00926,REQ-SIM-00926,SIM-NO_LOCK-00926,CUS-00926,FSI-00167,1,NO_LOCK,pool-1-thread-926,3844330216100,3844694062800,true,
TXN-NO_LOCK-00909,REQ-SIM-00909,SIM-NO_LOCK-00909,CUS-00909,FSI-00167,1,NO_LOCK,pool-1-thread-909,3844329779500,3844693896800,true,
TXN-NO_LOCK-00411,REQ-SIM-00411,SIM-NO_LOCK-00411,CUS-00411,FSI-00167,1,NO_LOCK,pool-1-thread-411,3844317339600,3844694082600,true,
TXN-NO_LOCK-00931,REQ-SIM-00931,SIM-NO_LOCK-00931,CUS-00931,FSI-00167,1,NO_LOCK,pool-1-thread-931,3844330324000,3844694157300,true,
TXN-NO_LOCK-00717,REQ-SIM-00717,SIM-NO_LOCK-00717,CUS-00717,FSI-00167,1,NO_LOCK,pool-1-thread-717,3844325020500,3844694201700,true,
TXN-NO_LOCK-00700,REQ-SIM-00700,SIM-NO_LOCK-00700,CUS-00700,FSI-00167,1,NO_LOCK,pool-1-thread-700,3844324654000,3844694199500,true,
TXN-NO_LOCK-00555,REQ-SIM-00555,SIM-NO_LOCK-00555,CUS-00555,FSI-00167,1,NO_LOCK,pool-1-thread-555,3844321390400,3844694218000,true,
TXN-NO_LOCK-00831,REQ-SIM-00831,SIM-NO_LOCK-00831,CUS-00831,FSI-00167,1,NO_LOCK,pool-1-thread-831,3844327678700,3844694259400,true,
TXN-NO_LOCK-00891,REQ-SIM-00891,SIM-NO_LOCK-00891,CUS-00891,FSI-00167,1,NO_LOCK,pool-1-thread-891,3844329244400,3844694288400,true,
TXN-NO_LOCK-00915,REQ-SIM-00915,SIM-NO_LOCK-00915,CUS-00915,FSI-00167,1,NO_LOCK,pool-1-thread-915,3844329910400,3844694297000,true,
TXN-NO_LOCK-00047,REQ-SIM-00047,SIM-NO_LOCK-00047,CUS-00047,FSI-00167,1,NO_LOCK,pool-1-thread-47,3844306954800,3844694334200,true,
TXN-NO_LOCK-00867,REQ-SIM-00867,SIM-NO_LOCK-00867,CUS-00867,FSI-00167,1,NO_LOCK,pool-1-thread-867,3844328578100,3844694381800,true,
TXN-NO_LOCK-00903,REQ-SIM-00903,SIM-NO_LOCK-00903,CUS-00903,FSI-00167,1,NO_LOCK,pool-1-thread-903,3844329620200,3844694443500,true,
TXN-NO_LOCK-00548,REQ-SIM-00548,SIM-NO_LOCK-00548,CUS-00548,FSI-00167,1,NO_LOCK,pool-1-thread-548,3844321231900,3844694434100,true,
TXN-NO_LOCK-00165,REQ-SIM-00165,SIM-NO_LOCK-00165,CUS-00165,FSI-00167,1,NO_LOCK,pool-1-thread-165,3844311434200,3844694464000,true,
TXN-NO_LOCK-00632,REQ-SIM-00632,SIM-NO_LOCK-00632,CUS-00632,FSI-00167,1,NO_LOCK,pool-1-thread-632,3844323107800,3844694492200,true,
TXN-NO_LOCK-00602,REQ-SIM-00602,SIM-NO_LOCK-00602,CUS-00602,FSI-00167,1,NO_LOCK,pool-1-thread-602,3844322354500,3844694508000,true,
TXN-NO_LOCK-00746,REQ-SIM-00746,SIM-NO_LOCK-00746,CUS-00746,FSI-00167,1,NO_LOCK,pool-1-thread-746,3844325649200,3844694547300,true,
TXN-NO_LOCK-00319,REQ-SIM-00319,SIM-NO_LOCK-00319,CUS-00319,FSI-00167,1,NO_LOCK,pool-1-thread-319,3844315091300,3844694608300,true,
TXN-NO_LOCK-00698,REQ-SIM-00698,SIM-NO_LOCK-00698,CUS-00698,FSI-00167,1,NO_LOCK,pool-1-thread-698,3844324619000,3844694701100,true,
TXN-NO_LOCK-00518,REQ-SIM-00518,SIM-NO_LOCK-00518,CUS-00518,FSI-00167,1,NO_LOCK,pool-1-thread-518,3844320411600,3844694718800,true,
TXN-NO_LOCK-00936,REQ-SIM-00936,SIM-NO_LOCK-00936,CUS-00936,FSI-00167,1,NO_LOCK,pool-1-thread-936,3844330461500,3844694772800,true,
TXN-NO_LOCK-00922,REQ-SIM-00922,SIM-NO_LOCK-00922,CUS-00922,FSI-00167,1,NO_LOCK,pool-1-thread-922,3844330067800,3844694789000,true,
TXN-NO_LOCK-00924,REQ-SIM-00924,SIM-NO_LOCK-00924,CUS-00924,FSI-00167,1,NO_LOCK,pool-1-thread-924,3844330172700,3844694800600,true,
TXN-NO_LOCK-00842,REQ-SIM-00842,SIM-NO_LOCK-00842,CUS-00842,FSI-00167,1,NO_LOCK,pool-1-thread-842,3844327953600,3844694709600,true,
TXN-NO_LOCK-00761,REQ-SIM-00761,SIM-NO_LOCK-00761,CUS-00761,FSI-00167,1,NO_LOCK,pool-1-thread-761,3844325985700,3844694847700,true,
TXN-NO_LOCK-00379,REQ-SIM-00379,SIM-NO_LOCK-00379,CUS-00379,FSI-00167,1,NO_LOCK,pool-1-thread-379,3844316607400,3844694860600,true,
TXN-NO_LOCK-00633,REQ-SIM-00633,SIM-NO_LOCK-00633,CUS-00633,FSI-00167,1,NO_LOCK,pool-1-thread-633,3844323158600,3844694956800,true,
TXN-NO_LOCK-00916,REQ-SIM-00916,SIM-NO_LOCK-00916,CUS-00916,FSI-00167,1,NO_LOCK,pool-1-thread-916,3844329939000,3844694960500,true,
TXN-NO_LOCK-00954,REQ-SIM-00954,SIM-NO_LOCK-00954,CUS-00954,FSI-00167,1,NO_LOCK,pool-1-thread-954,3844330984600,3844695035300,true,
TXN-NO_LOCK-00747,REQ-SIM-00747,SIM-NO_LOCK-00747,CUS-00747,FSI-00167,1,NO_LOCK,pool-1-thread-747,3844325686700,3844695050900,true,
TXN-NO_LOCK-00420,REQ-SIM-00420,SIM-NO_LOCK-00420,CUS-00420,FSI-00167,1,NO_LOCK,pool-1-thread-420,3844317615200,3844695074700,true,
TXN-NO_LOCK-00587,REQ-SIM-00587,SIM-NO_LOCK-00587,CUS-00587,FSI-00167,1,NO_LOCK,pool-1-thread-587,3844322015600,3844695119800,true,
TXN-NO_LOCK-00325,REQ-SIM-00325,SIM-NO_LOCK-00325,CUS-00325,FSI-00167,1,NO_LOCK,pool-1-thread-325,3844315220800,3844695150900,true,
TXN-NO_LOCK-00836,REQ-SIM-00836,SIM-NO_LOCK-00836,CUS-00836,FSI-00167,1,NO_LOCK,pool-1-thread-836,3844327813100,3844695173200,true,
TXN-NO_LOCK-00430,REQ-SIM-00430,SIM-NO_LOCK-00430,CUS-00430,FSI-00167,1,NO_LOCK,pool-1-thread-430,3844317852200,3844695119800,true,
TXN-NO_LOCK-00721,REQ-SIM-00721,SIM-NO_LOCK-00721,CUS-00721,FSI-00167,1,NO_LOCK,pool-1-thread-721,3844325078100,3844695225100,true,
TXN-NO_LOCK-00404,REQ-SIM-00404,SIM-NO_LOCK-00404,CUS-00404,FSI-00167,1,NO_LOCK,pool-1-thread-404,3844317206900,3844695231100,true,
TXN-NO_LOCK-00055,REQ-SIM-00055,SIM-NO_LOCK-00055,CUS-00055,FSI-00167,1,NO_LOCK,pool-1-thread-55,3844307048600,3844695260000,true,
TXN-NO_LOCK-00560,REQ-SIM-00560,SIM-NO_LOCK-00560,CUS-00560,FSI-00167,1,NO_LOCK,pool-1-thread-560,3844321486300,3844695254000,true,
TXN-NO_LOCK-00755,REQ-SIM-00755,SIM-NO_LOCK-00755,CUS-00755,FSI-00167,1,NO_LOCK,pool-1-thread-755,3844325835200,3844695289100,true,
TXN-NO_LOCK-00955,REQ-SIM-00955,SIM-NO_LOCK-00955,CUS-00955,FSI-00167,1,NO_LOCK,pool-1-thread-955,3844331007000,3844695302300,true,
TXN-NO_LOCK-00711,REQ-SIM-00711,SIM-NO_LOCK-00711,CUS-00711,FSI-00167,1,NO_LOCK,pool-1-thread-711,3844324906700,3844694827400,true,
TXN-NO_LOCK-00758,REQ-SIM-00758,SIM-NO_LOCK-00758,CUS-00758,FSI-00167,1,NO_LOCK,pool-1-thread-758,3844325898500,3844695338600,true,
TXN-NO_LOCK-00500,REQ-SIM-00500,SIM-NO_LOCK-00500,CUS-00500,FSI-00167,1,NO_LOCK,pool-1-thread-500,3844319936000,3844695429900,true,
TXN-NO_LOCK-00960,REQ-SIM-00960,SIM-NO_LOCK-00960,CUS-00960,FSI-00167,1,NO_LOCK,pool-1-thread-960,3844331142000,3844695419700,true,
TXN-NO_LOCK-00119,REQ-SIM-00119,SIM-NO_LOCK-00119,CUS-00119,FSI-00167,1,NO_LOCK,pool-1-thread-119,3844310313000,3844695489100,true,
TXN-NO_LOCK-00324,REQ-SIM-00324,SIM-NO_LOCK-00324,CUS-00324,FSI-00167,1,NO_LOCK,pool-1-thread-324,3844315203200,3844695571800,true,
TXN-NO_LOCK-00896,REQ-SIM-00896,SIM-NO_LOCK-00896,CUS-00896,FSI-00167,1,NO_LOCK,pool-1-thread-896,3844329381900,3844695561100,true,
TXN-NO_LOCK-00860,REQ-SIM-00860,SIM-NO_LOCK-00860,CUS-00860,FSI-00167,1,NO_LOCK,pool-1-thread-860,3844328416000,3844695615900,true,
TXN-NO_LOCK-00322,REQ-SIM-00322,SIM-NO_LOCK-00322,CUS-00322,FSI-00167,1,NO_LOCK,pool-1-thread-322,3844315153200,3844695644200,true,
TXN-NO_LOCK-00563,REQ-SIM-00563,SIM-NO_LOCK-00563,CUS-00563,FSI-00167,1,NO_LOCK,pool-1-thread-563,3844321535200,3844695644300,true,
TXN-NO_LOCK-00626,REQ-SIM-00626,SIM-NO_LOCK-00626,CUS-00626,FSI-00167,1,NO_LOCK,pool-1-thread-626,3844322941600,3844695671900,true,
TXN-NO_LOCK-00574,REQ-SIM-00574,SIM-NO_LOCK-00574,CUS-00574,FSI-00167,1,NO_LOCK,pool-1-thread-574,3844321746400,3844695744400,true,
TXN-NO_LOCK-00472,REQ-SIM-00472,SIM-NO_LOCK-00472,CUS-00472,FSI-00167,1,NO_LOCK,pool-1-thread-472,3844319031500,3844695853900,true,
TXN-NO_LOCK-00455,REQ-SIM-00455,SIM-NO_LOCK-00455,CUS-00455,FSI-00167,1,NO_LOCK,pool-1-thread-455,3844318531800,3844695836000,true,
TXN-NO_LOCK-00723,REQ-SIM-00723,SIM-NO_LOCK-00723,CUS-00723,FSI-00167,1,NO_LOCK,pool-1-thread-723,3844325163000,3844695905300,true,
TXN-NO_LOCK-00513,REQ-SIM-00513,SIM-NO_LOCK-00513,CUS-00513,FSI-00167,1,NO_LOCK,pool-1-thread-513,3844320290600,3844695929500,true,
TXN-NO_LOCK-00348,REQ-SIM-00348,SIM-NO_LOCK-00348,CUS-00348,FSI-00167,1,NO_LOCK,pool-1-thread-348,3844315809400,3844695939600,true,
TXN-NO_LOCK-00526,REQ-SIM-00526,SIM-NO_LOCK-00526,CUS-00526,FSI-00167,1,NO_LOCK,pool-1-thread-526,3844320609900,3844695762900,true,
TXN-NO_LOCK-00395,REQ-SIM-00395,SIM-NO_LOCK-00395,CUS-00395,FSI-00167,1,NO_LOCK,pool-1-thread-395,3844316998900,3844695962300,true,
TXN-NO_LOCK-00921,REQ-SIM-00921,SIM-NO_LOCK-00921,CUS-00921,FSI-00167,1,NO_LOCK,pool-1-thread-921,3844330048400,3844695991800,true,
TXN-NO_LOCK-00494,REQ-SIM-00494,SIM-NO_LOCK-00494,CUS-00494,FSI-00167,1,NO_LOCK,pool-1-thread-494,3844319780600,3844696057700,true,
TXN-NO_LOCK-00958,REQ-SIM-00958,SIM-NO_LOCK-00958,CUS-00958,FSI-00167,1,NO_LOCK,pool-1-thread-958,3844331108400,3844696067700,true,
TXN-NO_LOCK-00148,REQ-SIM-00148,SIM-NO_LOCK-00148,CUS-00148,FSI-00167,1,NO_LOCK,pool-1-thread-148,3844311082700,3844696066100,true,
TXN-NO_LOCK-00386,REQ-SIM-00386,SIM-NO_LOCK-00386,CUS-00386,FSI-00167,1,NO_LOCK,pool-1-thread-386,3844316752800,3844696100500,true,
TXN-NO_LOCK-00388,REQ-SIM-00388,SIM-NO_LOCK-00388,CUS-00388,FSI-00167,1,NO_LOCK,pool-1-thread-388,3844316792500,3844696192700,true,
TXN-NO_LOCK-00380,REQ-SIM-00380,SIM-NO_LOCK-00380,CUS-00380,FSI-00167,1,NO_LOCK,pool-1-thread-380,3844316630600,3844696164700,true,
TXN-NO_LOCK-00385,REQ-SIM-00385,SIM-NO_LOCK-00385,CUS-00385,FSI-00167,1,NO_LOCK,pool-1-thread-385,3844316735000,3844696250900,true,
TXN-NO_LOCK-00505,REQ-SIM-00505,SIM-NO_LOCK-00505,CUS-00505,FSI-00167,1,NO_LOCK,pool-1-thread-505,3844320100100,3844696307700,true,
TXN-NO_LOCK-00401,REQ-SIM-00401,SIM-NO_LOCK-00401,CUS-00401,FSI-00167,1,NO_LOCK,pool-1-thread-401,3844317141100,3844696352000,true,
TXN-NO_LOCK-00432,REQ-SIM-00432,SIM-NO_LOCK-00432,CUS-00432,FSI-00167,1,NO_LOCK,pool-1-thread-432,3844317868000,3844696424500,true,
TXN-NO_LOCK-00443,REQ-SIM-00443,SIM-NO_LOCK-00443,CUS-00443,FSI-00167,1,NO_LOCK,pool-1-thread-443,3844318172300,3844696210800,true,
TXN-NO_LOCK-00142,REQ-SIM-00142,SIM-NO_LOCK-00142,CUS-00142,FSI-00167,1,NO_LOCK,pool-1-thread-142,3844310939800,3844696417000,true,
TXN-NO_LOCK-00041,REQ-SIM-00041,SIM-NO_LOCK-00041,CUS-00041,FSI-00167,1,NO_LOCK,pool-1-thread-41,3844306880400,3844696449400,true,
TXN-NO_LOCK-00715,REQ-SIM-00715,SIM-NO_LOCK-00715,CUS-00715,FSI-00167,1,NO_LOCK,pool-1-thread-715,3844324990800,3844696469300,true,
TXN-NO_LOCK-00264,REQ-SIM-00264,SIM-NO_LOCK-00264,CUS-00264,FSI-00167,1,NO_LOCK,pool-1-thread-264,3844313891100,3844696488100,true,
TXN-NO_LOCK-00360,REQ-SIM-00360,SIM-NO_LOCK-00360,CUS-00360,FSI-00167,1,NO_LOCK,pool-1-thread-360,3844316130200,3844696297900,true,
TXN-NO_LOCK-00470,REQ-SIM-00470,SIM-NO_LOCK-00470,CUS-00470,FSI-00167,1,NO_LOCK,pool-1-thread-470,3844318979600,3844696503100,true,
TXN-NO_LOCK-00951,REQ-SIM-00951,SIM-NO_LOCK-00951,CUS-00951,FSI-00167,1,NO_LOCK,pool-1-thread-951,3844330870900,3844696517800,true,
TXN-NO_LOCK-00591,REQ-SIM-00591,SIM-NO_LOCK-00591,CUS-00591,FSI-00167,1,NO_LOCK,pool-1-thread-591,3844322142800,3844696302600,true,
TXN-NO_LOCK-00042,REQ-SIM-00042,SIM-NO_LOCK-00042,CUS-00042,FSI-00167,1,NO_LOCK,pool-1-thread-42,3844306889500,3844696600400,true,
TXN-NO_LOCK-00140,REQ-SIM-00140,SIM-NO_LOCK-00140,CUS-00140,FSI-00167,1,NO_LOCK,pool-1-thread-140,3844310890500,3844696565800,true,
TXN-NO_LOCK-00146,REQ-SIM-00146,SIM-NO_LOCK-00146,CUS-00146,FSI-00167,1,NO_LOCK,pool-1-thread-146,3844311046400,3844696634100,true,
TXN-NO_LOCK-00445,REQ-SIM-00445,SIM-NO_LOCK-00445,CUS-00445,FSI-00167,1,NO_LOCK,pool-1-thread-445,3844318208900,3844696696900,true,
TXN-NO_LOCK-00542,REQ-SIM-00542,SIM-NO_LOCK-00542,CUS-00542,FSI-00167,1,NO_LOCK,pool-1-thread-542,3844321100300,3844696768300,true,
TXN-NO_LOCK-00531,REQ-SIM-00531,SIM-NO_LOCK-00531,CUS-00531,FSI-00167,1,NO_LOCK,pool-1-thread-531,3844320719700,3844696672900,true,
TXN-NO_LOCK-00967,REQ-SIM-00967,SIM-NO_LOCK-00967,CUS-00967,FSI-00167,1,NO_LOCK,pool-1-thread-967,3844331309300,3844696769800,true,
TXN-NO_LOCK-00394,REQ-SIM-00394,SIM-NO_LOCK-00394,CUS-00394,FSI-00167,1,NO_LOCK,pool-1-thread-394,3844316941000,3844696759400,true,
TXN-NO_LOCK-00475,REQ-SIM-00475,SIM-NO_LOCK-00475,CUS-00475,FSI-00167,1,NO_LOCK,pool-1-thread-475,3844319079200,3844696817400,true,
TXN-NO_LOCK-00011,REQ-SIM-00011,SIM-NO_LOCK-00011,CUS-00011,FSI-00167,1,NO_LOCK,pool-1-thread-11,3844306468900,3844696810600,true,
TXN-NO_LOCK-00462,REQ-SIM-00462,SIM-NO_LOCK-00462,CUS-00462,FSI-00167,1,NO_LOCK,pool-1-thread-462,3844318799200,3844696832900,true,
TXN-NO_LOCK-00438,REQ-SIM-00438,SIM-NO_LOCK-00438,CUS-00438,FSI-00167,1,NO_LOCK,pool-1-thread-438,3844318041700,3844696707200,true,
TXN-NO_LOCK-00413,REQ-SIM-00413,SIM-NO_LOCK-00413,CUS-00413,FSI-00167,1,NO_LOCK,pool-1-thread-413,3844317374000,3844696755700,true,
TXN-NO_LOCK-00683,REQ-SIM-00683,SIM-NO_LOCK-00683,CUS-00683,FSI-00167,1,NO_LOCK,pool-1-thread-683,3844324294500,3844696872200,true,
TXN-NO_LOCK-00093,REQ-SIM-00093,SIM-NO_LOCK-00093,CUS-00093,FSI-00167,1,NO_LOCK,pool-1-thread-93,3844308621300,3844696878900,true,
TXN-NO_LOCK-00407,REQ-SIM-00407,SIM-NO_LOCK-00407,CUS-00407,FSI-00167,1,NO_LOCK,pool-1-thread-407,3844317252700,3844696924700,true,
TXN-NO_LOCK-00426,REQ-SIM-00426,SIM-NO_LOCK-00426,CUS-00426,FSI-00167,1,NO_LOCK,pool-1-thread-426,3844317769800,3844696935600,true,
TXN-NO_LOCK-00539,REQ-SIM-00539,SIM-NO_LOCK-00539,CUS-00539,FSI-00167,1,NO_LOCK,pool-1-thread-539,3844320977500,3844696981900,true,
TXN-NO_LOCK-00185,REQ-SIM-00185,SIM-NO_LOCK-00185,CUS-00185,FSI-00167,1,NO_LOCK,pool-1-thread-185,3844311868600,3844696995300,true,
TXN-NO_LOCK-00415,REQ-SIM-00415,SIM-NO_LOCK-00415,CUS-00415,FSI-00167,1,NO_LOCK,pool-1-thread-415,3844317470900,3844697083500,true,
TXN-NO_LOCK-00366,REQ-SIM-00366,SIM-NO_LOCK-00366,CUS-00366,FSI-00167,1,NO_LOCK,pool-1-thread-366,3844316277600,3844697117500,true,
TXN-NO_LOCK-00408,REQ-SIM-00408,SIM-NO_LOCK-00408,CUS-00408,FSI-00167,1,NO_LOCK,pool-1-thread-408,3844317270800,3844697166500,true,
TXN-NO_LOCK-00377,REQ-SIM-00377,SIM-NO_LOCK-00377,CUS-00377,FSI-00167,1,NO_LOCK,pool-1-thread-377,3844316544700,3844697224100,true,
TXN-NO_LOCK-00358,REQ-SIM-00358,SIM-NO_LOCK-00358,CUS-00358,FSI-00167,1,NO_LOCK,pool-1-thread-358,3844316023300,3844697237700,true,
TXN-NO_LOCK-00677,REQ-SIM-00677,SIM-NO_LOCK-00677,CUS-00677,FSI-00167,1,NO_LOCK,pool-1-thread-677,3844324153300,3844697246900,true,
TXN-NO_LOCK-00347,REQ-SIM-00347,SIM-NO_LOCK-00347,CUS-00347,FSI-00167,1,NO_LOCK,pool-1-thread-347,3844315792800,3844697381500,true,
TXN-NO_LOCK-00439,REQ-SIM-00439,SIM-NO_LOCK-00439,CUS-00439,FSI-00167,1,NO_LOCK,pool-1-thread-439,3844318110900,3844697392200,true,
TXN-NO_LOCK-00959,REQ-SIM-00959,SIM-NO_LOCK-00959,CUS-00959,FSI-00167,1,NO_LOCK,pool-1-thread-959,3844331126100,3844697461700,true,
TXN-NO_LOCK-00682,REQ-SIM-00682,SIM-NO_LOCK-00682,CUS-00682,FSI-00167,1,NO_LOCK,pool-1-thread-682,3844324246900,3844697473200,true,
TXN-NO_LOCK-00719,REQ-SIM-00719,SIM-NO_LOCK-00719,CUS-00719,FSI-00167,1,NO_LOCK,pool-1-thread-719,3844325045300,3844697522000,true,
TXN-NO_LOCK-00664,REQ-SIM-00664,SIM-NO_LOCK-00664,CUS-00664,FSI-00167,1,NO_LOCK,pool-1-thread-664,3844323847300,3844697533800,true,
TXN-NO_LOCK-00988,REQ-SIM-00988,SIM-NO_LOCK-00988,CUS-00988,FSI-00167,1,NO_LOCK,pool-1-thread-988,3844331758300,3844697604200,true,
TXN-NO_LOCK-00080,REQ-SIM-00080,SIM-NO_LOCK-00080,CUS-00080,FSI-00167,1,NO_LOCK,pool-1-thread-80,3844307537900,3844697603000,true,
TXN-NO_LOCK-00652,REQ-SIM-00652,SIM-NO_LOCK-00652,CUS-00652,FSI-00167,1,NO_LOCK,pool-1-thread-652,3844323587800,3844697633600,true,
TXN-NO_LOCK-01000,REQ-SIM-01000,SIM-NO_LOCK-01000,CUS-01000,FSI-00167,1,NO_LOCK,pool-1-thread-1000,3844331992100,3844697757500,true,
TXN-NO_LOCK-00983,REQ-SIM-00983,SIM-NO_LOCK-00983,CUS-00983,FSI-00167,1,NO_LOCK,pool-1-thread-983,3844331660000,3844697769900,true,
TXN-NO_LOCK-00019,REQ-SIM-00019,SIM-NO_LOCK-00019,CUS-00019,FSI-00167,1,NO_LOCK,pool-1-thread-19,3844306574200,3844697851700,true,
TXN-NO_LOCK-00994,REQ-SIM-00994,SIM-NO_LOCK-00994,CUS-00994,FSI-00167,1,NO_LOCK,pool-1-thread-994,3844331879400,3844697868300,true,
TXN-NO_LOCK-00593,REQ-SIM-00593,SIM-NO_LOCK-00593,CUS-00593,FSI-00167,1,NO_LOCK,pool-1-thread-593,3844322176000,3844697870300,true,
TXN-NO_LOCK-00433,REQ-SIM-00433,SIM-NO_LOCK-00433,CUS-00433,FSI-00167,1,NO_LOCK,pool-1-thread-433,3844317967200,3844697994300,true,
TXN-NO_LOCK-00089,REQ-SIM-00089,SIM-NO_LOCK-00089,CUS-00089,FSI-00167,1,NO_LOCK,pool-1-thread-89,3844308099500,3844698008600,true,
TXN-NO_LOCK-00414,REQ-SIM-00414,SIM-NO_LOCK-00414,CUS-00414,FSI-00167,1,NO_LOCK,pool-1-thread-414,3844317413600,3844698052400,true,
TXN-NO_LOCK-00451,REQ-SIM-00451,SIM-NO_LOCK-00451,CUS-00451,FSI-00167,1,NO_LOCK,pool-1-thread-451,3844318339600,3844698128000,true,
TXN-NO_LOCK-00995,REQ-SIM-00995,SIM-NO_LOCK-00995,CUS-00995,FSI-00167,1,NO_LOCK,pool-1-thread-995,3844331904700,3844697950300,true,
TXN-NO_LOCK-00007,REQ-SIM-00007,SIM-NO_LOCK-00007,CUS-00007,FSI-00167,1,NO_LOCK,pool-1-thread-7,3844306422300,3844698191200,true,
TXN-NO_LOCK-00646,REQ-SIM-00646,SIM-NO_LOCK-00646,CUS-00646,FSI-00167,1,NO_LOCK,pool-1-thread-646,3844323436500,3844698189700,true,
TXN-NO_LOCK-00492,REQ-SIM-00492,SIM-NO_LOCK-00492,CUS-00492,FSI-00167,1,NO_LOCK,pool-1-thread-492,3844319751000,3844698202800,true,
TXN-NO_LOCK-00640,REQ-SIM-00640,SIM-NO_LOCK-00640,CUS-00640,FSI-00167,1,NO_LOCK,pool-1-thread-640,3844323334100,3844697951100,true,
TXN-NO_LOCK-00083,REQ-SIM-00083,SIM-NO_LOCK-00083,CUS-00083,FSI-00167,1,NO_LOCK,pool-1-thread-83,3844307834300,3844698285900,true,
TXN-NO_LOCK-00504,REQ-SIM-00504,SIM-NO_LOCK-00504,CUS-00504,FSI-00167,1,NO_LOCK,pool-1-thread-504,3844320003600,3844698401900,true,
TXN-NO_LOCK-00061,REQ-SIM-00061,SIM-NO_LOCK-00061,CUS-00061,FSI-00167,1,NO_LOCK,pool-1-thread-61,3844307120800,3844698398800,true,
TXN-NO_LOCK-00355,REQ-SIM-00355,SIM-NO_LOCK-00355,CUS-00355,FSI-00167,1,NO_LOCK,pool-1-thread-355,3844315962300,3844698449300,true,
TXN-NO_LOCK-00001,REQ-SIM-00001,SIM-NO_LOCK-00001,CUS-00001,FSI-00167,1,NO_LOCK,pool-1-thread-1,3844306333900,3844698300800,true,
TXN-NO_LOCK-00611,REQ-SIM-00611,SIM-NO_LOCK-00611,CUS-00611,FSI-00167,1,NO_LOCK,pool-1-thread-611,3844322603500,3844698471300,true,
TXN-NO_LOCK-00486,REQ-SIM-00486,SIM-NO_LOCK-00486,CUS-00486,FSI-00167,1,NO_LOCK,pool-1-thread-486,3844319457300,3844698524800,true,
TXN-NO_LOCK-00038,REQ-SIM-00038,SIM-NO_LOCK-00038,CUS-00038,FSI-00167,1,NO_LOCK,pool-1-thread-38,3844306843100,3844698597800,true,
TXN-NO_LOCK-00073,REQ-SIM-00073,SIM-NO_LOCK-00073,CUS-00073,FSI-00167,1,NO_LOCK,pool-1-thread-73,3844307266800,3844698597800,true,
TXN-NO_LOCK-00031,REQ-SIM-00031,SIM-NO_LOCK-00031,CUS-00031,FSI-00167,1,NO_LOCK,pool-1-thread-31,3844306743700,3844698597800,true,
TXN-NO_LOCK-00094,REQ-SIM-00094,SIM-NO_LOCK-00094,CUS-00094,FSI-00167,1,NO_LOCK,pool-1-thread-94,3844308668000,3844698638000,true,
TXN-NO_LOCK-00044,REQ-SIM-00044,SIM-NO_LOCK-00044,CUS-00044,FSI-00167,1,NO_LOCK,pool-1-thread-44,3844306911900,3844698766100,true,
TXN-NO_LOCK-00493,REQ-SIM-00493,SIM-NO_LOCK-00493,CUS-00493,FSI-00167,1,NO_LOCK,pool-1-thread-493,3844319768300,3844698776800,true,
TXN-NO_LOCK-00397,REQ-SIM-00397,SIM-NO_LOCK-00397,CUS-00397,FSI-00167,1,NO_LOCK,pool-1-thread-397,3844317039500,3844698738200,true,
TXN-NO_LOCK-00125,REQ-SIM-00125,SIM-NO_LOCK-00125,CUS-00125,FSI-00167,1,NO_LOCK,pool-1-thread-125,3844310484200,3844698862600,true,
TXN-NO_LOCK-00100,REQ-SIM-00100,SIM-NO_LOCK-00100,CUS-00100,FSI-00167,1,NO_LOCK,pool-1-thread-100,3844309425700,3844698877000,true,
TXN-NO_LOCK-00079,REQ-SIM-00079,SIM-NO_LOCK-00079,CUS-00079,FSI-00167,1,NO_LOCK,pool-1-thread-79,3844307328600,3844698904500,true,
TXN-NO_LOCK-00043,REQ-SIM-00043,SIM-NO_LOCK-00043,CUS-00043,FSI-00167,1,NO_LOCK,pool-1-thread-43,3844306902200,3844698927900,true,
TXN-NO_LOCK-00118,REQ-SIM-00118,SIM-NO_LOCK-00118,CUS-00118,FSI-00167,1,NO_LOCK,pool-1-thread-118,3844310286300,3844699008200,true,
TXN-NO_LOCK-00014,REQ-SIM-00014,SIM-NO_LOCK-00014,CUS-00014,FSI-00167,1,NO_LOCK,pool-1-thread-14,3844306507800,3844699036300,true,
TXN-NO_LOCK-00797,REQ-SIM-00797,SIM-NO_LOCK-00797,CUS-00797,FSI-00167,1,NO_LOCK,pool-1-thread-797,3844326795800,3844699159500,true,
TXN-NO_LOCK-00136,REQ-SIM-00136,SIM-NO_LOCK-00136,CUS-00136,FSI-00167,1,NO_LOCK,pool-1-thread-136,3844310803900,3844699189000,true,
TXN-NO_LOCK-00940,REQ-SIM-00940,SIM-NO_LOCK-00940,CUS-00940,FSI-00167,1,NO_LOCK,pool-1-thread-940,3844330576800,3844699244200,true,
TXN-NO_LOCK-00844,REQ-SIM-00844,SIM-NO_LOCK-00844,CUS-00844,FSI-00167,1,NO_LOCK,pool-1-thread-844,3844327984700,3844699253200,true,
TXN-NO_LOCK-00851,REQ-SIM-00851,SIM-NO_LOCK-00851,CUS-00851,FSI-00167,1,NO_LOCK,pool-1-thread-851,3844328187800,3844699262900,true,
TXN-NO_LOCK-00839,REQ-SIM-00839,SIM-NO_LOCK-00839,CUS-00839,FSI-00167,1,NO_LOCK,pool-1-thread-839,3844327897300,3844699296200,true,
TXN-NO_LOCK-00062,REQ-SIM-00062,SIM-NO_LOCK-00062,CUS-00062,FSI-00167,1,NO_LOCK,pool-1-thread-62,3844307130900,3844699364200,true,
TXN-NO_LOCK-00101,REQ-SIM-00101,SIM-NO_LOCK-00101,CUS-00101,FSI-00167,1,NO_LOCK,pool-1-thread-101,3844309544600,3844699394100,true,
TXN-NO_LOCK-00056,REQ-SIM-00056,SIM-NO_LOCK-00056,CUS-00056,FSI-00167,1,NO_LOCK,pool-1-thread-56,3844307063400,3844699429000,true,
TXN-NO_LOCK-00049,REQ-SIM-00049,SIM-NO_LOCK-00049,CUS-00049,FSI-00167,1,NO_LOCK,pool-1-thread-49,3844306974100,3844699463300,true,
TXN-NO_LOCK-00013,REQ-SIM-00013,SIM-NO_LOCK-00013,CUS-00013,FSI-00167,1,NO_LOCK,pool-1-thread-13,3844306499000,3844699486200,true,
TXN-NO_LOCK-00025,REQ-SIM-00025,SIM-NO_LOCK-00025,CUS-00025,FSI-00167,1,NO_LOCK,pool-1-thread-25,3844306658600,3844699575400,true,
TXN-NO_LOCK-00935,REQ-SIM-00935,SIM-NO_LOCK-00935,CUS-00935,FSI-00167,1,NO_LOCK,pool-1-thread-935,3844330442700,3844699612600,true,
TXN-NO_LOCK-00190,REQ-SIM-00190,SIM-NO_LOCK-00190,CUS-00190,FSI-00167,1,NO_LOCK,pool-1-thread-190,3844312002700,3844699692400,true,
TXN-NO_LOCK-00845,REQ-SIM-00845,SIM-NO_LOCK-00845,CUS-00845,FSI-00167,1,NO_LOCK,pool-1-thread-845,3844328037400,3844699749500,true,
TXN-NO_LOCK-00989,REQ-SIM-00989,SIM-NO_LOCK-00989,CUS-00989,FSI-00167,1,NO_LOCK,pool-1-thread-989,3844331773500,3844699783200,true,
TXN-NO_LOCK-00112,REQ-SIM-00112,SIM-NO_LOCK-00112,CUS-00112,FSI-00167,1,NO_LOCK,pool-1-thread-112,3844310017800,3844699851400,true,
TXN-NO_LOCK-00712,REQ-SIM-00712,SIM-NO_LOCK-00712,CUS-00712,FSI-00167,1,NO_LOCK,pool-1-thread-712,3844324921800,3844699873800,true,
TXN-NO_LOCK-00454,REQ-SIM-00454,SIM-NO_LOCK-00454,CUS-00454,FSI-00167,1,NO_LOCK,pool-1-thread-454,3844318515400,3844699887700,true,
TXN-NO_LOCK-00173,REQ-SIM-00173,SIM-NO_LOCK-00173,CUS-00173,FSI-00167,1,NO_LOCK,pool-1-thread-173,3844311609400,3844699964300,true,
TXN-NO_LOCK-00026,REQ-SIM-00026,SIM-NO_LOCK-00026,CUS-00026,FSI-00167,1,NO_LOCK,pool-1-thread-26,3844306672000,3844699969200,true,
TXN-NO_LOCK-00172,REQ-SIM-00172,SIM-NO_LOCK-00172,CUS-00172,FSI-00167,1,NO_LOCK,pool-1-thread-172,3844311595800,3844699999400,true,
TXN-NO_LOCK-00941,REQ-SIM-00941,SIM-NO_LOCK-00941,CUS-00941,FSI-00167,1,NO_LOCK,pool-1-thread-941,3844330603200,3844700026300,true,
TXN-NO_LOCK-00008,REQ-SIM-00008,SIM-NO_LOCK-00008,CUS-00008,FSI-00167,1,NO_LOCK,pool-1-thread-8,3844306391100,3844700074600,true,
TXN-NO_LOCK-00020,REQ-SIM-00020,SIM-NO_LOCK-00020,CUS-00020,FSI-00167,1,NO_LOCK,pool-1-thread-20,3844306591100,3844700092200,true,
TXN-NO_LOCK-00449,REQ-SIM-00449,SIM-NO_LOCK-00449,CUS-00449,FSI-00167,1,NO_LOCK,pool-1-thread-449,3844318312400,3844700125800,true,
TXN-NO_LOCK-00383,REQ-SIM-00383,SIM-NO_LOCK-00383,CUS-00383,FSI-00167,1,NO_LOCK,pool-1-thread-383,3844316693300,3844700146000,true,
TXN-NO_LOCK-00107,REQ-SIM-00107,SIM-NO_LOCK-00107,CUS-00107,FSI-00167,1,NO_LOCK,pool-1-thread-107,3844309755600,3844700236600,true,
TXN-NO_LOCK-00178,REQ-SIM-00178,SIM-NO_LOCK-00178,CUS-00178,FSI-00167,1,NO_LOCK,pool-1-thread-178,3844311708500,3844700290500,true,
TXN-NO_LOCK-00167,REQ-SIM-00167,SIM-NO_LOCK-00167,CUS-00167,FSI-00167,1,NO_LOCK,pool-1-thread-167,3844311463600,3844700374100,true,
TXN-NO_LOCK-00179,REQ-SIM-00179,SIM-NO_LOCK-00179,CUS-00179,FSI-00167,1,NO_LOCK,pool-1-thread-179,3844311720300,3844700409800,true,
TXN-NO_LOCK-00068,REQ-SIM-00068,SIM-NO_LOCK-00068,CUS-00068,FSI-00167,1,NO_LOCK,pool-1-thread-68,3844307206900,3844700411000,true,
TXN-NO_LOCK-00106,REQ-SIM-00106,SIM-NO_LOCK-00106,CUS-00106,FSI-00167,1,NO_LOCK,pool-1-thread-106,3844309733400,3844700460700,true,
TXN-NO_LOCK-00952,REQ-SIM-00952,SIM-NO_LOCK-00952,CUS-00952,FSI-00167,1,NO_LOCK,pool-1-thread-952,3844330885500,3844700586000,true,
TXN-NO_LOCK-00479,REQ-SIM-00479,SIM-NO_LOCK-00479,CUS-00479,FSI-00167,1,NO_LOCK,pool-1-thread-479,3844319184300,3844700590100,true,
TXN-NO_LOCK-00491,REQ-SIM-00491,SIM-NO_LOCK-00491,CUS-00491,FSI-00167,1,NO_LOCK,pool-1-thread-491,3844319691300,3844700526400,true,
TXN-NO_LOCK-00497,REQ-SIM-00497,SIM-NO_LOCK-00497,CUS-00497,FSI-00167,1,NO_LOCK,pool-1-thread-497,3844319824800,3844700711900,true,
TXN-NO_LOCK-00143,REQ-SIM-00143,SIM-NO_LOCK-00143,CUS-00143,FSI-00167,1,NO_LOCK,pool-1-thread-143,3844310962300,3844700722800,true,
TXN-NO_LOCK-00628,REQ-SIM-00628,SIM-NO_LOCK-00628,CUS-00628,FSI-00167,1,NO_LOCK,pool-1-thread-628,3844322984100,3844700716800,true,
TXN-NO_LOCK-00202,REQ-SIM-00202,SIM-NO_LOCK-00202,CUS-00202,FSI-00167,1,NO_LOCK,pool-1-thread-202,3844312277200,3844700721100,true,
TXN-NO_LOCK-00802,REQ-SIM-00802,SIM-NO_LOCK-00802,CUS-00802,FSI-00167,1,NO_LOCK,pool-1-thread-802,3844326884800,3844700869800,true,
TXN-NO_LOCK-00605,REQ-SIM-00605,SIM-NO_LOCK-00605,CUS-00605,FSI-00167,1,NO_LOCK,pool-1-thread-605,3844322425100,3844700882700,true,
TXN-NO_LOCK-00037,REQ-SIM-00037,SIM-NO_LOCK-00037,CUS-00037,FSI-00167,1,NO_LOCK,pool-1-thread-37,3844306832100,3844700898600,true,
TXN-NO_LOCK-00191,REQ-SIM-00191,SIM-NO_LOCK-00191,CUS-00191,FSI-00167,1,NO_LOCK,pool-1-thread-191,3844312018800,3844700941300,true,
TXN-NO_LOCK-00095,REQ-SIM-00095,SIM-NO_LOCK-00095,CUS-00095,FSI-00167,1,NO_LOCK,pool-1-thread-95,3844308755100,3844700843200,true,
TXN-NO_LOCK-00527,REQ-SIM-00527,SIM-NO_LOCK-00527,CUS-00527,FSI-00167,1,NO_LOCK,pool-1-thread-527,3844320622800,3844700830100,true,
TXN-NO_LOCK-00412,REQ-SIM-00412,SIM-NO_LOCK-00412,CUS-00412,FSI-00167,1,NO_LOCK,pool-1-thread-412,3844317355700,3844701001200,true,
TXN-NO_LOCK-00448,REQ-SIM-00448,SIM-NO_LOCK-00448,CUS-00448,FSI-00167,1,NO_LOCK,pool-1-thread-448,3844318299500,3844701024200,true,
TXN-NO_LOCK-00701,REQ-SIM-00701,SIM-NO_LOCK-00701,CUS-00701,FSI-00167,1,NO_LOCK,pool-1-thread-701,3844324685500,3844701052500,true,
TXN-NO_LOCK-00502,REQ-SIM-00502,SIM-NO_LOCK-00502,CUS-00502,FSI-00167,1,NO_LOCK,pool-1-thread-502,3844319968500,3844701124800,true,
TXN-NO_LOCK-00473,REQ-SIM-00473,SIM-NO_LOCK-00473,CUS-00473,FSI-00167,1,NO_LOCK,pool-1-thread-473,3844319046700,3844701125000,true,
TXN-NO_LOCK-00610,REQ-SIM-00610,SIM-NO_LOCK-00610,CUS-00610,FSI-00167,1,NO_LOCK,pool-1-thread-610,3844322538800,3844701159800,true,
TXN-NO_LOCK-00215,REQ-SIM-00215,SIM-NO_LOCK-00215,CUS-00215,FSI-00167,1,NO_LOCK,pool-1-thread-215,3844312607500,3844701214600,true,
TXN-NO_LOCK-00503,REQ-SIM-00503,SIM-NO_LOCK-00503,CUS-00503,FSI-00167,1,NO_LOCK,pool-1-thread-503,3844319982100,3844701202500,true,
TXN-NO_LOCK-00214,REQ-SIM-00214,SIM-NO_LOCK-00214,CUS-00214,FSI-00167,1,NO_LOCK,pool-1-thread-214,3844312590500,3844701198200,true,
TXN-NO_LOCK-00484,REQ-SIM-00484,SIM-NO_LOCK-00484,CUS-00484,FSI-00167,1,NO_LOCK,pool-1-thread-484,3844319335600,3844701322800,true,
TXN-NO_LOCK-00599,REQ-SIM-00599,SIM-NO_LOCK-00599,CUS-00599,FSI-00167,1,NO_LOCK,pool-1-thread-599,3844322302700,3844701341600,true,
TXN-NO_LOCK-00748,REQ-SIM-00748,SIM-NO_LOCK-00748,CUS-00748,FSI-00167,1,NO_LOCK,pool-1-thread-748,3844325689300,3844701391100,true,
TXN-NO_LOCK-00406,REQ-SIM-00406,SIM-NO_LOCK-00406,CUS-00406,FSI-00167,1,NO_LOCK,pool-1-thread-406,3844317240800,3844701374500,true,
TXN-NO_LOCK-00496,REQ-SIM-00496,SIM-NO_LOCK-00496,CUS-00496,FSI-00167,1,NO_LOCK,pool-1-thread-496,3844319815400,3844701405100,true,
TXN-NO_LOCK-00032,REQ-SIM-00032,SIM-NO_LOCK-00032,CUS-00032,FSI-00167,1,NO_LOCK,pool-1-thread-32,3844306760400,3844701420900,true,
TXN-NO_LOCK-00490,REQ-SIM-00490,SIM-NO_LOCK-00490,CUS-00490,FSI-00167,1,NO_LOCK,pool-1-thread-490,3844319645300,3844701500400,true,
TXN-NO_LOCK-00485,REQ-SIM-00485,SIM-NO_LOCK-00485,CUS-00485,FSI-00167,1,NO_LOCK,pool-1-thread-485,3844319353000,3844701536200,true,
TXN-NO_LOCK-00376,REQ-SIM-00376,SIM-NO_LOCK-00376,CUS-00376,FSI-00167,1,NO_LOCK,pool-1-thread-376,3844316503600,3844701569800,true,
TXN-NO_LOCK-00749,REQ-SIM-00749,SIM-NO_LOCK-00749,CUS-00749,FSI-00167,1,NO_LOCK,pool-1-thread-749,3844325715100,3844701594800,true,
TXN-NO_LOCK-00545,REQ-SIM-00545,SIM-NO_LOCK-00545,CUS-00545,FSI-00167,1,NO_LOCK,pool-1-thread-545,3844321121700,3844701693800,true,
TXN-NO_LOCK-00509,REQ-SIM-00509,SIM-NO_LOCK-00509,CUS-00509,FSI-00167,1,NO_LOCK,pool-1-thread-509,3844320170900,3844701698000,true,
TXN-NO_LOCK-00220,REQ-SIM-00220,SIM-NO_LOCK-00220,CUS-00220,FSI-00167,1,NO_LOCK,pool-1-thread-220,3844312789100,3844701721300,true,
TXN-NO_LOCK-00707,REQ-SIM-00707,SIM-NO_LOCK-00707,CUS-00707,FSI-00167,1,NO_LOCK,pool-1-thread-707,3844324804800,3844701691700,true,
TXN-NO_LOCK-00419,REQ-SIM-00419,SIM-NO_LOCK-00419,CUS-00419,FSI-00167,1,NO_LOCK,pool-1-thread-419,3844317551300,3844701809400,true,
TXN-NO_LOCK-00623,REQ-SIM-00623,SIM-NO_LOCK-00623,CUS-00623,FSI-00167,1,NO_LOCK,pool-1-thread-623,3844322902600,3844701844300,true,
TXN-NO_LOCK-00635,REQ-SIM-00635,SIM-NO_LOCK-00635,CUS-00635,FSI-00167,1,NO_LOCK,pool-1-thread-635,3844323190300,3844701840500,true,
TXN-NO_LOCK-00556,REQ-SIM-00556,SIM-NO_LOCK-00556,CUS-00556,FSI-00167,1,NO_LOCK,pool-1-thread-556,3844321406400,3844701869100,true,
TXN-NO_LOCK-00424,REQ-SIM-00424,SIM-NO_LOCK-00424,CUS-00424,FSI-00167,1,NO_LOCK,pool-1-thread-424,3844317690600,3844701863500,true,
TXN-NO_LOCK-00616,REQ-SIM-00616,SIM-NO_LOCK-00616,CUS-00616,FSI-00167,1,NO_LOCK,pool-1-thread-616,3844322688800,3844701975100,true,
TXN-NO_LOCK-00544,REQ-SIM-00544,SIM-NO_LOCK-00544,CUS-00544,FSI-00167,1,NO_LOCK,pool-1-thread-544,3844321093600,3844702005700,true,
TXN-NO_LOCK-00550,REQ-SIM-00550,SIM-NO_LOCK-00550,CUS-00550,FSI-00167,1,NO_LOCK,pool-1-thread-550,3844321276200,3844702035600,true,
TXN-NO_LOCK-00436,REQ-SIM-00436,SIM-NO_LOCK-00436,CUS-00436,FSI-00167,1,NO_LOCK,pool-1-thread-436,3844318009000,3844701906600,true,
TXN-NO_LOCK-00466,REQ-SIM-00466,SIM-NO_LOCK-00466,CUS-00466,FSI-00167,1,NO_LOCK,pool-1-thread-466,3844318907800,3844702068700,true,
TXN-NO_LOCK-00532,REQ-SIM-00532,SIM-NO_LOCK-00532,CUS-00532,FSI-00167,1,NO_LOCK,pool-1-thread-532,3844320766000,3844702138500,true,
TXN-NO_LOCK-00074,REQ-SIM-00074,SIM-NO_LOCK-00074,CUS-00074,FSI-00167,1,NO_LOCK,pool-1-thread-74,3844307275600,3844702168300,true,
TXN-NO_LOCK-00580,REQ-SIM-00580,SIM-NO_LOCK-00580,CUS-00580,FSI-00167,1,NO_LOCK,pool-1-thread-580,3844321863500,3844702189500,true,
TXN-NO_LOCK-00586,REQ-SIM-00586,SIM-NO_LOCK-00586,CUS-00586,FSI-00167,1,NO_LOCK,pool-1-thread-586,3844322008000,3844702185100,true,
TXN-NO_LOCK-00569,REQ-SIM-00569,SIM-NO_LOCK-00569,CUS-00569,FSI-00167,1,NO_LOCK,pool-1-thread-569,3844321646700,3844702263300,true,
TXN-NO_LOCK-00946,REQ-SIM-00946,SIM-NO_LOCK-00946,CUS-00946,FSI-00167,1,NO_LOCK,pool-1-thread-946,3844330744900,3844702343500,true,
TXN-NO_LOCK-00724,REQ-SIM-00724,SIM-NO_LOCK-00724,CUS-00724,FSI-00167,1,NO_LOCK,pool-1-thread-724,3844325179100,3844702379200,true,
TXN-NO_LOCK-00581,REQ-SIM-00581,SIM-NO_LOCK-00581,CUS-00581,FSI-00167,1,NO_LOCK,pool-1-thread-581,3844321884500,3844702385500,true,
TXN-NO_LOCK-00161,REQ-SIM-00161,SIM-NO_LOCK-00161,CUS-00161,FSI-00167,1,NO_LOCK,pool-1-thread-161,3844311350200,3844702438400,true,
TXN-NO_LOCK-00551,REQ-SIM-00551,SIM-NO_LOCK-00551,CUS-00551,FSI-00167,1,NO_LOCK,pool-1-thread-551,3844321303400,3844702444600,true,
TXN-NO_LOCK-00196,REQ-SIM-00196,SIM-NO_LOCK-00196,CUS-00196,FSI-00167,1,NO_LOCK,pool-1-thread-196,3844312124800,3844702527000,true,
TXN-NO_LOCK-00634,REQ-SIM-00634,SIM-NO_LOCK-00634,CUS-00634,FSI-00167,1,NO_LOCK,pool-1-thread-634,3844323174500,3844702548700,true,
TXN-NO_LOCK-00514,REQ-SIM-00514,SIM-NO_LOCK-00514,CUS-00514,FSI-00167,1,NO_LOCK,pool-1-thread-514,3844320320500,3844702622600,true,
TXN-NO_LOCK-00160,REQ-SIM-00160,SIM-NO_LOCK-00160,CUS-00160,FSI-00167,1,NO_LOCK,pool-1-thread-160,3844311332600,3844702652500,true,
TXN-NO_LOCK-00515,REQ-SIM-00515,SIM-NO_LOCK-00515,CUS-00515,FSI-00167,1,NO_LOCK,pool-1-thread-515,3844320338200,3844702673500,true,
TXN-NO_LOCK-00208,REQ-SIM-00208,SIM-NO_LOCK-00208,CUS-00208,FSI-00167,1,NO_LOCK,pool-1-thread-208,3844312423600,3844702771300,true,
TXN-NO_LOCK-00149,REQ-SIM-00149,SIM-NO_LOCK-00149,CUS-00149,FSI-00167,1,NO_LOCK,pool-1-thread-149,3844311100100,3844702801900,true,
TXN-NO_LOCK-00067,REQ-SIM-00067,SIM-NO_LOCK-00067,CUS-00067,FSI-00167,1,NO_LOCK,pool-1-thread-67,3844307193100,3844702842700,true,
TXN-NO_LOCK-00184,REQ-SIM-00184,SIM-NO_LOCK-00184,CUS-00184,FSI-00167,1,NO_LOCK,pool-1-thread-184,3844311853200,3844702828900,true,
TXN-NO_LOCK-00209,REQ-SIM-00209,SIM-NO_LOCK-00209,CUS-00209,FSI-00167,1,NO_LOCK,pool-1-thread-209,3844312434300,3844702851800,true,
TXN-NO_LOCK-00088,REQ-SIM-00088,SIM-NO_LOCK-00088,CUS-00088,FSI-00167,1,NO_LOCK,pool-1-thread-88,3844308064700,3844702922800,true,
TXN-NO_LOCK-00166,REQ-SIM-00166,SIM-NO_LOCK-00166,CUS-00166,FSI-00167,1,NO_LOCK,pool-1-thread-166,3844311451500,3844702925200,true,
TXN-NO_LOCK-00442,REQ-SIM-00442,SIM-NO_LOCK-00442,CUS-00442,FSI-00167,1,NO_LOCK,pool-1-thread-442,3844318164000,3844703010800,true,
TXN-NO_LOCK-00467,REQ-SIM-00467,SIM-NO_LOCK-00467,CUS-00467,FSI-00167,1,NO_LOCK,pool-1-thread-467,3844318929100,3844703013400,true,
TXN-NO_LOCK-00197,REQ-SIM-00197,SIM-NO_LOCK-00197,CUS-00197,FSI-00167,1,NO_LOCK,pool-1-thread-197,3844312142300,3844703025600,true,
TXN-NO_LOCK-00155,REQ-SIM-00155,SIM-NO_LOCK-00155,CUS-00155,FSI-00167,1,NO_LOCK,pool-1-thread-155,3844311225800,3844703110200,true,
TXN-NO_LOCK-00647,REQ-SIM-00647,SIM-NO_LOCK-00647,CUS-00647,FSI-00167,1,NO_LOCK,pool-1-thread-647,3844323462500,3844703128500,true,
TXN-NO_LOCK-00598,REQ-SIM-00598,SIM-NO_LOCK-00598,CUS-00598,FSI-00167,1,NO_LOCK,pool-1-thread-598,3844322280900,3844703260300,true,
TXN-NO_LOCK-00641,REQ-SIM-00641,SIM-NO_LOCK-00641,CUS-00641,FSI-00167,1,NO_LOCK,pool-1-thread-641,3844323354400,3844703275700,true,
TXN-NO_LOCK-00124,REQ-SIM-00124,SIM-NO_LOCK-00124,CUS-00124,FSI-00167,1,NO_LOCK,pool-1-thread-124,3844310467400,3844703269400,true,
TXN-NO_LOCK-00113,REQ-SIM-00113,SIM-NO_LOCK-00113,CUS-00113,FSI-00167,1,NO_LOCK,pool-1-thread-113,3844310084500,3844703271000,true,
TXN-NO_LOCK-00953,REQ-SIM-00953,SIM-NO_LOCK-00953,CUS-00953,FSI-00167,1,NO_LOCK,pool-1-thread-953,3844330963600,3844703103300,true,
TXN-NO_LOCK-00982,REQ-SIM-00982,SIM-NO_LOCK-00982,CUS-00982,FSI-00167,1,NO_LOCK,pool-1-thread-982,3844331609500,3844703410300,true,
TXN-NO_LOCK-00977,REQ-SIM-00977,SIM-NO_LOCK-00977,CUS-00977,FSI-00167,1,NO_LOCK,pool-1-thread-977,3844331524800,3844703401800,true,
TXN-NO_LOCK-00601,REQ-SIM-00601,SIM-NO_LOCK-00601,CUS-00601,FSI-00167,1,NO_LOCK,pool-1-thread-601,3844322339700,3844703535000,true,
TXN-NO_LOCK-00203,REQ-SIM-00203,SIM-NO_LOCK-00203,CUS-00203,FSI-00167,1,NO_LOCK,pool-1-thread-203,3844312296600,3844703548100,true,
TXN-NO_LOCK-00756,REQ-SIM-00756,SIM-NO_LOCK-00756,CUS-00756,FSI-00167,1,NO_LOCK,pool-1-thread-756,3844325856400,3844703619900,true,
TXN-NO_LOCK-00718,REQ-SIM-00718,SIM-NO_LOCK-00718,CUS-00718,FSI-00167,1,NO_LOCK,pool-1-thread-718,3844325033500,3844703521000,true,
TXN-NO_LOCK-00469,REQ-SIM-00469,SIM-NO_LOCK-00469,CUS-00469,FSI-00167,1,NO_LOCK,pool-1-thread-469,3844318959800,3844703660800,true,
TXN-NO_LOCK-00618,REQ-SIM-00618,SIM-NO_LOCK-00618,CUS-00618,FSI-00167,1,NO_LOCK,pool-1-thread-618,3844322756900,3844703741600,true,
TXN-NO_LOCK-00625,REQ-SIM-00625,SIM-NO_LOCK-00625,CUS-00625,FSI-00167,1,NO_LOCK,pool-1-thread-625,3844322925900,3844703755800,true,
TXN-NO_LOCK-00630,REQ-SIM-00630,SIM-NO_LOCK-00630,CUS-00630,FSI-00167,1,NO_LOCK,pool-1-thread-630,3844323037500,3844703801600,true,
TXN-NO_LOCK-00421,REQ-SIM-00421,SIM-NO_LOCK-00421,CUS-00421,FSI-00167,1,NO_LOCK,pool-1-thread-421,3844317637300,3844703809300,true,
TXN-NO_LOCK-00034,REQ-SIM-00034,SIM-NO_LOCK-00034,CUS-00034,FSI-00167,1,NO_LOCK,pool-1-thread-34,3844306794500,3844703935600,true,
TXN-NO_LOCK-00631,REQ-SIM-00631,SIM-NO_LOCK-00631,CUS-00631,FSI-00167,1,NO_LOCK,pool-1-thread-631,3844323069900,3844703919400,true,
TXN-NO_LOCK-00624,REQ-SIM-00624,SIM-NO_LOCK-00624,CUS-00624,FSI-00167,1,NO_LOCK,pool-1-thread-624,3844322909100,3844704029100,true,
TXN-NO_LOCK-00022,REQ-SIM-00022,SIM-NO_LOCK-00022,CUS-00022,FSI-00167,1,NO_LOCK,pool-1-thread-22,3844306615200,3844704014700,true,
TXN-NO_LOCK-00039,REQ-SIM-00039,SIM-NO_LOCK-00039,CUS-00039,FSI-00167,1,NO_LOCK,pool-1-thread-39,3844306856400,3844704107800,true,
TXN-NO_LOCK-00063,REQ-SIM-00063,SIM-NO_LOCK-00063,CUS-00063,FSI-00167,1,NO_LOCK,pool-1-thread-63,3844307142100,3844704172100,true,
TXN-NO_LOCK-00480,REQ-SIM-00480,SIM-NO_LOCK-00480,CUS-00480,FSI-00167,1,NO_LOCK,pool-1-thread-480,3844319200200,3844704174100,true,
TXN-NO_LOCK-00367,REQ-SIM-00367,SIM-NO_LOCK-00367,CUS-00367,FSI-00167,1,NO_LOCK,pool-1-thread-367,3844316293500,3844703893100,true,
TXN-NO_LOCK-00009,REQ-SIM-00009,SIM-NO_LOCK-00009,CUS-00009,FSI-00167,1,NO_LOCK,pool-1-thread-9,3844306435900,3844704196600,true,
TXN-NO_LOCK-00961,REQ-SIM-00961,SIM-NO_LOCK-00961,CUS-00961,FSI-00167,1,NO_LOCK,pool-1-thread-961,3844331167700,3844704296000,true,
TXN-NO_LOCK-00696,REQ-SIM-00696,SIM-NO_LOCK-00696,CUS-00696,FSI-00167,1,NO_LOCK,pool-1-thread-696,3844324579400,3844704304900,true,
TXN-NO_LOCK-00966,REQ-SIM-00966,SIM-NO_LOCK-00966,CUS-00966,FSI-00167,1,NO_LOCK,pool-1-thread-966,3844331291600,3844704335500,true,
TXN-NO_LOCK-00672,REQ-SIM-00672,SIM-NO_LOCK-00672,CUS-00672,FSI-00167,1,NO_LOCK,pool-1-thread-672,3844324048500,3844704363200,true,
TXN-NO_LOCK-00016,REQ-SIM-00016,SIM-NO_LOCK-00016,CUS-00016,FSI-00167,1,NO_LOCK,pool-1-thread-16,3844306540100,3844704391700,true,
TXN-NO_LOCK-00010,REQ-SIM-00010,SIM-NO_LOCK-00010,CUS-00010,FSI-00167,1,NO_LOCK,pool-1-thread-10,3844306451900,3844704425000,true,
TXN-NO_LOCK-00648,REQ-SIM-00648,SIM-NO_LOCK-00648,CUS-00648,FSI-00167,1,NO_LOCK,pool-1-thread-648,3844323491200,3844704446200,true,
TXN-NO_LOCK-00004,REQ-SIM-00004,SIM-NO_LOCK-00004,CUS-00004,FSI-00167,1,NO_LOCK,pool-1-thread-4,3844306407800,3844704469000,true,
TXN-NO_LOCK-00021,REQ-SIM-00021,SIM-NO_LOCK-00021,CUS-00021,FSI-00167,1,NO_LOCK,pool-1-thread-21,3844306600500,3844704464700,true,
TXN-NO_LOCK-00709,REQ-SIM-00709,SIM-NO_LOCK-00709,CUS-00709,FSI-00167,1,NO_LOCK,pool-1-thread-709,3844324851600,3844704496900,true,
TXN-NO_LOCK-00373,REQ-SIM-00373,SIM-NO_LOCK-00373,CUS-00373,FSI-00167,1,NO_LOCK,pool-1-thread-373,3844316453200,3844704520300,true,
TXN-NO_LOCK-00090,REQ-SIM-00090,SIM-NO_LOCK-00090,CUS-00090,FSI-00167,1,NO_LOCK,pool-1-thread-90,3844308173600,3844704580700,true,
TXN-NO_LOCK-00337,REQ-SIM-00337,SIM-NO_LOCK-00337,CUS-00337,FSI-00167,1,NO_LOCK,pool-1-thread-337,3844315511700,3844704607900,true,
TXN-NO_LOCK-00349,REQ-SIM-00349,SIM-NO_LOCK-00349,CUS-00349,FSI-00167,1,NO_LOCK,pool-1-thread-349,3844315827000,3844704688900,true,
TXN-NO_LOCK-00528,REQ-SIM-00528,SIM-NO_LOCK-00528,CUS-00528,FSI-00167,1,NO_LOCK,pool-1-thread-528,3844320656100,3844704787500,true,
TXN-NO_LOCK-00984,REQ-SIM-00984,SIM-NO_LOCK-00984,CUS-00984,FSI-00167,1,NO_LOCK,pool-1-thread-984,3844331674100,3844704677900,true,
TXN-NO_LOCK-00318,REQ-SIM-00318,SIM-NO_LOCK-00318,CUS-00318,FSI-00167,1,NO_LOCK,pool-1-thread-318,3844315073600,3844704917700,true,
TXN-NO_LOCK-00913,REQ-SIM-00913,SIM-NO_LOCK-00913,CUS-00913,FSI-00167,1,NO_LOCK,pool-1-thread-913,3844329868700,3844704931600,true,
TXN-NO_LOCK-00384,REQ-SIM-00384,SIM-NO_LOCK-00384,CUS-00384,FSI-00167,1,NO_LOCK,pool-1-thread-384,3844316712600,3844704939700,true,
TXN-NO_LOCK-00487,REQ-SIM-00487,SIM-NO_LOCK-00487,CUS-00487,FSI-00167,1,NO_LOCK,pool-1-thread-487,3844319561800,3844704935500,true,
TXN-NO_LOCK-00708,REQ-SIM-00708,SIM-NO_LOCK-00708,CUS-00708,FSI-00167,1,NO_LOCK,pool-1-thread-708,3844324835600,3844704609700,true,
TXN-NO_LOCK-00949,REQ-SIM-00949,SIM-NO_LOCK-00949,CUS-00949,FSI-00167,1,NO_LOCK,pool-1-thread-949,3844330836600,3844705028900,true,
TXN-NO_LOCK-00517,REQ-SIM-00517,SIM-NO_LOCK-00517,CUS-00517,FSI-00167,1,NO_LOCK,pool-1-thread-517,3844320394900,3844705027700,true,
TXN-NO_LOCK-00690,REQ-SIM-00690,SIM-NO_LOCK-00690,CUS-00690,FSI-00167,1,NO_LOCK,pool-1-thread-690,3844324444600,3844705111800,true,
TXN-NO_LOCK-00378,REQ-SIM-00378,SIM-NO_LOCK-00378,CUS-00378,FSI-00167,1,NO_LOCK,pool-1-thread-378,3844316558400,3844705154600,true,
TXN-NO_LOCK-00637,REQ-SIM-00637,SIM-NO_LOCK-00637,CUS-00637,FSI-00167,1,NO_LOCK,pool-1-thread-637,3844323244400,3844705154900,true,
TXN-NO_LOCK-00336,REQ-SIM-00336,SIM-NO_LOCK-00336,CUS-00336,FSI-00167,1,NO_LOCK,pool-1-thread-336,3844315490600,3844705251500,true,
TXN-NO_LOCK-00870,REQ-SIM-00870,SIM-NO_LOCK-00870,CUS-00870,FSI-00167,1,NO_LOCK,pool-1-thread-870,3844328648200,3844705293400,true,
TXN-NO_LOCK-00889,REQ-SIM-00889,SIM-NO_LOCK-00889,CUS-00889,FSI-00167,1,NO_LOCK,pool-1-thread-889,3844329187000,3844705329100,true,
TXN-NO_LOCK-00523,REQ-SIM-00523,SIM-NO_LOCK-00523,CUS-00523,FSI-00167,1,NO_LOCK,pool-1-thread-523,3844320549200,3844705256500,true,
TXN-NO_LOCK-00763,REQ-SIM-00763,SIM-NO_LOCK-00763,CUS-00763,FSI-00167,1,NO_LOCK,pool-1-thread-763,3844326047200,3844705399500,true,
TXN-NO_LOCK-00045,REQ-SIM-00045,SIM-NO_LOCK-00045,CUS-00045,FSI-00167,1,NO_LOCK,pool-1-thread-45,3844306925300,3844705492200,true,
TXN-NO_LOCK-00589,REQ-SIM-00589,SIM-NO_LOCK-00589,CUS-00589,FSI-00167,1,NO_LOCK,pool-1-thread-589,3844322092100,3844705485600,true,
TXN-NO_LOCK-00883,REQ-SIM-00883,SIM-NO_LOCK-00883,CUS-00883,FSI-00167,1,NO_LOCK,pool-1-thread-883,3844329021400,3844705505100,true,
TXN-NO_LOCK-00085,REQ-SIM-00085,SIM-NO_LOCK-00085,CUS-00085,FSI-00167,1,NO_LOCK,pool-1-thread-85,3844307903900,3844705579600,true,
TXN-NO_LOCK-00912,REQ-SIM-00912,SIM-NO_LOCK-00912,CUS-00912,FSI-00167,1,NO_LOCK,pool-1-thread-912,3844329852500,3844705638800,true,
TXN-NO_LOCK-00859,REQ-SIM-00859,SIM-NO_LOCK-00859,CUS-00859,FSI-00167,1,NO_LOCK,pool-1-thread-859,3844328387000,3844705638800,true,
TXN-NO_LOCK-00612,REQ-SIM-00612,SIM-NO_LOCK-00612,CUS-00612,FSI-00167,1,NO_LOCK,pool-1-thread-612,3844322617300,3844705653600,true,
TXN-NO_LOCK-00643,REQ-SIM-00643,SIM-NO_LOCK-00643,CUS-00643,FSI-00167,1,NO_LOCK,pool-1-thread-643,3844323395900,3844705417700,true,
TXN-NO_LOCK-00331,REQ-SIM-00331,SIM-NO_LOCK-00331,CUS-00331,FSI-00167,1,NO_LOCK,pool-1-thread-331,3844315375300,3844705732700,true,
TXN-NO_LOCK-00546,REQ-SIM-00546,SIM-NO_LOCK-00546,CUS-00546,FSI-00167,1,NO_LOCK,pool-1-thread-546,3844321190600,3844705732700,true,
TXN-NO_LOCK-00541,REQ-SIM-00541,SIM-NO_LOCK-00541,CUS-00541,FSI-00167,1,NO_LOCK,pool-1-thread-541,3844321026700,3844705426800,true,
TXN-NO_LOCK-00033,REQ-SIM-00033,SIM-NO_LOCK-00033,CUS-00033,FSI-00167,1,NO_LOCK,pool-1-thread-33,3844306773700,3844705737900,true,
TXN-NO_LOCK-00864,REQ-SIM-00864,SIM-NO_LOCK-00864,CUS-00864,FSI-00167,1,NO_LOCK,pool-1-thread-864,3844328509900,3844705771900,true,
TXN-NO_LOCK-00871,REQ-SIM-00871,SIM-NO_LOCK-00871,CUS-00871,FSI-00167,1,NO_LOCK,pool-1-thread-871,3844328690300,3844705869100,true,
TXN-NO_LOCK-00895,REQ-SIM-00895,SIM-NO_LOCK-00895,CUS-00895,FSI-00167,1,NO_LOCK,pool-1-thread-895,3844329364300,3844705875800,true,
TXN-NO_LOCK-00510,REQ-SIM-00510,SIM-NO_LOCK-00510,CUS-00510,FSI-00167,1,NO_LOCK,pool-1-thread-510,3844320192900,3844705868900,true,
TXN-NO_LOCK-00985,REQ-SIM-00985,SIM-NO_LOCK-00985,CUS-00985,FSI-00167,1,NO_LOCK,pool-1-thread-985,3844331703100,3844705887600,true,
TXN-NO_LOCK-00997,REQ-SIM-00997,SIM-NO_LOCK-00997,CUS-00997,FSI-00167,1,NO_LOCK,pool-1-thread-997,3844331934500,3844705934400,true,
TXN-NO_LOCK-00051,REQ-SIM-00051,SIM-NO_LOCK-00051,CUS-00051,FSI-00167,1,NO_LOCK,pool-1-thread-51,3844307002100,3844705972300,true,
TXN-NO_LOCK-00642,REQ-SIM-00642,SIM-NO_LOCK-00642,CUS-00642,FSI-00167,1,NO_LOCK,pool-1-thread-642,3844323369400,3844706090500,true,
TXN-NO_LOCK-00835,REQ-SIM-00835,SIM-NO_LOCK-00835,CUS-00835,FSI-00167,1,NO_LOCK,pool-1-thread-835,3844327790600,3844706095400,true,
TXN-NO_LOCK-00841,REQ-SIM-00841,SIM-NO_LOCK-00841,CUS-00841,FSI-00167,1,NO_LOCK,pool-1-thread-841,3844327933200,3844706134600,true,
TXN-NO_LOCK-00865,REQ-SIM-00865,SIM-NO_LOCK-00865,CUS-00865,FSI-00167,1,NO_LOCK,pool-1-thread-865,3844328547000,3844706229000,true,
TXN-NO_LOCK-00003,REQ-SIM-00003,SIM-NO_LOCK-00003,CUS-00003,FSI-00167,1,NO_LOCK,pool-1-thread-3,3844306379000,3844706198500,true,
TXN-NO_LOCK-00979,REQ-SIM-00979,SIM-NO_LOCK-00979,CUS-00979,FSI-00167,1,NO_LOCK,pool-1-thread-979,3844331559600,3844706252000,true,
TXN-NO_LOCK-00978,REQ-SIM-00978,SIM-NO_LOCK-00978,CUS-00978,FSI-00167,1,NO_LOCK,pool-1-thread-978,3844331543100,3844706267600,true,
TXN-NO_LOCK-00894,REQ-SIM-00894,SIM-NO_LOCK-00894,CUS-00894,FSI-00167,1,NO_LOCK,pool-1-thread-894,3844329315300,3844706297900,true,
TXN-NO_LOCK-00064,REQ-SIM-00064,SIM-NO_LOCK-00064,CUS-00064,FSI-00167,1,NO_LOCK,pool-1-thread-64,3844307154900,3844706364000,true,
TXN-NO_LOCK-00858,REQ-SIM-00858,SIM-NO_LOCK-00858,CUS-00858,FSI-00167,1,NO_LOCK,pool-1-thread-858,3844328370800,3844706373300,true,
TXN-NO_LOCK-00457,REQ-SIM-00457,SIM-NO_LOCK-00457,CUS-00457,FSI-00167,1,NO_LOCK,pool-1-thread-457,3844318662500,3844706386200,true,
TXN-NO_LOCK-00076,REQ-SIM-00076,SIM-NO_LOCK-00076,CUS-00076,FSI-00167,1,NO_LOCK,pool-1-thread-76,3844307304300,3844706424100,true,
TXN-NO_LOCK-00973,REQ-SIM-00973,SIM-NO_LOCK-00973,CUS-00973,FSI-00167,1,NO_LOCK,pool-1-thread-973,3844331434000,3844706554000,true,
TXN-NO_LOCK-00588,REQ-SIM-00588,SIM-NO_LOCK-00588,CUS-00588,FSI-00167,1,NO_LOCK,pool-1-thread-588,3844322046100,3844706614400,true,
TXN-NO_LOCK-00511,REQ-SIM-00511,SIM-NO_LOCK-00511,CUS-00511,FSI-00167,1,NO_LOCK,pool-1-thread-511,3844320253600,3844706741100,true,
TXN-NO_LOCK-00667,REQ-SIM-00667,SIM-NO_LOCK-00667,CUS-00667,FSI-00167,1,NO_LOCK,pool-1-thread-667,3844323942400,3844706766400,true,
TXN-NO_LOCK-00649,REQ-SIM-00649,SIM-NO_LOCK-00649,CUS-00649,FSI-00167,1,NO_LOCK,pool-1-thread-649,3844323509600,3844706579700,true,
TXN-NO_LOCK-00553,REQ-SIM-00553,SIM-NO_LOCK-00553,CUS-00553,FSI-00167,1,NO_LOCK,pool-1-thread-553,3844321367000,3844706770400,true,
TXN-NO_LOCK-00684,REQ-SIM-00684,SIM-NO_LOCK-00684,CUS-00684,FSI-00167,1,NO_LOCK,pool-1-thread-684,3844324307400,3844706785400,true,
TXN-NO_LOCK-00240,REQ-SIM-00240,SIM-NO_LOCK-00240,CUS-00240,FSI-00167,1,NO_LOCK,pool-1-thread-240,3844313284800,3844706914100,true,
TXN-NO_LOCK-00027,REQ-SIM-00027,SIM-NO_LOCK-00027,CUS-00027,FSI-00167,1,NO_LOCK,pool-1-thread-27,3844306688300,3844706926400,true,
TXN-NO_LOCK-00052,REQ-SIM-00052,SIM-NO_LOCK-00052,CUS-00052,FSI-00167,1,NO_LOCK,pool-1-thread-52,3844307011600,3844706967200,true,
TXN-NO_LOCK-00901,REQ-SIM-00901,SIM-NO_LOCK-00901,CUS-00901,FSI-00167,1,NO_LOCK,pool-1-thread-901,3844329540200,3844706936800,true,
TXN-NO_LOCK-00829,REQ-SIM-00829,SIM-NO_LOCK-00829,CUS-00829,FSI-00167,1,NO_LOCK,pool-1-thread-829,3844327635800,3844707024800,true,
TXN-NO_LOCK-00253,REQ-SIM-00253,SIM-NO_LOCK-00253,CUS-00253,FSI-00167,1,NO_LOCK,pool-1-thread-253,3844313625300,3844707005400,true,
TXN-NO_LOCK-00918,REQ-SIM-00918,SIM-NO_LOCK-00918,CUS-00918,FSI-00167,1,NO_LOCK,pool-1-thread-918,3844329977100,3844707059300,true,
TXN-NO_LOCK-00070,REQ-SIM-00070,SIM-NO_LOCK-00070,CUS-00070,FSI-00167,1,NO_LOCK,pool-1-thread-70,3844307228700,3844707113000,true,
TXN-NO_LOCK-00655,REQ-SIM-00655,SIM-NO_LOCK-00655,CUS-00655,FSI-00167,1,NO_LOCK,pool-1-thread-655,3844323637900,3844707128100,true,
TXN-NO_LOCK-00972,REQ-SIM-00972,SIM-NO_LOCK-00972,CUS-00972,FSI-00167,1,NO_LOCK,pool-1-thread-972,3844331417700,3844707141300,true,
TXN-NO_LOCK-00096,REQ-SIM-00096,SIM-NO_LOCK-00096,CUS-00096,FSI-00167,1,NO_LOCK,pool-1-thread-96,3844308780900,3844707165700,true,
TXN-NO_LOCK-00028,REQ-SIM-00028,SIM-NO_LOCK-00028,CUS-00028,FSI-00167,1,NO_LOCK,pool-1-thread-28,3844306699600,3844707238700,true,
TXN-NO_LOCK-00069,REQ-SIM-00069,SIM-NO_LOCK-00069,CUS-00069,FSI-00167,1,NO_LOCK,pool-1-thread-69,3844307217700,3844707250600,true,
TXN-NO_LOCK-00081,REQ-SIM-00081,SIM-NO_LOCK-00081,CUS-00081,FSI-00167,1,NO_LOCK,pool-1-thread-81,3844307649300,3844707191800,true,
TXN-NO_LOCK-00450,REQ-SIM-00450,SIM-NO_LOCK-00450,CUS-00450,FSI-00167,1,NO_LOCK,pool-1-thread-450,3844318325300,3844707267000,true,
TXN-NO_LOCK-00046,REQ-SIM-00046,SIM-NO_LOCK-00046,CUS-00046,FSI-00167,1,NO_LOCK,pool-1-thread-46,3844306945100,3844707344400,true,
TXN-NO_LOCK-00040,REQ-SIM-00040,SIM-NO_LOCK-00040,CUS-00040,FSI-00167,1,NO_LOCK,pool-1-thread-40,3844306866100,3844707345000,true,
TXN-NO_LOCK-00456,REQ-SIM-00456,SIM-NO_LOCK-00456,CUS-00456,FSI-00167,1,NO_LOCK,pool-1-thread-456,3844318645000,3844707375500,true,
TXN-NO_LOCK-00607,REQ-SIM-00607,SIM-NO_LOCK-00607,CUS-00607,FSI-00167,1,NO_LOCK,pool-1-thread-607,3844322457700,3844707427800,true,
TXN-NO_LOCK-00714,REQ-SIM-00714,SIM-NO_LOCK-00714,CUS-00714,FSI-00167,1,NO_LOCK,pool-1-thread-714,3844324952400,3844707433300,true,
TXN-NO_LOCK-00396,REQ-SIM-00396,SIM-NO_LOCK-00396,CUS-00396,FSI-00167,1,NO_LOCK,pool-1-thread-396,3844317015000,3844707441700,true,
TXN-NO_LOCK-00919,REQ-SIM-00919,SIM-NO_LOCK-00919,CUS-00919,FSI-00167,1,NO_LOCK,pool-1-thread-919,3844329994900,3844707445300,true,
TXN-NO_LOCK-00600,REQ-SIM-00600,SIM-NO_LOCK-00600,CUS-00600,FSI-00167,1,NO_LOCK,pool-1-thread-600,3844322329100,3844707480100,true,
TXN-NO_LOCK-00888,REQ-SIM-00888,SIM-NO_LOCK-00888,CUS-00888,FSI-00167,1,NO_LOCK,pool-1-thread-888,3844329167100,3844707187800,true,
TXN-NO_LOCK-00468,REQ-SIM-00468,SIM-NO_LOCK-00468,CUS-00468,FSI-00167,1,NO_LOCK,pool-1-thread-468,3844318947000,3844707572100,true,
TXN-NO_LOCK-00594,REQ-SIM-00594,SIM-NO_LOCK-00594,CUS-00594,FSI-00167,1,NO_LOCK,pool-1-thread-594,3844322201100,3844707603700,true,
TXN-NO_LOCK-00991,REQ-SIM-00991,SIM-NO_LOCK-00991,CUS-00991,FSI-00167,1,NO_LOCK,pool-1-thread-991,3844331819700,3844707607000,true,
TXN-NO_LOCK-00816,REQ-SIM-00816,SIM-NO_LOCK-00816,CUS-00816,FSI-00167,1,NO_LOCK,pool-1-thread-816,3844327232900,3844707548000,true,
TXN-NO_LOCK-00403,REQ-SIM-00403,SIM-NO_LOCK-00403,CUS-00403,FSI-00167,1,NO_LOCK,pool-1-thread-403,3844317190800,3844707696500,true,
TXN-NO_LOCK-00990,REQ-SIM-00990,SIM-NO_LOCK-00990,CUS-00990,FSI-00167,1,NO_LOCK,pool-1-thread-990,3844331800600,3844707715200,true,
TXN-NO_LOCK-00613,REQ-SIM-00613,SIM-NO_LOCK-00613,CUS-00613,FSI-00167,1,NO_LOCK,pool-1-thread-613,3844322635800,3844707722000,true,
TXN-NO_LOCK-00882,REQ-SIM-00882,SIM-NO_LOCK-00882,CUS-00882,FSI-00167,1,NO_LOCK,pool-1-thread-882,3844328990000,3844707707600,true,
TXN-NO_LOCK-00757,REQ-SIM-00757,SIM-NO_LOCK-00757,CUS-00757,FSI-00167,1,NO_LOCK,pool-1-thread-757,3844325877400,3844707779100,true,
TXN-NO_LOCK-00846,REQ-SIM-00846,SIM-NO_LOCK-00846,CUS-00846,FSI-00167,1,NO_LOCK,pool-1-thread-846,3844328055100,3844707804300,true,
TXN-NO_LOCK-00853,REQ-SIM-00853,SIM-NO_LOCK-00853,CUS-00853,FSI-00167,1,NO_LOCK,pool-1-thread-853,3844328222300,3844707830600,true,
TXN-NO_LOCK-00102,REQ-SIM-00102,SIM-NO_LOCK-00102,CUS-00102,FSI-00167,1,NO_LOCK,pool-1-thread-102,3844309565800,3844707838000,true,
TXN-NO_LOCK-00930,REQ-SIM-00930,SIM-NO_LOCK-00930,CUS-00930,FSI-00167,1,NO_LOCK,pool-1-thread-930,3844330302100,3844707850300,true,
TXN-NO_LOCK-00703,REQ-SIM-00703,SIM-NO_LOCK-00703,CUS-00703,FSI-00167,1,NO_LOCK,pool-1-thread-703,3844324738500,3844707867000,true,
TXN-NO_LOCK-00852,REQ-SIM-00852,SIM-NO_LOCK-00852,CUS-00852,FSI-00167,1,NO_LOCK,pool-1-thread-852,3844328208200,3844707888300,true,
TXN-NO_LOCK-00660,REQ-SIM-00660,SIM-NO_LOCK-00660,CUS-00660,FSI-00167,1,NO_LOCK,pool-1-thread-660,3844323764100,3844707907500,true,
TXN-NO_LOCK-00996,REQ-SIM-00996,SIM-NO_LOCK-00996,CUS-00996,FSI-00167,1,NO_LOCK,pool-1-thread-996,3844331920000,3844707959400,true,
TXN-NO_LOCK-00427,REQ-SIM-00427,SIM-NO_LOCK-00427,CUS-00427,FSI-00167,1,NO_LOCK,pool-1-thread-427,3844317804200,3844707973400,true,
TXN-NO_LOCK-00702,REQ-SIM-00702,SIM-NO_LOCK-00702,CUS-00702,FSI-00167,1,NO_LOCK,pool-1-thread-702,3844324701300,3844708075100,true,
TXN-NO_LOCK-00258,REQ-SIM-00258,SIM-NO_LOCK-00258,CUS-00258,FSI-00167,1,NO_LOCK,pool-1-thread-258,3844313752600,3844708075100,true,
TXN-NO_LOCK-00619,REQ-SIM-00619,SIM-NO_LOCK-00619,CUS-00619,FSI-00167,1,NO_LOCK,pool-1-thread-619,3844322768600,3844708124100,true,
TXN-NO_LOCK-00666,REQ-SIM-00666,SIM-NO_LOCK-00666,CUS-00666,FSI-00167,1,NO_LOCK,pool-1-thread-666,3844323919000,3844708160800,true,
TXN-NO_LOCK-00828,REQ-SIM-00828,SIM-NO_LOCK-00828,CUS-00828,FSI-00167,1,NO_LOCK,pool-1-thread-828,3844327614700,3844708158900,true,
TXN-NO_LOCK-00499,REQ-SIM-00499,SIM-NO_LOCK-00499,CUS-00499,FSI-00167,1,NO_LOCK,pool-1-thread-499,3844319920300,3844708185500,true,
TXN-NO_LOCK-00606,REQ-SIM-00606,SIM-NO_LOCK-00606,CUS-00606,FSI-00167,1,NO_LOCK,pool-1-thread-606,3844322460700,3844708200900,true,
TXN-NO_LOCK-00084,REQ-SIM-00084,SIM-NO_LOCK-00084,CUS-00084,FSI-00167,1,NO_LOCK,pool-1-thread-84,3844307855400,3844708193800,true,
TXN-NO_LOCK-00015,REQ-SIM-00015,SIM-NO_LOCK-00015,CUS-00015,FSI-00167,1,NO_LOCK,pool-1-thread-15,3844306520000,3844708289100,true,
TXN-NO_LOCK-00840,REQ-SIM-00840,SIM-NO_LOCK-00840,CUS-00840,FSI-00167,1,NO_LOCK,pool-1-thread-840,3844327917400,3844708315800,true,
TXN-NO_LOCK-00810,REQ-SIM-00810,SIM-NO_LOCK-00810,CUS-00810,FSI-00167,1,NO_LOCK,pool-1-thread-810,3844327073300,3844708286900,true,
TXN-NO_LOCK-00678,REQ-SIM-00678,SIM-NO_LOCK-00678,CUS-00678,FSI-00167,1,NO_LOCK,pool-1-thread-678,3844324175400,3844708330200,true,
TXN-NO_LOCK-00685,REQ-SIM-00685,SIM-NO_LOCK-00685,CUS-00685,FSI-00167,1,NO_LOCK,pool-1-thread-685,3844324329000,3844708369300,true,
TXN-NO_LOCK-00654,REQ-SIM-00654,SIM-NO_LOCK-00654,CUS-00654,FSI-00167,1,NO_LOCK,pool-1-thread-654,3844323616500,3844708387800,true,
TXN-NO_LOCK-00822,REQ-SIM-00822,SIM-NO_LOCK-00822,CUS-00822,FSI-00167,1,NO_LOCK,pool-1-thread-822,3844327437500,3844708401100,true,
TXN-NO_LOCK-00848,REQ-SIM-00848,SIM-NO_LOCK-00848,CUS-00848,FSI-00167,1,NO_LOCK,pool-1-thread-848,3844328118400,3844708435700,true,
TXN-NO_LOCK-00673,REQ-SIM-00673,SIM-NO_LOCK-00673,CUS-00673,FSI-00167,1,NO_LOCK,pool-1-thread-673,3844324063700,3844708424400,true,
TXN-NO_LOCK-00847,REQ-SIM-00847,SIM-NO_LOCK-00847,CUS-00847,FSI-00167,1,NO_LOCK,pool-1-thread-847,3844328074500,3844708478700,true,
TXN-NO_LOCK-00568,REQ-SIM-00568,SIM-NO_LOCK-00568,CUS-00568,FSI-00167,1,NO_LOCK,pool-1-thread-568,3844321619200,3844708507900,true,
TXN-NO_LOCK-00679,REQ-SIM-00679,SIM-NO_LOCK-00679,CUS-00679,FSI-00167,1,NO_LOCK,pool-1-thread-679,3844324192400,3844708548000,true,
TXN-NO_LOCK-00691,REQ-SIM-00691,SIM-NO_LOCK-00691,CUS-00691,FSI-00167,1,NO_LOCK,pool-1-thread-691,3844324462500,3844708545700,true,
TXN-NO_LOCK-00075,REQ-SIM-00075,SIM-NO_LOCK-00075,CUS-00075,FSI-00167,1,NO_LOCK,pool-1-thread-75,3844307285100,3844708570900,true,
TXN-NO_LOCK-00877,REQ-SIM-00877,SIM-NO_LOCK-00877,CUS-00877,FSI-00167,1,NO_LOCK,pool-1-thread-877,3844328855800,3844708589300,true,
TXN-NO_LOCK-00730,REQ-SIM-00730,SIM-NO_LOCK-00730,CUS-00730,FSI-00167,1,NO_LOCK,pool-1-thread-730,3844325276600,3844708617700,true,
TXN-NO_LOCK-00182,REQ-SIM-00182,SIM-NO_LOCK-00182,CUS-00182,FSI-00167,1,NO_LOCK,pool-1-thread-182,3844311807500,3844708647400,true,
TXN-NO_LOCK-00736,REQ-SIM-00736,SIM-NO_LOCK-00736,CUS-00736,FSI-00167,1,NO_LOCK,pool-1-thread-736,3844325430900,3844708784700,true,
TXN-NO_LOCK-00659,REQ-SIM-00659,SIM-NO_LOCK-00659,CUS-00659,FSI-00167,1,NO_LOCK,pool-1-thread-659,3844323752200,3844708796900,true,
TXN-NO_LOCK-00597,REQ-SIM-00597,SIM-NO_LOCK-00597,CUS-00597,FSI-00167,1,NO_LOCK,pool-1-thread-597,3844322267400,3844708790500,true,
TXN-NO_LOCK-00970,REQ-SIM-00970,SIM-NO_LOCK-00970,CUS-00970,FSI-00167,1,NO_LOCK,pool-1-thread-970,3844331372600,3844708862300,true,
TXN-NO_LOCK-00604,REQ-SIM-00604,SIM-NO_LOCK-00604,CUS-00604,FSI-00167,1,NO_LOCK,pool-1-thread-604,3844322404600,3844708827400,true,
TXN-NO_LOCK-00506,REQ-SIM-00506,SIM-NO_LOCK-00506,CUS-00506,FSI-00167,1,NO_LOCK,pool-1-thread-506,3844320114500,3844708887700,true,
TXN-NO_LOCK-00183,REQ-SIM-00183,SIM-NO_LOCK-00183,CUS-00183,FSI-00167,1,NO_LOCK,pool-1-thread-183,3844311838100,3844708880500,true,
TXN-NO_LOCK-00855,REQ-SIM-00855,SIM-NO_LOCK-00855,CUS-00855,FSI-00167,1,NO_LOCK,pool-1-thread-855,3844328278300,3844708950300,true,
TXN-NO_LOCK-00925,REQ-SIM-00925,SIM-NO_LOCK-00925,CUS-00925,FSI-00167,1,NO_LOCK,pool-1-thread-925,3844330199000,3844708958700,true,
TXN-NO_LOCK-00876,REQ-SIM-00876,SIM-NO_LOCK-00876,CUS-00876,FSI-00167,1,NO_LOCK,pool-1-thread-876,3844328831200,3844708983300,true,
TXN-NO_LOCK-00741,REQ-SIM-00741,SIM-NO_LOCK-00741,CUS-00741,FSI-00167,1,NO_LOCK,pool-1-thread-741,3844325541000,3844708995600,true,
TXN-NO_LOCK-00897,REQ-SIM-00897,SIM-NO_LOCK-00897,CUS-00897,FSI-00167,1,NO_LOCK,pool-1-thread-897,3844329407400,3844709026200,true,
TXN-NO_LOCK-00849,REQ-SIM-00849,SIM-NO_LOCK-00849,CUS-00849,FSI-00167,1,NO_LOCK,pool-1-thread-849,3844328132500,3844709038800,true,
TXN-NO_LOCK-00622,REQ-SIM-00622,SIM-NO_LOCK-00622,CUS-00622,FSI-00167,1,NO_LOCK,pool-1-thread-622,3844322863600,3844709025500,true,
TXN-NO_LOCK-00760,REQ-SIM-00760,SIM-NO_LOCK-00760,CUS-00760,FSI-00167,1,NO_LOCK,pool-1-thread-760,3844325971200,3844709068000,true,
TXN-NO_LOCK-00837,REQ-SIM-00837,SIM-NO_LOCK-00837,CUS-00837,FSI-00167,1,NO_LOCK,pool-1-thread-837,3844327864200,3844709105600,true,
TXN-NO_LOCK-00753,REQ-SIM-00753,SIM-NO_LOCK-00753,CUS-00753,FSI-00167,1,NO_LOCK,pool-1-thread-753,3844325803700,3844709121800,true,
TXN-NO_LOCK-00372,REQ-SIM-00372,SIM-NO_LOCK-00372,CUS-00372,FSI-00167,1,NO_LOCK,pool-1-thread-372,3844316439800,3844709126600,true,
TXN-NO_LOCK-00934,REQ-SIM-00934,SIM-NO_LOCK-00934,CUS-00934,FSI-00167,1,NO_LOCK,pool-1-thread-934,3844330426900,3844709181000,true,
TXN-NO_LOCK-00488,REQ-SIM-00488,SIM-NO_LOCK-00488,CUS-00488,FSI-00167,1,NO_LOCK,pool-1-thread-488,3844319570900,3844709214400,true,
TXN-NO_LOCK-00705,REQ-SIM-00705,SIM-NO_LOCK-00705,CUS-00705,FSI-00167,1,NO_LOCK,pool-1-thread-705,3844324770200,3844709241500,true,
TXN-NO_LOCK-00516,REQ-SIM-00516,SIM-NO_LOCK-00516,CUS-00516,FSI-00167,1,NO_LOCK,pool-1-thread-516,3844320378100,3844709319000,true,
TXN-NO_LOCK-00603,REQ-SIM-00603,SIM-NO_LOCK-00603,CUS-00603,FSI-00167,1,NO_LOCK,pool-1-thread-603,3844322384900,3844709302100,true,
TXN-NO_LOCK-00533,REQ-SIM-00533,SIM-NO_LOCK-00533,CUS-00533,FSI-00167,1,NO_LOCK,pool-1-thread-533,3844320828400,3844709343400,true,
TXN-NO_LOCK-00720,REQ-SIM-00720,SIM-NO_LOCK-00720,CUS-00720,FSI-00167,1,NO_LOCK,pool-1-thread-720,3844325059900,3844709266600,true,
TXN-NO_LOCK-00097,REQ-SIM-00097,SIM-NO_LOCK-00097,CUS-00097,FSI-00167,1,NO_LOCK,pool-1-thread-97,3844308910900,3844709373500,true,
TXN-NO_LOCK-00621,REQ-SIM-00621,SIM-NO_LOCK-00621,CUS-00621,FSI-00167,1,NO_LOCK,pool-1-thread-621,3844322833200,3844709253700,true,
TXN-NO_LOCK-00767,REQ-SIM-00767,SIM-NO_LOCK-00767,CUS-00767,FSI-00167,1,NO_LOCK,pool-1-thread-767,3844326136900,3844709383700,true,
TXN-NO_LOCK-00103,REQ-SIM-00103,SIM-NO_LOCK-00103,CUS-00103,FSI-00167,1,NO_LOCK,pool-1-thread-103,3844309586600,3844709177200,true,
TXN-NO_LOCK-00676,REQ-SIM-00676,SIM-NO_LOCK-00676,CUS-00676,FSI-00167,1,NO_LOCK,pool-1-thread-676,3844324132100,3844709309900,true,
TXN-NO_LOCK-00608,REQ-SIM-00608,SIM-NO_LOCK-00608,CUS-00608,FSI-00167,1,NO_LOCK,pool-1-thread-608,3844322498700,3844709415000,true,
TXN-NO_LOCK-00861,REQ-SIM-00861,SIM-NO_LOCK-00861,CUS-00861,FSI-00167,1,NO_LOCK,pool-1-thread-861,3844328433700,3844709438700,true,
TXN-NO_LOCK-00405,REQ-SIM-00405,SIM-NO_LOCK-00405,CUS-00405,FSI-00167,1,NO_LOCK,pool-1-thread-405,3844317226200,3844709511800,true,
TXN-NO_LOCK-00507,REQ-SIM-00507,SIM-NO_LOCK-00507,CUS-00507,FSI-00167,1,NO_LOCK,pool-1-thread-507,3844320134700,3844709525900,true,
TXN-NO_LOCK-00343,REQ-SIM-00343,SIM-NO_LOCK-00343,CUS-00343,FSI-00167,1,NO_LOCK,pool-1-thread-343,3844315650300,3844709594600,true,
TXN-NO_LOCK-00130,REQ-SIM-00130,SIM-NO_LOCK-00130,CUS-00130,FSI-00167,1,NO_LOCK,pool-1-thread-130,3844310672600,3844709631100,true,
TXN-NO_LOCK-00137,REQ-SIM-00137,SIM-NO_LOCK-00137,CUS-00137,FSI-00167,1,NO_LOCK,pool-1-thread-137,3844310828500,3844709639000,true,
TXN-NO_LOCK-00170,REQ-SIM-00170,SIM-NO_LOCK-00170,CUS-00170,FSI-00167,1,NO_LOCK,pool-1-thread-170,3844311544300,3844709614100,true,
TXN-NO_LOCK-00885,REQ-SIM-00885,SIM-NO_LOCK-00885,CUS-00885,FSI-00167,1,NO_LOCK,pool-1-thread-885,3844329050200,3844709644100,true,
TXN-NO_LOCK-00710,REQ-SIM-00710,SIM-NO_LOCK-00710,CUS-00710,FSI-00167,1,NO_LOCK,pool-1-thread-710,3844324891500,3844709710100,true,
TXN-NO_LOCK-00154,REQ-SIM-00154,SIM-NO_LOCK-00154,CUS-00154,FSI-00167,1,NO_LOCK,pool-1-thread-154,3844311210300,3844709595300,true,
TXN-NO_LOCK-00444,REQ-SIM-00444,SIM-NO_LOCK-00444,CUS-00444,FSI-00167,1,NO_LOCK,pool-1-thread-444,3844318185600,3844709792700,true,
TXN-NO_LOCK-00437,REQ-SIM-00437,SIM-NO_LOCK-00437,CUS-00437,FSI-00167,1,NO_LOCK,pool-1-thread-437,3844318026500,3844709820900,true,
TXN-NO_LOCK-00330,REQ-SIM-00330,SIM-NO_LOCK-00330,CUS-00330,FSI-00167,1,NO_LOCK,pool-1-thread-330,3844315351500,3844709838800,true,
TXN-NO_LOCK-00536,REQ-SIM-00536,SIM-NO_LOCK-00536,CUS-00536,FSI-00167,1,NO_LOCK,pool-1-thread-536,3844320882400,3844709848900,true,
TXN-NO_LOCK-00508,REQ-SIM-00508,SIM-NO_LOCK-00508,CUS-00508,FSI-00167,1,NO_LOCK,pool-1-thread-508,3844320150500,3844709914100,true,
TXN-NO_LOCK-00537,REQ-SIM-00537,SIM-NO_LOCK-00537,CUS-00537,FSI-00167,1,NO_LOCK,pool-1-thread-537,3844320904600,3844709953900,true,
TXN-NO_LOCK-00670,REQ-SIM-00670,SIM-NO_LOCK-00670,CUS-00670,FSI-00167,1,NO_LOCK,pool-1-thread-670,3844323981900,3844709948800,true,
TXN-NO_LOCK-00476,REQ-SIM-00476,SIM-NO_LOCK-00476,CUS-00476,FSI-00167,1,NO_LOCK,pool-1-thread-476,3844319122000,3844709936000,true,
TXN-NO_LOCK-00131,REQ-SIM-00131,SIM-NO_LOCK-00131,CUS-00131,FSI-00167,1,NO_LOCK,pool-1-thread-131,3844310696400,3844709802100,true,
TXN-NO_LOCK-00452,REQ-SIM-00452,SIM-NO_LOCK-00452,CUS-00452,FSI-00167,1,NO_LOCK,pool-1-thread-452,3844318353000,3844709862100,true,
TXN-NO_LOCK-00354,REQ-SIM-00354,SIM-NO_LOCK-00354,CUS-00354,FSI-00167,1,NO_LOCK,pool-1-thread-354,3844315944200,3844710007500,true,
TXN-NO_LOCK-00498,REQ-SIM-00498,SIM-NO_LOCK-00498,CUS-00498,FSI-00167,1,NO_LOCK,pool-1-thread-498,3844319844900,3844710055400,true,
TXN-NO_LOCK-00584,REQ-SIM-00584,SIM-NO_LOCK-00584,CUS-00584,FSI-00167,1,NO_LOCK,pool-1-thread-584,3844321957300,3844710063100,true,
TXN-NO_LOCK-00917,REQ-SIM-00917,SIM-NO_LOCK-00917,CUS-00917,FSI-00167,1,NO_LOCK,pool-1-thread-917,3844329961500,3844709728700,true,
TXN-NO_LOCK-00389,REQ-SIM-00389,SIM-NO_LOCK-00389,CUS-00389,FSI-00167,1,NO_LOCK,pool-1-thread-389,3844316827500,3844710083200,true,
TXN-NO_LOCK-00012,REQ-SIM-00012,SIM-NO_LOCK-00012,CUS-00012,FSI-00167,1,NO_LOCK,pool-1-thread-12,3844306478800,3844710087300,true,
TXN-NO_LOCK-00933,REQ-SIM-00933,SIM-NO_LOCK-00933,CUS-00933,FSI-00167,1,NO_LOCK,pool-1-thread-933,3844330368500,3844710140100,true,
TXN-NO_LOCK-00425,REQ-SIM-00425,SIM-NO_LOCK-00425,CUS-00425,FSI-00167,1,NO_LOCK,pool-1-thread-425,3844317726800,3844710182000,true,
TXN-NO_LOCK-00976,REQ-SIM-00976,SIM-NO_LOCK-00976,CUS-00976,FSI-00167,1,NO_LOCK,pool-1-thread-976,3844331496500,3844710166300,true,
TXN-NO_LOCK-00585,REQ-SIM-00585,SIM-NO_LOCK-00585,CUS-00585,FSI-00167,1,NO_LOCK,pool-1-thread-585,3844321978500,3844710219300,true,
TXN-NO_LOCK-00029,REQ-SIM-00029,SIM-NO_LOCK-00029,CUS-00029,FSI-00167,1,NO_LOCK,pool-1-thread-29,3844306711900,3844710111400,true,
TXN-NO_LOCK-00765,REQ-SIM-00765,SIM-NO_LOCK-00765,CUS-00765,FSI-00167,1,NO_LOCK,pool-1-thread-765,3844326102100,3844710274500,true,
TXN-NO_LOCK-00418,REQ-SIM-00418,SIM-NO_LOCK-00418,CUS-00418,FSI-00167,1,NO_LOCK,pool-1-thread-418,3844317539500,3844710360600,true,
TXN-NO_LOCK-00382,REQ-SIM-00382,SIM-NO_LOCK-00382,CUS-00382,FSI-00167,1,NO_LOCK,pool-1-thread-382,3844316664500,3844710366900,true,
TXN-NO_LOCK-00400,REQ-SIM-00400,SIM-NO_LOCK-00400,CUS-00400,FSI-00167,1,NO_LOCK,pool-1-thread-400,3844317118900,3844710367600,true,
TXN-NO_LOCK-00725,REQ-SIM-00725,SIM-NO_LOCK-00725,CUS-00725,FSI-00167,1,NO_LOCK,pool-1-thread-725,3844325196600,3844710462800,true,
TXN-NO_LOCK-00381,REQ-SIM-00381,SIM-NO_LOCK-00381,CUS-00381,FSI-00167,1,NO_LOCK,pool-1-thread-381,3844316647900,3844710461600,true,
TXN-NO_LOCK-00742,REQ-SIM-00742,SIM-NO_LOCK-00742,CUS-00742,FSI-00167,1,NO_LOCK,pool-1-thread-742,3844325558500,3844710475800,true,
TXN-NO_LOCK-00431,REQ-SIM-00431,SIM-NO_LOCK-00431,CUS-00431,FSI-00167,1,NO_LOCK,pool-1-thread-431,3844317885800,3844710534000,true,
TXN-NO_LOCK-00035,REQ-SIM-00035,SIM-NO_LOCK-00035,CUS-00035,FSI-00167,1,NO_LOCK,pool-1-thread-35,3844306806300,3844710418200,true,
TXN-NO_LOCK-00524,REQ-SIM-00524,SIM-NO_LOCK-00524,CUS-00524,FSI-00167,1,NO_LOCK,pool-1-thread-524,3844320562000,3844710590400,true,
TXN-NO_LOCK-00460,REQ-SIM-00460,SIM-NO_LOCK-00460,CUS-00460,FSI-00167,1,NO_LOCK,pool-1-thread-460,3844318753200,3844710600400,true,
TXN-NO_LOCK-00453,REQ-SIM-00453,SIM-NO_LOCK-00453,CUS-00453,FSI-00167,1,NO_LOCK,pool-1-thread-453,3844318495400,3844710573500,true,
TXN-NO_LOCK-00399,REQ-SIM-00399,SIM-NO_LOCK-00399,CUS-00399,FSI-00167,1,NO_LOCK,pool-1-thread-399,3844317105100,3844710637700,true,
TXN-NO_LOCK-00729,REQ-SIM-00729,SIM-NO_LOCK-00729,CUS-00729,FSI-00167,1,NO_LOCK,pool-1-thread-729,3844325263700,3844710697700,true,
TXN-NO_LOCK-00974,REQ-SIM-00974,SIM-NO_LOCK-00974,CUS-00974,FSI-00167,1,NO_LOCK,pool-1-thread-974,3844331453500,3844710693000,true,
TXN-NO_LOCK-00987,REQ-SIM-00987,SIM-NO_LOCK-00987,CUS-00987,FSI-00167,1,NO_LOCK,pool-1-thread-987,3844331742200,3844710720100,true,
TXN-NO_LOCK-00188,REQ-SIM-00188,SIM-NO_LOCK-00188,CUS-00188,FSI-00167,1,NO_LOCK,pool-1-thread-188,3844311958200,3844710744100,true,
TXN-NO_LOCK-00614,REQ-SIM-00614,SIM-NO_LOCK-00614,CUS-00614,FSI-00167,1,NO_LOCK,pool-1-thread-614,3844322649900,3844710780500,true,
TXN-NO_LOCK-00884,REQ-SIM-00884,SIM-NO_LOCK-00884,CUS-00884,FSI-00167,1,NO_LOCK,pool-1-thread-884,3844329036800,3844710819400,true,
TXN-NO_LOCK-00005,REQ-SIM-00005,SIM-NO_LOCK-00005,CUS-00005,FSI-00167,1,NO_LOCK,pool-1-thread-5,3844306322800,3844710815000,true,
TXN-NO_LOCK-00030,REQ-SIM-00030,SIM-NO_LOCK-00030,CUS-00030,FSI-00167,1,NO_LOCK,pool-1-thread-30,3844306728100,3844710875500,true,
TXN-NO_LOCK-00890,REQ-SIM-00890,SIM-NO_LOCK-00890,CUS-00890,FSI-00167,1,NO_LOCK,pool-1-thread-890,3844329213700,3844710896900,true,
TXN-NO_LOCK-00965,REQ-SIM-00965,SIM-NO_LOCK-00965,CUS-00965,FSI-00167,1,NO_LOCK,pool-1-thread-965,3844331274300,3844710901600,true,
TXN-NO_LOCK-00332,REQ-SIM-00332,SIM-NO_LOCK-00332,CUS-00332,FSI-00167,1,NO_LOCK,pool-1-thread-332,3844315396000,3844710895500,true,
TXN-NO_LOCK-00072,REQ-SIM-00072,SIM-NO_LOCK-00072,CUS-00072,FSI-00167,1,NO_LOCK,pool-1-thread-72,3844307253100,3844710965800,true,
TXN-NO_LOCK-00512,REQ-SIM-00512,SIM-NO_LOCK-00512,CUS-00512,FSI-00167,1,NO_LOCK,pool-1-thread-512,3844320270700,3844710996700,true,
TXN-NO_LOCK-00441,REQ-SIM-00441,SIM-NO_LOCK-00441,CUS-00441,FSI-00167,1,NO_LOCK,pool-1-thread-441,3844318141100,3844710994100,true,
TXN-NO_LOCK-00567,REQ-SIM-00567,SIM-NO_LOCK-00567,CUS-00567,FSI-00167,1,NO_LOCK,pool-1-thread-567,3844321604800,3844711033300,true,
TXN-NO_LOCK-00681,REQ-SIM-00681,SIM-NO_LOCK-00681,CUS-00681,FSI-00167,1,NO_LOCK,pool-1-thread-681,3844324235000,3844711066500,true,
TXN-NO_LOCK-00053,REQ-SIM-00053,SIM-NO_LOCK-00053,CUS-00053,FSI-00167,1,NO_LOCK,pool-1-thread-53,3844307028500,3844711082400,true,
TXN-NO_LOCK-00153,REQ-SIM-00153,SIM-NO_LOCK-00153,CUS-00153,FSI-00167,1,NO_LOCK,pool-1-thread-153,3844311180100,3844711088300,true,
TXN-NO_LOCK-00392,REQ-SIM-00392,SIM-NO_LOCK-00392,CUS-00392,FSI-00167,1,NO_LOCK,pool-1-thread-392,3844316904700,3844711090900,true,
TXN-NO_LOCK-00087,REQ-SIM-00087,SIM-NO_LOCK-00087,CUS-00087,FSI-00167,1,NO_LOCK,pool-1-thread-87,3844308044200,3844711104600,true,
TXN-NO_LOCK-00969,REQ-SIM-00969,SIM-NO_LOCK-00969,CUS-00969,FSI-00167,1,NO_LOCK,pool-1-thread-969,3844331354000,3844711144800,true,
TXN-NO_LOCK-00416,REQ-SIM-00416,SIM-NO_LOCK-00416,CUS-00416,FSI-00167,1,NO_LOCK,pool-1-thread-416,3844317482900,3844711159400,true,
TXN-NO_LOCK-00638,REQ-SIM-00638,SIM-NO_LOCK-00638,CUS-00638,FSI-00167,1,NO_LOCK,pool-1-thread-638,3844323272600,3844711180600,true,
TXN-NO_LOCK-00077,REQ-SIM-00077,SIM-NO_LOCK-00077,CUS-00077,FSI-00167,1,NO_LOCK,pool-1-thread-77,3844307315900,3844711202000,true,
TXN-NO_LOCK-00428,REQ-SIM-00428,SIM-NO_LOCK-00428,CUS-00428,FSI-00167,1,NO_LOCK,pool-1-thread-428,3844317822600,3844711239100,true,
TXN-NO_LOCK-00665,REQ-SIM-00665,SIM-NO_LOCK-00665,CUS-00665,FSI-00167,1,NO_LOCK,pool-1-thread-665,3844323861100,3844711270400,true,
TXN-NO_LOCK-00651,REQ-SIM-00651,SIM-NO_LOCK-00651,CUS-00651,FSI-00167,1,NO_LOCK,pool-1-thread-651,3844323576000,3844711295400,true,
TXN-NO_LOCK-00410,REQ-SIM-00410,SIM-NO_LOCK-00410,CUS-00410,FSI-00167,1,NO_LOCK,pool-1-thread-410,3844317323300,3844711313300,true,
TXN-NO_LOCK-00435,REQ-SIM-00435,SIM-NO_LOCK-00435,CUS-00435,FSI-00167,1,NO_LOCK,pool-1-thread-435,3844317997100,3844711328800,true,
TXN-NO_LOCK-00981,REQ-SIM-00981,SIM-NO_LOCK-00981,CUS-00981,FSI-00167,1,NO_LOCK,pool-1-thread-981,3844331595900,3844711443300,true,
TXN-NO_LOCK-00194,REQ-SIM-00194,SIM-NO_LOCK-00194,CUS-00194,FSI-00167,1,NO_LOCK,pool-1-thread-194,3844312078500,3844711562300,true,
TXN-NO_LOCK-00764,REQ-SIM-00764,SIM-NO_LOCK-00764,CUS-00764,FSI-00167,1,NO_LOCK,pool-1-thread-764,3844326016500,3844711576900,true,
TXN-NO_LOCK-00213,REQ-SIM-00213,SIM-NO_LOCK-00213,CUS-00213,FSI-00167,1,NO_LOCK,pool-1-thread-213,3844312572300,3844711573300,true,
TXN-NO_LOCK-00945,REQ-SIM-00945,SIM-NO_LOCK-00945,CUS-00945,FSI-00167,1,NO_LOCK,pool-1-thread-945,3844330726500,3844711599900,true,
TXN-NO_LOCK-00609,REQ-SIM-00609,SIM-NO_LOCK-00609,CUS-00609,FSI-00167,1,NO_LOCK,pool-1-thread-609,3844322484600,3844711649100,true,
TXN-NO_LOCK-00065,REQ-SIM-00065,SIM-NO_LOCK-00065,CUS-00065,FSI-00167,1,NO_LOCK,pool-1-thread-65,3844307173600,3844711744300,true,
TXN-NO_LOCK-00495,REQ-SIM-00495,SIM-NO_LOCK-00495,CUS-00495,FSI-00167,1,NO_LOCK,pool-1-thread-495,3844319796000,3844711772200,true,
TXN-NO_LOCK-00627,REQ-SIM-00627,SIM-NO_LOCK-00627,CUS-00627,FSI-00167,1,NO_LOCK,pool-1-thread-627,3844322961800,3844711800300,true,
TXN-NO_LOCK-00171,REQ-SIM-00171,SIM-NO_LOCK-00171,CUS-00171,FSI-00167,1,NO_LOCK,pool-1-thread-171,3844311562500,3844711805600,true,
TXN-NO_LOCK-00098,REQ-SIM-00098,SIM-NO_LOCK-00098,CUS-00098,FSI-00167,1,NO_LOCK,pool-1-thread-98,3844309104400,3844711818600,true,
TXN-NO_LOCK-00111,REQ-SIM-00111,SIM-NO_LOCK-00111,CUS-00111,FSI-00167,1,NO_LOCK,pool-1-thread-111,3844309965700,3844711848700,true,
TXN-NO_LOCK-00668,REQ-SIM-00668,SIM-NO_LOCK-00668,CUS-00668,FSI-00167,1,NO_LOCK,pool-1-thread-668,3844323955800,3844711946800,true,
TXN-NO_LOCK-00694,REQ-SIM-00694,SIM-NO_LOCK-00694,CUS-00694,FSI-00167,1,NO_LOCK,pool-1-thread-694,3844324533800,3844711907800,true,
TXN-NO_LOCK-00596,REQ-SIM-00596,SIM-NO_LOCK-00596,CUS-00596,FSI-00167,1,NO_LOCK,pool-1-thread-596,3844322250100,3844711910100,true,
TXN-NO_LOCK-00693,REQ-SIM-00693,SIM-NO_LOCK-00693,CUS-00693,FSI-00167,1,NO_LOCK,pool-1-thread-693,3844324500700,3844712031800,true,
TXN-NO_LOCK-00465,REQ-SIM-00465,SIM-NO_LOCK-00465,CUS-00465,FSI-00167,1,NO_LOCK,pool-1-thread-465,3844318895100,3844712020200,true,
TXN-NO_LOCK-00578,REQ-SIM-00578,SIM-NO_LOCK-00578,CUS-00578,FSI-00167,1,NO_LOCK,pool-1-thread-578,3844321829900,3844712050300,true,
TXN-NO_LOCK-00663,REQ-SIM-00663,SIM-NO_LOCK-00663,CUS-00663,FSI-00167,1,NO_LOCK,pool-1-thread-663,3844323812700,3844712064100,true,
TXN-NO_LOCK-00538,REQ-SIM-00538,SIM-NO_LOCK-00538,CUS-00538,FSI-00167,1,NO_LOCK,pool-1-thread-538,3844320941000,3844712136600,true,
TXN-NO_LOCK-00110,REQ-SIM-00110,SIM-NO_LOCK-00110,CUS-00110,FSI-00167,1,NO_LOCK,pool-1-thread-110,3844309889800,3844712171700,true,
TXN-NO_LOCK-00692,REQ-SIM-00692,SIM-NO_LOCK-00692,CUS-00692,FSI-00167,1,NO_LOCK,pool-1-thread-692,3844324478200,3844712224800,true,
TXN-NO_LOCK-00644,REQ-SIM-00644,SIM-NO_LOCK-00644,CUS-00644,FSI-00167,1,NO_LOCK,pool-1-thread-644,3844323423500,3844712245000,true,
TXN-NO_LOCK-00716,REQ-SIM-00716,SIM-NO_LOCK-00716,CUS-00716,FSI-00167,1,NO_LOCK,pool-1-thread-716,3844325004800,3844712321700,true,
TXN-NO_LOCK-00615,REQ-SIM-00615,SIM-NO_LOCK-00615,CUS-00615,FSI-00167,1,NO_LOCK,pool-1-thread-615,3844322665100,3844712331700,true,
TXN-NO_LOCK-00423,REQ-SIM-00423,SIM-NO_LOCK-00423,CUS-00423,FSI-00167,1,NO_LOCK,pool-1-thread-423,3844317678400,3844712341500,true,
TXN-NO_LOCK-00104,REQ-SIM-00104,SIM-NO_LOCK-00104,CUS-00104,FSI-00167,1,NO_LOCK,pool-1-thread-104,3844309648500,3844712347100,true,
TXN-NO_LOCK-00687,REQ-SIM-00687,SIM-NO_LOCK-00687,CUS-00687,FSI-00167,1,NO_LOCK,pool-1-thread-687,3844324356600,3844712382500,true,
TXN-NO_LOCK-00447,REQ-SIM-00447,SIM-NO_LOCK-00447,CUS-00447,FSI-00167,1,NO_LOCK,pool-1-thread-447,3844318237100,3844712389800,true,
TXN-NO_LOCK-00018,REQ-SIM-00018,SIM-NO_LOCK-00018,CUS-00018,FSI-00167,1,NO_LOCK,pool-1-thread-18,3844306563700,3844712439000,true,
TXN-NO_LOCK-00554,REQ-SIM-00554,SIM-NO_LOCK-00554,CUS-00554,FSI-00167,1,NO_LOCK,pool-1-thread-554,3844321377900,3844712489600,true,
TXN-NO_LOCK-00759,REQ-SIM-00759,SIM-NO_LOCK-00759,CUS-00759,FSI-00167,1,NO_LOCK,pool-1-thread-759,3844325913900,3844712504400,true,
TXN-NO_LOCK-00212,REQ-SIM-00212,SIM-NO_LOCK-00212,CUS-00212,FSI-00167,1,NO_LOCK,pool-1-thread-212,3844312556100,3844712494600,true,
TXN-NO_LOCK-00122,REQ-SIM-00122,SIM-NO_LOCK-00122,CUS-00122,FSI-00167,1,NO_LOCK,pool-1-thread-122,3844310433200,3844712557100,true,
TXN-NO_LOCK-00878,REQ-SIM-00878,SIM-NO_LOCK-00878,CUS-00878,FSI-00167,1,NO_LOCK,pool-1-thread-878,3844328873400,3844712596100,true,
TXN-NO_LOCK-00669,REQ-SIM-00669,SIM-NO_LOCK-00669,CUS-00669,FSI-00167,1,NO_LOCK,pool-1-thread-669,3844323970800,3844712594100,true,
TXN-NO_LOCK-00116,REQ-SIM-00116,SIM-NO_LOCK-00116,CUS-00116,FSI-00167,1,NO_LOCK,pool-1-thread-116,3844310192600,3844712438300,true,
TXN-NO_LOCK-00932,REQ-SIM-00932,SIM-NO_LOCK-00932,CUS-00932,FSI-00167,1,NO_LOCK,pool-1-thread-932,3844330351100,3844712435500,true,
TXN-NO_LOCK-00656,REQ-SIM-00656,SIM-NO_LOCK-00656,CUS-00656,FSI-00167,1,NO_LOCK,pool-1-thread-656,3844323678800,3844712682600,true,
TXN-NO_LOCK-00674,REQ-SIM-00674,SIM-NO_LOCK-00674,CUS-00674,FSI-00167,1,NO_LOCK,pool-1-thread-674,3844324080200,3844712684400,true,
TXN-NO_LOCK-00086,REQ-SIM-00086,SIM-NO_LOCK-00086,CUS-00086,FSI-00167,1,NO_LOCK,pool-1-thread-86,3844307989300,3844712706600,true,
TXN-NO_LOCK-00519,REQ-SIM-00519,SIM-NO_LOCK-00519,CUS-00519,FSI-00167,1,NO_LOCK,pool-1-thread-519,3844320437000,3844712761300,true,
TXN-NO_LOCK-00387,REQ-SIM-00387,SIM-NO_LOCK-00387,CUS-00387,FSI-00167,1,NO_LOCK,pool-1-thread-387,3844316766300,3844712768100,true,
TXN-NO_LOCK-00440,REQ-SIM-00440,SIM-NO_LOCK-00440,CUS-00440,FSI-00167,1,NO_LOCK,pool-1-thread-440,3844318126400,3844712783800,true,
TXN-NO_LOCK-00398,REQ-SIM-00398,SIM-NO_LOCK-00398,CUS-00398,FSI-00167,1,NO_LOCK,pool-1-thread-398,3844317068300,3844712905600,true,
TXN-NO_LOCK-00024,REQ-SIM-00024,SIM-NO_LOCK-00024,CUS-00024,FSI-00167,1,NO_LOCK,pool-1-thread-24,3844306643800,3844712920500,true,
TXN-NO_LOCK-00735,REQ-SIM-00735,SIM-NO_LOCK-00735,CUS-00735,FSI-00167,1,NO_LOCK,pool-1-thread-735,3844325414900,3844712979800,true,
TXN-NO_LOCK-00680,REQ-SIM-00680,SIM-NO_LOCK-00680,CUS-00680,FSI-00167,1,NO_LOCK,pool-1-thread-680,3844324211200,3844713045200,true,
TXN-NO_LOCK-00036,REQ-SIM-00036,SIM-NO_LOCK-00036,CUS-00036,FSI-00167,1,NO_LOCK,pool-1-thread-36,3844306822300,3844713042900,true,
TXN-NO_LOCK-00590,REQ-SIM-00590,SIM-NO_LOCK-00590,CUS-00590,FSI-00167,1,NO_LOCK,pool-1-thread-590,3844322106900,3844713020800,true,
TXN-NO_LOCK-00566,REQ-SIM-00566,SIM-NO_LOCK-00566,CUS-00566,FSI-00167,1,NO_LOCK,pool-1-thread-566,3844321591700,3844713081900,true,
TXN-NO_LOCK-00017,REQ-SIM-00017,SIM-NO_LOCK-00017,CUS-00017,FSI-00167,1,NO_LOCK,pool-1-thread-17,3844306548400,3844713161600,true,
TXN-NO_LOCK-00980,REQ-SIM-00980,SIM-NO_LOCK-00980,CUS-00980,FSI-00167,1,NO_LOCK,pool-1-thread-980,3844331579100,3844713184000,true,
TXN-NO_LOCK-00992,REQ-SIM-00992,SIM-NO_LOCK-00992,CUS-00992,FSI-00167,1,NO_LOCK,pool-1-thread-992,3844331840400,3844713212200,true,
TXN-NO_LOCK-00645,REQ-SIM-00645,SIM-NO_LOCK-00645,CUS-00645,FSI-00167,1,NO_LOCK,pool-1-thread-645,3844323422700,3844713247900,true,
TXN-NO_LOCK-00164,REQ-SIM-00164,SIM-NO_LOCK-00164,CUS-00164,FSI-00167,1,NO_LOCK,pool-1-thread-164,3844311418200,3844713286900,true,
TXN-NO_LOCK-00675,REQ-SIM-00675,SIM-NO_LOCK-00675,CUS-00675,FSI-00167,1,NO_LOCK,pool-1-thread-675,3844324105800,3844713300300,true,
TXN-NO_LOCK-00956,REQ-SIM-00956,SIM-NO_LOCK-00956,CUS-00956,FSI-00167,1,NO_LOCK,pool-1-thread-956,3844331072900,3844713346600,true,
TXN-NO_LOCK-00968,REQ-SIM-00968,SIM-NO_LOCK-00968,CUS-00968,FSI-00167,1,NO_LOCK,pool-1-thread-968,3844331334800,3844713408600,true,
TXN-NO_LOCK-00141,REQ-SIM-00141,SIM-NO_LOCK-00141,CUS-00141,FSI-00167,1,NO_LOCK,pool-1-thread-141,3844310917600,3844713258500,true,
TXN-NO_LOCK-00525,REQ-SIM-00525,SIM-NO_LOCK-00525,CUS-00525,FSI-00167,1,NO_LOCK,pool-1-thread-525,3844320578800,3844713492600,true,
TXN-NO_LOCK-00662,REQ-SIM-00662,SIM-NO_LOCK-00662,CUS-00662,FSI-00167,1,NO_LOCK,pool-1-thread-662,3844323794800,3844713498100,true,
TXN-NO_LOCK-00999,REQ-SIM-00999,SIM-NO_LOCK-00999,CUS-00999,FSI-00167,1,NO_LOCK,pool-1-thread-999,3844331979900,3844713507900,true,
TXN-NO_LOCK-00458,REQ-SIM-00458,SIM-NO_LOCK-00458,CUS-00458,FSI-00167,1,NO_LOCK,pool-1-thread-458,3844318679900,3844713547200,true,
TXN-NO_LOCK-00657,REQ-SIM-00657,SIM-NO_LOCK-00657,CUS-00657,FSI-00167,1,NO_LOCK,pool-1-thread-657,3844323691600,3844713642600,true,
TXN-NO_LOCK-00671,REQ-SIM-00671,SIM-NO_LOCK-00671,CUS-00671,FSI-00167,1,NO_LOCK,pool-1-thread-671,3844324034200,3844713737400,true,
TXN-NO_LOCK-00549,REQ-SIM-00549,SIM-NO_LOCK-00549,CUS-00549,FSI-00167,1,NO_LOCK,pool-1-thread-549,3844321249600,3844713726800,true,
TXN-NO_LOCK-00964,REQ-SIM-00964,SIM-NO_LOCK-00964,CUS-00964,FSI-00167,1,NO_LOCK,pool-1-thread-964,3844331248100,3844713625300,true,
TXN-NO_LOCK-00333,REQ-SIM-00333,SIM-NO_LOCK-00333,CUS-00333,FSI-00167,1,NO_LOCK,pool-1-thread-333,3844315414400,3844713742900,true,
TXN-NO_LOCK-00993,REQ-SIM-00993,SIM-NO_LOCK-00993,CUS-00993,FSI-00167,1,NO_LOCK,pool-1-thread-993,3844331861200,3844713778000,true,
TXN-NO_LOCK-00078,REQ-SIM-00078,SIM-NO_LOCK-00078,CUS-00078,FSI-00167,1,NO_LOCK,pool-1-thread-78,3844307617300,3844713849400,true,
TXN-NO_LOCK-00374,REQ-SIM-00374,SIM-NO_LOCK-00374,CUS-00374,FSI-00167,1,NO_LOCK,pool-1-thread-374,3844316468200,3844713846600,true,
TXN-NO_LOCK-00620,REQ-SIM-00620,SIM-NO_LOCK-00620,CUS-00620,FSI-00167,1,NO_LOCK,pool-1-thread-620,3844322778900,3844713841900,true,
TXN-NO_LOCK-00704,REQ-SIM-00704,SIM-NO_LOCK-00704,CUS-00704,FSI-00167,1,NO_LOCK,pool-1-thread-704,3844324758100,3844713905600,true,
TXN-NO_LOCK-00099,REQ-SIM-00099,SIM-NO_LOCK-00099,CUS-00099,FSI-00167,1,NO_LOCK,pool-1-thread-99,3844309394000,3844713933700,true,
TXN-NO_LOCK-00728,REQ-SIM-00728,SIM-NO_LOCK-00728,CUS-00728,FSI-00167,1,NO_LOCK,pool-1-thread-728,3844325252400,3844713917800,true,
TXN-NO_LOCK-00059,REQ-SIM-00059,SIM-NO_LOCK-00059,CUS-00059,FSI-00167,1,NO_LOCK,pool-1-thread-59,3844307095100,3844713949700,true,
TXN-NO_LOCK-00962,REQ-SIM-00962,SIM-NO_LOCK-00962,CUS-00962,FSI-00167,1,NO_LOCK,pool-1-thread-962,3844331216300,3844713970600,true,
TXN-NO_LOCK-00986,REQ-SIM-00986,SIM-NO_LOCK-00986,CUS-00986,FSI-00167,1,NO_LOCK,pool-1-thread-986,3844331718100,3844714008700,true,
TXN-NO_LOCK-00686,REQ-SIM-00686,SIM-NO_LOCK-00686,CUS-00686,FSI-00167,1,NO_LOCK,pool-1-thread-686,3844324344800,3844714016900,true,
TXN-NO_LOCK-00957,REQ-SIM-00957,SIM-NO_LOCK-00957,CUS-00957,FSI-00167,1,NO_LOCK,pool-1-thread-957,3844331090600,3844714094400,true,
TXN-NO_LOCK-00464,REQ-SIM-00464,SIM-NO_LOCK-00464,CUS-00464,FSI-00167,1,NO_LOCK,pool-1-thread-464,3844318844600,3844714132300,true,
TXN-NO_LOCK-00872,REQ-SIM-00872,SIM-NO_LOCK-00872,CUS-00872,FSI-00167,1,NO_LOCK,pool-1-thread-872,3844328708500,3844714179400,true,
TXN-NO_LOCK-00459,REQ-SIM-00459,SIM-NO_LOCK-00459,CUS-00459,FSI-00167,1,NO_LOCK,pool-1-thread-459,3844318702400,3844714154300,true,
TXN-NO_LOCK-00592,REQ-SIM-00592,SIM-NO_LOCK-00592,CUS-00592,FSI-00167,1,NO_LOCK,pool-1-thread-592,3844322159100,3844714222100,true,
TXN-NO_LOCK-00060,REQ-SIM-00060,SIM-NO_LOCK-00060,CUS-00060,FSI-00167,1,NO_LOCK,pool-1-thread-60,3844307112800,3844714216800,true,
TXN-NO_LOCK-00843,REQ-SIM-00843,SIM-NO_LOCK-00843,CUS-00843,FSI-00167,1,NO_LOCK,pool-1-thread-843,3844327971900,3844714245400,true,
TXN-NO_LOCK-00422,REQ-SIM-00422,SIM-NO_LOCK-00422,CUS-00422,FSI-00167,1,NO_LOCK,pool-1-thread-422,3844317656800,3844714275800,true,
TXN-NO_LOCK-00650,REQ-SIM-00650,SIM-NO_LOCK-00650,CUS-00650,FSI-00167,1,NO_LOCK,pool-1-thread-650,3844323526000,3844714337500,true,
TXN-NO_LOCK-00573,REQ-SIM-00573,SIM-NO_LOCK-00573,CUS-00573,FSI-00167,1,NO_LOCK,pool-1-thread-573,3844321733300,3844714364800,true,
TXN-NO_LOCK-00807,REQ-SIM-00807,SIM-NO_LOCK-00807,CUS-00807,FSI-00167,1,NO_LOCK,pool-1-thread-807,3844326991400,3844714370800,true,
TXN-NO_LOCK-00417,REQ-SIM-00417,SIM-NO_LOCK-00417,CUS-00417,FSI-00167,1,NO_LOCK,pool-1-thread-417,3844317511400,3844714380700,true,
TXN-NO_LOCK-00159,REQ-SIM-00159,SIM-NO_LOCK-00159,CUS-00159,FSI-00167,1,NO_LOCK,pool-1-thread-159,3844311319900,3844714423600,true,
TXN-NO_LOCK-00147,REQ-SIM-00147,SIM-NO_LOCK-00147,CUS-00147,FSI-00167,1,NO_LOCK,pool-1-thread-147,3844311067500,3844714478600,true,
TXN-NO_LOCK-00489,REQ-SIM-00489,SIM-NO_LOCK-00489,CUS-00489,FSI-00167,1,NO_LOCK,pool-1-thread-489,3844319595800,3844714514200,true,
TXN-NO_LOCK-00092,REQ-SIM-00092,SIM-NO_LOCK-00092,CUS-00092,FSI-00167,1,NO_LOCK,pool-1-thread-92,3844308460200,3844714550600,true,
TXN-NO_LOCK-00066,REQ-SIM-00066,SIM-NO_LOCK-00066,CUS-00066,FSI-00167,1,NO_LOCK,pool-1-thread-66,3844307183700,3844714571700,true,
TXN-NO_LOCK-00795,REQ-SIM-00795,SIM-NO_LOCK-00795,CUS-00795,FSI-00167,1,NO_LOCK,pool-1-thread-795,3844326748100,3844714550600,true,
TXN-NO_LOCK-00375,REQ-SIM-00375,SIM-NO_LOCK-00375,CUS-00375,FSI-00167,1,NO_LOCK,pool-1-thread-375,3844316481400,3844714634200,true,
TXN-NO_LOCK-00950,REQ-SIM-00950,SIM-NO_LOCK-00950,CUS-00950,FSI-00167,1,NO_LOCK,pool-1-thread-950,3844330853900,3844714644300,true,
TXN-NO_LOCK-00530,REQ-SIM-00530,SIM-NO_LOCK-00530,CUS-00530,FSI-00167,1,NO_LOCK,pool-1-thread-530,3844320700800,3844714654900,true,
TXN-NO_LOCK-00579,REQ-SIM-00579,SIM-NO_LOCK-00579,CUS-00579,FSI-00167,1,NO_LOCK,pool-1-thread-579,3844321844900,3844714574600,true,
TXN-NO_LOCK-00393,REQ-SIM-00393,SIM-NO_LOCK-00393,CUS-00393,FSI-00167,1,NO_LOCK,pool-1-thread-393,3844316921600,3844714692400,true,
TXN-NO_LOCK-00326,REQ-SIM-00326,SIM-NO_LOCK-00326,CUS-00326,FSI-00167,1,NO_LOCK,pool-1-thread-326,3844315240500,3844714744700,true,
TXN-NO_LOCK-00134,REQ-SIM-00134,SIM-NO_LOCK-00134,CUS-00134,FSI-00167,1,NO_LOCK,pool-1-thread-134,3844310767000,3844714750900,true,
TXN-NO_LOCK-00429,REQ-SIM-00429,SIM-NO_LOCK-00429,CUS-00429,FSI-00167,1,NO_LOCK,pool-1-thread-429,3844317839000,3844714770900,true,
TXN-NO_LOCK-00471,REQ-SIM-00471,SIM-NO_LOCK-00471,CUS-00471,FSI-00167,1,NO_LOCK,pool-1-thread-471,3844319014900,3844714808700,true,
TXN-NO_LOCK-00023,REQ-SIM-00023,SIM-NO_LOCK-00023,CUS-00023,FSI-00167,1,NO_LOCK,pool-1-thread-23,3844306625300,3844714821800,true,
TXN-NO_LOCK-00006,REQ-SIM-00006,SIM-NO_LOCK-00006,CUS-00006,FSI-00167,1,NO_LOCK,pool-1-thread-6,3844306368600,3844714884400,true,
TXN-NO_LOCK-00938,REQ-SIM-00938,SIM-NO_LOCK-00938,CUS-00938,FSI-00167,1,NO_LOCK,pool-1-thread-938,3844330532600,3844714946700,true,
TXN-NO_LOCK-00699,REQ-SIM-00699,SIM-NO_LOCK-00699,CUS-00699,FSI-00167,1,NO_LOCK,pool-1-thread-699,3844324643500,3844714960200,true,
TXN-NO_LOCK-00908,REQ-SIM-00908,SIM-NO_LOCK-00908,CUS-00908,FSI-00167,1,NO_LOCK,pool-1-thread-908,3844329760400,3844715042400,true,
TXN-NO_LOCK-00902,REQ-SIM-00902,SIM-NO_LOCK-00902,CUS-00902,FSI-00167,1,NO_LOCK,pool-1-thread-902,3844329591500,3844715031100,true,
TXN-NO_LOCK-00135,REQ-SIM-00135,SIM-NO_LOCK-00135,CUS-00135,FSI-00167,1,NO_LOCK,pool-1-thread-135,3844310786300,3844715080500,true,
TXN-NO_LOCK-00975,REQ-SIM-00975,SIM-NO_LOCK-00975,CUS-00975,FSI-00167,1,NO_LOCK,pool-1-thread-975,3844331469400,3844715151100,true,
TXN-NO_LOCK-00914,REQ-SIM-00914,SIM-NO_LOCK-00914,CUS-00914,FSI-00167,1,NO_LOCK,pool-1-thread-914,3844329886900,3844715118100,true,
TXN-NO_LOCK-00071,REQ-SIM-00071,SIM-NO_LOCK-00071,CUS-00071,FSI-00167,1,NO_LOCK,pool-1-thread-71,3844307239400,3844715222400,true,
TXN-NO_LOCK-00434,REQ-SIM-00434,SIM-NO_LOCK-00434,CUS-00434,FSI-00167,1,NO_LOCK,pool-1-thread-434,3844317982200,3844715278500,true,
TXN-NO_LOCK-00501,REQ-SIM-00501,SIM-NO_LOCK-00501,CUS-00501,FSI-00167,1,NO_LOCK,pool-1-thread-501,3844319952300,3844715350700,true,
TXN-NO_LOCK-00091,REQ-SIM-00091,SIM-NO_LOCK-00091,CUS-00091,FSI-00167,1,NO_LOCK,pool-1-thread-91,3844308207800,3844715398300,true,
TXN-NO_LOCK-00446,REQ-SIM-00446,SIM-NO_LOCK-00446,CUS-00446,FSI-00167,1,NO_LOCK,pool-1-thread-446,3844318224400,3844715398800,true,
TXN-NO_LOCK-00998,REQ-SIM-00998,SIM-NO_LOCK-00998,CUS-00998,FSI-00167,1,NO_LOCK,pool-1-thread-998,3844331963800,3844715511100,true,
TXN-NO_LOCK-00639,REQ-SIM-00639,SIM-NO_LOCK-00639,CUS-00639,FSI-00167,1,NO_LOCK,pool-1-thread-639,3844323292700,3844715477000,true,
TXN-NO_LOCK-00854,REQ-SIM-00854,SIM-NO_LOCK-00854,CUS-00854,FSI-00167,1,NO_LOCK,pool-1-thread-854,3844328241100,3844715207300,true,
TXN-NO_LOCK-00463,REQ-SIM-00463,SIM-NO_LOCK-00463,CUS-00463,FSI-00167,1,NO_LOCK,pool-1-thread-463,3844318822800,3844729403800,true,
TXN-NO_LOCK-00352,REQ-SIM-00352,SIM-NO_LOCK-00352,CUS-00352,FSI-00167,1,NO_LOCK,pool-1-thread-352,3844315909900,3844741777400,true,
TXN-NO_LOCK-00305,REQ-SIM-00305,SIM-NO_LOCK-00305,CUS-00305,FSI-00167,1,NO_LOCK,pool-1-thread-305,3844314789400,3844742520600,true,
TXN-NO_LOCK-00226,REQ-SIM-00226,SIM-NO_LOCK-00226,CUS-00226,FSI-00167,1,NO_LOCK,pool-1-thread-226,3844312926800,3844779640400,true,
TXN-NO_LOCK-00873,REQ-SIM-00873,SIM-NO_LOCK-00873,CUS-00873,FSI-00167,1,NO_LOCK,pool-1-thread-873,3844328727400,3844715649000,true,
TXN-NO_LOCK-00963,REQ-SIM-00963,SIM-NO_LOCK-00963,CUS-00963,FSI-00167,1,NO_LOCK,pool-1-thread-963,3844331231400,3844780701800,true,
TXN-NO_LOCK-00734,REQ-SIM-00734,SIM-NO_LOCK-00734,CUS-00734,FSI-00167,1,NO_LOCK,pool-1-thread-734,3844325400200,3844781155800,true,
TXN-NO_LOCK-00740,REQ-SIM-00740,SIM-NO_LOCK-00740,CUS-00740,FSI-00167,1,NO_LOCK,pool-1-thread-740,3844325527200,3844714867900,true,
TXN-NO_LOCK-00920,REQ-SIM-00920,SIM-NO_LOCK-00920,CUS-00920,FSI-00167,1,NO_LOCK,pool-1-thread-920,3844330019100,3844781230500,true,
TXN-NO_LOCK-00722,REQ-SIM-00722,SIM-NO_LOCK-00722,CUS-00722,FSI-00167,1,NO_LOCK,pool-1-thread-722,3844325110700,3844781268000,true,
TXN-NO_LOCK-00248,REQ-SIM-00248,SIM-NO_LOCK-00248,CUS-00248,FSI-00167,1,NO_LOCK,pool-1-thread-248,3844313470000,3844784707100,true,
TXN-NO_LOCK-00260,REQ-SIM-00260,SIM-NO_LOCK-00260,CUS-00260,FSI-00167,1,NO_LOCK,pool-1-thread-260,3844313784200,3844820068200,true,
TXN-NO_LOCK-00402,REQ-SIM-00402,SIM-NO_LOCK-00402,CUS-00402,FSI-00167,1,NO_LOCK,pool-1-thread-402,3844317153400,3844820150400,true,
TXN-NO_LOCK-00217,REQ-SIM-00217,SIM-NO_LOCK-00217,CUS-00217,FSI-00167,1,NO_LOCK,pool-1-thread-217,3844312641400,3844820286800,true,
TXN-NO_LOCK-00301,REQ-SIM-00301,SIM-NO_LOCK-00301,CUS-00301,FSI-00167,1,NO_LOCK,pool-1-thread-301,3844314695900,3844820401600,true,
TXN-NO_LOCK-00266,REQ-SIM-00266,SIM-NO_LOCK-00266,CUS-00266,FSI-00167,1,NO_LOCK,pool-1-thread-266,3844313927400,3844820417800,true,
TXN-NO_LOCK-00156,REQ-SIM-00156,SIM-NO_LOCK-00156,CUS-00156,FSI-00167,1,NO_LOCK,pool-1-thread-156,3844311252900,3844820475200,true,
TXN-NO_LOCK-00221,REQ-SIM-00221,SIM-NO_LOCK-00221,CUS-00221,FSI-00167,1,NO_LOCK,pool-1-thread-221,3844312805600,3844820513100,true,
TXN-NO_LOCK-00808,REQ-SIM-00808,SIM-NO_LOCK-00808,CUS-00808,FSI-00167,1,NO_LOCK,pool-1-thread-808,3844327015800,3844820567300,true,
TXN-NO_LOCK-00126,REQ-SIM-00126,SIM-NO_LOCK-00126,CUS-00126,FSI-00167,1,NO_LOCK,pool-1-thread-126,3844310564300,3844820644100,true,
TXN-NO_LOCK-00363,REQ-SIM-00363,SIM-NO_LOCK-00363,CUS-00363,FSI-00167,1,NO_LOCK,pool-1-thread-363,3844316194400,3844820723500,true,
TXN-NO_LOCK-00309,REQ-SIM-00309,SIM-NO_LOCK-00309,CUS-00309,FSI-00167,1,NO_LOCK,pool-1-thread-309,3844314854700,3844820825900,true,
TXN-NO_LOCK-00773,REQ-SIM-00773,SIM-NO_LOCK-00773,CUS-00773,FSI-00167,1,NO_LOCK,pool-1-thread-773,3844326270200,3844820886700,true,
TXN-NO_LOCK-00237,REQ-SIM-00237,SIM-NO_LOCK-00237,CUS-00237,FSI-00167,1,NO_LOCK,pool-1-thread-237,3844313219400,3844820912900,true,
TXN-NO_LOCK-00231,REQ-SIM-00231,SIM-NO_LOCK-00231,CUS-00231,FSI-00167,1,NO_LOCK,pool-1-thread-231,3844313056400,3844820977800,true,
TXN-NO_LOCK-00195,REQ-SIM-00195,SIM-NO_LOCK-00195,CUS-00195,FSI-00167,1,NO_LOCK,pool-1-thread-195,3844312103100,3844821130900,true,
TXN-NO_LOCK-00284,REQ-SIM-00284,SIM-NO_LOCK-00284,CUS-00284,FSI-00167,1,NO_LOCK,pool-1-thread-284,3844314288700,3844821277300,true,
TXN-NO_LOCK-00267,REQ-SIM-00267,SIM-NO_LOCK-00267,CUS-00267,FSI-00167,1,NO_LOCK,pool-1-thread-267,3844313943200,3844821302000,true,
TXN-NO_LOCK-00321,REQ-SIM-00321,SIM-NO_LOCK-00321,CUS-00321,FSI-00167,1,NO_LOCK,pool-1-thread-321,3844315126300,3844821338300,true,
TXN-NO_LOCK-00287,REQ-SIM-00287,SIM-NO_LOCK-00287,CUS-00287,FSI-00167,1,NO_LOCK,pool-1-thread-287,3844314358800,3844821389100,true,
TXN-NO_LOCK-00770,REQ-SIM-00770,SIM-NO_LOCK-00770,CUS-00770,FSI-00167,1,NO_LOCK,pool-1-thread-770,3844326222600,3844821414000,true,
TXN-NO_LOCK-00371,REQ-SIM-00371,SIM-NO_LOCK-00371,CUS-00371,FSI-00167,1,NO_LOCK,pool-1-thread-371,3844316422300,3844821444400,true,
TXN-NO_LOCK-00328,REQ-SIM-00328,SIM-NO_LOCK-00328,CUS-00328,FSI-00167,1,NO_LOCK,pool-1-thread-328,3844315292400,3844821497800,true,
TXN-NO_LOCK-00299,REQ-SIM-00299,SIM-NO_LOCK-00299,CUS-00299,FSI-00167,1,NO_LOCK,pool-1-thread-299,3844314658500,3844821065700,true,
TXN-NO_LOCK-00800,REQ-SIM-00800,SIM-NO_LOCK-00800,CUS-00800,FSI-00167,1,NO_LOCK,pool-1-thread-800,3844326852900,3844821621500,true,
TXN-NO_LOCK-00771,REQ-SIM-00771,SIM-NO_LOCK-00771,CUS-00771,FSI-00167,1,NO_LOCK,pool-1-thread-771,3844326241400,3844821642600,true,
TXN-NO_LOCK-00123,REQ-SIM-00123,SIM-NO_LOCK-00123,CUS-00123,FSI-00167,1,NO_LOCK,pool-1-thread-123,3844310439600,3844821704500,true,
TXN-NO_LOCK-00813,REQ-SIM-00813,SIM-NO_LOCK-00813,CUS-00813,FSI-00167,1,NO_LOCK,pool-1-thread-813,3844327133900,3844821566700,true,
TXN-NO_LOCK-00268,REQ-SIM-00268,SIM-NO_LOCK-00268,CUS-00268,FSI-00167,1,NO_LOCK,pool-1-thread-268,3844313966300,3844821714000,true,
TXN-NO_LOCK-00239,REQ-SIM-00239,SIM-NO_LOCK-00239,CUS-00239,FSI-00167,1,NO_LOCK,pool-1-thread-239,3844313261500,3844821794100,true,
TXN-NO_LOCK-00245,REQ-SIM-00245,SIM-NO_LOCK-00245,CUS-00245,FSI-00167,1,NO_LOCK,pool-1-thread-245,3844313381700,3844821244800,true,
TXN-NO_LOCK-00327,REQ-SIM-00327,SIM-NO_LOCK-00327,CUS-00327,FSI-00167,1,NO_LOCK,pool-1-thread-327,3844315272300,3844821875300,true,
TXN-NO_LOCK-00346,REQ-SIM-00346,SIM-NO_LOCK-00346,CUS-00346,FSI-00167,1,NO_LOCK,pool-1-thread-346,3844315774200,3844821859700,true,
TXN-NO_LOCK-00048,REQ-SIM-00048,SIM-NO_LOCK-00048,CUS-00048,FSI-00167,1,NO_LOCK,pool-1-thread-48,3844306965400,3844821897000,true,
TXN-NO_LOCK-00262,REQ-SIM-00262,SIM-NO_LOCK-00262,CUS-00262,FSI-00167,1,NO_LOCK,pool-1-thread-262,3844313851600,3844821902600,true,
TXN-NO_LOCK-00244,REQ-SIM-00244,SIM-NO_LOCK-00244,CUS-00244,FSI-00167,1,NO_LOCK,pool-1-thread-244,3844313363500,3844822037600,true,
TXN-NO_LOCK-00232,REQ-SIM-00232,SIM-NO_LOCK-00232,CUS-00232,FSI-00167,1,NO_LOCK,pool-1-thread-232,3844313070800,3844822084700,true,
TXN-NO_LOCK-00002,REQ-SIM-00002,SIM-NO_LOCK-00002,CUS-00002,FSI-00167,1,NO_LOCK,pool-1-thread-2,3844306349800,3844822218400,true,
TXN-NO_LOCK-00809,REQ-SIM-00809,SIM-NO_LOCK-00809,CUS-00809,FSI-00167,1,NO_LOCK,pool-1-thread-809,3844327038800,3844822259700,true,
TXN-NO_LOCK-00868,REQ-SIM-00868,SIM-NO_LOCK-00868,CUS-00868,FSI-00167,1,NO_LOCK,pool-1-thread-868,3844328595400,3844822467300,true,
TXN-NO_LOCK-00275,REQ-SIM-00275,SIM-NO_LOCK-00275,CUS-00275,FSI-00167,1,NO_LOCK,pool-1-thread-275,3844314109400,3844822569200,true,
TXN-NO_LOCK-00778,REQ-SIM-00778,SIM-NO_LOCK-00778,CUS-00778,FSI-00167,1,NO_LOCK,pool-1-thread-778,3844326380400,3844822618500,true,
TXN-NO_LOCK-00838,REQ-SIM-00838,SIM-NO_LOCK-00838,CUS-00838,FSI-00167,1,NO_LOCK,pool-1-thread-838,3844327883900,3844822660200,true,
TXN-NO_LOCK-00850,REQ-SIM-00850,SIM-NO_LOCK-00850,CUS-00850,FSI-00167,1,NO_LOCK,pool-1-thread-850,3844328147400,3844822662200,true,
TXN-NO_LOCK-00359,REQ-SIM-00359,SIM-NO_LOCK-00359,CUS-00359,FSI-00167,1,NO_LOCK,pool-1-thread-359,3844316116000,3844822725600,true,
TXN-NO_LOCK-00815,REQ-SIM-00815,SIM-NO_LOCK-00815,CUS-00815,FSI-00167,1,NO_LOCK,pool-1-thread-815,3844327221400,3844822777300,true,
TXN-NO_LOCK-00784,REQ-SIM-00784,SIM-NO_LOCK-00784,CUS-00784,FSI-00167,1,NO_LOCK,pool-1-thread-784,3844326523600,3844822828900,true,
TXN-NO_LOCK-00280,REQ-SIM-00280,SIM-NO_LOCK-00280,CUS-00280,FSI-00167,1,NO_LOCK,pool-1-thread-280,3844314210600,3844822840600,true,
TXN-NO_LOCK-00833,REQ-SIM-00833,SIM-NO_LOCK-00833,CUS-00833,FSI-00167,1,NO_LOCK,pool-1-thread-833,3844327755200,3844822870200,true,
TXN-NO_LOCK-00365,REQ-SIM-00365,SIM-NO_LOCK-00365,CUS-00365,FSI-00167,1,NO_LOCK,pool-1-thread-365,3844316265300,3844822887100,true,
TXN-NO_LOCK-00796,REQ-SIM-00796,SIM-NO_LOCK-00796,CUS-00796,FSI-00167,1,NO_LOCK,pool-1-thread-796,3844326779200,3844822789400,true,
TXN-NO_LOCK-00263,REQ-SIM-00263,SIM-NO_LOCK-00263,CUS-00263,FSI-00167,1,NO_LOCK,pool-1-thread-263,3844313873100,3844822984100,true,
TXN-NO_LOCK-00334,REQ-SIM-00334,SIM-NO_LOCK-00334,CUS-00334,FSI-00167,1,NO_LOCK,pool-1-thread-334,3844315430600,3844823055700,true,
TXN-NO_LOCK-00856,REQ-SIM-00856,SIM-NO_LOCK-00856,CUS-00856,FSI-00167,1,NO_LOCK,pool-1-thread-856,3844328294300,3844823128200,true,
TXN-NO_LOCK-00823,REQ-SIM-00823,SIM-NO_LOCK-00823,CUS-00823,FSI-00167,1,NO_LOCK,pool-1-thread-823,3844327452800,3844823169900,true,
TXN-NO_LOCK-00251,REQ-SIM-00251,SIM-NO_LOCK-00251,CUS-00251,FSI-00167,1,NO_LOCK,pool-1-thread-251,3844313522300,3844823174800,true,
TXN-NO_LOCK-00339,REQ-SIM-00339,SIM-NO_LOCK-00339,CUS-00339,FSI-00167,1,NO_LOCK,pool-1-thread-339,3844315549200,3844823221000,true,
TXN-NO_LOCK-00298,REQ-SIM-00298,SIM-NO_LOCK-00298,CUS-00298,FSI-00167,1,NO_LOCK,pool-1-thread-298,3844314636800,3844823247300,true,
TXN-NO_LOCK-00306,REQ-SIM-00306,SIM-NO_LOCK-00306,CUS-00306,FSI-00167,1,NO_LOCK,pool-1-thread-306,3844314805900,3844823301800,true,
TXN-NO_LOCK-00799,REQ-SIM-00799,SIM-NO_LOCK-00799,CUS-00799,FSI-00167,1,NO_LOCK,pool-1-thread-799,3844326829000,3844823355500,true,
TXN-NO_LOCK-00163,REQ-SIM-00163,SIM-NO_LOCK-00163,CUS-00163,FSI-00167,1,NO_LOCK,pool-1-thread-163,3844311394600,3844823408500,true,
TXN-NO_LOCK-00200,REQ-SIM-00200,SIM-NO_LOCK-00200,CUS-00200,FSI-00167,1,NO_LOCK,pool-1-thread-200,3844312192600,3844823477200,true,
TXN-NO_LOCK-00211,REQ-SIM-00211,SIM-NO_LOCK-00211,CUS-00211,FSI-00167,1,NO_LOCK,pool-1-thread-211,3844312503600,3844823590400,true,
TXN-NO_LOCK-00804,REQ-SIM-00804,SIM-NO_LOCK-00804,CUS-00804,FSI-00167,1,NO_LOCK,pool-1-thread-804,3844326946000,3844823600400,true,
TXN-NO_LOCK-00181,REQ-SIM-00181,SIM-NO_LOCK-00181,CUS-00181,FSI-00167,1,NO_LOCK,pool-1-thread-181,3844311794900,3844823660300,true,
TXN-NO_LOCK-00174,REQ-SIM-00174,SIM-NO_LOCK-00174,CUS-00174,FSI-00167,1,NO_LOCK,pool-1-thread-174,3844311627500,3844823705100,true,
TXN-NO_LOCK-00323,REQ-SIM-00323,SIM-NO_LOCK-00323,CUS-00323,FSI-00167,1,NO_LOCK,pool-1-thread-323,3844315184400,3844823785400,true,
TXN-NO_LOCK-00241,REQ-SIM-00241,SIM-NO_LOCK-00241,CUS-00241,FSI-00167,1,NO_LOCK,pool-1-thread-241,3844313301700,3844823812600,true,
TXN-NO_LOCK-00342,REQ-SIM-00342,SIM-NO_LOCK-00342,CUS-00342,FSI-00167,1,NO_LOCK,pool-1-thread-342,3844315630300,3844823816100,true,
TXN-NO_LOCK-00317,REQ-SIM-00317,SIM-NO_LOCK-00317,CUS-00317,FSI-00167,1,NO_LOCK,pool-1-thread-317,3844315055300,3844823889900,true,
TXN-NO_LOCK-00205,REQ-SIM-00205,SIM-NO_LOCK-00205,CUS-00205,FSI-00167,1,NO_LOCK,pool-1-thread-205,3844312355000,3844823921700,true,
TXN-NO_LOCK-00316,REQ-SIM-00316,SIM-NO_LOCK-00316,CUS-00316,FSI-00167,1,NO_LOCK,pool-1-thread-316,3844314972000,3844824006400,true,
TXN-NO_LOCK-00805,REQ-SIM-00805,SIM-NO_LOCK-00805,CUS-00805,FSI-00167,1,NO_LOCK,pool-1-thread-805,3844326960000,3844824008000,true,
TXN-NO_LOCK-00340,REQ-SIM-00340,SIM-NO_LOCK-00340,CUS-00340,FSI-00167,1,NO_LOCK,pool-1-thread-340,3844315580400,3844824111900,true,
TXN-NO_LOCK-00766,REQ-SIM-00766,SIM-NO_LOCK-00766,CUS-00766,FSI-00167,1,NO_LOCK,pool-1-thread-766,3844326121900,3844824150300,true,
TXN-NO_LOCK-00121,REQ-SIM-00121,SIM-NO_LOCK-00121,CUS-00121,FSI-00167,1,NO_LOCK,pool-1-thread-121,3844310398300,3844824166000,true,
TXN-NO_LOCK-00798,REQ-SIM-00798,SIM-NO_LOCK-00798,CUS-00798,FSI-00167,1,NO_LOCK,pool-1-thread-798,3844326807100,3844824200100,true,
TXN-NO_LOCK-00817,REQ-SIM-00817,SIM-NO_LOCK-00817,CUS-00817,FSI-00167,1,NO_LOCK,pool-1-thread-817,3844327310800,3844824347500,true,
TXN-NO_LOCK-00270,REQ-SIM-00270,SIM-NO_LOCK-00270,CUS-00270,FSI-00167,1,NO_LOCK,pool-1-thread-270,3844314001000,3844824347700,true,
TXN-NO_LOCK-00289,REQ-SIM-00289,SIM-NO_LOCK-00289,CUS-00289,FSI-00167,1,NO_LOCK,pool-1-thread-289,3844314396100,3844824400100,true,
TXN-NO_LOCK-00774,REQ-SIM-00774,SIM-NO_LOCK-00774,CUS-00774,FSI-00167,1,NO_LOCK,pool-1-thread-774,3844326313300,3844824413000,true,
TXN-NO_LOCK-00869,REQ-SIM-00869,SIM-NO_LOCK-00869,CUS-00869,FSI-00167,1,NO_LOCK,pool-1-thread-869,3844328623600,3844824452700,true,
TXN-NO_LOCK-00320,REQ-SIM-00320,SIM-NO_LOCK-00320,CUS-00320,FSI-00167,1,NO_LOCK,pool-1-thread-320,3844315106600,3844824574300,true,
TXN-NO_LOCK-00269,REQ-SIM-00269,SIM-NO_LOCK-00269,CUS-00269,FSI-00167,1,NO_LOCK,pool-1-thread-269,3844313973400,3844824622600,true,
TXN-NO_LOCK-00308,REQ-SIM-00308,SIM-NO_LOCK-00308,CUS-00308,FSI-00167,1,NO_LOCK,pool-1-thread-308,3844314836800,3844824630700,true,
TXN-NO_LOCK-00243,REQ-SIM-00243,SIM-NO_LOCK-00243,CUS-00243,FSI-00167,1,NO_LOCK,pool-1-thread-243,3844313347900,3844824679600,true,
TXN-NO_LOCK-00792,REQ-SIM-00792,SIM-NO_LOCK-00792,CUS-00792,FSI-00167,1,NO_LOCK,pool-1-thread-792,3844326699200,3844824753700,true,
TXN-NO_LOCK-00242,REQ-SIM-00242,SIM-NO_LOCK-00242,CUS-00242,FSI-00167,1,NO_LOCK,pool-1-thread-242,3844313330800,3844824536700,true,
TXN-NO_LOCK-00255,REQ-SIM-00255,SIM-NO_LOCK-00255,CUS-00255,FSI-00167,1,NO_LOCK,pool-1-thread-255,3844313700100,3844824774000,true,
TXN-NO_LOCK-00313,REQ-SIM-00313,SIM-NO_LOCK-00313,CUS-00313,FSI-00167,1,NO_LOCK,pool-1-thread-313,3844314925300,3844824796500,true,
TXN-NO_LOCK-00261,REQ-SIM-00261,SIM-NO_LOCK-00261,CUS-00261,FSI-00167,1,NO_LOCK,pool-1-thread-261,3844313818000,3844824876200,true,
TXN-NO_LOCK-00227,REQ-SIM-00227,SIM-NO_LOCK-00227,CUS-00227,FSI-00167,1,NO_LOCK,pool-1-thread-227,3844312941200,3844824908600,true,
TXN-NO_LOCK-00225,REQ-SIM-00225,SIM-NO_LOCK-00225,CUS-00225,FSI-00167,1,NO_LOCK,pool-1-thread-225,3844312909800,3844825022200,true,
TXN-NO_LOCK-00223,REQ-SIM-00223,SIM-NO_LOCK-00223,CUS-00223,FSI-00167,1,NO_LOCK,pool-1-thread-223,3844312879700,3844825034300,true,
TXN-NO_LOCK-00776,REQ-SIM-00776,SIM-NO_LOCK-00776,CUS-00776,FSI-00167,1,NO_LOCK,pool-1-thread-776,3844326345500,3844825117900,true,
TXN-NO_LOCK-00338,REQ-SIM-00338,SIM-NO_LOCK-00338,CUS-00338,FSI-00167,1,NO_LOCK,pool-1-thread-338,3844315528900,3844825127900,true,
TXN-NO_LOCK-00787,REQ-SIM-00787,SIM-NO_LOCK-00787,CUS-00787,FSI-00167,1,NO_LOCK,pool-1-thread-787,3844326569300,3844825196200,true,
TXN-NO_LOCK-00234,REQ-SIM-00234,SIM-NO_LOCK-00234,CUS-00234,FSI-00167,1,NO_LOCK,pool-1-thread-234,3844313106000,3844825262200,true,
TXN-NO_LOCK-00180,REQ-SIM-00180,SIM-NO_LOCK-00180,CUS-00180,FSI-00167,1,NO_LOCK,pool-1-thread-180,3844311767400,3844825299600,true,
TXN-NO_LOCK-00151,REQ-SIM-00151,SIM-NO_LOCK-00151,CUS-00151,FSI-00167,1,NO_LOCK,pool-1-thread-151,3844311136900,3844825391000,true,
TXN-NO_LOCK-00219,REQ-SIM-00219,SIM-NO_LOCK-00219,CUS-00219,FSI-00167,1,NO_LOCK,pool-1-thread-219,3844312767300,3844825428200,true,
TXN-NO_LOCK-00246,REQ-SIM-00246,SIM-NO_LOCK-00246,CUS-00246,FSI-00167,1,NO_LOCK,pool-1-thread-246,3844313433200,3844825454600,true,
TXN-NO_LOCK-00129,REQ-SIM-00129,SIM-NO_LOCK-00129,CUS-00129,FSI-00167,1,NO_LOCK,pool-1-thread-129,3844310637900,3844825495900,true,
TXN-NO_LOCK-00294,REQ-SIM-00294,SIM-NO_LOCK-00294,CUS-00294,FSI-00167,1,NO_LOCK,pool-1-thread-294,3844314499100,3844825558100,true,
TXN-NO_LOCK-00175,REQ-SIM-00175,SIM-NO_LOCK-00175,CUS-00175,FSI-00167,1,NO_LOCK,pool-1-thread-175,3844311651000,3844825600700,true,
TXN-NO_LOCK-00310,REQ-SIM-00310,SIM-NO_LOCK-00310,CUS-00310,FSI-00167,1,NO_LOCK,pool-1-thread-310,3844314874100,3844825660100,true,
TXN-NO_LOCK-00295,REQ-SIM-00295,SIM-NO_LOCK-00295,CUS-00295,FSI-00167,1,NO_LOCK,pool-1-thread-295,3844314515100,3844825698800,true,
TXN-NO_LOCK-00058,REQ-SIM-00058,SIM-NO_LOCK-00058,CUS-00058,FSI-00167,1,NO_LOCK,pool-1-thread-58,3844307085600,3844825756100,true,
TXN-NO_LOCK-00230,REQ-SIM-00230,SIM-NO_LOCK-00230,CUS-00230,FSI-00167,1,NO_LOCK,pool-1-thread-230,3844313040800,3844825810300,true,
TXN-NO_LOCK-00189,REQ-SIM-00189,SIM-NO_LOCK-00189,CUS-00189,FSI-00167,1,NO_LOCK,pool-1-thread-189,3844311973400,3844825868200,true,
TXN-NO_LOCK-00250,REQ-SIM-00250,SIM-NO_LOCK-00250,CUS-00250,FSI-00167,1,NO_LOCK,pool-1-thread-250,3844313502400,3844825927100,true,
TXN-NO_LOCK-00138,REQ-SIM-00138,SIM-NO_LOCK-00138,CUS-00138,FSI-00167,1,NO_LOCK,pool-1-thread-138,3844310844300,3844825984000,true,
TXN-NO_LOCK-00162,REQ-SIM-00162,SIM-NO_LOCK-00162,CUS-00162,FSI-00167,1,NO_LOCK,pool-1-thread-162,3844311363800,3844826026800,true,
TXN-NO_LOCK-00291,REQ-SIM-00291,SIM-NO_LOCK-00291,CUS-00291,FSI-00167,1,NO_LOCK,pool-1-thread-291,3844314425800,3844826056700,true,
TXN-NO_LOCK-00210,REQ-SIM-00210,SIM-NO_LOCK-00210,CUS-00210,FSI-00167,1,NO_LOCK,pool-1-thread-210,3844312453800,3844826096500,true,
TXN-NO_LOCK-00222,REQ-SIM-00222,SIM-NO_LOCK-00222,CUS-00222,FSI-00167,1,NO_LOCK,pool-1-thread-222,3844312862000,3844826142800,true,
TXN-NO_LOCK-00311,REQ-SIM-00311,SIM-NO_LOCK-00311,CUS-00311,FSI-00167,1,NO_LOCK,pool-1-thread-311,3844314895800,3844826208000,true,
TXN-NO_LOCK-00481,REQ-SIM-00481,SIM-NO_LOCK-00481,CUS-00481,FSI-00167,1,NO_LOCK,pool-1-thread-481,3844319247900,3844826243800,true,
TXN-NO_LOCK-00335,REQ-SIM-00335,SIM-NO_LOCK-00335,CUS-00335,FSI-00167,1,NO_LOCK,pool-1-thread-335,3844315465300,3844826306200,true,
TXN-NO_LOCK-00198,REQ-SIM-00198,SIM-NO_LOCK-00198,CUS-00198,FSI-00167,1,NO_LOCK,pool-1-thread-198,3844312161300,3844826352900,true,
TXN-NO_LOCK-00827,REQ-SIM-00827,SIM-NO_LOCK-00827,CUS-00827,FSI-00167,1,NO_LOCK,pool-1-thread-827,3844327596600,3844826424200,true,
TXN-NO_LOCK-00290,REQ-SIM-00290,SIM-NO_LOCK-00290,CUS-00290,FSI-00167,1,NO_LOCK,pool-1-thread-290,3844314411700,3844826473000,true,
TXN-NO_LOCK-00259,REQ-SIM-00259,SIM-NO_LOCK-00259,CUS-00259,FSI-00167,1,NO_LOCK,pool-1-thread-259,3844313766400,3844826517600,true,
TXN-NO_LOCK-00256,REQ-SIM-00256,SIM-NO_LOCK-00256,CUS-00256,FSI-00167,1,NO_LOCK,pool-1-thread-256,3844313716400,3844826552100,true,
TXN-NO_LOCK-00257,REQ-SIM-00257,SIM-NO_LOCK-00257,CUS-00257,FSI-00167,1,NO_LOCK,pool-1-thread-257,3844313736100,3844826611600,true,
TXN-NO_LOCK-00369,REQ-SIM-00369,SIM-NO_LOCK-00369,CUS-00369,FSI-00167,1,NO_LOCK,pool-1-thread-369,3844316333400,3844826663900,true,
TXN-NO_LOCK-00636,REQ-SIM-00636,SIM-NO_LOCK-00636,CUS-00636,FSI-00167,1,NO_LOCK,pool-1-thread-636,3844323222800,3844826716400,true,
TXN-NO_LOCK-00350,REQ-SIM-00350,SIM-NO_LOCK-00350,CUS-00350,FSI-00167,1,NO_LOCK,pool-1-thread-350,3844315841200,3844826767700,true,
TXN-NO_LOCK-00353,REQ-SIM-00353,SIM-NO_LOCK-00353,CUS-00353,FSI-00167,1,NO_LOCK,pool-1-thread-353,3844315932200,3844826822600,true,
TXN-NO_LOCK-00304,REQ-SIM-00304,SIM-NO_LOCK-00304,CUS-00304,FSI-00167,1,NO_LOCK,pool-1-thread-304,3844314766100,3844826877600,true,
TXN-NO_LOCK-00283,REQ-SIM-00283,SIM-NO_LOCK-00283,CUS-00283,FSI-00167,1,NO_LOCK,pool-1-thread-283,3844314266100,3844826934800,true,
TXN-NO_LOCK-00314,REQ-SIM-00314,SIM-NO_LOCK-00314,CUS-00314,FSI-00167,1,NO_LOCK,pool-1-thread-314,3844314938100,3844826989300,true,
TXN-NO_LOCK-00279,REQ-SIM-00279,SIM-NO_LOCK-00279,CUS-00279,FSI-00167,1,NO_LOCK,pool-1-thread-279,3844314175900,3844827045600,true,
TXN-NO_LOCK-00238,REQ-SIM-00238,SIM-NO_LOCK-00238,CUS-00238,FSI-00167,1,NO_LOCK,pool-1-thread-238,3844313240600,3844827092600,true,
TXN-NO_LOCK-00552,REQ-SIM-00552,SIM-NO_LOCK-00552,CUS-00552,FSI-00167,1,NO_LOCK,pool-1-thread-552,3844321342300,3844827138500,true,
TXN-NO_LOCK-00281,REQ-SIM-00281,SIM-NO_LOCK-00281,CUS-00281,FSI-00167,1,NO_LOCK,pool-1-thread-281,3844314227400,3844827242600,true,
TXN-NO_LOCK-00127,REQ-SIM-00127,SIM-NO_LOCK-00127,CUS-00127,FSI-00167,1,NO_LOCK,pool-1-thread-127,3844310603800,3844827247600,true,
TXN-NO_LOCK-00482,REQ-SIM-00482,SIM-NO_LOCK-00482,CUS-00482,FSI-00167,1,NO_LOCK,pool-1-thread-482,3844319273800,3844827292400,true,
TXN-NO_LOCK-00345,REQ-SIM-00345,SIM-NO_LOCK-00345,CUS-00345,FSI-00167,1,NO_LOCK,pool-1-thread-345,3844315719000,3844827350900,true,
TXN-NO_LOCK-00364,REQ-SIM-00364,SIM-NO_LOCK-00364,CUS-00364,FSI-00167,1,NO_LOCK,pool-1-thread-364,3844316250600,3844827410700,true,
TXN-NO_LOCK-00145,REQ-SIM-00145,SIM-NO_LOCK-00145,CUS-00145,FSI-00167,1,NO_LOCK,pool-1-thread-145,3844311027200,3844827475700,true,
TXN-NO_LOCK-00312,REQ-SIM-00312,SIM-NO_LOCK-00312,CUS-00312,FSI-00167,1,NO_LOCK,pool-1-thread-312,3844314910700,3844827519300,true,
TXN-NO_LOCK-00302,REQ-SIM-00302,SIM-NO_LOCK-00302,CUS-00302,FSI-00167,1,NO_LOCK,pool-1-thread-302,3844314721800,3844827557200,true,
TXN-NO_LOCK-00235,REQ-SIM-00235,SIM-NO_LOCK-00235,CUS-00235,FSI-00167,1,NO_LOCK,pool-1-thread-235,3844313125100,3844827588800,true,
TXN-NO_LOCK-00276,REQ-SIM-00276,SIM-NO_LOCK-00276,CUS-00276,FSI-00167,1,NO_LOCK,pool-1-thread-276,3844314126200,3844827645000,true,
TXN-NO_LOCK-00344,REQ-SIM-00344,SIM-NO_LOCK-00344,CUS-00344,FSI-00167,1,NO_LOCK,pool-1-thread-344,3844315665600,3844827670700,true,
TXN-NO_LOCK-00229,REQ-SIM-00229,SIM-NO_LOCK-00229,CUS-00229,FSI-00167,1,NO_LOCK,pool-1-thread-229,3844313018600,3844827708900,true,
TXN-NO_LOCK-00150,REQ-SIM-00150,SIM-NO_LOCK-00150,CUS-00150,FSI-00167,1,NO_LOCK,pool-1-thread-150,3844311113600,3844827751100,true,
TXN-NO_LOCK-00108,REQ-SIM-00108,SIM-NO_LOCK-00108,CUS-00108,FSI-00167,1,NO_LOCK,pool-1-thread-108,3844309817400,3844827798100,true,
TXN-NO_LOCK-00128,REQ-SIM-00128,SIM-NO_LOCK-00128,CUS-00128,FSI-00167,1,NO_LOCK,pool-1-thread-128,3844310622100,3844827859000,true,
TXN-NO_LOCK-00271,REQ-SIM-00271,SIM-NO_LOCK-00271,CUS-00271,FSI-00167,1,NO_LOCK,pool-1-thread-271,3844314013100,3844827926800,true,
TXN-NO_LOCK-00303,REQ-SIM-00303,SIM-NO_LOCK-00303,CUS-00303,FSI-00167,1,NO_LOCK,pool-1-thread-303,3844314742500,3844827980700,true,
TXN-NO_LOCK-00273,REQ-SIM-00273,SIM-NO_LOCK-00273,CUS-00273,FSI-00167,1,NO_LOCK,pool-1-thread-273,3844314053700,3844828030900,true,
TXN-NO_LOCK-00474,REQ-SIM-00474,SIM-NO_LOCK-00474,CUS-00474,FSI-00167,1,NO_LOCK,pool-1-thread-474,3844319106100,3844828093500,true,
TXN-NO_LOCK-00218,REQ-SIM-00218,SIM-NO_LOCK-00218,CUS-00218,FSI-00167,1,NO_LOCK,pool-1-thread-218,3844312686400,3844828146200,true,
TXN-NO_LOCK-00144,REQ-SIM-00144,SIM-NO_LOCK-00144,CUS-00144,FSI-00167,1,NO_LOCK,pool-1-thread-144,3844311008500,3844828202900,true,
TXN-NO_LOCK-00132,REQ-SIM-00132,SIM-NO_LOCK-00132,CUS-00132,FSI-00167,1,NO_LOCK,pool-1-thread-132,3844310721500,3844828305800,true,
TXN-NO_LOCK-00265,REQ-SIM-00265,SIM-NO_LOCK-00265,CUS-00265,FSI-00167,1,NO_LOCK,pool-1-thread-265,3844313908000,3844828311300,true,
TXN-NO_LOCK-00057,REQ-SIM-00057,SIM-NO_LOCK-00057,CUS-00057,FSI-00167,1,NO_LOCK,pool-1-thread-57,3844307073100,3844828357400,true,
TXN-NO_LOCK-00192,REQ-SIM-00192,SIM-NO_LOCK-00192,CUS-00192,FSI-00167,1,NO_LOCK,pool-1-thread-192,3844312038500,3844828391200,true,
TXN-NO_LOCK-00282,REQ-SIM-00282,SIM-NO_LOCK-00282,CUS-00282,FSI-00167,1,NO_LOCK,pool-1-thread-282,3844314240800,3844828458900,true,
TXN-NO_LOCK-00288,REQ-SIM-00288,SIM-NO_LOCK-00288,CUS-00288,FSI-00167,1,NO_LOCK,pool-1-thread-288,3844314379900,3844828489300,true,
TXN-NO_LOCK-00158,REQ-SIM-00158,SIM-NO_LOCK-00158,CUS-00158,FSI-00167,1,NO_LOCK,pool-1-thread-158,3844311303400,3844828597200,true,
TXN-NO_LOCK-00133,REQ-SIM-00133,SIM-NO_LOCK-00133,CUS-00133,FSI-00167,1,NO_LOCK,pool-1-thread-133,3844310745400,3844828592700,true,
TXN-NO_LOCK-00341,REQ-SIM-00341,SIM-NO_LOCK-00341,CUS-00341,FSI-00167,1,NO_LOCK,pool-1-thread-341,3844315611700,3844828637700,true,
TXN-NO_LOCK-00139,REQ-SIM-00139,SIM-NO_LOCK-00139,CUS-00139,FSI-00167,1,NO_LOCK,pool-1-thread-139,3844310861400,3844828705500,true,
TXN-NO_LOCK-00293,REQ-SIM-00293,SIM-NO_LOCK-00293,CUS-00293,FSI-00167,1,NO_LOCK,pool-1-thread-293,3844314481600,3844828766400,true,
TXN-NO_LOCK-00201,REQ-SIM-00201,SIM-NO_LOCK-00201,CUS-00201,FSI-00167,1,NO_LOCK,pool-1-thread-201,3844312231100,3844828827200,true,
TXN-NO_LOCK-00216,REQ-SIM-00216,SIM-NO_LOCK-00216,CUS-00216,FSI-00167,1,NO_LOCK,pool-1-thread-216,3844312625800,3844828867500,true,
TXN-NO_LOCK-00296,REQ-SIM-00296,SIM-NO_LOCK-00296,CUS-00296,FSI-00167,1,NO_LOCK,pool-1-thread-296,3844314579600,3844828895800,true,
TXN-NO_LOCK-00233,REQ-SIM-00233,SIM-NO_LOCK-00233,CUS-00233,FSI-00167,1,NO_LOCK,pool-1-thread-233,3844313083800,3844828946600,true,
TXN-NO_LOCK-00292,REQ-SIM-00292,SIM-NO_LOCK-00292,CUS-00292,FSI-00167,1,NO_LOCK,pool-1-thread-292,3844314456400,3844829001300,true,
TXN-NO_LOCK-00357,REQ-SIM-00357,SIM-NO_LOCK-00357,CUS-00357,FSI-00167,1,NO_LOCK,pool-1-thread-357,3844316011600,3844829034900,true,
TXN-NO_LOCK-00224,REQ-SIM-00224,SIM-NO_LOCK-00224,CUS-00224,FSI-00167,1,NO_LOCK,pool-1-thread-224,3844312894400,3844829103000,true,
TXN-NO_LOCK-00169,REQ-SIM-00169,SIM-NO_LOCK-00169,CUS-00169,FSI-00167,1,NO_LOCK,pool-1-thread-169,3844311525300,3844829161200,true,
TXN-NO_LOCK-00117,REQ-SIM-00117,SIM-NO_LOCK-00117,CUS-00117,FSI-00167,1,NO_LOCK,pool-1-thread-117,3844310224700,3844829224500,true,
TXN-NO_LOCK-00786,REQ-SIM-00786,SIM-NO_LOCK-00786,CUS-00786,FSI-00167,1,NO_LOCK,pool-1-thread-786,3844326553900,3844829269700,true,
TXN-NO_LOCK-00207,REQ-SIM-00207,SIM-NO_LOCK-00207,CUS-00207,FSI-00167,1,NO_LOCK,pool-1-thread-207,3844312398700,3844829307900,true,
TXN-NO_LOCK-00779,REQ-SIM-00779,SIM-NO_LOCK-00779,CUS-00779,FSI-00167,1,NO_LOCK,pool-1-thread-779,3844326415200,3844829365600,true,
TXN-NO_LOCK-00109,REQ-SIM-00109,SIM-NO_LOCK-00109,CUS-00109,FSI-00167,1,NO_LOCK,pool-1-thread-109,3844309867900,3844829408000,true,
TXN-NO_LOCK-00274,REQ-SIM-00274,SIM-NO_LOCK-00274,CUS-00274,FSI-00167,1,NO_LOCK,pool-1-thread-274,3844314092000,3844829444300,true,
TXN-NO_LOCK-00236,REQ-SIM-00236,SIM-NO_LOCK-00236,CUS-00236,FSI-00167,1,NO_LOCK,pool-1-thread-236,3844313185100,3844829500700,true,
TXN-NO_LOCK-00228,REQ-SIM-00228,SIM-NO_LOCK-00228,CUS-00228,FSI-00167,1,NO_LOCK,pool-1-thread-228,3844312985500,3844829549100,true,
TXN-NO_LOCK-00368,REQ-SIM-00368,SIM-NO_LOCK-00368,CUS-00368,FSI-00167,1,NO_LOCK,pool-1-thread-368,3844316308600,3844829619800,true,
TXN-NO_LOCK-00362,REQ-SIM-00362,SIM-NO_LOCK-00362,CUS-00362,FSI-00167,1,NO_LOCK,pool-1-thread-362,3844316174900,3844829663600,true,
TXN-NO_LOCK-00247,REQ-SIM-00247,SIM-NO_LOCK-00247,CUS-00247,FSI-00167,1,NO_LOCK,pool-1-thread-247,3844313451800,3844829720500,true,
TXN-NO_LOCK-00252,REQ-SIM-00252,SIM-NO_LOCK-00252,CUS-00252,FSI-00167,1,NO_LOCK,pool-1-thread-252,3844313540100,3844829776500,true,
TXN-NO_LOCK-00315,REQ-SIM-00315,SIM-NO_LOCK-00315,CUS-00315,FSI-00167,1,NO_LOCK,pool-1-thread-315,3844314956600,3844829818100,true,
TXN-NO_LOCK-00114,REQ-SIM-00114,SIM-NO_LOCK-00114,CUS-00114,FSI-00167,1,NO_LOCK,pool-1-thread-114,3844310103200,3844829870500,true,
TXN-NO_LOCK-00176,REQ-SIM-00176,SIM-NO_LOCK-00176,CUS-00176,FSI-00167,1,NO_LOCK,pool-1-thread-176,3844311684500,3844829962700,true,
TXN-NO_LOCK-00278,REQ-SIM-00278,SIM-NO_LOCK-00278,CUS-00278,FSI-00167,1,NO_LOCK,pool-1-thread-278,3844314159000,3844829958300,true,
TXN-NO_LOCK-00152,REQ-SIM-00152,SIM-NO_LOCK-00152,CUS-00152,FSI-00167,1,NO_LOCK,pool-1-thread-152,3844311170200,3844830015700,true,
TXN-NO_LOCK-00177,REQ-SIM-00177,SIM-NO_LOCK-00177,CUS-00177,FSI-00167,1,NO_LOCK,pool-1-thread-177,3844311696400,3844830070400,true,
TXN-NO_LOCK-00307,REQ-SIM-00307,SIM-NO_LOCK-00307,CUS-00307,FSI-00167,1,NO_LOCK,pool-1-thread-307,3844314824500,3844830122800,true,
TXN-NO_LOCK-00249,REQ-SIM-00249,SIM-NO_LOCK-00249,CUS-00249,FSI-00167,1,NO_LOCK,pool-1-thread-249,3844313488400,3844830180100,true,
TXN-NO_LOCK-00120,REQ-SIM-00120,SIM-NO_LOCK-00120,CUS-00120,FSI-00167,1,NO_LOCK,pool-1-thread-120,3844310377300,3844830281800,true,
TXN-NO_LOCK-00206,REQ-SIM-00206,SIM-NO_LOCK-00206,CUS-00206,FSI-00167,1,NO_LOCK,pool-1-thread-206,3844312380500,3844830329900,true,
TXN-NO_LOCK-00105,REQ-SIM-00105,SIM-NO_LOCK-00105,CUS-00105,FSI-00167,1,NO_LOCK,pool-1-thread-105,3844309687800,3844830323400,true,
TXN-NO_LOCK-00285,REQ-SIM-00285,SIM-NO_LOCK-00285,CUS-00285,FSI-00167,1,NO_LOCK,pool-1-thread-285,3844314309400,3844830372000,true,
TXN-NO_LOCK-00187,REQ-SIM-00187,SIM-NO_LOCK-00187,CUS-00187,FSI-00167,1,NO_LOCK,pool-1-thread-187,3844311929000,3844830427300,true,
TXN-NO_LOCK-00272,REQ-SIM-00272,SIM-NO_LOCK-00272,CUS-00272,FSI-00167,1,NO_LOCK,pool-1-thread-272,3844314027500,3844830484000,true,
TXN-NO_LOCK-00157,REQ-SIM-00157,SIM-NO_LOCK-00157,CUS-00157,FSI-00167,1,NO_LOCK,pool-1-thread-157,3844311270800,3844830576400,true,
TXN-NO_LOCK-00254,REQ-SIM-00254,SIM-NO_LOCK-00254,CUS-00254,FSI-00167,1,NO_LOCK,pool-1-thread-254,3844313657700,3844830632500,true,
TXN-NO_LOCK-00277,REQ-SIM-00277,SIM-NO_LOCK-00277,CUS-00277,FSI-00167,1,NO_LOCK,pool-1-thread-277,3844314142300,3844830647900,true,
TXN-NO_LOCK-00862,REQ-SIM-00862,SIM-NO_LOCK-00862,CUS-00862,FSI-00167,1,NO_LOCK,pool-1-thread-862,3844328450000,3844830709500,true,
TXN-NO_LOCK-00199,REQ-SIM-00199,SIM-NO_LOCK-00199,CUS-00199,FSI-00167,1,NO_LOCK,pool-1-thread-199,3844312176800,3844830767500,true,
TXN-NO_LOCK-00115,REQ-SIM-00115,SIM-NO_LOCK-00115,CUS-00115,FSI-00167,1,NO_LOCK,pool-1-thread-115,3844310150500,3844830809300,true,
TXN-NO_LOCK-00168,REQ-SIM-00168,SIM-NO_LOCK-00168,CUS-00168,FSI-00167,1,NO_LOCK,pool-1-thread-168,3844311508300,3844830840000,true,
TXN-NO_LOCK-00054,REQ-SIM-00054,SIM-NO_LOCK-00054,CUS-00054,FSI-00167,1,NO_LOCK,pool-1-thread-54,3844307036100,3844830893800,true,
TXN-NO_LOCK-00204,REQ-SIM-00204,SIM-NO_LOCK-00204,CUS-00204,FSI-00167,1,NO_LOCK,pool-1-thread-204,3844312320700,3844830981400,true,
TXN-NO_LOCK-00297,REQ-SIM-00297,SIM-NO_LOCK-00297,CUS-00297,FSI-00167,1,NO_LOCK,pool-1-thread-297,3844314609200,3844831007800,true,
TXN-NO_LOCK-00193,REQ-SIM-00193,SIM-NO_LOCK-00193,CUS-00193,FSI-00167,1,NO_LOCK,pool-1-thread-193,3844312057800,3844831098300,true,
TXN-NO_LOCK-00286,REQ-SIM-00286,SIM-NO_LOCK-00286,CUS-00286,FSI-00167,1,NO_LOCK,pool-1-thread-286,3844314328500,3844831091900,true,
TXN-NO_LOCK-00483,REQ-SIM-00483,SIM-NO_LOCK-00483,CUS-00483,FSI-00167,1,NO_LOCK,pool-1-thread-483,3844319317300,3844831140300,true,
TXN-NO_LOCK-00329,REQ-SIM-00329,SIM-NO_LOCK-00329,CUS-00329,FSI-00167,1,NO_LOCK,pool-1-thread-329,3844315335900,3844831201900,true,
TXN-NO_LOCK-00477,REQ-SIM-00477,SIM-NO_LOCK-00477,CUS-00477,FSI-00167,1,NO_LOCK,pool-1-thread-477,3844319135600,3844831250100,true,
TXN-NO_LOCK-00300,REQ-SIM-00300,SIM-NO_LOCK-00300,CUS-00300,FSI-00167,1,NO_LOCK,pool-1-thread-300,3844314677700,3844831284400,true,
TXN-NO_LOCK-00186,REQ-SIM-00186,SIM-NO_LOCK-00186,CUS-00186,FSI-00167,1,NO_LOCK,pool-1-thread-186,3844311907900,3844831350200,true,
TXN-NO_LOCK-00356,REQ-SIM-00356,SIM-NO_LOCK-00356,CUS-00356,FSI-00167,1,NO_LOCK,pool-1-thread-356,3844315981000,3844831417500,true,
TXN-NO_LOCK-00351,REQ-SIM-00351,SIM-NO_LOCK-00351,CUS-00351,FSI-00167,1,NO_LOCK,pool-1-thread-351,3844315872400,3844831451700,true,
TXN-NO_LOCK-00821,REQ-SIM-00821,SIM-NO_LOCK-00821,CUS-00821,FSI-00167,1,NO_LOCK,pool-1-thread-821,3844327419100,3844831500100,true,
TXN-NO_LOCK-00881,REQ-SIM-00881,SIM-NO_LOCK-00881,CUS-00881,FSI-00167,1,NO_LOCK,pool-1-thread-881,3844328974300,3844831564900,true,
TXN-NO_LOCK-00772,REQ-SIM-00772,SIM-NO_LOCK-00772,CUS-00772,FSI-00167,1,NO_LOCK,pool-1-thread-772,3844326256100,3844831651200,true,
TXN-NO_LOCK-00814,REQ-SIM-00814,SIM-NO_LOCK-00814,CUS-00814,FSI-00167,1,NO_LOCK,pool-1-thread-814,3844327206200,3844831689900,true,
TXN-NO_LOCK-00875,REQ-SIM-00875,SIM-NO_LOCK-00875,CUS-00875,FSI-00167,1,NO_LOCK,pool-1-thread-875,3844328752700,3844831791100,true,
TXN-NO_LOCK-00832,REQ-SIM-00832,SIM-NO_LOCK-00832,CUS-00832,FSI-00167,1,NO_LOCK,pool-1-thread-832,3844327732100,3844831821000,true,
TXN-NO_LOCK-00820,REQ-SIM-00820,SIM-NO_LOCK-00820,CUS-00820,FSI-00167,1,NO_LOCK,pool-1-thread-820,3844327402200,3844831875900,true,
TXN-NO_LOCK-00880,REQ-SIM-00880,SIM-NO_LOCK-00880,CUS-00880,FSI-00167,1,NO_LOCK,pool-1-thread-880,3844328904300,3844831928100,true,
TXN-NO_LOCK-00768,REQ-SIM-00768,SIM-NO_LOCK-00768,CUS-00768,FSI-00167,1,NO_LOCK,pool-1-thread-768,3844326151800,3844831970100,true,
TXN-NO_LOCK-00893,REQ-SIM-00893,SIM-NO_LOCK-00893,CUS-00893,FSI-00167,1,NO_LOCK,pool-1-thread-893,3844329282200,3844832087200,true,
TXN-NO_LOCK-00811,REQ-SIM-00811,SIM-NO_LOCK-00811,CUS-00811,FSI-00167,1,NO_LOCK,pool-1-thread-811,3844327090800,3844832111200,true,
TXN-NO_LOCK-00887,REQ-SIM-00887,SIM-NO_LOCK-00887,CUS-00887,FSI-00167,1,NO_LOCK,pool-1-thread-887,3844329134700,3844832180900,true,
TXN-NO_LOCK-00863,REQ-SIM-00863,SIM-NO_LOCK-00863,CUS-00863,FSI-00167,1,NO_LOCK,pool-1-thread-863,3844328481300,3844832266100,true,
TXN-NO_LOCK-00793,REQ-SIM-00793,SIM-NO_LOCK-00793,CUS-00793,FSI-00167,1,NO_LOCK,pool-1-thread-793,3844326715600,3844832329600,true,
TXN-NO_LOCK-00806,REQ-SIM-00806,SIM-NO_LOCK-00806,CUS-00806,FSI-00167,1,NO_LOCK,pool-1-thread-806,3844326977000,3844832384800,true,
TXN-NO_LOCK-00775,REQ-SIM-00775,SIM-NO_LOCK-00775,CUS-00775,FSI-00167,1,NO_LOCK,pool-1-thread-775,3844326325700,3844832490400,true,
TXN-NO_LOCK-00780,REQ-SIM-00780,SIM-NO_LOCK-00780,CUS-00780,FSI-00167,1,NO_LOCK,pool-1-thread-780,3844326431600,3844832511300,true,
TXN-NO_LOCK-00886,REQ-SIM-00886,SIM-NO_LOCK-00886,CUS-00886,FSI-00167,1,NO_LOCK,pool-1-thread-886,3844329092700,3844832570300,true,
TXN-NO_LOCK-00874,REQ-SIM-00874,SIM-NO_LOCK-00874,CUS-00874,FSI-00167,1,NO_LOCK,pool-1-thread-874,3844328814300,3844832622900,true,
TXN-NO_LOCK-00783,REQ-SIM-00783,SIM-NO_LOCK-00783,CUS-00783,FSI-00167,1,NO_LOCK,pool-1-thread-783,3844326504400,3844832658100,true,
TXN-NO_LOCK-00801,REQ-SIM-00801,SIM-NO_LOCK-00801,CUS-00801,FSI-00167,1,NO_LOCK,pool-1-thread-801,3844326869700,3844832735400,true,
TXN-NO_LOCK-00777,REQ-SIM-00777,SIM-NO_LOCK-00777,CUS-00777,FSI-00167,1,NO_LOCK,pool-1-thread-777,3844326364300,3844832824500,true,
TXN-NO_LOCK-00782,REQ-SIM-00782,SIM-NO_LOCK-00782,CUS-00782,FSI-00167,1,NO_LOCK,pool-1-thread-782,3844326460600,3844832859000,true,
TXN-NO_LOCK-00788,REQ-SIM-00788,SIM-NO_LOCK-00788,CUS-00788,FSI-00167,1,NO_LOCK,pool-1-thread-788,3844326610600,3844832962300,true,
TXN-NO_LOCK-00857,REQ-SIM-00857,SIM-NO_LOCK-00857,CUS-00857,FSI-00167,1,NO_LOCK,pool-1-thread-857,3844328342900,3844832971000,true,
TXN-NO_LOCK-00826,REQ-SIM-00826,SIM-NO_LOCK-00826,CUS-00826,FSI-00167,1,NO_LOCK,pool-1-thread-826,3844327575500,3844833055100,true,
TXN-NO_LOCK-00781,REQ-SIM-00781,SIM-NO_LOCK-00781,CUS-00781,FSI-00167,1,NO_LOCK,pool-1-thread-781,3844326445300,3844833095300,true,
TXN-FILE_LOCK-00105,REQ-SIM-00105,-,CUS-00105,FSI-00167,1,FILE_LOCK,pool-2-thread-105,3844991034700,3845019611200,false,
TXN-FILE_LOCK-00114,REQ-SIM-00114,-,CUS-00114,FSI-00167,1,FILE_LOCK,pool-2-thread-114,3844991222400,3845019714300,false,
TXN-FILE_LOCK-00136,REQ-SIM-00136,-,CUS-00136,FSI-00167,1,FILE_LOCK,pool-2-thread-136,3844991683300,3845019796700,false,
TXN-FILE_LOCK-00102,REQ-SIM-00102,-,CUS-00102,FSI-00167,1,FILE_LOCK,pool-2-thread-102,3844990949800,3845019833100,false,
TXN-FILE_LOCK-00101,REQ-SIM-00101,-,CUS-00101,FSI-00167,1,FILE_LOCK,pool-2-thread-101,3844990933600,3845019884000,false,
TXN-FILE_LOCK-00132,REQ-SIM-00132,-,CUS-00132,FSI-00167,1,FILE_LOCK,pool-2-thread-132,3844991572100,3845019910300,false,
TXN-FILE_LOCK-00128,REQ-SIM-00128,-,CUS-00128,FSI-00167,1,FILE_LOCK,pool-2-thread-128,3844991476800,3845019933400,false,
TXN-FILE_LOCK-00121,REQ-SIM-00121,-,CUS-00121,FSI-00167,1,FILE_LOCK,pool-2-thread-121,3844991343300,3845019943300,false,
TXN-FILE_LOCK-00084,REQ-SIM-00084,-,CUS-00084,FSI-00167,1,FILE_LOCK,pool-2-thread-84,3844990612400,3845020014700,false,
TXN-FILE_LOCK-00167,REQ-SIM-00167,-,CUS-00167,FSI-00167,1,FILE_LOCK,pool-2-thread-167,3844992225300,3845020102600,false,
TXN-FILE_LOCK-00148,REQ-SIM-00148,-,CUS-00148,FSI-00167,1,FILE_LOCK,pool-2-thread-148,3844991876200,3845020110600,false,
TXN-FILE_LOCK-00142,REQ-SIM-00142,-,CUS-00142,FSI-00167,1,FILE_LOCK,pool-2-thread-142,3844991767700,3845020146800,false,
TXN-FILE_LOCK-00117,REQ-SIM-00117,-,CUS-00117,FSI-00167,1,FILE_LOCK,pool-2-thread-117,3844991266600,3845020211400,false,
TXN-FILE_LOCK-00170,REQ-SIM-00170,-,CUS-00170,FSI-00167,1,FILE_LOCK,pool-2-thread-170,3844992276800,3845020236300,false,
TXN-FILE_LOCK-00166,REQ-SIM-00166,-,CUS-00166,FSI-00167,1,FILE_LOCK,pool-2-thread-166,3844992207800,3845020267100,false,
TXN-FILE_LOCK-00078,REQ-SIM-00078,-,CUS-00078,FSI-00167,1,FILE_LOCK,pool-2-thread-78,3844990506300,3845020292300,false,
TXN-FILE_LOCK-00156,REQ-SIM-00156,-,CUS-00156,FSI-00167,1,FILE_LOCK,pool-2-thread-156,3844992012500,3845020317000,false,
TXN-FILE_LOCK-00162,REQ-SIM-00162,-,CUS-00162,FSI-00167,1,FILE_LOCK,pool-2-thread-162,3844992112400,3845020337500,false,
TXN-FILE_LOCK-00151,REQ-SIM-00151,-,CUS-00151,FSI-00167,1,FILE_LOCK,pool-2-thread-151,3844991930600,3845020337100,false,
TXN-FILE_LOCK-00129,REQ-SIM-00129,-,CUS-00129,FSI-00167,1,FILE_LOCK,pool-2-thread-129,3844991528500,3845020363100,false,
TXN-FILE_LOCK-00155,REQ-SIM-00155,-,CUS-00155,FSI-00167,1,FILE_LOCK,pool-2-thread-155,3844991995100,3845020357500,false,
TXN-FILE_LOCK-00161,REQ-SIM-00161,-,CUS-00161,FSI-00167,1,FILE_LOCK,pool-2-thread-161,3844992096800,3845020385900,false,
TXN-FILE_LOCK-00119,REQ-SIM-00119,-,CUS-00119,FSI-00167,1,FILE_LOCK,pool-2-thread-119,3844991316300,3845020445500,false,
TXN-FILE_LOCK-00068,REQ-SIM-00068,-,CUS-00068,FSI-00167,1,FILE_LOCK,pool-2-thread-68,3844990330700,3845020447900,false,
TXN-FILE_LOCK-00145,REQ-SIM-00145,-,CUS-00145,FSI-00167,1,FILE_LOCK,pool-2-thread-145,3844991816000,3845020493600,false,
TXN-FILE_LOCK-00110,REQ-SIM-00110,-,CUS-00110,FSI-00167,1,FILE_LOCK,pool-2-thread-110,3844991116400,3845020564300,false,
TXN-FILE_LOCK-00100,REQ-SIM-00100,-,CUS-00100,FSI-00167,1,FILE_LOCK,pool-2-thread-100,3844990914400,3845020607500,false,
TXN-FILE_LOCK-00091,REQ-SIM-00091,-,CUS-00091,FSI-00167,1,FILE_LOCK,pool-2-thread-91,3844990741500,3845020656500,false,
TXN-FILE_LOCK-00130,REQ-SIM-00130,-,CUS-00130,FSI-00167,1,FILE_LOCK,pool-2-thread-130,3844991546800,3845020681300,false,
TXN-FILE_LOCK-00134,REQ-SIM-00134,-,CUS-00134,FSI-00167,1,FILE_LOCK,pool-2-thread-134,3844991650900,3845020695500,false,
TXN-FILE_LOCK-00116,REQ-SIM-00116,-,CUS-00116,FSI-00167,1,FILE_LOCK,pool-2-thread-116,3844991252300,3845020730900,false,
TXN-FILE_LOCK-00122,REQ-SIM-00122,-,CUS-00122,FSI-00167,1,FILE_LOCK,pool-2-thread-122,3844991360400,3845020761600,false,
TXN-FILE_LOCK-00123,REQ-SIM-00123,-,CUS-00123,FSI-00167,1,FILE_LOCK,pool-2-thread-123,3844991382300,3845020750400,false,
TXN-FILE_LOCK-00097,REQ-SIM-00097,-,CUS-00097,FSI-00167,1,FILE_LOCK,pool-2-thread-97,3844990836700,3845020773800,false,
TXN-FILE_LOCK-00150,REQ-SIM-00150,-,CUS-00150,FSI-00167,1,FILE_LOCK,pool-2-thread-150,3844991912900,3845020788900,false,
TXN-FILE_LOCK-00133,REQ-SIM-00133,-,CUS-00133,FSI-00167,1,FILE_LOCK,pool-2-thread-133,3844991630400,3845020885000,false,
TXN-FILE_LOCK-00098,REQ-SIM-00098,-,CUS-00098,FSI-00167,1,FILE_LOCK,pool-2-thread-98,3844990862600,3845020925900,false,
TXN-FILE_LOCK-00141,REQ-SIM-00141,-,CUS-00141,FSI-00167,1,FILE_LOCK,pool-2-thread-141,3844991753700,3845020978600,false,
TXN-FILE_LOCK-00149,REQ-SIM-00149,-,CUS-00149,FSI-00167,1,FILE_LOCK,pool-2-thread-149,3844991896700,3845021003400,false,
TXN-FILE_LOCK-00147,REQ-SIM-00147,-,CUS-00147,FSI-00167,1,FILE_LOCK,pool-2-thread-147,3844991852100,3845021008200,false,
TXN-FILE_LOCK-00152,REQ-SIM-00152,-,CUS-00152,FSI-00167,1,FILE_LOCK,pool-2-thread-152,3844991947500,3845021064300,false,
TXN-FILE_LOCK-00086,REQ-SIM-00086,-,CUS-00086,FSI-00167,1,FILE_LOCK,pool-2-thread-86,3844990647100,3845021100900,false,
TXN-FILE_LOCK-00165,REQ-SIM-00165,-,CUS-00165,FSI-00167,1,FILE_LOCK,pool-2-thread-165,3844992192100,3845021086700,false,
TXN-FILE_LOCK-00126,REQ-SIM-00126,-,CUS-00126,FSI-00167,1,FILE_LOCK,pool-2-thread-126,3844991427500,3845021117700,false,
TXN-FILE_LOCK-00113,REQ-SIM-00113,-,CUS-00113,FSI-00167,1,FILE_LOCK,pool-2-thread-113,3844991207700,3845021124500,false,
TXN-FILE_LOCK-00139,REQ-SIM-00139,-,CUS-00139,FSI-00167,1,FILE_LOCK,pool-2-thread-139,3844991728000,3845021138200,false,
TXN-FILE_LOCK-00154,REQ-SIM-00154,-,CUS-00154,FSI-00167,1,FILE_LOCK,pool-2-thread-154,3844991980500,3845021188900,false,
TXN-FILE_LOCK-00087,REQ-SIM-00087,-,CUS-00087,FSI-00167,1,FILE_LOCK,pool-2-thread-87,3844990668200,3845021183400,false,
TXN-FILE_LOCK-00075,REQ-SIM-00075,-,CUS-00075,FSI-00167,1,FILE_LOCK,pool-2-thread-75,3844990454600,3845021214400,false,
TXN-FILE_LOCK-00118,REQ-SIM-00118,-,CUS-00118,FSI-00167,1,FILE_LOCK,pool-2-thread-118,3844991298900,3845021223400,false,
TXN-FILE_LOCK-00163,REQ-SIM-00163,-,CUS-00163,FSI-00167,1,FILE_LOCK,pool-2-thread-163,3844992163400,3845021298100,false,
TXN-FILE_LOCK-00069,REQ-SIM-00069,-,CUS-00069,FSI-00167,1,FILE_LOCK,pool-2-thread-69,3844990347000,3845021307200,false,
TXN-FILE_LOCK-00164,REQ-SIM-00164,-,CUS-00164,FSI-00167,1,FILE_LOCK,pool-2-thread-164,3844992179900,3845021324600,false,
TXN-FILE_LOCK-00159,REQ-SIM-00159,-,CUS-00159,FSI-00167,1,FILE_LOCK,pool-2-thread-159,3844992064200,3845021346100,false,
TXN-FILE_LOCK-00125,REQ-SIM-00125,-,CUS-00125,FSI-00167,1,FILE_LOCK,pool-2-thread-125,3844991412700,3845021385300,false,
TXN-FILE_LOCK-00112,REQ-SIM-00112,-,CUS-00112,FSI-00167,1,FILE_LOCK,pool-2-thread-112,3844991189900,3845021387900,false,
TXN-FILE_LOCK-00120,REQ-SIM-00120,-,CUS-00120,FSI-00167,1,FILE_LOCK,pool-2-thread-120,3844991331100,3845021403100,false,
TXN-FILE_LOCK-00153,REQ-SIM-00153,-,CUS-00153,FSI-00167,1,FILE_LOCK,pool-2-thread-153,3844991964400,3845021391700,false,
TXN-FILE_LOCK-00131,REQ-SIM-00131,-,CUS-00131,FSI-00167,1,FILE_LOCK,pool-2-thread-131,3844991561200,3845021401700,false,
TXN-FILE_LOCK-00137,REQ-SIM-00137,-,CUS-00137,FSI-00167,1,FILE_LOCK,pool-2-thread-137,3844991699900,3845021457900,false,
TXN-FILE_LOCK-00107,REQ-SIM-00107,-,CUS-00107,FSI-00167,1,FILE_LOCK,pool-2-thread-107,3844991067500,3845021493200,false,
TXN-FILE_LOCK-00090,REQ-SIM-00090,-,CUS-00090,FSI-00167,1,FILE_LOCK,pool-2-thread-90,3844990724400,3845021505400,false,
TXN-FILE_LOCK-00140,REQ-SIM-00140,-,CUS-00140,FSI-00167,1,FILE_LOCK,pool-2-thread-140,3844991742300,3845021516200,false,
TXN-FILE_LOCK-00143,REQ-SIM-00143,-,CUS-00143,FSI-00167,1,FILE_LOCK,pool-2-thread-143,3844991785000,3845021541100,false,
TXN-FILE_LOCK-00146,REQ-SIM-00146,-,CUS-00146,FSI-00167,1,FILE_LOCK,pool-2-thread-146,3844991833800,3845021548300,false,
TXN-FILE_LOCK-00015,REQ-SIM-00015,-,CUS-00015,FSI-00167,1,FILE_LOCK,pool-2-thread-15,3844989171800,3845021623700,false,
TXN-FILE_LOCK-00093,REQ-SIM-00093,-,CUS-00093,FSI-00167,1,FILE_LOCK,pool-2-thread-93,3844990773200,3845021636300,false,
TXN-FILE_LOCK-00085,REQ-SIM-00085,-,CUS-00085,FSI-00167,1,FILE_LOCK,pool-2-thread-85,3844990622500,3845021720100,false,
TXN-FILE_LOCK-00138,REQ-SIM-00138,-,CUS-00138,FSI-00167,1,FILE_LOCK,pool-2-thread-138,3844991706400,3845021737600,false,
TXN-FILE_LOCK-00103,REQ-SIM-00103,-,CUS-00103,FSI-00167,1,FILE_LOCK,pool-2-thread-103,3844990965600,3845021779400,false,
TXN-FILE_LOCK-00104,REQ-SIM-00104,-,CUS-00104,FSI-00167,1,FILE_LOCK,pool-2-thread-104,3844990983400,3845021818500,false,
TXN-FILE_LOCK-00135,REQ-SIM-00135,-,CUS-00135,FSI-00167,1,FILE_LOCK,pool-2-thread-135,3844991665800,3845021818700,false,
TXN-FILE_LOCK-00144,REQ-SIM-00144,-,CUS-00144,FSI-00167,1,FILE_LOCK,pool-2-thread-144,3844991799900,3845021853700,false,
TXN-FILE_LOCK-00074,REQ-SIM-00074,-,CUS-00074,FSI-00167,1,FILE_LOCK,pool-2-thread-74,3844990437000,3845021866800,false,
TXN-FILE_LOCK-00081,REQ-SIM-00081,-,CUS-00081,FSI-00167,1,FILE_LOCK,pool-2-thread-81,3844990559800,3845021874300,false,
TXN-FILE_LOCK-00108,REQ-SIM-00108,-,CUS-00108,FSI-00167,1,FILE_LOCK,pool-2-thread-108,3844991086400,3845021884600,false,
TXN-FILE_LOCK-00115,REQ-SIM-00115,-,CUS-00115,FSI-00167,1,FILE_LOCK,pool-2-thread-115,3844991237100,3845021904300,false,
TXN-FILE_LOCK-00109,REQ-SIM-00109,-,CUS-00109,FSI-00167,1,FILE_LOCK,pool-2-thread-109,3844991104200,3845021963400,false,
TXN-FILE_LOCK-00158,REQ-SIM-00158,-,CUS-00158,FSI-00167,1,FILE_LOCK,pool-2-thread-158,3844992050300,3845022002000,false,
TXN-FILE_LOCK-00092,REQ-SIM-00092,-,CUS-00092,FSI-00167,1,FILE_LOCK,pool-2-thread-92,3844990758900,3845021997900,false,
TXN-FILE_LOCK-00096,REQ-SIM-00096,-,CUS-00096,FSI-00167,1,FILE_LOCK,pool-2-thread-96,3844990821100,3845022033900,false,
TXN-FILE_LOCK-00157,REQ-SIM-00157,-,CUS-00157,FSI-00167,1,FILE_LOCK,pool-2-thread-157,3844992034500,3845022087200,false,
TXN-FILE_LOCK-00124,REQ-SIM-00124,-,CUS-00124,FSI-00167,1,FILE_LOCK,pool-2-thread-124,3844991398900,3845022117300,false,
TXN-FILE_LOCK-00111,REQ-SIM-00111,-,CUS-00111,FSI-00167,1,FILE_LOCK,pool-2-thread-111,3844991173100,3845022152700,false,
TXN-FILE_LOCK-00160,REQ-SIM-00160,-,CUS-00160,FSI-00167,1,FILE_LOCK,pool-2-thread-160,3844992083200,3845022174600,false,
TXN-FILE_LOCK-00099,REQ-SIM-00099,-,CUS-00099,FSI-00167,1,FILE_LOCK,pool-2-thread-99,3844990895900,3845022183500,false,
TXN-FILE_LOCK-00106,REQ-SIM-00106,-,CUS-00106,FSI-00167,1,FILE_LOCK,pool-2-thread-106,3844991052500,3845022174600,false,
TXN-FILE_LOCK-00080,REQ-SIM-00080,-,CUS-00080,FSI-00167,1,FILE_LOCK,pool-2-thread-80,3844990534400,3845022199700,false,
TXN-FILE_LOCK-00127,REQ-SIM-00127,-,CUS-00127,FSI-00167,1,FILE_LOCK,pool-2-thread-127,3844991453700,3845022211100,false,
TXN-FILE_LOCK-00169,REQ-SIM-00169,SIM-FILE_LOCK-00169,CUS-00169,FSI-00167,1,FILE_LOCK,pool-2-thread-169,3844992258800,3845027626700,true,
TXN-FILE_LOCK-00600,REQ-SIM-00600,-,CUS-00600,FSI-00167,1,FILE_LOCK,pool-2-thread-600,3845001554300,3845059058800,false,
TXN-FILE_LOCK-00607,REQ-SIM-00607,-,CUS-00607,FSI-00167,1,FILE_LOCK,pool-2-thread-607,3845001717400,3845059078100,false,
TXN-FILE_LOCK-00175,REQ-SIM-00175,SIM-FILE_LOCK-00175,CUS-00175,FSI-00167,1,FILE_LOCK,pool-2-thread-175,3844992374300,3845063093600,true,
TXN-FILE_LOCK-00999,REQ-SIM-00999,SIM-FILE_LOCK-00999,CUS-00999,FSI-00167,1,FILE_LOCK,pool-2-thread-999,3845009952500,3845082708100,true,
TXN-FILE_LOCK-00801,REQ-SIM-00801,SIM-FILE_LOCK-00801,CUS-00801,FSI-00167,1,FILE_LOCK,pool-2-thread-801,3845005806600,3845102222600,true,
TXN-FILE_LOCK-00639,REQ-SIM-00639,SIM-FILE_LOCK-00639,CUS-00639,FSI-00167,1,FILE_LOCK,pool-2-thread-639,3845002388800,3845155288000,true,
TXN-FILE_LOCK-00038,REQ-SIM-00038,SIM-FILE_LOCK-00038,CUS-00038,FSI-00167,1,FILE_LOCK,pool-2-thread-38,3844989777700,3845186809800,true,
TXN-FILE_LOCK-00032,REQ-SIM-00032,-,CUS-00032,FSI-00167,1,FILE_LOCK,pool-2-thread-32,3844989672200,3845215762400,false,
TXN-FILE_LOCK-00026,REQ-SIM-00026,-,CUS-00026,FSI-00167,1,FILE_LOCK,pool-2-thread-26,3844989576400,3845215790000,false,
TXN-FILE_LOCK-00002,REQ-SIM-00002,-,CUS-00002,FSI-00167,1,FILE_LOCK,pool-2-thread-2,3844988975500,3845215910100,false,
TXN-FILE_LOCK-00063,REQ-SIM-00063,-,CUS-00063,FSI-00167,1,FILE_LOCK,pool-2-thread-63,3844990229500,3845215950700,false,
TXN-FILE_LOCK-00008,REQ-SIM-00008,-,CUS-00008,FSI-00167,1,FILE_LOCK,pool-2-thread-8,3844989065300,3845216007100,false,
TXN-FILE_LOCK-00045,REQ-SIM-00045,-,CUS-00045,FSI-00167,1,FILE_LOCK,pool-2-thread-45,3844989894300,3845216148700,false,
TXN-FILE_LOCK-00029,REQ-SIM-00029,-,CUS-00029,FSI-00167,1,FILE_LOCK,pool-2-thread-29,3844989620000,3845216241700,false,
TXN-FILE_LOCK-00020,REQ-SIM-00020,-,CUS-00020,FSI-00167,1,FILE_LOCK,pool-2-thread-20,3844989406800,3845216540200,false,
TXN-FILE_LOCK-00016,REQ-SIM-00016,-,CUS-00016,FSI-00167,1,FILE_LOCK,pool-2-thread-16,3844989184900,3845216635100,false,
TXN-FILE_LOCK-00009,REQ-SIM-00009,-,CUS-00009,FSI-00167,1,FILE_LOCK,pool-2-thread-9,3844989078000,3845216660800,false,
TXN-FILE_LOCK-00021,REQ-SIM-00021,-,CUS-00021,FSI-00167,1,FILE_LOCK,pool-2-thread-21,3844989513900,3845216690400,false,
TXN-FILE_LOCK-00041,REQ-SIM-00041,-,CUS-00041,FSI-00167,1,FILE_LOCK,pool-2-thread-41,3844989831200,3845216701000,false,
TXN-FILE_LOCK-00011,REQ-SIM-00011,-,CUS-00011,FSI-00167,1,FILE_LOCK,pool-2-thread-11,3844989121800,3845216774000,false,
TXN-FILE_LOCK-00027,REQ-SIM-00027,-,CUS-00027,FSI-00167,1,FILE_LOCK,pool-2-thread-27,3844989587700,3845216802700,false,
TXN-FILE_LOCK-00023,REQ-SIM-00023,-,CUS-00023,FSI-00167,1,FILE_LOCK,pool-2-thread-23,3844989522100,3845216825300,false,
TXN-FILE_LOCK-00014,REQ-SIM-00014,-,CUS-00014,FSI-00167,1,FILE_LOCK,pool-2-thread-14,3844989160600,3845216970100,false,
TXN-FILE_LOCK-00035,REQ-SIM-00035,-,CUS-00035,FSI-00167,1,FILE_LOCK,pool-2-thread-35,3844989733700,3845216988300,false,
TXN-FILE_LOCK-00028,REQ-SIM-00028,-,CUS-00028,FSI-00167,1,FILE_LOCK,pool-2-thread-28,3844989601000,3845217076600,false,
TXN-FILE_LOCK-00050,REQ-SIM-00050,-,CUS-00050,FSI-00167,1,FILE_LOCK,pool-2-thread-50,3844989991300,3845217280400,false,
TXN-FILE_LOCK-00017,REQ-SIM-00017,-,CUS-00017,FSI-00167,1,FILE_LOCK,pool-2-thread-17,3844989197200,3845217325900,false,
TXN-FILE_LOCK-00033,REQ-SIM-00033,-,CUS-00033,FSI-00167,1,FILE_LOCK,pool-2-thread-33,3844989686500,3845217370900,false,
TXN-FILE_LOCK-00040,REQ-SIM-00040,-,CUS-00040,FSI-00167,1,FILE_LOCK,pool-2-thread-40,3844989820200,3845217525900,false,
TXN-FILE_LOCK-00058,REQ-SIM-00058,-,CUS-00058,FSI-00167,1,FILE_LOCK,pool-2-thread-58,3844990139500,3845217614400,false,
TXN-FILE_LOCK-00064,REQ-SIM-00064,-,CUS-00064,FSI-00167,1,FILE_LOCK,pool-2-thread-64,3844990246600,3845217698400,false,
TXN-FILE_LOCK-00005,REQ-SIM-00005,-,CUS-00005,FSI-00167,1,FILE_LOCK,pool-2-thread-5,3844989041100,3845217772600,false,
TXN-FILE_LOCK-00031,REQ-SIM-00031,SIM-FILE_LOCK-00031,CUS-00031,FSI-00167,1,FILE_LOCK,pool-2-thread-31,3844989653100,3845217831900,true,
TXN-FILE_LOCK-00047,REQ-SIM-00047,-,CUS-00047,FSI-00167,1,FILE_LOCK,pool-2-thread-47,3844989932400,3845217874000,false,
TXN-FILE_LOCK-00046,REQ-SIM-00046,-,CUS-00046,FSI-00167,1,FILE_LOCK,pool-2-thread-46,3844989914100,3845217894000,false,
TXN-FILE_LOCK-00048,REQ-SIM-00048,-,CUS-00048,FSI-00167,1,FILE_LOCK,pool-2-thread-48,3844989950700,3845217991000,false,
TXN-FILE_LOCK-00054,REQ-SIM-00054,-,CUS-00054,FSI-00167,1,FILE_LOCK,pool-2-thread-54,3844990065800,3845218028100,false,
TXN-FILE_LOCK-00060,REQ-SIM-00060,-,CUS-00060,FSI-00167,1,FILE_LOCK,pool-2-thread-60,3844990176700,3845218210000,false,
TXN-FILE_LOCK-00061,REQ-SIM-00061,-,CUS-00061,FSI-00167,1,FILE_LOCK,pool-2-thread-61,3844990197300,3845218193300,false,
TXN-FILE_LOCK-00055,REQ-SIM-00055,-,CUS-00055,FSI-00167,1,FILE_LOCK,pool-2-thread-55,3844990087400,3845218225500,false,
TXN-FILE_LOCK-00006,REQ-SIM-00006,-,CUS-00006,FSI-00167,1,FILE_LOCK,pool-2-thread-6,3844989023500,3845218348000,false,
TXN-FILE_LOCK-00024,REQ-SIM-00024,-,CUS-00024,FSI-00167,1,FILE_LOCK,pool-2-thread-24,3844989535900,3845218353600,false,
TXN-FILE_LOCK-00049,REQ-SIM-00049,-,CUS-00049,FSI-00167,1,FILE_LOCK,pool-2-thread-49,3844989977900,3845218434600,false,
TXN-FILE_LOCK-00001,REQ-SIM-00001,-,CUS-00001,FSI-00167,1,FILE_LOCK,pool-2-thread-1,3844988954300,3845218448400,false,
TXN-FILE_LOCK-00042,REQ-SIM-00042,-,CUS-00042,FSI-00167,1,FILE_LOCK,pool-2-thread-42,3844989847300,3845218487300,false,
TXN-FILE_LOCK-00067,REQ-SIM-00067,-,CUS-00067,FSI-00167,1,FILE_LOCK,pool-2-thread-67,3844990301600,3845218594400,false,
TXN-FILE_LOCK-00013,REQ-SIM-00013,-,CUS-00013,FSI-00167,1,FILE_LOCK,pool-2-thread-13,3844989149900,3845218599600,false,
TXN-FILE_LOCK-00066,REQ-SIM-00066,-,CUS-00066,FSI-00167,1,FILE_LOCK,pool-2-thread-66,3844990283300,3845218599600,false,
TXN-FILE_LOCK-00018,REQ-SIM-00018,-,CUS-00018,FSI-00167,1,FILE_LOCK,pool-2-thread-18,3844989213100,3845218617700,false,
TXN-FILE_LOCK-00007,REQ-SIM-00007,-,CUS-00007,FSI-00167,1,FILE_LOCK,pool-2-thread-7,3844989052500,3845218600000,false,
TXN-FILE_LOCK-00019,REQ-SIM-00019,-,CUS-00019,FSI-00167,1,FILE_LOCK,pool-2-thread-19,3844989354400,3845218643100,false,
TXN-FILE_LOCK-00070,REQ-SIM-00070,-,CUS-00070,FSI-00167,1,FILE_LOCK,pool-2-thread-70,3844990361200,3845219112400,false,
TXN-FILE_LOCK-00077,REQ-SIM-00077,-,CUS-00077,FSI-00167,1,FILE_LOCK,pool-2-thread-77,3844990492900,3845219221900,false,
TXN-FILE_LOCK-00071,REQ-SIM-00071,-,CUS-00071,FSI-00167,1,FILE_LOCK,pool-2-thread-71,3844990378300,3845219267200,false,
TXN-FILE_LOCK-00082,REQ-SIM-00082,-,CUS-00082,FSI-00167,1,FILE_LOCK,pool-2-thread-82,3844990577000,3845219301500,false,
TXN-FILE_LOCK-00076,REQ-SIM-00076,-,CUS-00076,FSI-00167,1,FILE_LOCK,pool-2-thread-76,3844990475400,3845219413400,false,
TXN-FILE_LOCK-00083,REQ-SIM-00083,-,CUS-00083,FSI-00167,1,FILE_LOCK,pool-2-thread-83,3844990593100,3845219432500,false,
TXN-FILE_LOCK-00095,REQ-SIM-00095,-,CUS-00095,FSI-00167,1,FILE_LOCK,pool-2-thread-95,3844990804200,3845219477200,false,
TXN-FILE_LOCK-00089,REQ-SIM-00089,-,CUS-00089,FSI-00167,1,FILE_LOCK,pool-2-thread-89,3844990699400,3845219479500,false,
TXN-FILE_LOCK-00094,REQ-SIM-00094,-,CUS-00094,FSI-00167,1,FILE_LOCK,pool-2-thread-94,3844990790300,3845219491200,false,
TXN-FILE_LOCK-00088,REQ-SIM-00088,-,CUS-00088,FSI-00167,1,FILE_LOCK,pool-2-thread-88,3844990683000,3845219496900,false,
TXN-FILE_LOCK-00059,REQ-SIM-00059,SIM-FILE_LOCK-00059,CUS-00059,FSI-00167,1,FILE_LOCK,pool-2-thread-59,3844990157900,3845219634400,true,
TXN-FILE_LOCK-00072,REQ-SIM-00072,-,CUS-00072,FSI-00167,1,FILE_LOCK,pool-2-thread-72,3844990405800,3845220010200,false,
TXN-FILE_LOCK-00073,REQ-SIM-00073,-,CUS-00073,FSI-00167,1,FILE_LOCK,pool-2-thread-73,3844990419400,3845220067800,false,
TXN-FILE_LOCK-00079,REQ-SIM-00079,-,CUS-00079,FSI-00167,1,FILE_LOCK,pool-2-thread-79,3844990521600,3845220077500,false,
TXN-FILE_LOCK-00037,REQ-SIM-00037,-,CUS-00037,FSI-00167,1,FILE_LOCK,pool-2-thread-37,3844989763800,3845220139300,false,
TXN-FILE_LOCK-00025,REQ-SIM-00025,-,CUS-00025,FSI-00167,1,FILE_LOCK,pool-2-thread-25,3844989549600,3845220189800,false,
TXN-FILE_LOCK-00062,REQ-SIM-00062,SIM-FILE_LOCK-00062,CUS-00062,FSI-00167,1,FILE_LOCK,pool-2-thread-62,3844990212600,3845221175400,true,
TXN-FILE_LOCK-00056,REQ-SIM-00056,-,CUS-00056,FSI-00167,1,FILE_LOCK,pool-2-thread-56,3844990102100,3845221700400,false,
TXN-FILE_LOCK-00039,REQ-SIM-00039,-,CUS-00039,FSI-00167,1,FILE_LOCK,pool-2-thread-39,3844989797700,3845221787500,false,
TXN-FILE_LOCK-00057,REQ-SIM-00057,-,CUS-00057,FSI-00167,1,FILE_LOCK,pool-2-thread-57,3844990122800,3845221988800,false,
TXN-FILE_LOCK-00051,REQ-SIM-00051,-,CUS-00051,FSI-00167,1,FILE_LOCK,pool-2-thread-51,3844990005200,3845222030100,false,
TXN-FILE_LOCK-00065,REQ-SIM-00065,-,CUS-00065,FSI-00167,1,FILE_LOCK,pool-2-thread-65,3844990265600,3845222747300,false,
TXN-FILE_LOCK-00004,REQ-SIM-00004,-,CUS-00004,FSI-00167,1,FILE_LOCK,pool-2-thread-4,3844989006200,3845222875800,false,
TXN-FILE_LOCK-00053,REQ-SIM-00053,-,CUS-00053,FSI-00167,1,FILE_LOCK,pool-2-thread-53,3844990047100,3845222891400,false,
TXN-FILE_LOCK-00052,REQ-SIM-00052,-,CUS-00052,FSI-00167,1,FILE_LOCK,pool-2-thread-52,3844990030300,3845222893500,false,
TXN-FILE_LOCK-00010,REQ-SIM-00010,-,CUS-00010,FSI-00167,1,FILE_LOCK,pool-2-thread-10,3844989090700,3845222800700,false,
TXN-FILE_LOCK-00022,REQ-SIM-00022,-,CUS-00022,FSI-00167,1,FILE_LOCK,pool-2-thread-22,3844989508900,3845222924100,false,
TXN-FILE_LOCK-00034,REQ-SIM-00034,-,CUS-00034,FSI-00167,1,FILE_LOCK,pool-2-thread-34,3844989700600,3845222935000,false,
TXN-FILE_LOCK-00044,REQ-SIM-00044,SIM-FILE_LOCK-00044,CUS-00044,FSI-00167,1,FILE_LOCK,pool-2-thread-44,3844989878600,3845223065900,true,
TXN-FILE_LOCK-00012,REQ-SIM-00012,-,CUS-00012,FSI-00167,1,FILE_LOCK,pool-2-thread-12,3844989132900,3845223303000,false,
TXN-FILE_LOCK-00043,REQ-SIM-00043,-,CUS-00043,FSI-00167,1,FILE_LOCK,pool-2-thread-43,3844989859900,3845223314500,false,
TXN-FILE_LOCK-00030,REQ-SIM-00030,-,CUS-00030,FSI-00167,1,FILE_LOCK,pool-2-thread-30,3844989634200,3845223314500,false,
TXN-FILE_LOCK-00036,REQ-SIM-00036,SIM-FILE_LOCK-00036,CUS-00036,FSI-00167,1,FILE_LOCK,pool-2-thread-36,3844989747400,3845224369500,true,
TXN-FILE_LOCK-00003,REQ-SIM-00003,SIM-FILE_LOCK-00003,CUS-00003,FSI-00167,1,FILE_LOCK,pool-2-thread-3,3844988993200,3845235777400,true,
TXN-FILE_LOCK-00174,REQ-SIM-00174,-,CUS-00174,FSI-00167,1,FILE_LOCK,pool-2-thread-174,3844992340600,3845237692300,false,
TXN-FILE_LOCK-00168,REQ-SIM-00168,-,CUS-00168,FSI-00167,1,FILE_LOCK,pool-2-thread-168,3844992244000,3845237709000,false,
TXN-FILE_LOCK-00177,REQ-SIM-00177,-,CUS-00177,FSI-00167,1,FILE_LOCK,pool-2-thread-177,3844992413500,3845237916300,false,
TXN-FILE_LOCK-00176,REQ-SIM-00176,-,CUS-00176,FSI-00167,1,FILE_LOCK,pool-2-thread-176,3844992390400,3845238016300,false,
TXN-FILE_LOCK-00172,REQ-SIM-00172,-,CUS-00172,FSI-00167,1,FILE_LOCK,pool-2-thread-172,3844992311000,3845238373500,false,
TXN-FILE_LOCK-00173,REQ-SIM-00173,-,CUS-00173,FSI-00167,1,FILE_LOCK,pool-2-thread-173,3844992323100,3845238429600,false,
TXN-FILE_LOCK-00171,REQ-SIM-00171,SIM-FILE_LOCK-00171,CUS-00171,FSI-00167,1,FILE_LOCK,pool-2-thread-171,3844992292800,3845239289000,true,
TXN-FILE_LOCK-00631,REQ-SIM-00631,SIM-FILE_LOCK-00631,CUS-00631,FSI-00167,1,FILE_LOCK,pool-2-thread-631,3845002227900,3845254707100,true,
TXN-FILE_LOCK-00185,REQ-SIM-00185,-,CUS-00185,FSI-00167,1,FILE_LOCK,pool-2-thread-185,3844992543400,3845254989600,false,
TXN-FILE_LOCK-00178,REQ-SIM-00178,-,CUS-00178,FSI-00167,1,FILE_LOCK,pool-2-thread-178,3844992428100,3845254993100,false,
TXN-FILE_LOCK-00233,REQ-SIM-00233,-,CUS-00233,FSI-00167,1,FILE_LOCK,pool-2-thread-233,3844993493900,3845255111800,false,
TXN-FILE_LOCK-00239,REQ-SIM-00239,-,CUS-00239,FSI-00167,1,FILE_LOCK,pool-2-thread-239,3844993623700,3845255159400,false,
TXN-FILE_LOCK-00244,REQ-SIM-00244,-,CUS-00244,FSI-00167,1,FILE_LOCK,pool-2-thread-244,3844993748100,3845255233700,false,
TXN-FILE_LOCK-00182,REQ-SIM-00182,-,CUS-00182,FSI-00167,1,FILE_LOCK,pool-2-thread-182,3844992495100,3845255300100,false,
TXN-FILE_LOCK-00262,REQ-SIM-00262,-,CUS-00262,FSI-00167,1,FILE_LOCK,pool-2-thread-262,3844994056600,3845255336800,false,
TXN-FILE_LOCK-00250,REQ-SIM-00250,-,CUS-00250,FSI-00167,1,FILE_LOCK,pool-2-thread-250,3844993839700,3845255273200,false,
TXN-FILE_LOCK-00188,REQ-SIM-00188,-,CUS-00188,FSI-00167,1,FILE_LOCK,pool-2-thread-188,3844992607600,3845255423400,false,
TXN-FILE_LOCK-00183,REQ-SIM-00183,-,CUS-00183,FSI-00167,1,FILE_LOCK,pool-2-thread-183,3844992510000,3845255773400,false,
TXN-FILE_LOCK-00269,REQ-SIM-00269,-,CUS-00269,FSI-00167,1,FILE_LOCK,pool-2-thread-269,3844994218200,3845255942600,false,
TXN-FILE_LOCK-00268,REQ-SIM-00268,-,CUS-00268,FSI-00167,1,FILE_LOCK,pool-2-thread-268,3844994201000,3845255984500,false,
TXN-FILE_LOCK-00346,REQ-SIM-00346,-,CUS-00346,FSI-00167,1,FILE_LOCK,pool-2-thread-346,3844995727700,3845256027100,false,
TXN-FILE_LOCK-00286,REQ-SIM-00286,-,CUS-00286,FSI-00167,1,FILE_LOCK,pool-2-thread-286,3844994492100,3845256041800,false,
TXN-FILE_LOCK-00425,REQ-SIM-00425,-,CUS-00425,FSI-00167,1,FILE_LOCK,pool-2-thread-425,3844997331100,3845258686200,false,
TXN-FILE_LOCK-00305,REQ-SIM-00305,-,CUS-00305,FSI-00167,1,FILE_LOCK,pool-2-thread-305,3844994907700,3845258780200,false,
TXN-FILE_LOCK-00238,REQ-SIM-00238,-,CUS-00238,FSI-00167,1,FILE_LOCK,pool-2-thread-238,3844993606200,3845258923400,false,
TXN-FILE_LOCK-00552,REQ-SIM-00552,-,CUS-00552,FSI-00167,1,FILE_LOCK,pool-2-thread-552,3845000423900,3845258921600,false,
TXN-FILE_LOCK-00227,REQ-SIM-00227,-,CUS-00227,FSI-00167,1,FILE_LOCK,pool-2-thread-227,3844993378400,3845258969500,false,
TXN-FILE_LOCK-00206,REQ-SIM-00206,-,CUS-00206,FSI-00167,1,FILE_LOCK,pool-2-thread-206,3844992965900,3845258987600,false,
TXN-FILE_LOCK-00583,REQ-SIM-00583,-,CUS-00583,FSI-00167,1,FILE_LOCK,pool-2-thread-583,3845001266500,3845258998700,false,
TXN-FILE_LOCK-00232,REQ-SIM-00232,-,CUS-00232,FSI-00167,1,FILE_LOCK,pool-2-thread-232,3844993468800,3845259028800,false,
TXN-FILE_LOCK-00200,REQ-SIM-00200,-,CUS-00200,FSI-00167,1,FILE_LOCK,pool-2-thread-200,3844992849600,3845259042800,false,
TXN-FILE_LOCK-00540,REQ-SIM-00540,-,CUS-00540,FSI-00167,1,FILE_LOCK,pool-2-thread-540,3845000207400,3845259107700,false,
TXN-FILE_LOCK-00214,REQ-SIM-00214,-,CUS-00214,FSI-00167,1,FILE_LOCK,pool-2-thread-214,3844993117600,3845259130100,false,
TXN-FILE_LOCK-00189,REQ-SIM-00189,-,CUS-00189,FSI-00167,1,FILE_LOCK,pool-2-thread-189,3844992650000,3845259131100,false,
TXN-FILE_LOCK-00219,REQ-SIM-00219,-,CUS-00219,FSI-00167,1,FILE_LOCK,pool-2-thread-219,3844993188000,3845259184200,false,
TXN-FILE_LOCK-00220,REQ-SIM-00220,-,CUS-00220,FSI-00167,1,FILE_LOCK,pool-2-thread-220,3844993200700,3845259173500,false,
TXN-FILE_LOCK-00191,REQ-SIM-00191,-,CUS-00191,FSI-00167,1,FILE_LOCK,pool-2-thread-191,3844992678700,3845259211700,false,
TXN-FILE_LOCK-00224,REQ-SIM-00224,-,CUS-00224,FSI-00167,1,FILE_LOCK,pool-2-thread-224,3844993275800,3845259249100,false,
TXN-FILE_LOCK-00523,REQ-SIM-00523,-,CUS-00523,FSI-00167,1,FILE_LOCK,pool-2-thread-523,3844999759300,3845259262500,false,
TXN-FILE_LOCK-00517,REQ-SIM-00517,-,CUS-00517,FSI-00167,1,FILE_LOCK,pool-2-thread-517,3844999576400,3845259310700,false,
TXN-FILE_LOCK-00516,REQ-SIM-00516,-,CUS-00516,FSI-00167,1,FILE_LOCK,pool-2-thread-516,3844999562300,3845259329600,false,
TXN-FILE_LOCK-00550,REQ-SIM-00550,-,CUS-00550,FSI-00167,1,FILE_LOCK,pool-2-thread-550,3845000387600,3845259643100,false,
TXN-FILE_LOCK-00544,REQ-SIM-00544,-,CUS-00544,FSI-00167,1,FILE_LOCK,pool-2-thread-544,3845000272900,3845259836600,false,
TXN-FILE_LOCK-00504,REQ-SIM-00504,-,CUS-00504,FSI-00167,1,FILE_LOCK,pool-2-thread-504,3844999221200,3845260013500,false,
TXN-FILE_LOCK-00493,REQ-SIM-00493,-,CUS-00493,FSI-00167,1,FILE_LOCK,pool-2-thread-493,3844998957100,3845260124400,false,
TXN-FILE_LOCK-00499,REQ-SIM-00499,-,CUS-00499,FSI-00167,1,FILE_LOCK,pool-2-thread-499,3844999114400,3845260282400,false,
TXN-FILE_LOCK-00474,REQ-SIM-00474,-,CUS-00474,FSI-00167,1,FILE_LOCK,pool-2-thread-474,3844998456500,3845260433800,false,
TXN-FILE_LOCK-00480,REQ-SIM-00480,-,CUS-00480,FSI-00167,1,FILE_LOCK,pool-2-thread-480,3844998521900,3845260484900,false,
TXN-FILE_LOCK-00475,REQ-SIM-00475,-,CUS-00475,FSI-00167,1,FILE_LOCK,pool-2-thread-475,3844998399400,3845260388500,false,
TXN-FILE_LOCK-00511,REQ-SIM-00511,-,CUS-00511,FSI-00167,1,FILE_LOCK,pool-2-thread-511,3844999393800,3845260495800,false,
TXN-FILE_LOCK-00451,REQ-SIM-00451,-,CUS-00451,FSI-00167,1,FILE_LOCK,pool-2-thread-451,3844997904200,3845260545000,false,
TXN-FILE_LOCK-00433,REQ-SIM-00433,-,CUS-00433,FSI-00167,1,FILE_LOCK,pool-2-thread-433,3844997458700,3845260568300,false,
TXN-FILE_LOCK-00497,REQ-SIM-00497,-,CUS-00497,FSI-00167,1,FILE_LOCK,pool-2-thread-497,3844999080400,3845260651800,false,
TXN-FILE_LOCK-00588,REQ-SIM-00588,-,CUS-00588,FSI-00167,1,FILE_LOCK,pool-2-thread-588,3845001332800,3845260689700,false,
TXN-FILE_LOCK-00403,REQ-SIM-00403,-,CUS-00403,FSI-00167,1,FILE_LOCK,pool-2-thread-403,3844996794700,3845260718500,false,
TXN-FILE_LOCK-00356,REQ-SIM-00356,-,CUS-00356,FSI-00167,1,FILE_LOCK,pool-2-thread-356,3844995943800,3845260743100,false,
TXN-FILE_LOCK-00559,REQ-SIM-00559,-,CUS-00559,FSI-00167,1,FILE_LOCK,pool-2-thread-559,3845000693200,3845260766000,false,
TXN-FILE_LOCK-00466,REQ-SIM-00466,-,CUS-00466,FSI-00167,1,FILE_LOCK,pool-2-thread-466,3844998259400,3845260817800,false,
TXN-FILE_LOCK-00422,REQ-SIM-00422,-,CUS-00422,FSI-00167,1,FILE_LOCK,pool-2-thread-422,3844997283300,3845260821900,false,
TXN-FILE_LOCK-00399,REQ-SIM-00399,-,CUS-00399,FSI-00167,1,FILE_LOCK,pool-2-thread-399,3844996724100,3845260824700,false,
TXN-FILE_LOCK-00428,REQ-SIM-00428,-,CUS-00428,FSI-00167,1,FILE_LOCK,pool-2-thread-428,3844997395300,3845260841800,false,
TXN-FILE_LOCK-00454,REQ-SIM-00454,-,CUS-00454,FSI-00167,1,FILE_LOCK,pool-2-thread-454,3844997936100,3845260855900,false,
TXN-FILE_LOCK-00472,REQ-SIM-00472,-,CUS-00472,FSI-00167,1,FILE_LOCK,pool-2-thread-472,3844998342000,3845260887600,false,
TXN-FILE_LOCK-00576,REQ-SIM-00576,-,CUS-00576,FSI-00167,1,FILE_LOCK,pool-2-thread-576,3845001098100,3845260928700,false,
TXN-FILE_LOCK-00477,REQ-SIM-00477,-,CUS-00477,FSI-00167,1,FILE_LOCK,pool-2-thread-477,3844998482500,3845261071300,false,
TXN-FILE_LOCK-00470,REQ-SIM-00470,-,CUS-00470,FSI-00167,1,FILE_LOCK,pool-2-thread-470,3844998312600,3845261089700,false,
TXN-FILE_LOCK-00453,REQ-SIM-00453,-,CUS-00453,FSI-00167,1,FILE_LOCK,pool-2-thread-453,3844997923700,3845261131700,false,
TXN-FILE_LOCK-00501,REQ-SIM-00501,-,CUS-00501,FSI-00167,1,FILE_LOCK,pool-2-thread-501,3844999141900,3845261366200,false,
TXN-FILE_LOCK-00465,REQ-SIM-00465,-,CUS-00465,FSI-00167,1,FILE_LOCK,pool-2-thread-465,3844998245800,3845261384100,false,
TXN-FILE_LOCK-00436,REQ-SIM-00436,-,CUS-00436,FSI-00167,1,FILE_LOCK,pool-2-thread-436,3844997542900,3845261422300,false,
TXN-FILE_LOCK-00431,REQ-SIM-00431,-,CUS-00431,FSI-00167,1,FILE_LOCK,pool-2-thread-431,3844997434500,3845261436500,false,
TXN-FILE_LOCK-00541,REQ-SIM-00541,-,CUS-00541,FSI-00167,1,FILE_LOCK,pool-2-thread-541,3845000209600,3845261468800,false,
TXN-FILE_LOCK-00525,REQ-SIM-00525,-,CUS-00525,FSI-00167,1,FILE_LOCK,pool-2-thread-525,3844999835200,3845261563300,false,
TXN-FILE_LOCK-00512,REQ-SIM-00512,-,CUS-00512,FSI-00167,1,FILE_LOCK,pool-2-thread-512,3844999407200,3845261596800,false,
TXN-FILE_LOCK-00558,REQ-SIM-00558,-,CUS-00558,FSI-00167,1,FILE_LOCK,pool-2-thread-558,3845000681900,3845261636700,false,
TXN-FILE_LOCK-00430,REQ-SIM-00430,-,CUS-00430,FSI-00167,1,FILE_LOCK,pool-2-thread-430,3844997422600,3845261642400,false,
TXN-FILE_LOCK-00424,REQ-SIM-00424,-,CUS-00424,FSI-00167,1,FILE_LOCK,pool-2-thread-424,3844997315200,3845261722200,false,
TXN-FILE_LOCK-00406,REQ-SIM-00406,-,CUS-00406,FSI-00167,1,FILE_LOCK,pool-2-thread-406,3844996878400,3845261861700,false,
TXN-FILE_LOCK-00419,REQ-SIM-00419,-,CUS-00419,FSI-00167,1,FILE_LOCK,pool-2-thread-419,3844997139300,3845261954300,false,
TXN-FILE_LOCK-00213,REQ-SIM-00213,-,CUS-00213,FSI-00167,1,FILE_LOCK,pool-2-thread-213,3844993099900,3845261993700,false,
TXN-FILE_LOCK-00201,REQ-SIM-00201,-,CUS-00201,FSI-00167,1,FILE_LOCK,pool-2-thread-201,3844992900000,3845262035900,false,
TXN-FILE_LOCK-00561,REQ-SIM-00561,-,CUS-00561,FSI-00167,1,FILE_LOCK,pool-2-thread-561,3845000723600,3845262070500,false,
TXN-FILE_LOCK-00317,REQ-SIM-00317,-,CUS-00317,FSI-00167,1,FILE_LOCK,pool-2-thread-317,3844995100200,3845262127600,false,
TXN-FILE_LOCK-00181,REQ-SIM-00181,-,CUS-00181,FSI-00167,1,FILE_LOCK,pool-2-thread-181,3844992480600,3845262179500,false,
TXN-FILE_LOCK-00567,REQ-SIM-00567,-,CUS-00567,FSI-00167,1,FILE_LOCK,pool-2-thread-567,3845000845400,3845262252900,false,
TXN-FILE_LOCK-00207,REQ-SIM-00207,-,CUS-00207,FSI-00167,1,FILE_LOCK,pool-2-thread-207,3844992997100,3845262241800,false,
TXN-FILE_LOCK-00566,REQ-SIM-00566,-,CUS-00566,FSI-00167,1,FILE_LOCK,pool-2-thread-566,3845000834300,3845262313200,false,
TXN-FILE_LOCK-00573,REQ-SIM-00573,-,CUS-00573,FSI-00167,1,FILE_LOCK,pool-2-thread-573,3845000967700,3845262280300,false,
TXN-FILE_LOCK-00194,REQ-SIM-00194,-,CUS-00194,FSI-00167,1,FILE_LOCK,pool-2-thread-194,3844992742300,3845262342400,false,
TXN-FILE_LOCK-00280,REQ-SIM-00280,-,CUS-00280,FSI-00167,1,FILE_LOCK,pool-2-thread-280,3844994395100,3845262383500,false,
TXN-FILE_LOCK-00222,REQ-SIM-00222,-,CUS-00222,FSI-00167,1,FILE_LOCK,pool-2-thread-222,3844993234400,3845262388600,false,
TXN-FILE_LOCK-00590,REQ-SIM-00590,-,CUS-00590,FSI-00167,1,FILE_LOCK,pool-2-thread-590,3845001406400,3845262406100,false,
TXN-FILE_LOCK-00257,REQ-SIM-00257,-,CUS-00257,FSI-00167,1,FILE_LOCK,pool-2-thread-257,3844993965900,3845262450100,false,
TXN-FILE_LOCK-00532,REQ-SIM-00532,-,CUS-00532,FSI-00167,1,FILE_LOCK,pool-2-thread-532,3845000059300,3845262468100,false,
TXN-FILE_LOCK-00215,REQ-SIM-00215,-,CUS-00215,FSI-00167,1,FILE_LOCK,pool-2-thread-215,3844993132800,3845262487800,false,
TXN-FILE_LOCK-00602,REQ-SIM-00602,-,CUS-00602,FSI-00167,1,FILE_LOCK,pool-2-thread-602,3845001601700,3845262499100,false,
TXN-FILE_LOCK-00570,REQ-SIM-00570,-,CUS-00570,FSI-00167,1,FILE_LOCK,pool-2-thread-570,3845000923900,3845262533400,false,
TXN-FILE_LOCK-00209,REQ-SIM-00209,-,CUS-00209,FSI-00167,1,FILE_LOCK,pool-2-thread-209,3844993028600,3845262576900,false,
TXN-FILE_LOCK-00515,REQ-SIM-00515,-,CUS-00515,FSI-00167,1,FILE_LOCK,pool-2-thread-515,3844999548500,3845262627600,false,
TXN-FILE_LOCK-00184,REQ-SIM-00184,-,CUS-00184,FSI-00167,1,FILE_LOCK,pool-2-thread-184,3844992528100,3845262656200,false,
TXN-FILE_LOCK-00510,REQ-SIM-00510,-,CUS-00510,FSI-00167,1,FILE_LOCK,pool-2-thread-510,3844999383700,3845262691700,false,
TXN-FILE_LOCK-00484,REQ-SIM-00484,-,CUS-00484,FSI-00167,1,FILE_LOCK,pool-2-thread-484,3844998600500,3845262784100,false,
TXN-FILE_LOCK-00212,REQ-SIM-00212,-,CUS-00212,FSI-00167,1,FILE_LOCK,pool-2-thread-212,3844993084000,3845262822600,false,
TXN-FILE_LOCK-00545,REQ-SIM-00545,-,CUS-00545,FSI-00167,1,FILE_LOCK,pool-2-thread-545,3845000323500,3845262862300,false,
TXN-FILE_LOCK-00520,REQ-SIM-00520,-,CUS-00520,FSI-00167,1,FILE_LOCK,pool-2-thread-520,3844999668300,3845262896800,false,
TXN-FILE_LOCK-00527,REQ-SIM-00527,-,CUS-00527,FSI-00167,1,FILE_LOCK,pool-2-thread-527,3844999862400,3845262909400,false,
TXN-FILE_LOCK-00505,REQ-SIM-00505,-,CUS-00505,FSI-00167,1,FILE_LOCK,pool-2-thread-505,3844999238000,3845262946900,false,
TXN-FILE_LOCK-00395,REQ-SIM-00395,-,CUS-00395,FSI-00167,1,FILE_LOCK,pool-2-thread-395,3844996646400,3845262955100,false,
TXN-FILE_LOCK-00533,REQ-SIM-00533,-,CUS-00533,FSI-00167,1,FILE_LOCK,pool-2-thread-533,3845000065800,3845262998300,false,
TXN-FILE_LOCK-00401,REQ-SIM-00401,-,CUS-00401,FSI-00167,1,FILE_LOCK,pool-2-thread-401,3844996765200,3845263055600,false,
TXN-FILE_LOCK-00400,REQ-SIM-00400,-,CUS-00400,FSI-00167,1,FILE_LOCK,pool-2-thread-400,3844996740400,3845263100300,false,
TXN-FILE_LOCK-00394,REQ-SIM-00394,-,CUS-00394,FSI-00167,1,FILE_LOCK,pool-2-thread-394,3844996627500,3845263109600,false,
TXN-FILE_LOCK-00522,REQ-SIM-00522,-,CUS-00522,FSI-00167,1,FILE_LOCK,pool-2-thread-522,3844999745800,3845263145400,false,
TXN-FILE_LOCK-00225,REQ-SIM-00225,-,CUS-00225,FSI-00167,1,FILE_LOCK,pool-2-thread-225,3844993335800,3845263152400,false,
TXN-FILE_LOCK-00562,REQ-SIM-00562,-,CUS-00562,FSI-00167,1,FILE_LOCK,pool-2-thread-562,3845000736700,3845263178200,false,
TXN-FILE_LOCK-00486,REQ-SIM-00486,-,CUS-00486,FSI-00167,1,FILE_LOCK,pool-2-thread-486,3844998663000,3845263206900,false,
TXN-FILE_LOCK-00230,REQ-SIM-00230,-,CUS-00230,FSI-00167,1,FILE_LOCK,pool-2-thread-230,3844993434400,3845263196500,false,
TXN-FILE_LOCK-00383,REQ-SIM-00383,-,CUS-00383,FSI-00167,1,FILE_LOCK,pool-2-thread-383,3844996427300,3845263234500,false,
TXN-FILE_LOCK-00382,REQ-SIM-00382,-,CUS-00382,FSI-00167,1,FILE_LOCK,pool-2-thread-382,3844996416700,3845263311200,false,
TXN-FILE_LOCK-00508,REQ-SIM-00508,-,CUS-00508,FSI-00167,1,FILE_LOCK,pool-2-thread-508,3844999345500,3845263321500,false,
TXN-FILE_LOCK-00248,REQ-SIM-00248,-,CUS-00248,FSI-00167,1,FILE_LOCK,pool-2-thread-248,3844993814200,3845263345700,false,
TXN-FILE_LOCK-00255,REQ-SIM-00255,-,CUS-00255,FSI-00167,1,FILE_LOCK,pool-2-thread-255,3844993929900,3845263377000,false,
TXN-FILE_LOCK-00242,REQ-SIM-00242,-,CUS-00242,FSI-00167,1,FILE_LOCK,pool-2-thread-242,3844993673000,3845263396800,false,
TXN-FILE_LOCK-00551,REQ-SIM-00551,-,CUS-00551,FSI-00167,1,FILE_LOCK,pool-2-thread-551,3845000400000,3845263421500,false,
TXN-FILE_LOCK-00377,REQ-SIM-00377,-,CUS-00377,FSI-00167,1,FILE_LOCK,pool-2-thread-377,3844996309700,3845263450700,false,
TXN-FILE_LOCK-00492,REQ-SIM-00492,-,CUS-00492,FSI-00167,1,FILE_LOCK,pool-2-thread-492,3844998943100,3845263474000,false,
TXN-FILE_LOCK-00376,REQ-SIM-00376,-,CUS-00376,FSI-00167,1,FILE_LOCK,pool-2-thread-376,3844996296000,3845263490300,false,
TXN-FILE_LOCK-00498,REQ-SIM-00498,-,CUS-00498,FSI-00167,1,FILE_LOCK,pool-2-thread-498,3844999101500,3845263462700,false,
TXN-FILE_LOCK-00218,REQ-SIM-00218,-,CUS-00218,FSI-00167,1,FILE_LOCK,pool-2-thread-218,3844993173900,3845263498400,false,
TXN-FILE_LOCK-00365,REQ-SIM-00365,-,CUS-00365,FSI-00167,1,FILE_LOCK,pool-2-thread-365,3844996093000,3845263535600,false,
TXN-FILE_LOCK-00371,REQ-SIM-00371,-,CUS-00371,FSI-00167,1,FILE_LOCK,pool-2-thread-371,3844996228200,3845263556900,false,
TXN-FILE_LOCK-00249,REQ-SIM-00249,-,CUS-00249,FSI-00167,1,FILE_LOCK,pool-2-thread-249,3844993825800,3845263575300,false,
TXN-FILE_LOCK-00586,REQ-SIM-00586,-,CUS-00586,FSI-00167,1,FILE_LOCK,pool-2-thread-586,3845001306600,3845263586400,false,
TXN-FILE_LOCK-00487,REQ-SIM-00487,-,CUS-00487,FSI-00167,1,FILE_LOCK,pool-2-thread-487,3844998676000,3845263613700,false,
TXN-FILE_LOCK-00260,REQ-SIM-00260,-,CUS-00260,FSI-00167,1,FILE_LOCK,pool-2-thread-260,3844994020700,3845263638500,false,
TXN-FILE_LOCK-00481,REQ-SIM-00481,-,CUS-00481,FSI-00167,1,FILE_LOCK,pool-2-thread-481,3844998553800,3845263658000,false,
TXN-FILE_LOCK-00267,REQ-SIM-00267,-,CUS-00267,FSI-00167,1,FILE_LOCK,pool-2-thread-267,3844994135700,3845263660400,false,
TXN-FILE_LOCK-00539,REQ-SIM-00539,-,CUS-00539,FSI-00167,1,FILE_LOCK,pool-2-thread-539,3845000181300,3845263732800,false,
TXN-FILE_LOCK-00463,REQ-SIM-00463,-,CUS-00463,FSI-00167,1,FILE_LOCK,pool-2-thread-463,3844998163900,3845263754000,false,
TXN-FILE_LOCK-00266,REQ-SIM-00266,-,CUS-00266,FSI-00167,1,FILE_LOCK,pool-2-thread-266,3844994117700,3845263777600,false,
TXN-FILE_LOCK-00568,REQ-SIM-00568,-,CUS-00568,FSI-00167,1,FILE_LOCK,pool-2-thread-568,3845000860900,3845263780600,false,
TXN-FILE_LOCK-00557,REQ-SIM-00557,-,CUS-00557,FSI-00167,1,FILE_LOCK,pool-2-thread-557,3845000670000,3845263794900,false,
TXN-FILE_LOCK-00328,REQ-SIM-00328,-,CUS-00328,FSI-00167,1,FILE_LOCK,pool-2-thread-328,3844995316900,3845263704500,false,
TXN-FILE_LOCK-00285,REQ-SIM-00285,-,CUS-00285,FSI-00167,1,FILE_LOCK,pool-2-thread-285,3844994476000,3845263845900,false,
TXN-FILE_LOCK-00340,REQ-SIM-00340,-,CUS-00340,FSI-00167,1,FILE_LOCK,pool-2-thread-340,3844995549200,3845263910900,false,
TXN-FILE_LOCK-00503,REQ-SIM-00503,-,CUS-00503,FSI-00167,1,FILE_LOCK,pool-2-thread-503,3844999206200,3845263935100,false,
TXN-FILE_LOCK-00468,REQ-SIM-00468,-,CUS-00468,FSI-00167,1,FILE_LOCK,pool-2-thread-468,3844998286000,3845263962200,false,
TXN-FILE_LOCK-00574,REQ-SIM-00574,-,CUS-00574,FSI-00167,1,FILE_LOCK,pool-2-thread-574,3845000980900,3845263989000,false,
TXN-FILE_LOCK-00563,REQ-SIM-00563,-,CUS-00563,FSI-00167,1,FILE_LOCK,pool-2-thread-563,3845000789000,3845264011400,false,
TXN-FILE_LOCK-00521,REQ-SIM-00521,-,CUS-00521,FSI-00167,1,FILE_LOCK,pool-2-thread-521,3844999729300,3845264037100,false,
TXN-FILE_LOCK-00439,REQ-SIM-00439,-,CUS-00439,FSI-00167,1,FILE_LOCK,pool-2-thread-439,3844997584600,3845264054300,false,
TXN-FILE_LOCK-00457,REQ-SIM-00457,-,CUS-00457,FSI-00167,1,FILE_LOCK,pool-2-thread-457,3844998047800,3845264095800,false,
TXN-FILE_LOCK-00228,REQ-SIM-00228,-,CUS-00228,FSI-00167,1,FILE_LOCK,pool-2-thread-228,3844993396600,3845263880800,false,
TXN-FILE_LOCK-00309,REQ-SIM-00309,-,CUS-00309,FSI-00167,1,FILE_LOCK,pool-2-thread-309,3844994970500,3845264131900,false,
TXN-FILE_LOCK-00469,REQ-SIM-00469,-,CUS-00469,FSI-00167,1,FILE_LOCK,pool-2-thread-469,3844998299100,3845264173400,false,
TXN-FILE_LOCK-00485,REQ-SIM-00485,-,CUS-00485,FSI-00167,1,FILE_LOCK,pool-2-thread-485,3844998642100,3845264196400,false,
TXN-FILE_LOCK-00490,REQ-SIM-00490,-,CUS-00490,FSI-00167,1,FILE_LOCK,pool-2-thread-490,3844998712200,3845264199400,false,
TXN-FILE_LOCK-00581,REQ-SIM-00581,-,CUS-00581,FSI-00167,1,FILE_LOCK,pool-2-thread-581,3845001233300,3845264228700,false,
TXN-FILE_LOCK-00314,REQ-SIM-00314,-,CUS-00314,FSI-00167,1,FILE_LOCK,pool-2-thread-314,3844995049000,3845264229700,false,
TXN-FILE_LOCK-00456,REQ-SIM-00456,-,CUS-00456,FSI-00167,1,FILE_LOCK,pool-2-thread-456,3844997988500,3845264258900,false,
TXN-FILE_LOCK-00598,REQ-SIM-00598,-,CUS-00598,FSI-00167,1,FILE_LOCK,pool-2-thread-598,3845001531300,3845264289200,false,
TXN-FILE_LOCK-00308,REQ-SIM-00308,-,CUS-00308,FSI-00167,1,FILE_LOCK,pool-2-thread-308,3844994954200,3845264321800,false,
TXN-FILE_LOCK-00421,REQ-SIM-00421,-,CUS-00421,FSI-00167,1,FILE_LOCK,pool-2-thread-421,3844997264000,3845264347500,false,
TXN-FILE_LOCK-00297,REQ-SIM-00297,-,CUS-00297,FSI-00167,1,FILE_LOCK,pool-2-thread-297,3844994757600,3845264383500,false,
TXN-FILE_LOCK-00303,REQ-SIM-00303,-,CUS-00303,FSI-00167,1,FILE_LOCK,pool-2-thread-303,3844994866600,3845264409200,false,
TXN-FILE_LOCK-00296,REQ-SIM-00296,-,CUS-00296,FSI-00167,1,FILE_LOCK,pool-2-thread-296,3844994684000,3845264445600,false,
TXN-FILE_LOCK-00415,REQ-SIM-00415,-,CUS-00415,FSI-00167,1,FILE_LOCK,pool-2-thread-415,3844997081000,3845264458800,false,
TXN-FILE_LOCK-00247,REQ-SIM-00247,-,CUS-00247,FSI-00167,1,FILE_LOCK,pool-2-thread-247,3844993759800,3845264461800,false,
TXN-FILE_LOCK-00593,REQ-SIM-00593,-,CUS-00593,FSI-00167,1,FILE_LOCK,pool-2-thread-593,3845001445000,3845264471100,false,
TXN-FILE_LOCK-00599,REQ-SIM-00599,-,CUS-00599,FSI-00167,1,FILE_LOCK,pool-2-thread-599,3845001541100,3845264498400,false,
TXN-FILE_LOCK-00315,REQ-SIM-00315,-,CUS-00315,FSI-00167,1,FILE_LOCK,pool-2-thread-315,3844995063200,3845264523300,false,
TXN-FILE_LOCK-00461,REQ-SIM-00461,-,CUS-00461,FSI-00167,1,FILE_LOCK,pool-2-thread-461,3844998139400,3845264545100,false,
TXN-FILE_LOCK-00478,REQ-SIM-00478,-,CUS-00478,FSI-00167,1,FILE_LOCK,pool-2-thread-478,3844998494500,3845264589400,false,
TXN-FILE_LOCK-00246,REQ-SIM-00246,-,CUS-00246,FSI-00167,1,FILE_LOCK,pool-2-thread-246,3844993743200,3845264611200,false,
TXN-FILE_LOCK-00575,REQ-SIM-00575,-,CUS-00575,FSI-00167,1,FILE_LOCK,pool-2-thread-575,3845001088700,3845264633200,false,
TXN-FILE_LOCK-00418,REQ-SIM-00418,-,CUS-00418,FSI-00167,1,FILE_LOCK,pool-2-thread-418,3844997125400,3845264690400,false,
TXN-FILE_LOCK-00547,REQ-SIM-00547,-,CUS-00547,FSI-00167,1,FILE_LOCK,pool-2-thread-547,3845000347100,3845264722300,false,
TXN-FILE_LOCK-00408,REQ-SIM-00408,-,CUS-00408,FSI-00167,1,FILE_LOCK,pool-2-thread-408,3844996909300,3845264734400,false,
TXN-FILE_LOCK-00256,REQ-SIM-00256,-,CUS-00256,FSI-00167,1,FILE_LOCK,pool-2-thread-256,3844993942200,3845264751000,false,
TXN-FILE_LOCK-00473,REQ-SIM-00473,-,CUS-00473,FSI-00167,1,FILE_LOCK,pool-2-thread-473,3844998365400,3845264758200,false,
TXN-FILE_LOCK-00333,REQ-SIM-00333,-,CUS-00333,FSI-00167,1,FILE_LOCK,pool-2-thread-333,3844995414500,3845264778000,false,
TXN-FILE_LOCK-00397,REQ-SIM-00397,-,CUS-00397,FSI-00167,1,FILE_LOCK,pool-2-thread-397,3844996687600,3845264821500,false,
TXN-FILE_LOCK-00592,REQ-SIM-00592,-,CUS-00592,FSI-00167,1,FILE_LOCK,pool-2-thread-592,3845001430700,3845264839900,false,
TXN-FILE_LOCK-00496,REQ-SIM-00496,-,CUS-00496,FSI-00167,1,FILE_LOCK,pool-2-thread-496,3844999036800,3845264848300,false,
TXN-FILE_LOCK-00259,REQ-SIM-00259,-,CUS-00259,FSI-00167,1,FILE_LOCK,pool-2-thread-259,3844993996400,3845264879500,false,
TXN-FILE_LOCK-00196,REQ-SIM-00196,SIM-FILE_LOCK-00196,CUS-00196,FSI-00167,1,FILE_LOCK,pool-2-thread-196,3844992779100,3845265079300,true,
TXN-FILE_LOCK-00594,REQ-SIM-00594,-,CUS-00594,FSI-00167,1,FILE_LOCK,pool-2-thread-594,3845001456400,3845265152200,false,
TXN-FILE_LOCK-00290,REQ-SIM-00290,-,CUS-00290,FSI-00167,1,FILE_LOCK,pool-2-thread-290,3844994560600,3845265178900,false,
TXN-FILE_LOCK-00258,REQ-SIM-00258,-,CUS-00258,FSI-00167,1,FILE_LOCK,pool-2-thread-258,3844993982600,3845265233900,false,
TXN-FILE_LOCK-00332,REQ-SIM-00332,-,CUS-00332,FSI-00167,1,FILE_LOCK,pool-2-thread-332,3844995395800,3845265254700,false,
TXN-FILE_LOCK-00587,REQ-SIM-00587,-,CUS-00587,FSI-00167,1,FILE_LOCK,pool-2-thread-587,3845001319200,3845265265200,false,
TXN-FILE_LOCK-00344,REQ-SIM-00344,-,CUS-00344,FSI-00167,1,FILE_LOCK,pool-2-thread-344,3844995689000,3845265266700,false,
TXN-FILE_LOCK-00298,REQ-SIM-00298,-,CUS-00298,FSI-00167,1,FILE_LOCK,pool-2-thread-298,3844994775100,3845265289300,false,
TXN-FILE_LOCK-00369,REQ-SIM-00369,-,CUS-00369,FSI-00167,1,FILE_LOCK,pool-2-thread-369,3844996203900,3845265285600,false,
TXN-FILE_LOCK-00491,REQ-SIM-00491,-,CUS-00491,FSI-00167,1,FILE_LOCK,pool-2-thread-491,3844998896500,3845265310100,false,
TXN-FILE_LOCK-00345,REQ-SIM-00345,-,CUS-00345,FSI-00167,1,FILE_LOCK,pool-2-thread-345,3844995711900,3845265343600,false,
TXN-FILE_LOCK-00479,REQ-SIM-00479,-,CUS-00479,FSI-00167,1,FILE_LOCK,pool-2-thread-479,3844998509800,3845265352900,false,
TXN-FILE_LOCK-00320,REQ-SIM-00320,-,CUS-00320,FSI-00167,1,FILE_LOCK,pool-2-thread-320,3844995152300,3845265384800,false,
TXN-FILE_LOCK-00350,REQ-SIM-00350,-,CUS-00350,FSI-00167,1,FILE_LOCK,pool-2-thread-350,3844995819100,3845265437600,false,
TXN-FILE_LOCK-00387,REQ-SIM-00387,-,CUS-00387,FSI-00167,1,FILE_LOCK,pool-2-thread-387,3844996529900,3845265535100,false,
TXN-FILE_LOCK-00374,REQ-SIM-00374,-,CUS-00374,FSI-00167,1,FILE_LOCK,pool-2-thread-374,3844996269800,3845265533600,false,
TXN-FILE_LOCK-00357,REQ-SIM-00357,-,CUS-00357,FSI-00167,1,FILE_LOCK,pool-2-thread-357,3844995957300,3845265586900,false,
TXN-FILE_LOCK-00386,REQ-SIM-00386,-,CUS-00386,FSI-00167,1,FILE_LOCK,pool-2-thread-386,3844996515700,3845265590500,false,
TXN-FILE_LOCK-00375,REQ-SIM-00375,-,CUS-00375,FSI-00167,1,FILE_LOCK,pool-2-thread-375,3844996286300,3845265674000,false,
TXN-FILE_LOCK-00362,REQ-SIM-00362,-,CUS-00362,FSI-00167,1,FILE_LOCK,pool-2-thread-362,3844996049800,3845265659400,false,
TXN-FILE_LOCK-00380,REQ-SIM-00380,-,CUS-00380,FSI-00167,1,FILE_LOCK,pool-2-thread-380,3844996381800,3845265691200,false,
TXN-FILE_LOCK-00393,REQ-SIM-00393,-,CUS-00393,FSI-00167,1,FILE_LOCK,pool-2-thread-393,3844996613800,3845265777100,false,
TXN-FILE_LOCK-00417,REQ-SIM-00417,-,CUS-00417,FSI-00167,1,FILE_LOCK,pool-2-thread-417,3844997098000,3845265822400,false,
TXN-FILE_LOCK-00571,REQ-SIM-00571,-,CUS-00571,FSI-00167,1,FILE_LOCK,pool-2-thread-571,3845000967500,3845265877800,false,
TXN-FILE_LOCK-00460,REQ-SIM-00460,-,CUS-00460,FSI-00167,1,FILE_LOCK,pool-2-thread-460,3844998124900,3845265893900,false,
TXN-FILE_LOCK-00381,REQ-SIM-00381,-,CUS-00381,FSI-00167,1,FILE_LOCK,pool-2-thread-381,3844996402800,3845265931600,false,
TXN-FILE_LOCK-00416,REQ-SIM-00416,-,CUS-00416,FSI-00167,1,FILE_LOCK,pool-2-thread-416,3844997088300,3845265974200,false,
TXN-FILE_LOCK-00179,REQ-SIM-00179,-,CUS-00179,FSI-00167,1,FILE_LOCK,pool-2-thread-179,3844992455200,3845265986300,false,
TXN-FILE_LOCK-00564,REQ-SIM-00564,-,CUS-00564,FSI-00167,1,FILE_LOCK,pool-2-thread-564,3845000801100,3845266006300,false,
TXN-FILE_LOCK-00441,REQ-SIM-00441,-,CUS-00441,FSI-00167,1,FILE_LOCK,pool-2-thread-441,3844997637500,3845266031200,false,
TXN-FILE_LOCK-00448,REQ-SIM-00448,-,CUS-00448,FSI-00167,1,FILE_LOCK,pool-2-thread-448,3844997820400,3845266070500,false,
TXN-FILE_LOCK-00429,REQ-SIM-00429,-,CUS-00429,FSI-00167,1,FILE_LOCK,pool-2-thread-429,3844997408300,3845266054100,false,
TXN-FILE_LOCK-00404,REQ-SIM-00404,-,CUS-00404,FSI-00167,1,FILE_LOCK,pool-2-thread-404,3844996819200,3845266133900,false,
TXN-FILE_LOCK-00423,REQ-SIM-00423,-,CUS-00423,FSI-00167,1,FILE_LOCK,pool-2-thread-423,3844997299600,3845266155100,false,
TXN-FILE_LOCK-00435,REQ-SIM-00435,-,CUS-00435,FSI-00167,1,FILE_LOCK,pool-2-thread-435,3844997530300,3845266211900,false,
TXN-FILE_LOCK-00582,REQ-SIM-00582,-,CUS-00582,FSI-00167,1,FILE_LOCK,pool-2-thread-582,3845001247200,3845266286900,false,
TXN-FILE_LOCK-00440,REQ-SIM-00440,-,CUS-00440,FSI-00167,1,FILE_LOCK,pool-2-thread-440,3844997595700,3845266306500,false,
TXN-FILE_LOCK-00434,REQ-SIM-00434,-,CUS-00434,FSI-00167,1,FILE_LOCK,pool-2-thread-434,3844997469700,3845266361100,false,
TXN-FILE_LOCK-00455,REQ-SIM-00455,-,CUS-00455,FSI-00167,1,FILE_LOCK,pool-2-thread-455,3844997954500,3845266400800,false,
TXN-FILE_LOCK-00459,REQ-SIM-00459,-,CUS-00459,FSI-00167,1,FILE_LOCK,pool-2-thread-459,3844998110700,3845266468300,false,
TXN-FILE_LOCK-00446,REQ-SIM-00446,-,CUS-00446,FSI-00167,1,FILE_LOCK,pool-2-thread-446,3844997781500,3845266549100,false,
TXN-FILE_LOCK-00452,REQ-SIM-00452,-,CUS-00452,FSI-00167,1,FILE_LOCK,pool-2-thread-452,3844997915700,3845266616800,false,
TXN-FILE_LOCK-00197,REQ-SIM-00197,-,CUS-00197,FSI-00167,1,FILE_LOCK,pool-2-thread-197,3844992796500,3845266645800,false,
TXN-FILE_LOCK-00589,REQ-SIM-00589,-,CUS-00589,FSI-00167,1,FILE_LOCK,pool-2-thread-589,3845001345600,3845266715800,false,
TXN-FILE_LOCK-00447,REQ-SIM-00447,-,CUS-00447,FSI-00167,1,FILE_LOCK,pool-2-thread-447,3844997805300,3845266732100,false,
TXN-FILE_LOCK-00464,REQ-SIM-00464,-,CUS-00464,FSI-00167,1,FILE_LOCK,pool-2-thread-464,3844998219100,3845266750400,false,
TXN-FILE_LOCK-00202,REQ-SIM-00202,-,CUS-00202,FSI-00167,1,FILE_LOCK,pool-2-thread-202,3844992895600,3845266778300,false,
TXN-FILE_LOCK-00467,REQ-SIM-00467,-,CUS-00467,FSI-00167,1,FILE_LOCK,pool-2-thread-467,3844998272000,3845266804700,false,
TXN-FILE_LOCK-00180,REQ-SIM-00180,-,CUS-00180,FSI-00167,1,FILE_LOCK,pool-2-thread-180,3844992466400,3845266890100,false,
TXN-FILE_LOCK-00221,REQ-SIM-00221,-,CUS-00221,FSI-00167,1,FILE_LOCK,pool-2-thread-221,3844993216900,3845266894400,false,
TXN-FILE_LOCK-00203,REQ-SIM-00203,-,CUS-00203,FSI-00167,1,FILE_LOCK,pool-2-thread-203,3844992907700,3845266918900,false,
TXN-FILE_LOCK-00442,REQ-SIM-00442,-,CUS-00442,FSI-00167,1,FILE_LOCK,pool-2-thread-442,3844997652500,3845266948900,false,
TXN-FILE_LOCK-00476,REQ-SIM-00476,-,CUS-00476,FSI-00167,1,FILE_LOCK,pool-2-thread-476,3844998470800,3845266999300,false,
TXN-FILE_LOCK-00488,REQ-SIM-00488,-,CUS-00488,FSI-00167,1,FILE_LOCK,pool-2-thread-488,3844998686700,3845267045800,false,
TXN-FILE_LOCK-00601,REQ-SIM-00601,-,CUS-00601,FSI-00167,1,FILE_LOCK,pool-2-thread-601,3845001567400,3845267113100,false,
TXN-FILE_LOCK-00489,REQ-SIM-00489,-,CUS-00489,FSI-00167,1,FILE_LOCK,pool-2-thread-489,3844998715400,3845267127000,false,
TXN-FILE_LOCK-00226,REQ-SIM-00226,-,CUS-00226,FSI-00167,1,FILE_LOCK,pool-2-thread-226,3844993355900,3845267153700,false,
TXN-FILE_LOCK-00437,REQ-SIM-00437,-,CUS-00437,FSI-00167,1,FILE_LOCK,pool-2-thread-437,3844997567500,3845267213300,false,
TXN-FILE_LOCK-00277,REQ-SIM-00277,-,CUS-00277,FSI-00167,1,FILE_LOCK,pool-2-thread-277,3844994348400,3845267240600,false,
TXN-FILE_LOCK-00265,REQ-SIM-00265,-,CUS-00265,FSI-00167,1,FILE_LOCK,pool-2-thread-265,3844994108300,3845267247700,false,
TXN-FILE_LOCK-00458,REQ-SIM-00458,-,CUS-00458,FSI-00167,1,FILE_LOCK,pool-2-thread-458,3844998061800,3845267296000,false,
TXN-FILE_LOCK-00251,REQ-SIM-00251,-,CUS-00251,FSI-00167,1,FILE_LOCK,pool-2-thread-251,3844993859000,3845267330100,false,
TXN-FILE_LOCK-00208,REQ-SIM-00208,-,CUS-00208,FSI-00167,1,FILE_LOCK,pool-2-thread-208,3844993013400,3845267369100,false,
TXN-FILE_LOCK-00187,REQ-SIM-00187,-,CUS-00187,FSI-00167,1,FILE_LOCK,pool-2-thread-187,3844992579700,3845267432000,false,
TXN-FILE_LOCK-00289,REQ-SIM-00289,-,CUS-00289,FSI-00167,1,FILE_LOCK,pool-2-thread-289,3844994534700,3845267448800,false,
TXN-FILE_LOCK-00471,REQ-SIM-00471,-,CUS-00471,FSI-00167,1,FILE_LOCK,pool-2-thread-471,3844998326300,3845267478000,false,
TXN-FILE_LOCK-00546,REQ-SIM-00546,-,CUS-00546,FSI-00167,1,FILE_LOCK,pool-2-thread-546,3845000336000,3845267497200,false,
TXN-FILE_LOCK-00205,REQ-SIM-00205,-,CUS-00205,FSI-00167,1,FILE_LOCK,pool-2-thread-205,3844992951200,3845267505500,false,
TXN-FILE_LOCK-00483,REQ-SIM-00483,-,CUS-00483,FSI-00167,1,FILE_LOCK,pool-2-thread-483,3844998577800,3845267562500,false,
TXN-FILE_LOCK-00553,REQ-SIM-00553,-,CUS-00553,FSI-00167,1,FILE_LOCK,pool-2-thread-553,3845000565100,3845267596800,false,
TXN-FILE_LOCK-00518,REQ-SIM-00518,-,CUS-00518,FSI-00167,1,FILE_LOCK,pool-2-thread-518,3844999588500,3845267650800,false,
TXN-FILE_LOCK-00274,REQ-SIM-00274,-,CUS-00274,FSI-00167,1,FILE_LOCK,pool-2-thread-274,3844994296200,3845267667800,false,
TXN-FILE_LOCK-00192,REQ-SIM-00192,-,CUS-00192,FSI-00167,1,FILE_LOCK,pool-2-thread-192,3844992697300,3845267737000,false,
TXN-FILE_LOCK-00449,REQ-SIM-00449,-,CUS-00449,FSI-00167,1,FILE_LOCK,pool-2-thread-449,3844997836300,3845267765700,false,
TXN-FILE_LOCK-00294,REQ-SIM-00294,-,CUS-00294,FSI-00167,1,FILE_LOCK,pool-2-thread-294,3844994650300,3845267842300,false,
TXN-FILE_LOCK-00495,REQ-SIM-00495,-,CUS-00495,FSI-00167,1,FILE_LOCK,pool-2-thread-495,3844999039600,3845267859900,false,
TXN-FILE_LOCK-00530,REQ-SIM-00530,-,CUS-00530,FSI-00167,1,FILE_LOCK,pool-2-thread-530,3844999960900,3845267928400,false,
TXN-FILE_LOCK-00443,REQ-SIM-00443,-,CUS-00443,FSI-00167,1,FILE_LOCK,pool-2-thread-443,3844997664700,3845268016700,false,
TXN-FILE_LOCK-00304,REQ-SIM-00304,-,CUS-00304,FSI-00167,1,FILE_LOCK,pool-2-thread-304,3844994889400,3845268070500,false,
TXN-FILE_LOCK-00407,REQ-SIM-00407,-,CUS-00407,FSI-00167,1,FILE_LOCK,pool-2-thread-407,3844996893800,3845268128600,false,
TXN-FILE_LOCK-00507,REQ-SIM-00507,-,CUS-00507,FSI-00167,1,FILE_LOCK,pool-2-thread-507,3844999331300,3845268148300,false,
TXN-FILE_LOCK-00524,REQ-SIM-00524,-,CUS-00524,FSI-00167,1,FILE_LOCK,pool-2-thread-524,3844999773500,3845268169100,false,
TXN-FILE_LOCK-00413,REQ-SIM-00413,-,CUS-00413,FSI-00167,1,FILE_LOCK,pool-2-thread-413,3844996997800,3845268235400,false,
TXN-FILE_LOCK-00287,REQ-SIM-00287,-,CUS-00287,FSI-00167,1,FILE_LOCK,pool-2-thread-287,3844994508500,3845268291000,false,
TXN-FILE_LOCK-00293,REQ-SIM-00293,-,CUS-00293,FSI-00167,1,FILE_LOCK,pool-2-thread-293,3844994636500,3845268339600,false,
TXN-FILE_LOCK-00506,REQ-SIM-00506,-,CUS-00506,FSI-00167,1,FILE_LOCK,pool-2-thread-506,3844999250700,3845268387200,false,
TXN-FILE_LOCK-00519,REQ-SIM-00519,-,CUS-00519,FSI-00167,1,FILE_LOCK,pool-2-thread-519,3844999602600,3845268428900,false,
TXN-FILE_LOCK-00199,REQ-SIM-00199,-,CUS-00199,FSI-00167,1,FILE_LOCK,pool-2-thread-199,3844992824800,3845268498900,false,
TXN-FILE_LOCK-00318,REQ-SIM-00318,-,CUS-00318,FSI-00167,1,FILE_LOCK,pool-2-thread-318,3844995136700,3845268543800,false,
TXN-FILE_LOCK-00363,REQ-SIM-00363,-,CUS-00363,FSI-00167,1,FILE_LOCK,pool-2-thread-363,3844996060500,3845268595100,false,
TXN-FILE_LOCK-00543,REQ-SIM-00543,-,CUS-00543,FSI-00167,1,FILE_LOCK,pool-2-thread-543,3845000263600,3845268629700,false,
TXN-FILE_LOCK-00513,REQ-SIM-00513,-,CUS-00513,FSI-00167,1,FILE_LOCK,pool-2-thread-513,3844999418100,3845268621000,false,
TXN-FILE_LOCK-00531,REQ-SIM-00531,-,CUS-00531,FSI-00167,1,FILE_LOCK,pool-2-thread-531,3844999996000,3845268669000,false,
TXN-FILE_LOCK-00412,REQ-SIM-00412,-,CUS-00412,FSI-00167,1,FILE_LOCK,pool-2-thread-412,3844996984800,3845268735500,false,
TXN-FILE_LOCK-00549,REQ-SIM-00549,-,CUS-00549,FSI-00167,1,FILE_LOCK,pool-2-thread-549,3845000374000,3845268785400,false,
TXN-FILE_LOCK-00537,REQ-SIM-00537,-,CUS-00537,FSI-00167,1,FILE_LOCK,pool-2-thread-537,3845000117500,3845268846800,false,
TXN-FILE_LOCK-00542,REQ-SIM-00542,-,CUS-00542,FSI-00167,1,FILE_LOCK,pool-2-thread-542,3845000249300,3845268894800,false,
TXN-FILE_LOCK-00555,REQ-SIM-00555,-,CUS-00555,FSI-00167,1,FILE_LOCK,pool-2-thread-555,3845000589300,3845268951400,false,
TXN-FILE_LOCK-00554,REQ-SIM-00554,-,CUS-00554,FSI-00167,1,FILE_LOCK,pool-2-thread-554,3845000577000,3845268995500,false,
TXN-FILE_LOCK-00536,REQ-SIM-00536,-,CUS-00536,FSI-00167,1,FILE_LOCK,pool-2-thread-536,3845000105600,3845269076200,false,
TXN-FILE_LOCK-00420,REQ-SIM-00420,-,CUS-00420,FSI-00167,1,FILE_LOCK,pool-2-thread-420,3844997150100,3845269092900,false,
TXN-FILE_LOCK-00313,REQ-SIM-00313,-,CUS-00313,FSI-00167,1,FILE_LOCK,pool-2-thread-313,3844995035700,3845269118500,false,
TXN-FILE_LOCK-00329,REQ-SIM-00329,-,CUS-00329,FSI-00167,1,FILE_LOCK,pool-2-thread-329,3844995332200,3845269183000,false,
TXN-FILE_LOCK-00198,REQ-SIM-00198,-,CUS-00198,FSI-00167,1,FILE_LOCK,pool-2-thread-198,3844992810700,3845269185800,false,
TXN-FILE_LOCK-00560,REQ-SIM-00560,-,CUS-00560,FSI-00167,1,FILE_LOCK,pool-2-thread-560,3845000706300,3845269205900,false,
TXN-FILE_LOCK-00275,REQ-SIM-00275,-,CUS-00275,FSI-00167,1,FILE_LOCK,pool-2-thread-275,3844994312700,3845269223000,false,
TXN-FILE_LOCK-00323,REQ-SIM-00323,-,CUS-00323,FSI-00167,1,FILE_LOCK,pool-2-thread-323,3844995207700,3845269257800,false,
TXN-FILE_LOCK-00579,REQ-SIM-00579,-,CUS-00579,FSI-00167,1,FILE_LOCK,pool-2-thread-579,3845001135300,3845269262600,false,
TXN-FILE_LOCK-00316,REQ-SIM-00316,-,CUS-00316,FSI-00167,1,FILE_LOCK,pool-2-thread-316,3844995079900,3845269329100,false,
TXN-FILE_LOCK-00195,REQ-SIM-00195,-,CUS-00195,FSI-00167,1,FILE_LOCK,pool-2-thread-195,3844992757200,3845269339300,false,
TXN-FILE_LOCK-00352,REQ-SIM-00352,-,CUS-00352,FSI-00167,1,FILE_LOCK,pool-2-thread-352,3844995859100,3845269360500,false,
TXN-FILE_LOCK-00341,REQ-SIM-00341,-,CUS-00341,FSI-00167,1,FILE_LOCK,pool-2-thread-341,3844995580600,3845269386600,false,
TXN-FILE_LOCK-00353,REQ-SIM-00353,-,CUS-00353,FSI-00167,1,FILE_LOCK,pool-2-thread-353,3844995905200,3845269452000,false,
TXN-FILE_LOCK-00331,REQ-SIM-00331,-,CUS-00331,FSI-00167,1,FILE_LOCK,pool-2-thread-331,3844995380500,3845269467900,false,
TXN-FILE_LOCK-00330,REQ-SIM-00330,-,CUS-00330,FSI-00167,1,FILE_LOCK,pool-2-thread-330,3844995345400,3845269464900,false,
TXN-FILE_LOCK-00585,REQ-SIM-00585,-,CUS-00585,FSI-00167,1,FILE_LOCK,pool-2-thread-585,3845001293800,3845269507500,false,
TXN-FILE_LOCK-00193,REQ-SIM-00193,-,CUS-00193,FSI-00167,1,FILE_LOCK,pool-2-thread-193,3844992718600,3845269527200,false,
TXN-FILE_LOCK-00358,REQ-SIM-00358,-,CUS-00358,FSI-00167,1,FILE_LOCK,pool-2-thread-358,3844995971400,3845269542900,false,
TXN-FILE_LOCK-00322,REQ-SIM-00322,-,CUS-00322,FSI-00167,1,FILE_LOCK,pool-2-thread-322,3844995188500,3845269557200,false,
TXN-FILE_LOCK-00597,REQ-SIM-00597,-,CUS-00597,FSI-00167,1,FILE_LOCK,pool-2-thread-597,3845001501100,3845269566200,false,
TXN-FILE_LOCK-00603,REQ-SIM-00603,-,CUS-00603,FSI-00167,1,FILE_LOCK,pool-2-thread-603,3845001627500,3845269620500,false,
TXN-FILE_LOCK-00572,REQ-SIM-00572,-,CUS-00572,FSI-00167,1,FILE_LOCK,pool-2-thread-572,3845000955000,3845269646300,false,
TXN-FILE_LOCK-00528,REQ-SIM-00528,-,CUS-00528,FSI-00167,1,FILE_LOCK,pool-2-thread-528,3844999880100,3845269668000,false,
TXN-FILE_LOCK-00349,REQ-SIM-00349,-,CUS-00349,FSI-00167,1,FILE_LOCK,pool-2-thread-349,3844995785200,3845269755400,false,
TXN-FILE_LOCK-00264,REQ-SIM-00264,SIM-FILE_LOCK-00264,CUS-00264,FSI-00167,1,FILE_LOCK,pool-2-thread-264,3844994094800,3845269780400,true,
TXN-FILE_LOCK-00389,REQ-SIM-00389,-,CUS-00389,FSI-00167,1,FILE_LOCK,pool-2-thread-389,3844996563900,3845269807800,false,
TXN-FILE_LOCK-00364,REQ-SIM-00364,-,CUS-00364,FSI-00167,1,FILE_LOCK,pool-2-thread-364,3844996076200,3845269894700,false,
TXN-FILE_LOCK-00500,REQ-SIM-00500,-,CUS-00500,FSI-00167,1,FILE_LOCK,pool-2-thread-500,3844999127200,3845269905800,false,
TXN-FILE_LOCK-00577,REQ-SIM-00577,-,CUS-00577,FSI-00167,1,FILE_LOCK,pool-2-thread-577,3845001109000,3845269925500,false,
TXN-FILE_LOCK-00370,REQ-SIM-00370,-,CUS-00370,FSI-00167,1,FILE_LOCK,pool-2-thread-370,3844996215200,3845269935000,false,
TXN-FILE_LOCK-00591,REQ-SIM-00591,-,CUS-00591,FSI-00167,1,FILE_LOCK,pool-2-thread-591,3845001418300,3845269967800,false,
TXN-FILE_LOCK-00211,REQ-SIM-00211,-,CUS-00211,FSI-00167,1,FILE_LOCK,pool-2-thread-211,3844993079000,3845269990300,false,
TXN-FILE_LOCK-00584,REQ-SIM-00584,-,CUS-00584,FSI-00167,1,FILE_LOCK,pool-2-thread-584,3845001279900,3845270035100,false,
TXN-FILE_LOCK-00596,REQ-SIM-00596,-,CUS-00596,FSI-00167,1,FILE_LOCK,pool-2-thread-596,3845001489500,3845270050500,false,
TXN-FILE_LOCK-00223,REQ-SIM-00223,-,CUS-00223,FSI-00167,1,FILE_LOCK,pool-2-thread-223,3844993249500,3845270057200,false,
TXN-FILE_LOCK-00245,REQ-SIM-00245,-,CUS-00245,FSI-00167,1,FILE_LOCK,pool-2-thread-245,3844993727100,3845270077400,false,
TXN-FILE_LOCK-00190,REQ-SIM-00190,-,CUS-00190,FSI-00167,1,FILE_LOCK,pool-2-thread-190,3844992665000,3845270092400,false,
TXN-FILE_LOCK-00342,REQ-SIM-00342,-,CUS-00342,FSI-00167,1,FILE_LOCK,pool-2-thread-342,3844995565600,3845270114300,false,
TXN-FILE_LOCK-00535,REQ-SIM-00535,-,CUS-00535,FSI-00167,1,FILE_LOCK,pool-2-thread-535,3845000093900,3845270130000,false,
TXN-FILE_LOCK-00236,REQ-SIM-00236,-,CUS-00236,FSI-00167,1,FILE_LOCK,pool-2-thread-236,3844993572000,3845270157700,false,
TXN-FILE_LOCK-00254,REQ-SIM-00254,-,CUS-00254,FSI-00167,1,FILE_LOCK,pool-2-thread-254,3844993898500,3845270168000,false,
TXN-FILE_LOCK-00529,REQ-SIM-00529,-,CUS-00529,FSI-00167,1,FILE_LOCK,pool-2-thread-529,3844999944000,3845270193800,false,
TXN-FILE_LOCK-00556,REQ-SIM-00556,-,CUS-00556,FSI-00167,1,FILE_LOCK,pool-2-thread-556,3845000648800,3845270218800,false,
TXN-FILE_LOCK-00216,REQ-SIM-00216,-,CUS-00216,FSI-00167,1,FILE_LOCK,pool-2-thread-216,3844993145600,3845270240100,false,
TXN-FILE_LOCK-00231,REQ-SIM-00231,-,CUS-00231,FSI-00167,1,FILE_LOCK,pool-2-thread-231,3844993454500,3845270263900,false,
TXN-FILE_LOCK-00526,REQ-SIM-00526,-,CUS-00526,FSI-00167,1,FILE_LOCK,pool-2-thread-526,3844999847900,3845270306200,false,
TXN-FILE_LOCK-00538,REQ-SIM-00538,-,CUS-00538,FSI-00167,1,FILE_LOCK,pool-2-thread-538,3845000134100,3845270311900,false,
TXN-FILE_LOCK-00210,REQ-SIM-00210,-,CUS-00210,FSI-00167,1,FILE_LOCK,pool-2-thread-210,3844993053700,3845270331600,false,
TXN-FILE_LOCK-00235,REQ-SIM-00235,-,CUS-00235,FSI-00167,1,FILE_LOCK,pool-2-thread-235,3844993548100,3845270347700,false,
TXN-FILE_LOCK-00243,REQ-SIM-00243,-,CUS-00243,FSI-00167,1,FILE_LOCK,pool-2-thread-243,3844993688800,3845270378000,false,
TXN-FILE_LOCK-00237,REQ-SIM-00237,-,CUS-00237,FSI-00167,1,FILE_LOCK,pool-2-thread-237,3844993591200,3845270387100,false,
TXN-FILE_LOCK-00217,REQ-SIM-00217,-,CUS-00217,FSI-00167,1,FILE_LOCK,pool-2-thread-217,3844993162000,3845270419200,false,
TXN-FILE_LOCK-00241,REQ-SIM-00241,-,CUS-00241,FSI-00167,1,FILE_LOCK,pool-2-thread-241,3844993658400,3845270445500,false,
TXN-FILE_LOCK-00388,REQ-SIM-00388,-,CUS-00388,FSI-00167,1,FILE_LOCK,pool-2-thread-388,3844996543600,3845270471400,false,
TXN-FILE_LOCK-00261,REQ-SIM-00261,-,CUS-00261,FSI-00167,1,FILE_LOCK,pool-2-thread-261,3844994031800,3845270485200,false,
TXN-FILE_LOCK-00354,REQ-SIM-00354,-,CUS-00354,FSI-00167,1,FILE_LOCK,pool-2-thread-354,3844995918200,3845270500300,false,
TXN-FILE_LOCK-00284,REQ-SIM-00284,-,CUS-00284,FSI-00167,1,FILE_LOCK,pool-2-thread-284,3844994459600,3845270526500,false,
TXN-FILE_LOCK-00229,REQ-SIM-00229,-,CUS-00229,FSI-00167,1,FILE_LOCK,pool-2-thread-229,3844993414400,3845270548100,false,
TXN-FILE_LOCK-00278,REQ-SIM-00278,-,CUS-00278,FSI-00167,1,FILE_LOCK,pool-2-thread-278,3844994364900,3845270557000,false,
TXN-FILE_LOCK-00335,REQ-SIM-00335,-,CUS-00335,FSI-00167,1,FILE_LOCK,pool-2-thread-335,3844995451400,3845270600400,false,
TXN-FILE_LOCK-00311,REQ-SIM-00311,-,CUS-00311,FSI-00167,1,FILE_LOCK,pool-2-thread-311,3844994997500,3845270600400,false,
TXN-FILE_LOCK-00347,REQ-SIM-00347,-,CUS-00347,FSI-00167,1,FILE_LOCK,pool-2-thread-347,3844995744700,3845270622100,false,
TXN-FILE_LOCK-00279,REQ-SIM-00279,-,CUS-00279,FSI-00167,1,FILE_LOCK,pool-2-thread-279,3844994380200,3845270638600,false,
TXN-FILE_LOCK-00569,REQ-SIM-00569,-,CUS-00569,FSI-00167,1,FILE_LOCK,pool-2-thread-569,3845000911700,3845270637000,false,
TXN-FILE_LOCK-00409,REQ-SIM-00409,-,CUS-00409,FSI-00167,1,FILE_LOCK,pool-2-thread-409,3844996923300,3845270655400,false,
TXN-FILE_LOCK-00252,REQ-SIM-00252,-,CUS-00252,FSI-00167,1,FILE_LOCK,pool-2-thread-252,3844993872900,3845270672600,false,
TXN-FILE_LOCK-00605,REQ-SIM-00605,-,CUS-00605,FSI-00167,1,FILE_LOCK,pool-2-thread-605,3845001692600,3845270713000,false,
TXN-FILE_LOCK-00580,REQ-SIM-00580,-,CUS-00580,FSI-00167,1,FILE_LOCK,pool-2-thread-580,3845001184400,3845270708900,false,
TXN-FILE_LOCK-00234,REQ-SIM-00234,-,CUS-00234,FSI-00167,1,FILE_LOCK,pool-2-thread-234,3844993532300,3845270732700,false,
TXN-FILE_LOCK-00321,REQ-SIM-00321,-,CUS-00321,FSI-00167,1,FILE_LOCK,pool-2-thread-321,3844995171700,3845270755100,false,
TXN-FILE_LOCK-00271,REQ-SIM-00271,-,CUS-00271,FSI-00167,1,FILE_LOCK,pool-2-thread-271,3844994252900,3845270776900,false,
TXN-FILE_LOCK-00390,REQ-SIM-00390,-,CUS-00390,FSI-00167,1,FILE_LOCK,pool-2-thread-390,3844996577500,3845270799500,false,
TXN-FILE_LOCK-00396,REQ-SIM-00396,-,CUS-00396,FSI-00167,1,FILE_LOCK,pool-2-thread-396,3844996656200,3845270817000,false,
TXN-FILE_LOCK-00327,REQ-SIM-00327,-,CUS-00327,FSI-00167,1,FILE_LOCK,pool-2-thread-327,3844995300000,3845270842000,false,
TXN-FILE_LOCK-00426,REQ-SIM-00426,-,CUS-00426,FSI-00167,1,FILE_LOCK,pool-2-thread-426,3844997341200,3845270864900,false,
TXN-FILE_LOCK-00273,REQ-SIM-00273,-,CUS-00273,FSI-00167,1,FILE_LOCK,pool-2-thread-273,3844994284600,3845270875600,false,
TXN-FILE_LOCK-00253,REQ-SIM-00253,-,CUS-00253,FSI-00167,1,FILE_LOCK,pool-2-thread-253,3844993886600,3845270893300,false,
TXN-FILE_LOCK-00338,REQ-SIM-00338,-,CUS-00338,FSI-00167,1,FILE_LOCK,pool-2-thread-338,3844995525400,3845270916200,false,
TXN-FILE_LOCK-00502,REQ-SIM-00502,-,CUS-00502,FSI-00167,1,FILE_LOCK,pool-2-thread-502,3844999155900,3845270939200,false,
TXN-FILE_LOCK-00595,REQ-SIM-00595,-,CUS-00595,FSI-00167,1,FILE_LOCK,pool-2-thread-595,3845001478900,3845270949000,false,
TXN-FILE_LOCK-00438,REQ-SIM-00438,-,CUS-00438,FSI-00167,1,FILE_LOCK,pool-2-thread-438,3844997573300,3845271011200,false,
TXN-FILE_LOCK-00432,REQ-SIM-00432,-,CUS-00432,FSI-00167,1,FILE_LOCK,pool-2-thread-432,3844997447200,3845271019200,false,
TXN-FILE_LOCK-00402,REQ-SIM-00402,-,CUS-00402,FSI-00167,1,FILE_LOCK,pool-2-thread-402,3844996777900,3845271039000,false,
TXN-FILE_LOCK-00534,REQ-SIM-00534,-,CUS-00534,FSI-00167,1,FILE_LOCK,pool-2-thread-534,3845000081700,3845271050500,false,
TXN-FILE_LOCK-00444,REQ-SIM-00444,-,CUS-00444,FSI-00167,1,FILE_LOCK,pool-2-thread-444,3844997681800,3845271047200,false,
TXN-FILE_LOCK-00462,REQ-SIM-00462,-,CUS-00462,FSI-00167,1,FILE_LOCK,pool-2-thread-462,3844998150400,3845271075400,false,
TXN-FILE_LOCK-00450,REQ-SIM-00450,-,CUS-00450,FSI-00167,1,FILE_LOCK,pool-2-thread-450,3844997850200,3845271097200,false,
TXN-FILE_LOCK-00565,REQ-SIM-00565,-,CUS-00565,FSI-00167,1,FILE_LOCK,pool-2-thread-565,3845000814300,3845271117000,false,
TXN-FILE_LOCK-00445,REQ-SIM-00445,-,CUS-00445,FSI-00167,1,FILE_LOCK,pool-2-thread-445,3844997761800,3845271136300,false,
TXN-FILE_LOCK-00288,REQ-SIM-00288,-,CUS-00288,FSI-00167,1,FILE_LOCK,pool-2-thread-288,3844994525100,3845271152500,false,
TXN-FILE_LOCK-00325,REQ-SIM-00325,-,CUS-00325,FSI-00167,1,FILE_LOCK,pool-2-thread-325,3844995238200,3845271220800,false,
TXN-FILE_LOCK-00367,REQ-SIM-00367,-,CUS-00367,FSI-00167,1,FILE_LOCK,pool-2-thread-367,3844996163400,3845271225700,false,
TXN-FILE_LOCK-00351,REQ-SIM-00351,SIM-FILE_LOCK-00351,CUS-00351,FSI-00167,1,FILE_LOCK,pool-2-thread-351,3844995841300,3845271232300,true,
TXN-FILE_LOCK-00326,REQ-SIM-00326,SIM-FILE_LOCK-00326,CUS-00326,FSI-00167,1,FILE_LOCK,pool-2-thread-326,3844995252000,3845271540100,true,
TXN-FILE_LOCK-00339,REQ-SIM-00339,SIM-FILE_LOCK-00339,CUS-00339,FSI-00167,1,FILE_LOCK,pool-2-thread-339,3844995534300,3845273096700,true,
TXN-FILE_LOCK-00368,REQ-SIM-00368,SIM-FILE_LOCK-00368,CUS-00368,FSI-00167,1,FILE_LOCK,pool-2-thread-368,3844996176200,3845275007200,true,
TXN-FILE_LOCK-00392,REQ-SIM-00392,SIM-FILE_LOCK-00392,CUS-00392,FSI-00167,1,FILE_LOCK,pool-2-thread-392,3844996599500,3845276726000,true,
TXN-FILE_LOCK-00920,REQ-SIM-00920,-,CUS-00920,FSI-00167,1,FILE_LOCK,pool-2-thread-920,3845008399300,3845277885000,false,
TXN-FILE_LOCK-00613,REQ-SIM-00613,-,CUS-00613,FSI-00167,1,FILE_LOCK,pool-2-thread-613,3845001812400,3845277919000,false,
TXN-FILE_LOCK-00405,REQ-SIM-00405,SIM-FILE_LOCK-00405,CUS-00405,FSI-00167,1,FILE_LOCK,pool-2-thread-405,3844996858500,3845278263700,true,
TXN-FILE_LOCK-00604,REQ-SIM-00604,-,CUS-00604,FSI-00167,1,FILE_LOCK,pool-2-thread-604,3845001640400,3845278335400,false,
TXN-FILE_LOCK-00611,REQ-SIM-00611,-,CUS-00611,FSI-00167,1,FILE_LOCK,pool-2-thread-611,3845001780200,3845278531600,false,
TXN-FILE_LOCK-00609,REQ-SIM-00609,-,CUS-00609,FSI-00167,1,FILE_LOCK,pool-2-thread-609,3845001745300,3845279401300,false,
TXN-FILE_LOCK-00608,REQ-SIM-00608,-,CUS-00608,FSI-00167,1,FILE_LOCK,pool-2-thread-608,3845001731900,3845279432100,false,
TXN-FILE_LOCK-00411,REQ-SIM-00411,SIM-FILE_LOCK-00411,CUS-00411,FSI-00167,1,FILE_LOCK,pool-2-thread-411,3844996966200,3845279749400,true,
TXN-FILE_LOCK-00240,REQ-SIM-00240,SIM-FILE_LOCK-00240,CUS-00240,FSI-00167,1,FILE_LOCK,pool-2-thread-240,3844993639800,3845281462200,true,
TXN-FILE_LOCK-00398,REQ-SIM-00398,SIM-FILE_LOCK-00398,CUS-00398,FSI-00167,1,FILE_LOCK,pool-2-thread-398,3844996703300,3845283052800,true,
TXN-FILE_LOCK-00410,REQ-SIM-00410,SIM-FILE_LOCK-00410,CUS-00410,FSI-00167,1,FILE_LOCK,pool-2-thread-410,3844996937700,3845284754000,true,
TXN-FILE_LOCK-00281,REQ-SIM-00281,SIM-FILE_LOCK-00281,CUS-00281,FSI-00167,1,FILE_LOCK,pool-2-thread-281,3844994410900,3845286259200,true,
TXN-FILE_LOCK-00310,REQ-SIM-00310,SIM-FILE_LOCK-00310,CUS-00310,FSI-00167,1,FILE_LOCK,pool-2-thread-310,3844994980900,3845288029800,true,
TXN-FILE_LOCK-00282,REQ-SIM-00282,SIM-FILE_LOCK-00282,CUS-00282,FSI-00167,1,FILE_LOCK,pool-2-thread-282,3844994427900,3845289574000,true,
TXN-FILE_LOCK-00270,REQ-SIM-00270,SIM-FILE_LOCK-00270,CUS-00270,FSI-00167,1,FILE_LOCK,pool-2-thread-270,3844994231900,3845291108900,true,
TXN-FILE_LOCK-00283,REQ-SIM-00283,SIM-FILE_LOCK-00283,CUS-00283,FSI-00167,1,FILE_LOCK,pool-2-thread-283,3844994443000,3845292656000,true,
TXN-FILE_LOCK-00295,REQ-SIM-00295,SIM-FILE_LOCK-00295,CUS-00295,FSI-00167,1,FILE_LOCK,pool-2-thread-295,3844994668300,3845293699700,true,
TXN-FILE_LOCK-00291,REQ-SIM-00291,SIM-FILE_LOCK-00291,CUS-00291,FSI-00167,1,FILE_LOCK,pool-2-thread-291,3844994596200,3845294830000,true,
TXN-FILE_LOCK-00302,REQ-SIM-00302,SIM-FILE_LOCK-00302,CUS-00302,FSI-00167,1,FILE_LOCK,pool-2-thread-302,3844994838100,3845295856000,true,
TXN-FILE_LOCK-00615,REQ-SIM-00615,-,CUS-00615,FSI-00167,1,FILE_LOCK,pool-2-thread-615,3845001844100,3845296596300,false,
TXN-FILE_LOCK-00509,REQ-SIM-00509,SIM-FILE_LOCK-00509,CUS-00509,FSI-00167,1,FILE_LOCK,pool-2-thread-509,3844999447500,3845297257200,true,
TXN-FILE_LOCK-00614,REQ-SIM-00614,-,CUS-00614,FSI-00167,1,FILE_LOCK,pool-2-thread-614,3845001832700,3845298329100,false,
TXN-FILE_LOCK-00612,REQ-SIM-00612,-,CUS-00612,FSI-00167,1,FILE_LOCK,pool-2-thread-612,3845001792700,3845298771000,false,
TXN-FILE_LOCK-00263,REQ-SIM-00263,SIM-FILE_LOCK-00263,CUS-00263,FSI-00167,1,FILE_LOCK,pool-2-thread-263,3844994070700,3845298781000,true,
TXN-FILE_LOCK-00606,REQ-SIM-00606,-,CUS-00606,FSI-00167,1,FILE_LOCK,pool-2-thread-606,3845001706800,3845298806200,false,
TXN-FILE_LOCK-00299,REQ-SIM-00299,SIM-FILE_LOCK-00299,CUS-00299,FSI-00167,1,FILE_LOCK,pool-2-thread-299,3844994791400,3845300443500,true,
TXN-FILE_LOCK-00494,REQ-SIM-00494,SIM-FILE_LOCK-00494,CUS-00494,FSI-00167,1,FILE_LOCK,pool-2-thread-494,3844998983700,3845301529000,true,
TXN-FILE_LOCK-00301,REQ-SIM-00301,SIM-FILE_LOCK-00301,CUS-00301,FSI-00167,1,FILE_LOCK,pool-2-thread-301,3844994822400,3845303071200,true,
TXN-FILE_LOCK-00292,REQ-SIM-00292,SIM-FILE_LOCK-00292,CUS-00292,FSI-00167,1,FILE_LOCK,pool-2-thread-292,3844994623200,3845304671300,true,
TXN-FILE_LOCK-00482,REQ-SIM-00482,SIM-FILE_LOCK-00482,CUS-00482,FSI-00167,1,FILE_LOCK,pool-2-thread-482,3844998567100,3845305678600,true,
TXN-FILE_LOCK-00272,REQ-SIM-00272,SIM-FILE_LOCK-00272,CUS-00272,FSI-00167,1,FILE_LOCK,pool-2-thread-272,3844994268100,3845306701000,true,
TXN-FILE_LOCK-00300,REQ-SIM-00300,SIM-FILE_LOCK-00300,CUS-00300,FSI-00167,1,FILE_LOCK,pool-2-thread-300,3844994805400,3845307852400,true,
TXN-FILE_LOCK-00312,REQ-SIM-00312,SIM-FILE_LOCK-00312,CUS-00312,FSI-00167,1,FILE_LOCK,pool-2-thread-312,3844995011900,3845309329800,true,
TXN-FILE_LOCK-00307,REQ-SIM-00307,SIM-FILE_LOCK-00307,CUS-00307,FSI-00167,1,FILE_LOCK,pool-2-thread-307,3844994939800,3845310387900,true,
TXN-FILE_LOCK-00319,REQ-SIM-00319,SIM-FILE_LOCK-00319,CUS-00319,FSI-00167,1,FILE_LOCK,pool-2-thread-319,3844995132700,3845311975500,true,
TXN-FILE_LOCK-00186,REQ-SIM-00186,SIM-FILE_LOCK-00186,CUS-00186,FSI-00167,1,FILE_LOCK,pool-2-thread-186,3844992564400,3845313253800,true,
TXN-FILE_LOCK-00861,REQ-SIM-00861,-,CUS-00861,FSI-00167,1,FILE_LOCK,pool-2-thread-861,3845007214400,3845314217600,false,
TXN-FILE_LOCK-00627,REQ-SIM-00627,-,CUS-00627,FSI-00167,1,FILE_LOCK,pool-2-thread-627,3845002085800,3845314266300,false,
TXN-FILE_LOCK-00684,REQ-SIM-00684,-,CUS-00684,FSI-00167,1,FILE_LOCK,pool-2-thread-684,3845003398300,3845314318800,false,
TXN-FILE_LOCK-00669,REQ-SIM-00669,-,CUS-00669,FSI-00167,1,FILE_LOCK,pool-2-thread-669,3845002973700,3845314403600,false,
TXN-FILE_LOCK-00768,REQ-SIM-00768,-,CUS-00768,FSI-00167,1,FILE_LOCK,pool-2-thread-768,3845005123200,3845314422500,false,
TXN-FILE_LOCK-00757,REQ-SIM-00757,-,CUS-00757,FSI-00167,1,FILE_LOCK,pool-2-thread-757,3845004901500,3845314435900,false,
TXN-FILE_LOCK-00774,REQ-SIM-00774,-,CUS-00774,FSI-00167,1,FILE_LOCK,pool-2-thread-774,3845005197400,3845314513000,false,
TXN-FILE_LOCK-00626,REQ-SIM-00626,-,CUS-00626,FSI-00167,1,FILE_LOCK,pool-2-thread-626,3845002073200,3845314618200,false,
TXN-FILE_LOCK-00930,REQ-SIM-00930,-,CUS-00930,FSI-00167,1,FILE_LOCK,pool-2-thread-930,3845008602000,3845314857100,false,
TXN-FILE_LOCK-00697,REQ-SIM-00697,-,CUS-00697,FSI-00167,1,FILE_LOCK,pool-2-thread-697,3845003655100,3845315199200,false,
TXN-FILE_LOCK-00621,REQ-SIM-00621,-,CUS-00621,FSI-00167,1,FILE_LOCK,pool-2-thread-621,3845001956600,3845315200800,false,
TXN-FILE_LOCK-00978,REQ-SIM-00978,-,CUS-00978,FSI-00167,1,FILE_LOCK,pool-2-thread-978,3845009570100,3845315401800,false,
TXN-FILE_LOCK-00913,REQ-SIM-00913,-,CUS-00913,FSI-00167,1,FILE_LOCK,pool-2-thread-913,3845008248700,3845315436400,false,
TXN-FILE_LOCK-00936,REQ-SIM-00936,-,CUS-00936,FSI-00167,1,FILE_LOCK,pool-2-thread-936,3845008748000,3845315540800,false,
TXN-FILE_LOCK-00729,REQ-SIM-00729,-,CUS-00729,FSI-00167,1,FILE_LOCK,pool-2-thread-729,3845004320000,3845315547500,false,
TXN-FILE_LOCK-00894,REQ-SIM-00894,-,CUS-00894,FSI-00167,1,FILE_LOCK,pool-2-thread-894,3845007908400,3845315553200,false,
TXN-FILE_LOCK-00900,REQ-SIM-00900,-,CUS-00900,FSI-00167,1,FILE_LOCK,pool-2-thread-900,3845008023400,3845315559800,false,
TXN-FILE_LOCK-00954,REQ-SIM-00954,-,CUS-00954,FSI-00167,1,FILE_LOCK,pool-2-thread-954,3845009056300,3845315538300,false,
TXN-FILE_LOCK-00548,REQ-SIM-00548,SIM-FILE_LOCK-00548,CUS-00548,FSI-00167,1,FILE_LOCK,pool-2-thread-548,3845000361400,3845315618500,true,
TXN-FILE_LOCK-00716,REQ-SIM-00716,-,CUS-00716,FSI-00167,1,FILE_LOCK,pool-2-thread-716,3845004022000,3845315649700,false,
TXN-FILE_LOCK-00675,REQ-SIM-00675,-,CUS-00675,FSI-00167,1,FILE_LOCK,pool-2-thread-675,3845003112200,3845315706300,false,
TXN-FILE_LOCK-00693,REQ-SIM-00693,-,CUS-00693,FSI-00167,1,FILE_LOCK,pool-2-thread-693,3845003584700,3845315730900,false,
TXN-FILE_LOCK-00668,REQ-SIM-00668,-,CUS-00668,FSI-00167,1,FILE_LOCK,pool-2-thread-668,3845002963300,3845315756500,false,
TXN-FILE_LOCK-00931,REQ-SIM-00931,-,CUS-00931,FSI-00167,1,FILE_LOCK,pool-2-thread-931,3845008649900,3845315774100,false,
TXN-FILE_LOCK-00657,REQ-SIM-00657,-,CUS-00657,FSI-00167,1,FILE_LOCK,pool-2-thread-657,3845002730900,3845315807100,false,
TXN-FILE_LOCK-00715,REQ-SIM-00715,-,CUS-00715,FSI-00167,1,FILE_LOCK,pool-2-thread-715,3845004011400,3845315832400,false,
TXN-FILE_LOCK-00710,REQ-SIM-00710,-,CUS-00710,FSI-00167,1,FILE_LOCK,pool-2-thread-710,3845003919700,3845315861700,false,
TXN-FILE_LOCK-00663,REQ-SIM-00663,-,CUS-00663,FSI-00167,1,FILE_LOCK,pool-2-thread-663,3845002873700,3845315934200,false,
TXN-FILE_LOCK-00991,REQ-SIM-00991,-,CUS-00991,FSI-00167,1,FILE_LOCK,pool-2-thread-991,3845009794000,3845315980600,false,
TXN-FILE_LOCK-00644,REQ-SIM-00644,-,CUS-00644,FSI-00167,1,FILE_LOCK,pool-2-thread-644,3845002490700,3845316003000,false,
TXN-FILE_LOCK-00717,REQ-SIM-00717,-,CUS-00717,FSI-00167,1,FILE_LOCK,pool-2-thread-717,3845004036100,3845316026400,false,
TXN-FILE_LOCK-00739,REQ-SIM-00739,-,CUS-00739,FSI-00167,1,FILE_LOCK,pool-2-thread-739,3845004564100,3845316071400,false,
TXN-FILE_LOCK-00997,REQ-SIM-00997,-,CUS-00997,FSI-00167,1,FILE_LOCK,pool-2-thread-997,3845009925600,3845316031200,false,
TXN-FILE_LOCK-00766,REQ-SIM-00766,-,CUS-00766,FSI-00167,1,FILE_LOCK,pool-2-thread-766,3845005054000,3845316105800,false,
TXN-FILE_LOCK-00775,REQ-SIM-00775,-,CUS-00775,FSI-00167,1,FILE_LOCK,pool-2-thread-775,3845005245900,3845316187700,false,
TXN-FILE_LOCK-00937,REQ-SIM-00937,-,CUS-00937,FSI-00167,1,FILE_LOCK,pool-2-thread-937,3845008759700,3845316233700,false,
TXN-FILE_LOCK-00918,REQ-SIM-00918,-,CUS-00918,FSI-00167,1,FILE_LOCK,pool-2-thread-918,3845008371600,3845316331600,false,
TXN-FILE_LOCK-00722,REQ-SIM-00722,-,CUS-00722,FSI-00167,1,FILE_LOCK,pool-2-thread-722,3845004135200,3845316490100,false,
TXN-FILE_LOCK-00996,REQ-SIM-00996,-,CUS-00996,FSI-00167,1,FILE_LOCK,pool-2-thread-996,3845009908400,3845316760800,false,
TXN-FILE_LOCK-00680,REQ-SIM-00680,-,CUS-00680,FSI-00167,1,FILE_LOCK,pool-2-thread-680,3845003278500,3845317084500,false,
TXN-FILE_LOCK-00734,REQ-SIM-00734,-,CUS-00734,FSI-00167,1,FILE_LOCK,pool-2-thread-734,3845004384500,3845317695400,false,
TXN-FILE_LOCK-00705,REQ-SIM-00705,-,CUS-00705,FSI-00167,1,FILE_LOCK,pool-2-thread-705,3845003771100,3845318969200,false,
TXN-FILE_LOCK-00925,REQ-SIM-00925,-,CUS-00925,FSI-00167,1,FILE_LOCK,pool-2-thread-925,3845008502900,3845320089200,false,
TXN-FILE_LOCK-00638,REQ-SIM-00638,-,CUS-00638,FSI-00167,1,FILE_LOCK,pool-2-thread-638,3845002367400,3845320527000,false,
TXN-FILE_LOCK-00744,REQ-SIM-00744,-,CUS-00744,FSI-00167,1,FILE_LOCK,pool-2-thread-744,3845004629900,3845320801500,false,
TXN-FILE_LOCK-00973,REQ-SIM-00973,-,CUS-00973,FSI-00167,1,FILE_LOCK,pool-2-thread-973,3845009480900,3845320969100,false,
TXN-FILE_LOCK-00805,REQ-SIM-00805,-,CUS-00805,FSI-00167,1,FILE_LOCK,pool-2-thread-805,3845005919500,3845321085900,false,
TXN-FILE_LOCK-00810,REQ-SIM-00810,-,CUS-00810,FSI-00167,1,FILE_LOCK,pool-2-thread-810,3845006002000,3845321171200,false,
TXN-FILE_LOCK-00651,REQ-SIM-00651,-,CUS-00651,FSI-00167,1,FILE_LOCK,pool-2-thread-651,3845002627800,3845321267700,false,
TXN-FILE_LOCK-00781,REQ-SIM-00781,-,CUS-00781,FSI-00167,1,FILE_LOCK,pool-2-thread-781,3845005374400,3845321331000,false,
TXN-FILE_LOCK-00645,REQ-SIM-00645,-,CUS-00645,FSI-00167,1,FILE_LOCK,pool-2-thread-645,3845002536800,3845321400400,false,
TXN-FILE_LOCK-00741,REQ-SIM-00741,-,CUS-00741,FSI-00167,1,FILE_LOCK,pool-2-thread-741,3845004591500,3845321425700,false,
TXN-FILE_LOCK-00762,REQ-SIM-00762,-,CUS-00762,FSI-00167,1,FILE_LOCK,pool-2-thread-762,3845004987200,3845321470200,false,
TXN-FILE_LOCK-00708,REQ-SIM-00708,-,CUS-00708,FSI-00167,1,FILE_LOCK,pool-2-thread-708,3845003889600,3845321482200,false,
TXN-FILE_LOCK-00632,REQ-SIM-00632,-,CUS-00632,FSI-00167,1,FILE_LOCK,pool-2-thread-632,3845002241300,3845321526000,false,
TXN-FILE_LOCK-00948,REQ-SIM-00948,-,CUS-00948,FSI-00167,1,FILE_LOCK,pool-2-thread-948,3845008916600,3845321535500,false,
TXN-FILE_LOCK-00650,REQ-SIM-00650,-,CUS-00650,FSI-00167,1,FILE_LOCK,pool-2-thread-650,3845002615400,3845321560500,false,
TXN-FILE_LOCK-00656,REQ-SIM-00656,-,CUS-00656,FSI-00167,1,FILE_LOCK,pool-2-thread-656,3845002706700,3845321590100,false,
TXN-FILE_LOCK-00647,REQ-SIM-00647,-,CUS-00647,FSI-00167,1,FILE_LOCK,pool-2-thread-647,3845002573400,3845321631700,false,
TXN-FILE_LOCK-00658,REQ-SIM-00658,-,CUS-00658,FSI-00167,1,FILE_LOCK,pool-2-thread-658,3845002744900,3845321671100,false,
TXN-FILE_LOCK-00682,REQ-SIM-00682,-,CUS-00682,FSI-00167,1,FILE_LOCK,pool-2-thread-682,3845003339900,3845321692600,false,
TXN-FILE_LOCK-00653,REQ-SIM-00653,-,CUS-00653,FSI-00167,1,FILE_LOCK,pool-2-thread-653,3845002655200,3845321713500,false,
TXN-FILE_LOCK-00904,REQ-SIM-00904,-,CUS-00904,FSI-00167,1,FILE_LOCK,pool-2-thread-904,3845008094500,3845321757500,false,
TXN-FILE_LOCK-00700,REQ-SIM-00700,-,CUS-00700,FSI-00167,1,FILE_LOCK,pool-2-thread-700,3845003703700,3845321764100,false,
TXN-FILE_LOCK-00976,REQ-SIM-00976,-,CUS-00976,FSI-00167,1,FILE_LOCK,pool-2-thread-976,3845009546700,3845321814000,false,
TXN-FILE_LOCK-00619,REQ-SIM-00619,-,CUS-00619,FSI-00167,1,FILE_LOCK,pool-2-thread-619,3845001928200,3845321836900,false,
TXN-FILE_LOCK-00720,REQ-SIM-00720,-,CUS-00720,FSI-00167,1,FILE_LOCK,pool-2-thread-720,3845004110100,3845321860900,false,
TXN-FILE_LOCK-00695,REQ-SIM-00695,-,CUS-00695,FSI-00167,1,FILE_LOCK,pool-2-thread-695,3845003620600,3845321912400,false,
TXN-FILE_LOCK-00746,REQ-SIM-00746,-,CUS-00746,FSI-00167,1,FILE_LOCK,pool-2-thread-746,3845004687200,3845321949700,false,
TXN-FILE_LOCK-00866,REQ-SIM-00866,-,CUS-00866,FSI-00167,1,FILE_LOCK,pool-2-thread-866,3845007327000,3845321964200,false,
TXN-FILE_LOCK-00671,REQ-SIM-00671,-,CUS-00671,FSI-00167,1,FILE_LOCK,pool-2-thread-671,3845003060900,3845322024100,false,
TXN-FILE_LOCK-00830,REQ-SIM-00830,-,CUS-00830,FSI-00167,1,FILE_LOCK,pool-2-thread-830,3845006515200,3845322057800,false,
TXN-FILE_LOCK-00724,REQ-SIM-00724,-,CUS-00724,FSI-00167,1,FILE_LOCK,pool-2-thread-724,3845004168200,3845322130400,false,
TXN-FILE_LOCK-00707,REQ-SIM-00707,-,CUS-00707,FSI-00167,1,FILE_LOCK,pool-2-thread-707,3845003877400,3845322154900,false,
TXN-FILE_LOCK-00791,REQ-SIM-00791,-,CUS-00791,FSI-00167,1,FILE_LOCK,pool-2-thread-791,3845005532800,3845322190500,false,
TXN-FILE_LOCK-00798,REQ-SIM-00798,-,CUS-00798,FSI-00167,1,FILE_LOCK,pool-2-thread-798,3845005768400,3845322224500,false,
TXN-FILE_LOCK-00897,REQ-SIM-00897,-,CUS-00897,FSI-00167,1,FILE_LOCK,pool-2-thread-897,3845007982200,3845322267300,false,
TXN-FILE_LOCK-00923,REQ-SIM-00923,-,CUS-00923,FSI-00167,1,FILE_LOCK,pool-2-thread-923,3845008452600,3845322294700,false,
TXN-FILE_LOCK-00755,REQ-SIM-00755,-,CUS-00755,FSI-00167,1,FILE_LOCK,pool-2-thread-755,3845004869000,3845322307600,false,
TXN-FILE_LOCK-00666,REQ-SIM-00666,-,CUS-00666,FSI-00167,1,FILE_LOCK,pool-2-thread-666,3845002935400,3845322350800,false,
TXN-FILE_LOCK-00949,REQ-SIM-00949,-,CUS-00949,FSI-00167,1,FILE_LOCK,pool-2-thread-949,3845008930200,3845322398500,false,
TXN-FILE_LOCK-00852,REQ-SIM-00852,-,CUS-00852,FSI-00167,1,FILE_LOCK,pool-2-thread-852,3845006973500,3845322430500,false,
TXN-FILE_LOCK-00659,REQ-SIM-00659,-,CUS-00659,FSI-00167,1,FILE_LOCK,pool-2-thread-659,3845002777400,3845322459800,false,
TXN-FILE_LOCK-00827,REQ-SIM-00827,-,CUS-00827,FSI-00167,1,FILE_LOCK,pool-2-thread-827,3845006450700,3845322507500,false,
TXN-FILE_LOCK-00941,REQ-SIM-00941,-,CUS-00941,FSI-00167,1,FILE_LOCK,pool-2-thread-941,3845008813700,3845322554100,false,
TXN-FILE_LOCK-00914,REQ-SIM-00914,-,CUS-00914,FSI-00167,1,FILE_LOCK,pool-2-thread-914,3845008260900,3845322557600,false,
TXN-FILE_LOCK-00306,REQ-SIM-00306,SIM-FILE_LOCK-00306,CUS-00306,FSI-00167,1,FILE_LOCK,pool-2-thread-306,3844994923400,3845322705500,true,
TXN-FILE_LOCK-00743,REQ-SIM-00743,-,CUS-00743,FSI-00167,1,FILE_LOCK,pool-2-thread-743,3845004617100,3845322691300,false,
TXN-FILE_LOCK-00853,REQ-SIM-00853,-,CUS-00853,FSI-00167,1,FILE_LOCK,pool-2-thread-853,3845006984700,3845322822600,false,
TXN-FILE_LOCK-00831,REQ-SIM-00831,-,CUS-00831,FSI-00167,1,FILE_LOCK,pool-2-thread-831,3845006529300,3845322866900,false,
TXN-FILE_LOCK-00725,REQ-SIM-00725,-,CUS-00725,FSI-00167,1,FILE_LOCK,pool-2-thread-725,3845004204100,3845322892500,false,
TXN-FILE_LOCK-00778,REQ-SIM-00778,-,CUS-00778,FSI-00167,1,FILE_LOCK,pool-2-thread-778,3845005300200,3845322922700,false,
TXN-FILE_LOCK-00839,REQ-SIM-00839,-,CUS-00839,FSI-00167,1,FILE_LOCK,pool-2-thread-839,3845006672500,3845322929500,false,
TXN-FILE_LOCK-00648,REQ-SIM-00648,-,CUS-00648,FSI-00167,1,FILE_LOCK,pool-2-thread-648,3845002588100,3845322953000,false,
TXN-FILE_LOCK-00919,REQ-SIM-00919,-,CUS-00919,FSI-00167,1,FILE_LOCK,pool-2-thread-919,3845008383500,3845322970700,false,
TXN-FILE_LOCK-00820,REQ-SIM-00820,-,CUS-00820,FSI-00167,1,FILE_LOCK,pool-2-thread-820,3845006224800,3845322992500,false,
TXN-FILE_LOCK-00790,REQ-SIM-00790,-,CUS-00790,FSI-00167,1,FILE_LOCK,pool-2-thread-790,3845005513200,3845323015400,false,
TXN-FILE_LOCK-00819,REQ-SIM-00819,-,CUS-00819,FSI-00167,1,FILE_LOCK,pool-2-thread-819,3845006210800,3845323044400,false,
TXN-FILE_LOCK-00910,REQ-SIM-00910,-,CUS-00910,FSI-00167,1,FILE_LOCK,pool-2-thread-910,3845008190000,3845323068000,false,
TXN-FILE_LOCK-00882,REQ-SIM-00882,-,CUS-00882,FSI-00167,1,FILE_LOCK,pool-2-thread-882,3845007697600,3845323066100,false,
TXN-FILE_LOCK-00687,REQ-SIM-00687,-,CUS-00687,FSI-00167,1,FILE_LOCK,pool-2-thread-687,3845003448700,3845323091400,false,
TXN-FILE_LOCK-00860,REQ-SIM-00860,-,CUS-00860,FSI-00167,1,FILE_LOCK,pool-2-thread-860,3845007137900,3845323107800,false,
TXN-FILE_LOCK-00806,REQ-SIM-00806,-,CUS-00806,FSI-00167,1,FILE_LOCK,pool-2-thread-806,3845005942400,3845323127200,false,
TXN-FILE_LOCK-00780,REQ-SIM-00780,-,CUS-00780,FSI-00167,1,FILE_LOCK,pool-2-thread-780,3845005362100,3845323140800,false,
TXN-FILE_LOCK-00618,REQ-SIM-00618,-,CUS-00618,FSI-00167,1,FILE_LOCK,pool-2-thread-618,3845001917400,3845323149800,false,
TXN-FILE_LOCK-00812,REQ-SIM-00812,-,CUS-00812,FSI-00167,1,FILE_LOCK,pool-2-thread-812,3845006050400,3845323170600,false,
TXN-FILE_LOCK-00848,REQ-SIM-00848,-,CUS-00848,FSI-00167,1,FILE_LOCK,pool-2-thread-848,3845006918600,3845323195800,false,
TXN-FILE_LOCK-00836,REQ-SIM-00836,-,CUS-00836,FSI-00167,1,FILE_LOCK,pool-2-thread-836,3845006609400,3845323212500,false,
TXN-FILE_LOCK-00934,REQ-SIM-00934,-,CUS-00934,FSI-00167,1,FILE_LOCK,pool-2-thread-934,3845008713100,3845323231300,false,
TXN-FILE_LOCK-00940,REQ-SIM-00940,-,CUS-00940,FSI-00167,1,FILE_LOCK,pool-2-thread-940,3845008802100,3845323249100,false,
TXN-FILE_LOCK-00822,REQ-SIM-00822,-,CUS-00822,FSI-00167,1,FILE_LOCK,pool-2-thread-822,3845006278700,3845323268000,false,
TXN-FILE_LOCK-00623,REQ-SIM-00623,-,CUS-00623,FSI-00167,1,FILE_LOCK,pool-2-thread-623,3845001997700,3845323285700,false,
TXN-FILE_LOCK-00983,REQ-SIM-00983,-,CUS-00983,FSI-00167,1,FILE_LOCK,pool-2-thread-983,3845009657100,3845323308300,false,
TXN-FILE_LOCK-00922,REQ-SIM-00922,-,CUS-00922,FSI-00167,1,FILE_LOCK,pool-2-thread-922,3845008438600,3845323321000,false,
TXN-FILE_LOCK-00986,REQ-SIM-00986,-,CUS-00986,FSI-00167,1,FILE_LOCK,pool-2-thread-986,3845009721500,3845323332700,false,
TXN-FILE_LOCK-00736,REQ-SIM-00736,-,CUS-00736,FSI-00167,1,FILE_LOCK,pool-2-thread-736,3845004483300,3845323347100,false,
TXN-FILE_LOCK-00985,REQ-SIM-00985,-,CUS-00985,FSI-00167,1,FILE_LOCK,pool-2-thread-985,3845009679700,3845323368400,false,
TXN-FILE_LOCK-00841,REQ-SIM-00841,-,CUS-00841,FSI-00167,1,FILE_LOCK,pool-2-thread-841,3845006699000,3845323393600,false,
TXN-FILE_LOCK-00950,REQ-SIM-00950,-,CUS-00950,FSI-00167,1,FILE_LOCK,pool-2-thread-950,3845008941600,3845323399100,false,
TXN-FILE_LOCK-00980,REQ-SIM-00980,-,CUS-00980,FSI-00167,1,FILE_LOCK,pool-2-thread-980,3845009605300,3845323418600,false,
TXN-FILE_LOCK-00994,REQ-SIM-00994,-,CUS-00994,FSI-00167,1,FILE_LOCK,pool-2-thread-994,3845009870600,3845323435600,false,
TXN-FILE_LOCK-00871,REQ-SIM-00871,-,CUS-00871,FSI-00167,1,FILE_LOCK,pool-2-thread-871,3845007434800,3845323454600,false,
TXN-FILE_LOCK-00903,REQ-SIM-00903,-,CUS-00903,FSI-00167,1,FILE_LOCK,pool-2-thread-903,3845008085900,3845323469500,false,
TXN-FILE_LOCK-00869,REQ-SIM-00869,-,CUS-00869,FSI-00167,1,FILE_LOCK,pool-2-thread-869,3845007410700,3845323477500,false,
TXN-FILE_LOCK-00698,REQ-SIM-00698,-,CUS-00698,FSI-00167,1,FILE_LOCK,pool-2-thread-698,3845003688700,3845323514000,false,
TXN-FILE_LOCK-00709,REQ-SIM-00709,-,CUS-00709,FSI-00167,1,FILE_LOCK,pool-2-thread-709,3845003904700,3845323520200,false,
TXN-FILE_LOCK-00966,REQ-SIM-00966,-,CUS-00966,FSI-00167,1,FILE_LOCK,pool-2-thread-966,3845009350400,3845323542200,false,
TXN-FILE_LOCK-00714,REQ-SIM-00714,-,CUS-00714,FSI-00167,1,FILE_LOCK,pool-2-thread-714,3845003997400,3845323575700,false,
TXN-FILE_LOCK-00694,REQ-SIM-00694,-,CUS-00694,FSI-00167,1,FILE_LOCK,pool-2-thread-694,3845003607000,3845323579800,false,
TXN-FILE_LOCK-00878,REQ-SIM-00878,-,CUS-00878,FSI-00167,1,FILE_LOCK,pool-2-thread-878,3845007555900,3845323599800,false,
TXN-FILE_LOCK-00989,REQ-SIM-00989,-,CUS-00989,FSI-00167,1,FILE_LOCK,pool-2-thread-989,3845009769500,3845323616700,false,
TXN-FILE_LOCK-00713,REQ-SIM-00713,-,CUS-00713,FSI-00167,1,FILE_LOCK,pool-2-thread-713,3845003981800,3845323636900,false,
TXN-FILE_LOCK-00769,REQ-SIM-00769,-,CUS-00769,FSI-00167,1,FILE_LOCK,pool-2-thread-769,3845005138100,3845323650200,false,
TXN-FILE_LOCK-00802,REQ-SIM-00802,-,CUS-00802,FSI-00167,1,FILE_LOCK,pool-2-thread-802,3845005818900,3845323662400,false,
TXN-FILE_LOCK-00702,REQ-SIM-00702,-,CUS-00702,FSI-00167,1,FILE_LOCK,pool-2-thread-702,3845003731800,3845323692000,false,
TXN-FILE_LOCK-00816,REQ-SIM-00816,-,CUS-00816,FSI-00167,1,FILE_LOCK,pool-2-thread-816,3845006147800,3845323702700,false,
TXN-FILE_LOCK-00921,REQ-SIM-00921,-,CUS-00921,FSI-00167,1,FILE_LOCK,pool-2-thread-921,3845008426300,3845323716700,false,
TXN-FILE_LOCK-00917,REQ-SIM-00917,-,CUS-00917,FSI-00167,1,FILE_LOCK,pool-2-thread-917,3845008353500,3845323744800,false,
TXN-FILE_LOCK-00929,REQ-SIM-00929,-,CUS-00929,FSI-00167,1,FILE_LOCK,pool-2-thread-929,3845008586600,3845323761100,false,
TXN-FILE_LOCK-00701,REQ-SIM-00701,-,CUS-00701,FSI-00167,1,FILE_LOCK,pool-2-thread-701,3845003719000,3845323777800,false,
TXN-FILE_LOCK-00696,REQ-SIM-00696,-,CUS-00696,FSI-00167,1,FILE_LOCK,pool-2-thread-696,3845003632500,3845323796400,false,
TXN-FILE_LOCK-00662,REQ-SIM-00662,-,CUS-00662,FSI-00167,1,FILE_LOCK,pool-2-thread-662,3845002853400,3845323810900,false,
TXN-FILE_LOCK-00673,REQ-SIM-00673,-,CUS-00673,FSI-00167,1,FILE_LOCK,pool-2-thread-673,3845003086600,3845323820700,false,
TXN-FILE_LOCK-00879,REQ-SIM-00879,-,CUS-00879,FSI-00167,1,FILE_LOCK,pool-2-thread-879,3845007568800,3845323828900,false,
TXN-FILE_LOCK-00764,REQ-SIM-00764,-,CUS-00764,FSI-00167,1,FILE_LOCK,pool-2-thread-764,3845005020200,3845323850800,false,
TXN-FILE_LOCK-00719,REQ-SIM-00719,-,CUS-00719,FSI-00167,1,FILE_LOCK,pool-2-thread-719,3845004098800,3845323864300,false,
TXN-FILE_LOCK-00785,REQ-SIM-00785,-,CUS-00785,FSI-00167,1,FILE_LOCK,pool-2-thread-785,3845005431300,3845323876200,false,
TXN-FILE_LOCK-00794,REQ-SIM-00794,-,CUS-00794,FSI-00167,1,FILE_LOCK,pool-2-thread-794,3845005620700,3845323893000,false,
TXN-FILE_LOCK-00826,REQ-SIM-00826,-,CUS-00826,FSI-00167,1,FILE_LOCK,pool-2-thread-826,3845006387800,3845323909100,false,
TXN-FILE_LOCK-00947,REQ-SIM-00947,-,CUS-00947,FSI-00167,1,FILE_LOCK,pool-2-thread-947,3845008930900,3845323921000,false,
TXN-FILE_LOCK-00968,REQ-SIM-00968,-,CUS-00968,FSI-00167,1,FILE_LOCK,pool-2-thread-968,3845009378700,3845323940200,false,
TXN-FILE_LOCK-00993,REQ-SIM-00993,-,CUS-00993,FSI-00167,1,FILE_LOCK,pool-2-thread-993,3845009856400,3845323955400,false,
TXN-FILE_LOCK-00824,REQ-SIM-00824,-,CUS-00824,FSI-00167,1,FILE_LOCK,pool-2-thread-824,3845006309900,3845323959200,false,
TXN-FILE_LOCK-00957,REQ-SIM-00957,-,CUS-00957,FSI-00167,1,FILE_LOCK,pool-2-thread-957,3845009113700,3845323977800,false,
TXN-FILE_LOCK-00907,REQ-SIM-00907,-,CUS-00907,FSI-00167,1,FILE_LOCK,pool-2-thread-907,3845008151400,3845323996700,false,
TXN-FILE_LOCK-00902,REQ-SIM-00902,-,CUS-00902,FSI-00167,1,FILE_LOCK,pool-2-thread-902,3845008061500,3845324013500,false,
TXN-FILE_LOCK-00624,REQ-SIM-00624,-,CUS-00624,FSI-00167,1,FILE_LOCK,pool-2-thread-624,3845002011100,3845324034400,false,
TXN-FILE_LOCK-00832,REQ-SIM-00832,-,CUS-00832,FSI-00167,1,FILE_LOCK,pool-2-thread-832,3845006554200,3845324044600,false,
TXN-FILE_LOCK-00686,REQ-SIM-00686,-,CUS-00686,FSI-00167,1,FILE_LOCK,pool-2-thread-686,3845003433400,3845324070500,false,
TXN-FILE_LOCK-00938,REQ-SIM-00938,-,CUS-00938,FSI-00167,1,FILE_LOCK,pool-2-thread-938,3845008774300,3845324087600,false,
TXN-FILE_LOCK-00811,REQ-SIM-00811,-,CUS-00811,FSI-00167,1,FILE_LOCK,pool-2-thread-811,3845006018100,3845324095700,false,
TXN-FILE_LOCK-00857,REQ-SIM-00857,-,CUS-00857,FSI-00167,1,FILE_LOCK,pool-2-thread-857,3845007086600,3845324111000,false,
TXN-FILE_LOCK-00884,REQ-SIM-00884,-,CUS-00884,FSI-00167,1,FILE_LOCK,pool-2-thread-884,3845007732000,3845324128600,false,
TXN-FILE_LOCK-00924,REQ-SIM-00924,-,CUS-00924,FSI-00167,1,FILE_LOCK,pool-2-thread-924,3845008465800,3845324150500,false,
TXN-FILE_LOCK-00817,REQ-SIM-00817,-,CUS-00817,FSI-00167,1,FILE_LOCK,pool-2-thread-817,3845006159400,3845324166100,false,
TXN-FILE_LOCK-00849,REQ-SIM-00849,-,CUS-00849,FSI-00167,1,FILE_LOCK,pool-2-thread-849,3845006932500,3845324182300,false,
TXN-FILE_LOCK-00837,REQ-SIM-00837,-,CUS-00837,FSI-00167,1,FILE_LOCK,pool-2-thread-837,3845006630000,3845324213700,false,
TXN-FILE_LOCK-00735,REQ-SIM-00735,-,CUS-00735,FSI-00167,1,FILE_LOCK,pool-2-thread-735,3845004400900,3845324235000,false,
TXN-FILE_LOCK-00733,REQ-SIM-00733,-,CUS-00733,FSI-00167,1,FILE_LOCK,pool-2-thread-733,3845004370200,3845324233800,false,
TXN-FILE_LOCK-00681,REQ-SIM-00681,-,CUS-00681,FSI-00167,1,FILE_LOCK,pool-2-thread-681,3845003289300,3845324241200,false,
TXN-FILE_LOCK-00732,REQ-SIM-00732,-,CUS-00732,FSI-00167,1,FILE_LOCK,pool-2-thread-732,3845004359700,3845324274000,false,
TXN-FILE_LOCK-00838,REQ-SIM-00838,-,CUS-00838,FSI-00167,1,FILE_LOCK,pool-2-thread-838,3845006643900,3845324289400,false,
TXN-FILE_LOCK-00846,REQ-SIM-00846,-,CUS-00846,FSI-00167,1,FILE_LOCK,pool-2-thread-846,3845006868900,3845324306900,false,
TXN-FILE_LOCK-00793,REQ-SIM-00793,-,CUS-00793,FSI-00167,1,FILE_LOCK,pool-2-thread-793,3845005558700,3845324333600,false,
TXN-FILE_LOCK-00868,REQ-SIM-00868,-,CUS-00868,FSI-00167,1,FILE_LOCK,pool-2-thread-868,3845007372500,3845324358500,false,
TXN-FILE_LOCK-00926,REQ-SIM-00926,-,CUS-00926,FSI-00167,1,FILE_LOCK,pool-2-thread-926,3845008515400,3845324377200,false,
TXN-FILE_LOCK-00788,REQ-SIM-00788,-,CUS-00788,FSI-00167,1,FILE_LOCK,pool-2-thread-788,3845005485500,3845324395000,false,
TXN-FILE_LOCK-00646,REQ-SIM-00646,-,CUS-00646,FSI-00167,1,FILE_LOCK,pool-2-thread-646,3845002551700,3845324409600,false,
TXN-FILE_LOCK-00818,REQ-SIM-00818,-,CUS-00818,FSI-00167,1,FILE_LOCK,pool-2-thread-818,3845006173700,3845324430200,false,
TXN-FILE_LOCK-00795,REQ-SIM-00795,-,CUS-00795,FSI-00167,1,FILE_LOCK,pool-2-thread-795,3845005642900,3845324453700,false,
TXN-FILE_LOCK-00677,REQ-SIM-00677,-,CUS-00677,FSI-00167,1,FILE_LOCK,pool-2-thread-677,3845003200000,3845324469400,false,
TXN-FILE_LOCK-00643,REQ-SIM-00643,-,CUS-00643,FSI-00167,1,FILE_LOCK,pool-2-thread-643,3845002478100,3845324498300,false,
TXN-FILE_LOCK-00759,REQ-SIM-00759,-,CUS-00759,FSI-00167,1,FILE_LOCK,pool-2-thread-759,3845004943500,3845324516800,false,
TXN-FILE_LOCK-00770,REQ-SIM-00770,-,CUS-00770,FSI-00167,1,FILE_LOCK,pool-2-thread-770,3845005150800,3845324543300,false,
TXN-FILE_LOCK-00865,REQ-SIM-00865,-,CUS-00865,FSI-00167,1,FILE_LOCK,pool-2-thread-865,3845007312700,3845324555200,false,
TXN-FILE_LOCK-00889,REQ-SIM-00889,-,CUS-00889,FSI-00167,1,FILE_LOCK,pool-2-thread-889,3845007812800,3845324582000,false,
TXN-FILE_LOCK-00661,REQ-SIM-00661,-,CUS-00661,FSI-00167,1,FILE_LOCK,pool-2-thread-661,3845002844100,3845324604700,false,
TXN-FILE_LOCK-00962,REQ-SIM-00962,-,CUS-00962,FSI-00167,1,FILE_LOCK,pool-2-thread-962,3845009192600,3845324629100,false,
TXN-FILE_LOCK-00892,REQ-SIM-00892,-,CUS-00892,FSI-00167,1,FILE_LOCK,pool-2-thread-892,3845007880300,3845324655900,false,
TXN-FILE_LOCK-00767,REQ-SIM-00767,-,CUS-00767,FSI-00167,1,FILE_LOCK,pool-2-thread-767,3845005112600,3845324685600,false,
TXN-FILE_LOCK-00738,REQ-SIM-00738,-,CUS-00738,FSI-00167,1,FILE_LOCK,pool-2-thread-738,3845004534700,3845324713200,false,
TXN-FILE_LOCK-00988,REQ-SIM-00988,-,CUS-00988,FSI-00167,1,FILE_LOCK,pool-2-thread-988,3845009764800,3845324737800,false,
TXN-FILE_LOCK-00859,REQ-SIM-00859,-,CUS-00859,FSI-00167,1,FILE_LOCK,pool-2-thread-859,3845007143700,3845324748200,false,
TXN-FILE_LOCK-00906,REQ-SIM-00906,-,CUS-00906,FSI-00167,1,FILE_LOCK,pool-2-thread-906,3845008132400,3845324756600,false,
TXN-FILE_LOCK-00942,REQ-SIM-00942,-,CUS-00942,FSI-00167,1,FILE_LOCK,pool-2-thread-942,3845008824300,3845324778700,false,
TXN-FILE_LOCK-00915,REQ-SIM-00915,-,CUS-00915,FSI-00167,1,FILE_LOCK,pool-2-thread-915,3845008315100,3845324798200,false,
TXN-FILE_LOCK-00960,REQ-SIM-00960,-,CUS-00960,FSI-00167,1,FILE_LOCK,pool-2-thread-960,3845009162600,3845324837600,false,
TXN-FILE_LOCK-00814,REQ-SIM-00814,-,CUS-00814,FSI-00167,1,FILE_LOCK,pool-2-thread-814,3845006078300,3845324860200,false,
TXN-FILE_LOCK-00751,REQ-SIM-00751,-,CUS-00751,FSI-00167,1,FILE_LOCK,pool-2-thread-751,3845004818900,3845324887200,false,
TXN-FILE_LOCK-00823,REQ-SIM-00823,-,CUS-00823,FSI-00167,1,FILE_LOCK,pool-2-thread-823,3845006294000,3845324893900,false,
TXN-FILE_LOCK-00834,REQ-SIM-00834,-,CUS-00834,FSI-00167,1,FILE_LOCK,pool-2-thread-834,3845006577500,3845324912000,false,
TXN-FILE_LOCK-00880,REQ-SIM-00880,-,CUS-00880,FSI-00167,1,FILE_LOCK,pool-2-thread-880,3845007620200,3845324927200,false,
TXN-FILE_LOCK-00990,REQ-SIM-00990,-,CUS-00990,FSI-00167,1,FILE_LOCK,pool-2-thread-990,3845009780900,3845324947100,false,
TXN-FILE_LOCK-00864,REQ-SIM-00864,-,CUS-00864,FSI-00167,1,FILE_LOCK,pool-2-thread-864,3845007301700,3845324962200,false,
TXN-FILE_LOCK-00825,REQ-SIM-00825,-,CUS-00825,FSI-00167,1,FILE_LOCK,pool-2-thread-825,3845006374200,3845324972600,false,
TXN-FILE_LOCK-00898,REQ-SIM-00898,-,CUS-00898,FSI-00167,1,FILE_LOCK,pool-2-thread-898,3845007997500,3845325003100,false,
TXN-FILE_LOCK-00908,REQ-SIM-00908,-,CUS-00908,FSI-00167,1,FILE_LOCK,pool-2-thread-908,3845008163100,3845325000500,false,
TXN-FILE_LOCK-00726,REQ-SIM-00726,-,CUS-00726,FSI-00167,1,FILE_LOCK,pool-2-thread-726,3845004218000,3845325024600,false,
TXN-FILE_LOCK-00945,REQ-SIM-00945,-,CUS-00945,FSI-00167,1,FILE_LOCK,pool-2-thread-945,3845008866700,3845325042000,false,
TXN-FILE_LOCK-00652,REQ-SIM-00652,-,CUS-00652,FSI-00167,1,FILE_LOCK,pool-2-thread-652,3845002640100,3845325053700,false,
TXN-FILE_LOCK-00771,REQ-SIM-00771,-,CUS-00771,FSI-00167,1,FILE_LOCK,pool-2-thread-771,3845005161800,3845325060700,false,
TXN-FILE_LOCK-00932,REQ-SIM-00932,-,CUS-00932,FSI-00167,1,FILE_LOCK,pool-2-thread-932,3845008661800,3845325073800,false,
TXN-FILE_LOCK-00939,REQ-SIM-00939,-,CUS-00939,FSI-00167,1,FILE_LOCK,pool-2-thread-939,3845008787500,3845325097000,false,
TXN-FILE_LOCK-00690,REQ-SIM-00690,-,CUS-00690,FSI-00167,1,FILE_LOCK,pool-2-thread-690,3845003547900,3845325113100,false,
TXN-FILE_LOCK-00640,REQ-SIM-00640,-,CUS-00640,FSI-00167,1,FILE_LOCK,pool-2-thread-640,3845002402800,3845325134900,false,
TXN-FILE_LOCK-00665,REQ-SIM-00665,-,CUS-00665,FSI-00167,1,FILE_LOCK,pool-2-thread-665,3845002920200,3845325163000,false,
TXN-FILE_LOCK-00876,REQ-SIM-00876,-,CUS-00876,FSI-00167,1,FILE_LOCK,pool-2-thread-876,3845007541800,3845325189300,false,
TXN-FILE_LOCK-00628,REQ-SIM-00628,-,CUS-00628,FSI-00167,1,FILE_LOCK,pool-2-thread-628,3845002112900,3845325209200,false,
TXN-FILE_LOCK-00674,REQ-SIM-00674,-,CUS-00674,FSI-00167,1,FILE_LOCK,pool-2-thread-674,3845003099400,3845325234100,false,
TXN-FILE_LOCK-00642,REQ-SIM-00642,-,CUS-00642,FSI-00167,1,FILE_LOCK,pool-2-thread-642,3845002460300,3845325252800,false,
TXN-FILE_LOCK-00959,REQ-SIM-00959,-,CUS-00959,FSI-00167,1,FILE_LOCK,pool-2-thread-959,3845009150400,3845325301300,false,
TXN-FILE_LOCK-00911,REQ-SIM-00911,-,CUS-00911,FSI-00167,1,FILE_LOCK,pool-2-thread-911,3845008220500,3845325312300,false,
TXN-FILE_LOCK-00807,REQ-SIM-00807,-,CUS-00807,FSI-00167,1,FILE_LOCK,pool-2-thread-807,3845005956700,3845325331800,false,
TXN-FILE_LOCK-00756,REQ-SIM-00756,-,CUS-00756,FSI-00167,1,FILE_LOCK,pool-2-thread-756,3845004882800,3845325337300,false,
TXN-FILE_LOCK-00706,REQ-SIM-00706,-,CUS-00706,FSI-00167,1,FILE_LOCK,pool-2-thread-706,3845003847600,3845325352300,false,
TXN-FILE_LOCK-00660,REQ-SIM-00660,-,CUS-00660,FSI-00167,1,FILE_LOCK,pool-2-thread-660,3845002791500,3845325372600,false,
TXN-FILE_LOCK-00610,REQ-SIM-00610,-,CUS-00610,FSI-00167,1,FILE_LOCK,pool-2-thread-610,3845001767800,3845325394900,false,
TXN-FILE_LOCK-00704,REQ-SIM-00704,-,CUS-00704,FSI-00167,1,FILE_LOCK,pool-2-thread-704,3845003757600,3845325412200,false,
TXN-FILE_LOCK-00620,REQ-SIM-00620,-,CUS-00620,FSI-00167,1,FILE_LOCK,pool-2-thread-620,3845001940000,3845325439300,false,
TXN-FILE_LOCK-00634,REQ-SIM-00634,-,CUS-00634,FSI-00167,1,FILE_LOCK,pool-2-thread-634,3845002297800,3845325456800,false,
TXN-FILE_LOCK-00845,REQ-SIM-00845,-,CUS-00845,FSI-00167,1,FILE_LOCK,pool-2-thread-845,3845006854100,3845325477500,false,
TXN-FILE_LOCK-00893,REQ-SIM-00893,-,CUS-00893,FSI-00167,1,FILE_LOCK,pool-2-thread-893,3845007891300,3845325490800,false,
TXN-FILE_LOCK-01000,REQ-SIM-01000,-,CUS-01000,FSI-00167,1,FILE_LOCK,pool-2-thread-1000,3845009963100,3845325500500,false,
TXN-FILE_LOCK-00703,REQ-SIM-00703,-,CUS-00703,FSI-00167,1,FILE_LOCK,pool-2-thread-703,3845003743800,3845325520700,false,
TXN-FILE_LOCK-00974,REQ-SIM-00974,-,CUS-00974,FSI-00167,1,FILE_LOCK,pool-2-thread-974,3845009507500,3845325549100,false,
TXN-FILE_LOCK-00995,REQ-SIM-00995,-,CUS-00995,FSI-00167,1,FILE_LOCK,pool-2-thread-995,3845009895700,3845325558100,false,
TXN-FILE_LOCK-00629,REQ-SIM-00629,-,CUS-00629,FSI-00167,1,FILE_LOCK,pool-2-thread-629,3845002205300,3845325571800,false,
TXN-FILE_LOCK-00777,REQ-SIM-00777,-,CUS-00777,FSI-00167,1,FILE_LOCK,pool-2-thread-777,3845005270500,3845325604200,false,
TXN-FILE_LOCK-00692,REQ-SIM-00692,-,CUS-00692,FSI-00167,1,FILE_LOCK,pool-2-thread-692,3845003573500,3845325609900,false,
TXN-FILE_LOCK-00842,REQ-SIM-00842,-,CUS-00842,FSI-00167,1,FILE_LOCK,pool-2-thread-842,3845006762900,3845325628300,false,
TXN-FILE_LOCK-00877,REQ-SIM-00877,-,CUS-00877,FSI-00167,1,FILE_LOCK,pool-2-thread-877,3845007524300,3845325641200,false,
TXN-FILE_LOCK-00683,REQ-SIM-00683,-,CUS-00683,FSI-00167,1,FILE_LOCK,pool-2-thread-683,3845003388300,3845325658800,false,
TXN-FILE_LOCK-00851,REQ-SIM-00851,-,CUS-00851,FSI-00167,1,FILE_LOCK,pool-2-thread-851,3845006960500,3845325673000,false,
TXN-FILE_LOCK-00678,REQ-SIM-00678,-,CUS-00678,FSI-00167,1,FILE_LOCK,pool-2-thread-678,3845003214600,3845325707900,false,
TXN-FILE_LOCK-00672,REQ-SIM-00672,-,CUS-00672,FSI-00167,1,FILE_LOCK,pool-2-thread-672,3845003072700,3845325719400,false,
TXN-FILE_LOCK-00943,REQ-SIM-00943,-,CUS-00943,FSI-00167,1,FILE_LOCK,pool-2-thread-943,3845008837000,3845325736300,false,
TXN-FILE_LOCK-00982,REQ-SIM-00982,-,CUS-00982,FSI-00167,1,FILE_LOCK,pool-2-thread-982,3845009641000,3845325783000,false,
TXN-FILE_LOCK-00783,REQ-SIM-00783,-,CUS-00783,FSI-00167,1,FILE_LOCK,pool-2-thread-783,3845005402400,3845325797600,false,
TXN-FILE_LOCK-00912,REQ-SIM-00912,-,CUS-00912,FSI-00167,1,FILE_LOCK,pool-2-thread-912,3845008234100,3845325816300,false,
TXN-FILE_LOCK-00750,REQ-SIM-00750,-,CUS-00750,FSI-00167,1,FILE_LOCK,pool-2-thread-750,3845004795000,3845325822400,false,
TXN-FILE_LOCK-00874,REQ-SIM-00874,-,CUS-00874,FSI-00167,1,FILE_LOCK,pool-2-thread-874,3845007500200,3845325851800,false,
TXN-FILE_LOCK-00630,REQ-SIM-00630,-,CUS-00630,FSI-00167,1,FILE_LOCK,pool-2-thread-630,3845002216100,3845325877600,false,
TXN-FILE_LOCK-00691,REQ-SIM-00691,-,CUS-00691,FSI-00167,1,FILE_LOCK,pool-2-thread-691,3845003561400,3845325881600,false,
TXN-FILE_LOCK-00847,REQ-SIM-00847,-,CUS-00847,FSI-00167,1,FILE_LOCK,pool-2-thread-847,3845006905000,3845325906500,false,
TXN-FILE_LOCK-00636,REQ-SIM-00636,-,CUS-00636,FSI-00167,1,FILE_LOCK,pool-2-thread-636,3845002328500,3845325925200,false,
TXN-FILE_LOCK-00745,REQ-SIM-00745,-,CUS-00745,FSI-00167,1,FILE_LOCK,pool-2-thread-745,3845004641400,3845325942000,false,
TXN-FILE_LOCK-00689,REQ-SIM-00689,-,CUS-00689,FSI-00167,1,FILE_LOCK,pool-2-thread-689,3845003535600,3845325938400,false,
TXN-FILE_LOCK-00637,REQ-SIM-00637,-,CUS-00637,FSI-00167,1,FILE_LOCK,pool-2-thread-637,3845002341700,3845325986200,false,
TXN-FILE_LOCK-00679,REQ-SIM-00679,-,CUS-00679,FSI-00167,1,FILE_LOCK,pool-2-thread-679,3845003226700,3845326001900,false,
TXN-FILE_LOCK-00772,REQ-SIM-00772,-,CUS-00772,FSI-00167,1,FILE_LOCK,pool-2-thread-772,3845005171700,3845326030200,false,
TXN-FILE_LOCK-00625,REQ-SIM-00625,-,CUS-00625,FSI-00167,1,FILE_LOCK,pool-2-thread-625,3845002059000,3845326049000,false,
TXN-FILE_LOCK-00951,REQ-SIM-00951,-,CUS-00951,FSI-00167,1,FILE_LOCK,pool-2-thread-951,3845009001000,3845326078200,false,
TXN-FILE_LOCK-00804,REQ-SIM-00804,-,CUS-00804,FSI-00167,1,FILE_LOCK,pool-2-thread-804,3845005903400,3845326091000,false,
TXN-FILE_LOCK-00803,REQ-SIM-00803,-,CUS-00803,FSI-00167,1,FILE_LOCK,pool-2-thread-803,3845005889400,3845326107400,false,
TXN-FILE_LOCK-00813,REQ-SIM-00813,-,CUS-00813,FSI-00167,1,FILE_LOCK,pool-2-thread-813,3845006064800,3845326136500,false,
TXN-FILE_LOCK-00718,REQ-SIM-00718,-,CUS-00718,FSI-00167,1,FILE_LOCK,pool-2-thread-718,3845004050300,3845326160600,false,
TXN-FILE_LOCK-00765,REQ-SIM-00765,-,CUS-00765,FSI-00167,1,FILE_LOCK,pool-2-thread-765,3845005041300,3845326161800,false,
TXN-FILE_LOCK-00622,REQ-SIM-00622,-,CUS-00622,FSI-00167,1,FILE_LOCK,pool-2-thread-622,3845001970700,3845326194100,false,
TXN-FILE_LOCK-00758,REQ-SIM-00758,-,CUS-00758,FSI-00167,1,FILE_LOCK,pool-2-thread-758,3845004923600,3845326208800,false,
TXN-FILE_LOCK-00742,REQ-SIM-00742,-,CUS-00742,FSI-00167,1,FILE_LOCK,pool-2-thread-742,3845004606500,3845326226500,false,
TXN-FILE_LOCK-00753,REQ-SIM-00753,-,CUS-00753,FSI-00167,1,FILE_LOCK,pool-2-thread-753,3845004843800,3845326226500,false,
TXN-FILE_LOCK-00890,REQ-SIM-00890,-,CUS-00890,FSI-00167,1,FILE_LOCK,pool-2-thread-890,3845007827300,3845326246400,false,
TXN-FILE_LOCK-00888,REQ-SIM-00888,-,CUS-00888,FSI-00167,1,FILE_LOCK,pool-2-thread-888,3845007798900,3845326296400,false,
TXN-FILE_LOCK-00688,REQ-SIM-00688,-,CUS-00688,FSI-00167,1,FILE_LOCK,pool-2-thread-688,3845003464400,3845326322200,false,
TXN-FILE_LOCK-00737,REQ-SIM-00737,-,CUS-00737,FSI-00167,1,FILE_LOCK,pool-2-thread-737,3845004525400,3845326326700,false,
TXN-FILE_LOCK-00797,REQ-SIM-00797,-,CUS-00797,FSI-00167,1,FILE_LOCK,pool-2-thread-797,3845005754200,3845326342600,false,
TXN-FILE_LOCK-00981,REQ-SIM-00981,-,CUS-00981,FSI-00167,1,FILE_LOCK,pool-2-thread-981,3845009625700,3845326360600,false,
TXN-FILE_LOCK-00721,REQ-SIM-00721,-,CUS-00721,FSI-00167,1,FILE_LOCK,pool-2-thread-721,3845004120100,3845326385800,false,
TXN-FILE_LOCK-00712,REQ-SIM-00712,-,CUS-00712,FSI-00167,1,FILE_LOCK,pool-2-thread-712,3845003973000,3845326412100,false,
TXN-FILE_LOCK-00776,REQ-SIM-00776,-,CUS-00776,FSI-00167,1,FILE_LOCK,pool-2-thread-776,3845005258400,3845326425300,false,
TXN-FILE_LOCK-00748,REQ-SIM-00748,-,CUS-00748,FSI-00167,1,FILE_LOCK,pool-2-thread-748,3845004755700,3845326409500,false,
TXN-FILE_LOCK-00786,REQ-SIM-00786,-,CUS-00786,FSI-00167,1,FILE_LOCK,pool-2-thread-786,3845005444000,3845326477000,false,
TXN-FILE_LOCK-00685,REQ-SIM-00685,-,CUS-00685,FSI-00167,1,FILE_LOCK,pool-2-thread-685,3845003419900,3845326487500,false,
TXN-FILE_LOCK-00815,REQ-SIM-00815,-,CUS-00815,FSI-00167,1,FILE_LOCK,pool-2-thread-815,3845006135700,3845326493500,false,
TXN-FILE_LOCK-00875,REQ-SIM-00875,-,CUS-00875,FSI-00167,1,FILE_LOCK,pool-2-thread-875,3845007510800,3845326514200,false,
TXN-FILE_LOCK-00843,REQ-SIM-00843,-,CUS-00843,FSI-00167,1,FILE_LOCK,pool-2-thread-843,3845006781700,3845326530600,false,
TXN-FILE_LOCK-00828,REQ-SIM-00828,-,CUS-00828,FSI-00167,1,FILE_LOCK,pool-2-thread-828,3845006466600,3845326560700,false,
TXN-FILE_LOCK-00969,REQ-SIM-00969,-,CUS-00969,FSI-00167,1,FILE_LOCK,pool-2-thread-969,3845009429100,3845326569400,false,
TXN-FILE_LOCK-00858,REQ-SIM-00858,-,CUS-00858,FSI-00167,1,FILE_LOCK,pool-2-thread-858,3845007098300,3845326591500,false,
TXN-FILE_LOCK-00723,REQ-SIM-00723,-,CUS-00723,FSI-00167,1,FILE_LOCK,pool-2-thread-723,3845004148500,3845326628700,false,
TXN-FILE_LOCK-00840,REQ-SIM-00840,-,CUS-00840,FSI-00167,1,FILE_LOCK,pool-2-thread-840,3845006686500,3845326660800,false,
TXN-FILE_LOCK-00782,REQ-SIM-00782,-,CUS-00782,FSI-00167,1,FILE_LOCK,pool-2-thread-782,3845005388100,3845326667700,false,
TXN-FILE_LOCK-00761,REQ-SIM-00761,-,CUS-00761,FSI-00167,1,FILE_LOCK,pool-2-thread-761,3845004970400,3845326676800,false,
TXN-FILE_LOCK-00763,REQ-SIM-00763,-,CUS-00763,FSI-00167,1,FILE_LOCK,pool-2-thread-763,3845004997200,3845326705700,false,
TXN-FILE_LOCK-00855,REQ-SIM-00855,-,CUS-00855,FSI-00167,1,FILE_LOCK,pool-2-thread-855,3845007059600,3845326730500,false,
TXN-FILE_LOCK-00887,REQ-SIM-00887,-,CUS-00887,FSI-00167,1,FILE_LOCK,pool-2-thread-887,3845007786800,3845326744500,false,
TXN-FILE_LOCK-00730,REQ-SIM-00730,-,CUS-00730,FSI-00167,1,FILE_LOCK,pool-2-thread-730,3845004339300,3845326768600,false,
TXN-FILE_LOCK-00667,REQ-SIM-00667,-,CUS-00667,FSI-00167,1,FILE_LOCK,pool-2-thread-667,3845002948700,3845326781400,false,
TXN-FILE_LOCK-00711,REQ-SIM-00711,-,CUS-00711,FSI-00167,1,FILE_LOCK,pool-2-thread-711,3845003932800,3845326792500,false,
TXN-FILE_LOCK-00946,REQ-SIM-00946,-,CUS-00946,FSI-00167,1,FILE_LOCK,pool-2-thread-946,3845008894800,3845326815800,false,
TXN-FILE_LOCK-00998,REQ-SIM-00998,-,CUS-00998,FSI-00167,1,FILE_LOCK,pool-2-thread-998,3845009940600,3845326832500,false,
TXN-FILE_LOCK-00792,REQ-SIM-00792,-,CUS-00792,FSI-00167,1,FILE_LOCK,pool-2-thread-792,3845005546900,3845326855400,false,
TXN-FILE_LOCK-00979,REQ-SIM-00979,-,CUS-00979,FSI-00167,1,FILE_LOCK,pool-2-thread-979,3845009592200,3845326875800,false,
TXN-FILE_LOCK-00616,REQ-SIM-00616,-,CUS-00616,FSI-00167,1,FILE_LOCK,pool-2-thread-616,3845001881900,3845326890300,false,
TXN-FILE_LOCK-00655,REQ-SIM-00655,-,CUS-00655,FSI-00167,1,FILE_LOCK,pool-2-thread-655,3845002684500,3845326917100,false,
TXN-FILE_LOCK-00977,REQ-SIM-00977,-,CUS-00977,FSI-00167,1,FILE_LOCK,pool-2-thread-977,3845009559500,3845326932800,false,
TXN-FILE_LOCK-00953,REQ-SIM-00953,-,CUS-00953,FSI-00167,1,FILE_LOCK,pool-2-thread-953,3845009040000,3845326949400,false,
TXN-FILE_LOCK-00916,REQ-SIM-00916,-,CUS-00916,FSI-00167,1,FILE_LOCK,pool-2-thread-916,3845008328400,3845326963100,false,
TXN-FILE_LOCK-00895,REQ-SIM-00895,-,CUS-00895,FSI-00167,1,FILE_LOCK,pool-2-thread-895,3845007923200,3845326990500,false,
TXN-FILE_LOCK-00883,REQ-SIM-00883,-,CUS-00883,FSI-00167,1,FILE_LOCK,pool-2-thread-883,3845007711900,3845326996400,false,
TXN-FILE_LOCK-00800,REQ-SIM-00800,-,CUS-00800,FSI-00167,1,FILE_LOCK,pool-2-thread-800,3845005793800,3845327042700,false,
TXN-FILE_LOCK-00829,REQ-SIM-00829,-,CUS-00829,FSI-00167,1,FILE_LOCK,pool-2-thread-829,3845006492300,3845327067300,false,
TXN-FILE_LOCK-00752,REQ-SIM-00752,-,CUS-00752,FSI-00167,1,FILE_LOCK,pool-2-thread-752,3845004830200,3845327063800,false,
TXN-FILE_LOCK-00961,REQ-SIM-00961,-,CUS-00961,FSI-00167,1,FILE_LOCK,pool-2-thread-961,3845009179000,3845327074600,false,
TXN-FILE_LOCK-00787,REQ-SIM-00787,-,CUS-00787,FSI-00167,1,FILE_LOCK,pool-2-thread-787,3845005456400,3845327098500,false,
TXN-FILE_LOCK-00944,REQ-SIM-00944,-,CUS-00944,FSI-00167,1,FILE_LOCK,pool-2-thread-944,3845008852900,3845327116600,false,
TXN-FILE_LOCK-00844,REQ-SIM-00844,-,CUS-00844,FSI-00167,1,FILE_LOCK,pool-2-thread-844,3845006828700,3845327148600,false,
TXN-FILE_LOCK-00971,REQ-SIM-00971,-,CUS-00971,FSI-00167,1,FILE_LOCK,pool-2-thread-971,3845009455100,3845327143700,false,
TXN-FILE_LOCK-00773,REQ-SIM-00773,-,CUS-00773,FSI-00167,1,FILE_LOCK,pool-2-thread-773,3845005184000,3845327174100,false,
TXN-FILE_LOCK-00870,REQ-SIM-00870,-,CUS-00870,FSI-00167,1,FILE_LOCK,pool-2-thread-870,3845007432300,3845327185400,false,
TXN-FILE_LOCK-00754,REQ-SIM-00754,-,CUS-00754,FSI-00167,1,FILE_LOCK,pool-2-thread-754,3845004857300,3845327205600,false,
TXN-FILE_LOCK-00779,REQ-SIM-00779,-,CUS-00779,FSI-00167,1,FILE_LOCK,pool-2-thread-779,3845005349600,3845327228200,false,
TXN-FILE_LOCK-00885,REQ-SIM-00885,-,CUS-00885,FSI-00167,1,FILE_LOCK,pool-2-thread-885,3845007762000,3845327247300,false,
TXN-FILE_LOCK-00958,REQ-SIM-00958,-,CUS-00958,FSI-00167,1,FILE_LOCK,pool-2-thread-958,3845009136900,3845327264400,false,
TXN-FILE_LOCK-00760,REQ-SIM-00760,-,CUS-00760,FSI-00167,1,FILE_LOCK,pool-2-thread-760,3845004962700,3845327286600,false,
TXN-FILE_LOCK-00796,REQ-SIM-00796,-,CUS-00796,FSI-00167,1,FILE_LOCK,pool-2-thread-796,3845005670800,3845327312000,false,
TXN-FILE_LOCK-00784,REQ-SIM-00784,-,CUS-00784,FSI-00167,1,FILE_LOCK,pool-2-thread-784,3845005417700,3845327319200,false,
TXN-FILE_LOCK-00867,REQ-SIM-00867,-,CUS-00867,FSI-00167,1,FILE_LOCK,pool-2-thread-867,3845007340000,3845327328200,false,
TXN-FILE_LOCK-00975,REQ-SIM-00975,-,CUS-00975,FSI-00167,1,FILE_LOCK,pool-2-thread-975,3845009533300,3845327376300,false,
TXN-FILE_LOCK-00850,REQ-SIM-00850,-,CUS-00850,FSI-00167,1,FILE_LOCK,pool-2-thread-850,3845006947200,3845327391300,false,
TXN-FILE_LOCK-00821,REQ-SIM-00821,-,CUS-00821,FSI-00167,1,FILE_LOCK,pool-2-thread-821,3845006249900,3845327418800,false,
TXN-FILE_LOCK-00617,REQ-SIM-00617,-,CUS-00617,FSI-00167,1,FILE_LOCK,pool-2-thread-617,3845001904700,3845327424900,false,
TXN-FILE_LOCK-00863,REQ-SIM-00863,-,CUS-00863,FSI-00167,1,FILE_LOCK,pool-2-thread-863,3845007313900,3845327430200,false,
TXN-FILE_LOCK-00992,REQ-SIM-00992,-,CUS-00992,FSI-00167,1,FILE_LOCK,pool-2-thread-992,3845009845300,3845327447700,false,
TXN-FILE_LOCK-00854,REQ-SIM-00854,-,CUS-00854,FSI-00167,1,FILE_LOCK,pool-2-thread-854,3845007009600,3845327472500,false,
TXN-FILE_LOCK-00928,REQ-SIM-00928,-,CUS-00928,FSI-00167,1,FILE_LOCK,pool-2-thread-928,3845008572100,3845327501300,false,
TXN-FILE_LOCK-00963,REQ-SIM-00963,-,CUS-00963,FSI-00167,1,FILE_LOCK,pool-2-thread-963,3845009205200,3845327515000,false,
TXN-FILE_LOCK-00987,REQ-SIM-00987,-,CUS-00987,FSI-00167,1,FILE_LOCK,pool-2-thread-987,3845009734400,3845327531100,false,
TXN-FILE_LOCK-00654,REQ-SIM-00654,-,CUS-00654,FSI-00167,1,FILE_LOCK,pool-2-thread-654,3845002672200,3845327584300,false,
TXN-FILE_LOCK-00955,REQ-SIM-00955,-,CUS-00955,FSI-00167,1,FILE_LOCK,pool-2-thread-955,3845009069600,3845327602800,false,
TXN-FILE_LOCK-00809,REQ-SIM-00809,-,CUS-00809,FSI-00167,1,FILE_LOCK,pool-2-thread-809,3845005985400,3845327606300,false,
TXN-FILE_LOCK-00862,REQ-SIM-00862,-,CUS-00862,FSI-00167,1,FILE_LOCK,pool-2-thread-862,3845007241900,3845327631000,false,
TXN-FILE_LOCK-00633,REQ-SIM-00633,-,CUS-00633,FSI-00167,1,FILE_LOCK,pool-2-thread-633,3845002282100,3845327688800,false,
TXN-FILE_LOCK-00808,REQ-SIM-00808,-,CUS-00808,FSI-00167,1,FILE_LOCK,pool-2-thread-808,3845005970500,3845327697200,false,
TXN-FILE_LOCK-00952,REQ-SIM-00952,-,CUS-00952,FSI-00167,1,FILE_LOCK,pool-2-thread-952,3845009024300,3845327716400,false,
TXN-FILE_LOCK-00967,REQ-SIM-00967,-,CUS-00967,FSI-00167,1,FILE_LOCK,pool-2-thread-967,3845009363600,3845327737200,false,
TXN-FILE_LOCK-00728,REQ-SIM-00728,-,CUS-00728,FSI-00167,1,FILE_LOCK,pool-2-thread-728,3845004289400,3845327763700,false,
TXN-FILE_LOCK-00886,REQ-SIM-00886,-,CUS-00886,FSI-00167,1,FILE_LOCK,pool-2-thread-886,3845007773600,3845327792200,false,
TXN-FILE_LOCK-00635,REQ-SIM-00635,-,CUS-00635,FSI-00167,1,FILE_LOCK,pool-2-thread-635,3845002310100,3845327829900,false,
TXN-FILE_LOCK-00747,REQ-SIM-00747,-,CUS-00747,FSI-00167,1,FILE_LOCK,pool-2-thread-747,3845004735300,3845327834500,false,
TXN-FILE_LOCK-00901,REQ-SIM-00901,-,CUS-00901,FSI-00167,1,FILE_LOCK,pool-2-thread-901,3845008050000,3845327858700,false,
TXN-FILE_LOCK-00649,REQ-SIM-00649,-,CUS-00649,FSI-00167,1,FILE_LOCK,pool-2-thread-649,3845002600300,3845327856100,false,
TXN-FILE_LOCK-00905,REQ-SIM-00905,-,CUS-00905,FSI-00167,1,FILE_LOCK,pool-2-thread-905,3845008118600,3845327888500,false,
TXN-FILE_LOCK-00699,REQ-SIM-00699,-,CUS-00699,FSI-00167,1,FILE_LOCK,pool-2-thread-699,3845003674200,3845327909200,false,
TXN-FILE_LOCK-00664,REQ-SIM-00664,-,CUS-00664,FSI-00167,1,FILE_LOCK,pool-2-thread-664,3845002901300,3845327929400,false,
TXN-FILE_LOCK-00749,REQ-SIM-00749,-,CUS-00749,FSI-00167,1,FILE_LOCK,pool-2-thread-749,3845004784500,3845327943500,false,
TXN-FILE_LOCK-00676,REQ-SIM-00676,-,CUS-00676,FSI-00167,1,FILE_LOCK,pool-2-thread-676,3845003125900,3845327977400,false,
TXN-FILE_LOCK-00670,REQ-SIM-00670,-,CUS-00670,FSI-00167,1,FILE_LOCK,pool-2-thread-670,3845003017500,3845327991100,false,
TXN-FILE_LOCK-00935,REQ-SIM-00935,-,CUS-00935,FSI-00167,1,FILE_LOCK,pool-2-thread-935,3845008733300,3845328000300,false,
TXN-FILE_LOCK-00727,REQ-SIM-00727,-,CUS-00727,FSI-00167,1,FILE_LOCK,pool-2-thread-727,3845004231900,3845328007300,false,
TXN-FILE_LOCK-00856,REQ-SIM-00856,-,CUS-00856,FSI-00167,1,FILE_LOCK,pool-2-thread-856,3845007073000,3845328017200,false,
TXN-FILE_LOCK-00833,REQ-SIM-00833,-,CUS-00833,FSI-00167,1,FILE_LOCK,pool-2-thread-833,3845006565900,3845328037900,false,
TXN-FILE_LOCK-00789,REQ-SIM-00789,-,CUS-00789,FSI-00167,1,FILE_LOCK,pool-2-thread-789,3845005501900,3845328056500,false,
TXN-FILE_LOCK-00731,REQ-SIM-00731,-,CUS-00731,FSI-00167,1,FILE_LOCK,pool-2-thread-731,3845004350200,3845328064700,false,
TXN-FILE_LOCK-00799,REQ-SIM-00799,-,CUS-00799,FSI-00167,1,FILE_LOCK,pool-2-thread-799,3845005781800,3845328100800,false,
TXN-FILE_LOCK-00896,REQ-SIM-00896,-,CUS-00896,FSI-00167,1,FILE_LOCK,pool-2-thread-896,3845007937300,3845328115700,false,
TXN-FILE_LOCK-00956,REQ-SIM-00956,-,CUS-00956,FSI-00167,1,FILE_LOCK,pool-2-thread-956,3845009093500,3845328143200,false,
TXN-FILE_LOCK-00933,REQ-SIM-00933,-,CUS-00933,FSI-00167,1,FILE_LOCK,pool-2-thread-933,3845008670700,3845328176200,false,
TXN-FILE_LOCK-00891,REQ-SIM-00891,-,CUS-00891,FSI-00167,1,FILE_LOCK,pool-2-thread-891,3845007869000,3845328170500,false,
TXN-FILE_LOCK-00965,REQ-SIM-00965,-,CUS-00965,FSI-00167,1,FILE_LOCK,pool-2-thread-965,3845009336400,3845328207500,false,
TXN-FILE_LOCK-00872,REQ-SIM-00872,-,CUS-00872,FSI-00167,1,FILE_LOCK,pool-2-thread-872,3845007446800,3845328224100,false,
TXN-FILE_LOCK-00984,REQ-SIM-00984,-,CUS-00984,FSI-00167,1,FILE_LOCK,pool-2-thread-984,3845009668100,3845328245100,false,
TXN-FILE_LOCK-00873,REQ-SIM-00873,-,CUS-00873,FSI-00167,1,FILE_LOCK,pool-2-thread-873,3845007482600,3845328296500,false,
TXN-FILE_LOCK-00909,REQ-SIM-00909,-,CUS-00909,FSI-00167,1,FILE_LOCK,pool-2-thread-909,3845008176700,3845328311500,false,
TXN-FILE_LOCK-00972,REQ-SIM-00972,-,CUS-00972,FSI-00167,1,FILE_LOCK,pool-2-thread-972,3845009468600,3845328320100,false,
TXN-FILE_LOCK-00835,REQ-SIM-00835,-,CUS-00835,FSI-00167,1,FILE_LOCK,pool-2-thread-835,3845006592600,3845328345300,false,
TXN-FILE_LOCK-00927,REQ-SIM-00927,-,CUS-00927,FSI-00167,1,FILE_LOCK,pool-2-thread-927,3845008527300,3845328357100,false,
TXN-FILE_LOCK-00641,REQ-SIM-00641,-,CUS-00641,FSI-00167,1,FILE_LOCK,pool-2-thread-641,3845002445300,3845328381900,false,
TXN-FILE_LOCK-00970,REQ-SIM-00970,-,CUS-00970,FSI-00167,1,FILE_LOCK,pool-2-thread-970,3845009441200,3845328452200,false,
TXN-FILE_LOCK-00324,REQ-SIM-00324,SIM-FILE_LOCK-00324,CUS-00324,FSI-00167,1,FILE_LOCK,pool-2-thread-324,3844995223900,3845328489400,true,
TXN-FILE_LOCK-00964,REQ-SIM-00964,-,CUS-00964,FSI-00167,1,FILE_LOCK,pool-2-thread-964,3845009327700,3845328559800,false,
TXN-FILE_LOCK-00899,REQ-SIM-00899,-,CUS-00899,FSI-00167,1,FILE_LOCK,pool-2-thread-899,3845008009200,3845328564300,false,
TXN-FILE_LOCK-00337,REQ-SIM-00337,SIM-FILE_LOCK-00337,CUS-00337,FSI-00167,1,FILE_LOCK,pool-2-thread-337,3844995481600,3845328592100,true,
TXN-FILE_LOCK-00881,REQ-SIM-00881,-,CUS-00881,FSI-00167,1,FILE_LOCK,pool-2-thread-881,3845007664500,3845328662900,false,
TXN-FILE_LOCK-00334,REQ-SIM-00334,SIM-FILE_LOCK-00334,CUS-00334,FSI-00167,1,FILE_LOCK,pool-2-thread-334,3844995427700,3845328799100,true,
TXN-FILE_LOCK-00204,REQ-SIM-00204,SIM-FILE_LOCK-00204,CUS-00204,FSI-00167,1,FILE_LOCK,pool-2-thread-204,3844992937600,3845328799000,true,
TXN-FILE_LOCK-00578,REQ-SIM-00578,SIM-FILE_LOCK-00578,CUS-00578,FSI-00167,1,FILE_LOCK,pool-2-thread-578,3845001121600,3845328833200,true,
TXN-FILE_LOCK-00336,REQ-SIM-00336,SIM-FILE_LOCK-00336,CUS-00336,FSI-00167,1,FILE_LOCK,pool-2-thread-336,3844995467600,3845329227400,true,
TXN-FILE_LOCK-00359,REQ-SIM-00359,SIM-FILE_LOCK-00359,CUS-00359,FSI-00167,1,FILE_LOCK,pool-2-thread-359,3844995984500,3845330320700,true,
TXN-FILE_LOCK-00514,REQ-SIM-00514,SIM-FILE_LOCK-00514,CUS-00514,FSI-00167,1,FILE_LOCK,pool-2-thread-514,3844999534700,3845331403600,true,
TXN-FILE_LOCK-00343,REQ-SIM-00343,SIM-FILE_LOCK-00343,CUS-00343,FSI-00167,1,FILE_LOCK,pool-2-thread-343,3844995626200,3845332812400,true,
TXN-FILE_LOCK-00348,REQ-SIM-00348,SIM-FILE_LOCK-00348,CUS-00348,FSI-00167,1,FILE_LOCK,pool-2-thread-348,3844995758400,3845333988500,true,
TXN-FILE_LOCK-00361,REQ-SIM-00361,SIM-FILE_LOCK-00361,CUS-00361,FSI-00167,1,FILE_LOCK,pool-2-thread-361,3844996036300,3845335514600,true,
TXN-FILE_LOCK-00366,REQ-SIM-00366,SIM-FILE_LOCK-00366,CUS-00366,FSI-00167,1,FILE_LOCK,pool-2-thread-366,3844996120600,3845336576100,true,
TXN-FILE_LOCK-00360,REQ-SIM-00360,SIM-FILE_LOCK-00360,CUS-00360,FSI-00167,1,FILE_LOCK,pool-2-thread-360,3844996021200,3845337728700,true,
TXN-FILE_LOCK-00355,REQ-SIM-00355,SIM-FILE_LOCK-00355,CUS-00355,FSI-00167,1,FILE_LOCK,pool-2-thread-355,3844995931600,3845338804400,true,
TXN-FILE_LOCK-00372,REQ-SIM-00372,SIM-FILE_LOCK-00372,CUS-00372,FSI-00167,1,FILE_LOCK,pool-2-thread-372,3844996243700,3845340184000,true,
TXN-FILE_LOCK-00379,REQ-SIM-00379,SIM-FILE_LOCK-00379,CUS-00379,FSI-00167,1,FILE_LOCK,pool-2-thread-379,3844996369400,3845341191600,true,
TXN-FILE_LOCK-00385,REQ-SIM-00385,SIM-FILE_LOCK-00385,CUS-00385,FSI-00167,1,FILE_LOCK,pool-2-thread-385,3844996456300,3845342253700,true,
TXN-FILE_LOCK-00373,REQ-SIM-00373,SIM-FILE_LOCK-00373,CUS-00373,FSI-00167,1,FILE_LOCK,pool-2-thread-373,3844996258300,3845343286500,true,
TXN-FILE_LOCK-00391,REQ-SIM-00391,SIM-FILE_LOCK-00391,CUS-00391,FSI-00167,1,FILE_LOCK,pool-2-thread-391,3844996587700,3845344387700,true,
TXN-FILE_LOCK-00740,REQ-SIM-00740,-,CUS-00740,FSI-00167,1,FILE_LOCK,pool-2-thread-740,3845004575800,3845344846400,false,
TXN-FILE_LOCK-00276,REQ-SIM-00276,SIM-FILE_LOCK-00276,CUS-00276,FSI-00167,1,FILE_LOCK,pool-2-thread-276,3844994328700,3845345389700,true,
TXN-FILE_LOCK-00384,REQ-SIM-00384,SIM-FILE_LOCK-00384,CUS-00384,FSI-00167,1,FILE_LOCK,pool-2-thread-384,3844996441800,3845346473900,true,
TXN-FILE_LOCK-00378,REQ-SIM-00378,SIM-FILE_LOCK-00378,CUS-00378,FSI-00167,1,FILE_LOCK,pool-2-thread-378,3844996325900,3845347484900,true,
TXN-FILE_LOCK-00427,REQ-SIM-00427,SIM-FILE_LOCK-00427,CUS-00427,FSI-00167,1,FILE_LOCK,pool-2-thread-427,3844997352900,3845348503200,true,
TXN-FILE_LOCK-00414,REQ-SIM-00414,SIM-FILE_LOCK-00414,CUS-00414,FSI-00167,1,FILE_LOCK,pool-2-thread-414,3844997070500,3845349518000,true,
TXN-SYNCHRONIZED-00001,REQ-SIM-00001,SIM-SYNCHRONIZED-00001,CUS-00001,FSI-00167,1,SYNCHRONIZED,pool-3-thread-1,3845474587900,3845503126800,true,
TXN-SYNCHRONIZED-00004,REQ-SIM-00004,SIM-SYNCHRONIZED-00004,CUS-00004,FSI-00167,1,SYNCHRONIZED,pool-3-thread-4,3845474594600,3845523054900,true,
TXN-SYNCHRONIZED-00003,REQ-SIM-00003,SIM-SYNCHRONIZED-00003,CUS-00003,FSI-00167,1,SYNCHRONIZED,pool-3-thread-3,3845474607700,3845544139000,true,
TXN-SYNCHRONIZED-00002,REQ-SIM-00002,SIM-SYNCHRONIZED-00002,CUS-00002,FSI-00167,1,SYNCHRONIZED,pool-3-thread-2,3845474619300,3845562475100,true,
TXN-SYNCHRONIZED-00006,REQ-SIM-00006,SIM-SYNCHRONIZED-00006,CUS-00006,FSI-00167,1,SYNCHRONIZED,pool-3-thread-6,3845474640400,3845614298900,true,
TXN-SYNCHRONIZED-00005,REQ-SIM-00005,SIM-SYNCHRONIZED-00005,CUS-00005,FSI-00167,1,SYNCHRONIZED,pool-3-thread-5,3845474631900,3845640656200,true,
TXN-SYNCHRONIZED-00009,REQ-SIM-00009,SIM-SYNCHRONIZED-00009,CUS-00009,FSI-00167,1,SYNCHRONIZED,pool-3-thread-9,3845474655200,3845666300700,true,
TXN-SYNCHRONIZED-00007,REQ-SIM-00007,SIM-SYNCHRONIZED-00007,CUS-00007,FSI-00167,1,SYNCHRONIZED,pool-3-thread-7,3845474673900,3845681095400,true,
TXN-SYNCHRONIZED-00008,REQ-SIM-00008,SIM-SYNCHRONIZED-00008,CUS-00008,FSI-00167,1,SYNCHRONIZED,pool-3-thread-8,3845474666300,3845695780100,true,
TXN-SYNCHRONIZED-00010,REQ-SIM-00010,SIM-SYNCHRONIZED-00010,CUS-00010,FSI-00167,1,SYNCHRONIZED,pool-3-thread-10,3845474684000,3845710738000,true,
TXN-SYNCHRONIZED-00011,REQ-SIM-00011,SIM-SYNCHRONIZED-00011,CUS-00011,FSI-00167,1,SYNCHRONIZED,pool-3-thread-11,3845474694100,3845724765800,true,
TXN-SYNCHRONIZED-00012,REQ-SIM-00012,SIM-SYNCHRONIZED-00012,CUS-00012,FSI-00167,1,SYNCHRONIZED,pool-3-thread-12,3845474713500,3845739497400,true,
TXN-SYNCHRONIZED-00015,REQ-SIM-00015,SIM-SYNCHRONIZED-00015,CUS-00015,FSI-00167,1,SYNCHRONIZED,pool-3-thread-15,3845474732500,3845754111800,true,
TXN-SYNCHRONIZED-00014,REQ-SIM-00014,SIM-SYNCHRONIZED-00014,CUS-00014,FSI-00167,1,SYNCHRONIZED,pool-3-thread-14,3845474740700,3845768668000,true,
TXN-SYNCHRONIZED-00013,REQ-SIM-00013,SIM-SYNCHRONIZED-00013,CUS-00013,FSI-00167,1,SYNCHRONIZED,pool-3-thread-13,3845474760500,3845783321500,true,
TXN-SYNCHRONIZED-00016,REQ-SIM-00016,SIM-SYNCHRONIZED-00016,CUS-00016,FSI-00167,1,SYNCHRONIZED,pool-3-thread-16,3845474767600,3845798288100,true,
TXN-SYNCHRONIZED-00017,REQ-SIM-00017,SIM-SYNCHRONIZED-00017,CUS-00017,FSI-00167,1,SYNCHRONIZED,pool-3-thread-17,3845474777400,3845813955000,true,
TXN-SYNCHRONIZED-00018,REQ-SIM-00018,SIM-SYNCHRONIZED-00018,CUS-00018,FSI-00167,1,SYNCHRONIZED,pool-3-thread-18,3845474785500,3845829037900,true,
TXN-SYNCHRONIZED-00019,REQ-SIM-00019,SIM-SYNCHRONIZED-00019,CUS-00019,FSI-00167,1,SYNCHRONIZED,pool-3-thread-19,3845474796200,3845844490400,true,
TXN-SYNCHRONIZED-00020,REQ-SIM-00020,SIM-SYNCHRONIZED-00020,CUS-00020,FSI-00167,1,SYNCHRONIZED,pool-3-thread-20,3845474806900,3845859826100,true,
TXN-SYNCHRONIZED-00021,REQ-SIM-00021,SIM-SYNCHRONIZED-00021,CUS-00021,FSI-00167,1,SYNCHRONIZED,pool-3-thread-21,3845474818100,3845875067500,true,
TXN-SYNCHRONIZED-00022,REQ-SIM-00022,SIM-SYNCHRONIZED-00022,CUS-00022,FSI-00167,1,SYNCHRONIZED,pool-3-thread-22,3845474828800,3845890115400,true,
TXN-SYNCHRONIZED-00024,REQ-SIM-00024,SIM-SYNCHRONIZED-00024,CUS-00024,FSI-00167,1,SYNCHRONIZED,pool-3-thread-24,3845474837500,3845905228200,true,
TXN-SYNCHRONIZED-00023,REQ-SIM-00023,SIM-SYNCHRONIZED-00023,CUS-00023,FSI-00167,1,SYNCHRONIZED,pool-3-thread-23,3845474851300,3845920768300,true,
TXN-SYNCHRONIZED-00025,REQ-SIM-00025,SIM-SYNCHRONIZED-00025,CUS-00025,FSI-00167,1,SYNCHRONIZED,pool-3-thread-25,3845474859500,3845943418300,true,
TXN-SYNCHRONIZED-00026,REQ-SIM-00026,SIM-SYNCHRONIZED-00026,CUS-00026,FSI-00167,1,SYNCHRONIZED,pool-3-thread-26,3845474872300,3845958610800,true,
TXN-SYNCHRONIZED-00027,REQ-SIM-00027,SIM-SYNCHRONIZED-00027,CUS-00027,FSI-00167,1,SYNCHRONIZED,pool-3-thread-27,3845474881200,3845974073500,true,
TXN-SYNCHRONIZED-00028,REQ-SIM-00028,SIM-SYNCHRONIZED-00028,CUS-00028,FSI-00167,1,SYNCHRONIZED,pool-3-thread-28,3845474890600,3845989164800,true,
TXN-SYNCHRONIZED-00029,REQ-SIM-00029,SIM-SYNCHRONIZED-00029,CUS-00029,FSI-00167,1,SYNCHRONIZED,pool-3-thread-29,3845474899500,3846004079300,true,
TXN-SYNCHRONIZED-00030,REQ-SIM-00030,SIM-SYNCHRONIZED-00030,CUS-00030,FSI-00167,1,SYNCHRONIZED,pool-3-thread-30,3845474919500,3846018538900,true,
TXN-SYNCHRONIZED-00031,REQ-SIM-00031,SIM-SYNCHRONIZED-00031,CUS-00031,FSI-00167,1,SYNCHRONIZED,pool-3-thread-31,3845474932700,3846033184200,true,
TXN-SYNCHRONIZED-00032,REQ-SIM-00032,SIM-SYNCHRONIZED-00032,CUS-00032,FSI-00167,1,SYNCHRONIZED,pool-3-thread-32,3845474942100,3846047975200,true,
TXN-SYNCHRONIZED-00033,REQ-SIM-00033,SIM-SYNCHRONIZED-00033,CUS-00033,FSI-00167,1,SYNCHRONIZED,pool-3-thread-33,3845474951700,3846064089600,true,
TXN-SYNCHRONIZED-00034,REQ-SIM-00034,SIM-SYNCHRONIZED-00034,CUS-00034,FSI-00167,1,SYNCHRONIZED,pool-3-thread-34,3845474958900,3846079438700,true,
TXN-SYNCHRONIZED-00035,REQ-SIM-00035,SIM-SYNCHRONIZED-00035,CUS-00035,FSI-00167,1,SYNCHRONIZED,pool-3-thread-35,3845474988000,3846094727200,true,
TXN-SYNCHRONIZED-00036,REQ-SIM-00036,SIM-SYNCHRONIZED-00036,CUS-00036,FSI-00167,1,SYNCHRONIZED,pool-3-thread-36,3845474998600,3846109957100,true,
TXN-SYNCHRONIZED-00037,REQ-SIM-00037,SIM-SYNCHRONIZED-00037,CUS-00037,FSI-00167,1,SYNCHRONIZED,pool-3-thread-37,3845475011100,3846124982500,true,
TXN-SYNCHRONIZED-00038,REQ-SIM-00038,SIM-SYNCHRONIZED-00038,CUS-00038,FSI-00167,1,SYNCHRONIZED,pool-3-thread-38,3845475027200,3846139542900,true,
TXN-SYNCHRONIZED-00039,REQ-SIM-00039,SIM-SYNCHRONIZED-00039,CUS-00039,FSI-00167,1,SYNCHRONIZED,pool-3-thread-39,3845475038200,3846154144800,true,
TXN-SYNCHRONIZED-00040,REQ-SIM-00040,SIM-SYNCHRONIZED-00040,CUS-00040,FSI-00167,1,SYNCHRONIZED,pool-3-thread-40,3845475049400,3846167832800,true,
TXN-SYNCHRONIZED-00041,REQ-SIM-00041,SIM-SYNCHRONIZED-00041,CUS-00041,FSI-00167,1,SYNCHRONIZED,pool-3-thread-41,3845475060000,3846180709400,true,
TXN-SYNCHRONIZED-00042,REQ-SIM-00042,SIM-SYNCHRONIZED-00042,CUS-00042,FSI-00167,1,SYNCHRONIZED,pool-3-thread-42,3845475069200,3846193580100,true,
TXN-SYNCHRONIZED-00043,REQ-SIM-00043,SIM-SYNCHRONIZED-00043,CUS-00043,FSI-00167,1,SYNCHRONIZED,pool-3-thread-43,3845475082500,3846206241200,true,
TXN-SYNCHRONIZED-00044,REQ-SIM-00044,SIM-SYNCHRONIZED-00044,CUS-00044,FSI-00167,1,SYNCHRONIZED,pool-3-thread-44,3845475096200,3846219363500,true,
TXN-SYNCHRONIZED-00045,REQ-SIM-00045,SIM-SYNCHRONIZED-00045,CUS-00045,FSI-00167,1,SYNCHRONIZED,pool-3-thread-45,3845475106500,3846232683700,true,
TXN-SYNCHRONIZED-00046,REQ-SIM-00046,SIM-SYNCHRONIZED-00046,CUS-00046,FSI-00167,1,SYNCHRONIZED,pool-3-thread-46,3845475115800,3846247104900,true,
TXN-SYNCHRONIZED-00047,REQ-SIM-00047,SIM-SYNCHRONIZED-00047,CUS-00047,FSI-00167,1,SYNCHRONIZED,pool-3-thread-47,3845475132200,3846260711300,true,
TXN-SYNCHRONIZED-00048,REQ-SIM-00048,SIM-SYNCHRONIZED-00048,CUS-00048,FSI-00167,1,SYNCHRONIZED,pool-3-thread-48,3845475142300,3846274799000,true,
TXN-SYNCHRONIZED-00049,REQ-SIM-00049,SIM-SYNCHRONIZED-00049,CUS-00049,FSI-00167,1,SYNCHRONIZED,pool-3-thread-49,3845475153100,3846293029300,true,
TXN-SYNCHRONIZED-00050,REQ-SIM-00050,SIM-SYNCHRONIZED-00050,CUS-00050,FSI-00167,1,SYNCHRONIZED,pool-3-thread-50,3845475162700,3846309156800,true,
TXN-SYNCHRONIZED-00051,REQ-SIM-00051,SIM-SYNCHRONIZED-00051,CUS-00051,FSI-00167,1,SYNCHRONIZED,pool-3-thread-51,3845475173300,3846324994000,true,
TXN-SYNCHRONIZED-00052,REQ-SIM-00052,SIM-SYNCHRONIZED-00052,CUS-00052,FSI-00167,1,SYNCHRONIZED,pool-3-thread-52,3845475182900,3846340073900,true,
TXN-SYNCHRONIZED-00053,REQ-SIM-00053,SIM-SYNCHRONIZED-00053,CUS-00053,FSI-00167,1,SYNCHRONIZED,pool-3-thread-53,3845475193300,3846355279100,true,
TXN-SYNCHRONIZED-00054,REQ-SIM-00054,SIM-SYNCHRONIZED-00054,CUS-00054,FSI-00167,1,SYNCHRONIZED,pool-3-thread-54,3845475202000,3846369915500,true,
TXN-SYNCHRONIZED-00055,REQ-SIM-00055,SIM-SYNCHRONIZED-00055,CUS-00055,FSI-00167,1,SYNCHRONIZED,pool-3-thread-55,3845475212600,3846384408900,true,
TXN-SYNCHRONIZED-00056,REQ-SIM-00056,SIM-SYNCHRONIZED-00056,CUS-00056,FSI-00167,1,SYNCHRONIZED,pool-3-thread-56,3845475225600,3846398208600,true,
TXN-SYNCHRONIZED-00057,REQ-SIM-00057,SIM-SYNCHRONIZED-00057,CUS-00057,FSI-00167,1,SYNCHRONIZED,pool-3-thread-57,3845475235500,3846411846300,true,
TXN-SYNCHRONIZED-00058,REQ-SIM-00058,SIM-SYNCHRONIZED-00058,CUS-00058,FSI-00167,1,SYNCHRONIZED,pool-3-thread-58,3845475245100,3846425164500,true,
TXN-SYNCHRONIZED-00059,REQ-SIM-00059,SIM-SYNCHRONIZED-00059,CUS-00059,FSI-00167,1,SYNCHRONIZED,pool-3-thread-59,3845475261900,3846438801300,true,
TXN-SYNCHRONIZED-00060,REQ-SIM-00060,SIM-SYNCHRONIZED-00060,CUS-00060,FSI-00167,1,SYNCHRONIZED,pool-3-thread-60,3845475272900,3846452505500,true,
TXN-SYNCHRONIZED-00061,REQ-SIM-00061,SIM-SYNCHRONIZED-00061,CUS-00061,FSI-00167,1,SYNCHRONIZED,pool-3-thread-61,3845475283300,3846466116500,true,
TXN-SYNCHRONIZED-00062,REQ-SIM-00062,SIM-SYNCHRONIZED-00062,CUS-00062,FSI-00167,1,SYNCHRONIZED,pool-3-thread-62,3845475302200,3846479910000,true,
TXN-SYNCHRONIZED-00063,REQ-SIM-00063,SIM-SYNCHRONIZED-00063,CUS-00063,FSI-00167,1,SYNCHRONIZED,pool-3-thread-63,3845475311600,3846493339000,true,
TXN-SYNCHRONIZED-00064,REQ-SIM-00064,SIM-SYNCHRONIZED-00064,CUS-00064,FSI-00167,1,SYNCHRONIZED,pool-3-thread-64,3845475321300,3846506699400,true,
TXN-SYNCHRONIZED-00065,REQ-SIM-00065,SIM-SYNCHRONIZED-00065,CUS-00065,FSI-00167,1,SYNCHRONIZED,pool-3-thread-65,3845475330800,3846520539800,true,
TXN-SYNCHRONIZED-00066,REQ-SIM-00066,SIM-SYNCHRONIZED-00066,CUS-00066,FSI-00167,1,SYNCHRONIZED,pool-3-thread-66,3845475341200,3846534886200,true,
TXN-SYNCHRONIZED-00067,REQ-SIM-00067,SIM-SYNCHRONIZED-00067,CUS-00067,FSI-00167,1,SYNCHRONIZED,pool-3-thread-67,3845475349600,3846549979000,true,
TXN-SYNCHRONIZED-00068,REQ-SIM-00068,SIM-SYNCHRONIZED-00068,CUS-00068,FSI-00167,1,SYNCHRONIZED,pool-3-thread-68,3845475359600,3846564747200,true,
TXN-SYNCHRONIZED-00069,REQ-SIM-00069,SIM-SYNCHRONIZED-00069,CUS-00069,FSI-00167,1,SYNCHRONIZED,pool-3-thread-69,3845475368900,3846579549000,true,
TXN-SYNCHRONIZED-00070,REQ-SIM-00070,SIM-SYNCHRONIZED-00070,CUS-00070,FSI-00167,1,SYNCHRONIZED,pool-3-thread-70,3845475378600,3846594086800,true,
TXN-SYNCHRONIZED-00071,REQ-SIM-00071,SIM-SYNCHRONIZED-00071,CUS-00071,FSI-00167,1,SYNCHRONIZED,pool-3-thread-71,3845475389400,3846608722800,true,
TXN-SYNCHRONIZED-00072,REQ-SIM-00072,SIM-SYNCHRONIZED-00072,CUS-00072,FSI-00167,1,SYNCHRONIZED,pool-3-thread-72,3845475399700,3846623702600,true,
TXN-SYNCHRONIZED-00073,REQ-SIM-00073,SIM-SYNCHRONIZED-00073,CUS-00073,FSI-00167,1,SYNCHRONIZED,pool-3-thread-73,3845475409500,3846638279200,true,
TXN-SYNCHRONIZED-00074,REQ-SIM-00074,SIM-SYNCHRONIZED-00074,CUS-00074,FSI-00167,1,SYNCHRONIZED,pool-3-thread-74,3845475419900,3846652608700,true,
TXN-SYNCHRONIZED-00075,REQ-SIM-00075,SIM-SYNCHRONIZED-00075,CUS-00075,FSI-00167,1,SYNCHRONIZED,pool-3-thread-75,3845475430300,3846673081300,true,
TXN-SYNCHRONIZED-00076,REQ-SIM-00076,SIM-SYNCHRONIZED-00076,CUS-00076,FSI-00167,1,SYNCHRONIZED,pool-3-thread-76,3845475439500,3846690314800,true,
TXN-SYNCHRONIZED-00077,REQ-SIM-00077,SIM-SYNCHRONIZED-00077,CUS-00077,FSI-00167,1,SYNCHRONIZED,pool-3-thread-77,3845475448400,3846704846200,true,
TXN-SYNCHRONIZED-00078,REQ-SIM-00078,SIM-SYNCHRONIZED-00078,CUS-00078,FSI-00167,1,SYNCHRONIZED,pool-3-thread-78,3845475459100,3846719196900,true,
TXN-SYNCHRONIZED-00079,REQ-SIM-00079,SIM-SYNCHRONIZED-00079,CUS-00079,FSI-00167,1,SYNCHRONIZED,pool-3-thread-79,3845475470100,3846733250800,true,
TXN-SYNCHRONIZED-00080,REQ-SIM-00080,SIM-SYNCHRONIZED-00080,CUS-00080,FSI-00167,1,SYNCHRONIZED,pool-3-thread-80,3845475478300,3846746567200,true,
TXN-SYNCHRONIZED-00081,REQ-SIM-00081,SIM-SYNCHRONIZED-00081,CUS-00081,FSI-00167,1,SYNCHRONIZED,pool-3-thread-81,3845475490400,3846759808400,true,
TXN-SYNCHRONIZED-00082,REQ-SIM-00082,SIM-SYNCHRONIZED-00082,CUS-00082,FSI-00167,1,SYNCHRONIZED,pool-3-thread-82,3845475500000,3846773656800,true,
TXN-SYNCHRONIZED-00083,REQ-SIM-00083,SIM-SYNCHRONIZED-00083,CUS-00083,FSI-00167,1,SYNCHRONIZED,pool-3-thread-83,3845475509300,3846787039900,true,
TXN-SYNCHRONIZED-00084,REQ-SIM-00084,SIM-SYNCHRONIZED-00084,CUS-00084,FSI-00167,1,SYNCHRONIZED,pool-3-thread-84,3845475519900,3846805613400,true,
TXN-SYNCHRONIZED-00085,REQ-SIM-00085,SIM-SYNCHRONIZED-00085,CUS-00085,FSI-00167,1,SYNCHRONIZED,pool-3-thread-85,3845475528800,3846819710500,true,
TXN-SYNCHRONIZED-00086,REQ-SIM-00086,SIM-SYNCHRONIZED-00086,CUS-00086,FSI-00167,1,SYNCHRONIZED,pool-3-thread-86,3845475540500,3846834272000,true,
TXN-SYNCHRONIZED-00087,REQ-SIM-00087,SIM-SYNCHRONIZED-00087,CUS-00087,FSI-00167,1,SYNCHRONIZED,pool-3-thread-87,3845475551300,3846848009400,true,
TXN-SYNCHRONIZED-00088,REQ-SIM-00088,SIM-SYNCHRONIZED-00088,CUS-00088,FSI-00167,1,SYNCHRONIZED,pool-3-thread-88,3845475560500,3846861537100,true,
TXN-SYNCHRONIZED-00089,REQ-SIM-00089,SIM-SYNCHRONIZED-00089,CUS-00089,FSI-00167,1,SYNCHRONIZED,pool-3-thread-89,3845475569700,3846876122600,true,
TXN-SYNCHRONIZED-00090,REQ-SIM-00090,SIM-SYNCHRONIZED-00090,CUS-00090,FSI-00167,1,SYNCHRONIZED,pool-3-thread-90,3845475578700,3846892177100,true,
TXN-SYNCHRONIZED-00091,REQ-SIM-00091,SIM-SYNCHRONIZED-00091,CUS-00091,FSI-00167,1,SYNCHRONIZED,pool-3-thread-91,3845475587700,3846907228800,true,
TXN-SYNCHRONIZED-00092,REQ-SIM-00092,SIM-SYNCHRONIZED-00092,CUS-00092,FSI-00167,1,SYNCHRONIZED,pool-3-thread-92,3845475597300,3846921501900,true,
TXN-SYNCHRONIZED-00093,REQ-SIM-00093,SIM-SYNCHRONIZED-00093,CUS-00093,FSI-00167,1,SYNCHRONIZED,pool-3-thread-93,3845475609000,3846936253500,true,
TXN-SYNCHRONIZED-00094,REQ-SIM-00094,SIM-SYNCHRONIZED-00094,CUS-00094,FSI-00167,1,SYNCHRONIZED,pool-3-thread-94,3845475620900,3846951146700,true,
TXN-SYNCHRONIZED-00095,REQ-SIM-00095,SIM-SYNCHRONIZED-00095,CUS-00095,FSI-00167,1,SYNCHRONIZED,pool-3-thread-95,3845475630800,3846966325700,true,
TXN-SYNCHRONIZED-00096,REQ-SIM-00096,SIM-SYNCHRONIZED-00096,CUS-00096,FSI-00167,1,SYNCHRONIZED,pool-3-thread-96,3845475644800,3846981306400,true,
TXN-SYNCHRONIZED-00097,REQ-SIM-00097,-,CUS-00097,FSI-00167,1,SYNCHRONIZED,pool-3-thread-97,3845475655800,3846995916600,false,Hết hàng! Sản phẩm Flash Sale 'FSI-00167': yêu cầu 1; còn lại 0
TXN-SYNCHRONIZED-00098,REQ-SIM-00098,-,CUS-00098,FSI-00167,1,SYNCHRONIZED,pool-3-thread-98,3845475668700,3846996278800,false,Hết hàng! Sản phẩm Flash Sale 'FSI-00167': yêu cầu 1; còn lại 0
TXN-SYNCHRONIZED-00099,REQ-SIM-00099,-,CUS-00099,FSI-00167,1,SYNCHRONIZED,pool-3-thread-99,3845475681200,3846996591600,false,Hết hàng! Sản phẩm Flash Sale 'FSI-00167': yêu cầu 1; còn lại 0
TXN-SYNCHRONIZED-00100,REQ-SIM-00100,-,CUS-00100,FSI-00167,1,SYNCHRONIZED,pool-3-thread-100,3845475691900,3846996924800,false,Hết hàng! Sản phẩm Flash Sale 'FSI-00167': yêu cầu 1; còn lại 0
TXN-SYNCHRONIZED-00101,REQ-SIM-00101,-,CUS-00101,FSI-00167,1,SYNCHRONIZED,pool-3-thread-101,3845475701200,3846997413600,false,Hết hàng! Sản phẩm Flash Sale 'FSI-00167': yêu cầu 1; còn lại 0
TXN-SYNCHRONIZED-00102,REQ-SIM-00102,-,CUS-00102,FSI-00167,1,SYNCHRONIZED,pool-3-thread-102,3845475714100,3846997766900,false,Hết hàng! Sản phẩm Flash Sale 'FSI-00167': yêu cầu 1; còn lại 0
TXN-SYNCHRONIZED-00103,REQ-SIM-00103,-,CUS-00103,FSI-00167,1,SYNCHRONIZED,pool-3-thread-103,3845475747700,3846998106900,false,Hết hàng! Sản phẩm Flash Sale 'FSI-00167': yêu cầu 1; còn lại 0
TXN-SYNCHRONIZED-00104,REQ-SIM-00104,-,CUS-00104,FSI-00167,1,SYNCHRONIZED,pool-3-thread-104,3845475771100,3846998412200,false,Hết hàng! Sản phẩm Flash Sale 'FSI-00167': yêu cầu 1; còn lại 0
TXN-SYNCHRONIZED-00105,REQ-SIM-00105,-,CUS-00105,FSI-00167,1,SYNCHRONIZED,pool-3-thread-105,3845475782200,3846998738000,false,Hết hàng! Sản phẩm Flash Sale 'FSI-00167': yêu cầu 1; còn lại 0
TXN-SYNCHRONIZED-00106,REQ-SIM-00106,-,CUS-00106,FSI-00167,1,SYNCHRONIZED,pool-3-thread-106,3845475791300,3846999057000,false,Hết hàng! Sản phẩm Flash Sale 'FSI-00167': yêu cầu 1; còn lại 0
TXN-SYNCHRONIZED-00107,REQ-SIM-00107,-,CUS-00107,FSI-00167,1,SYNCHRONIZED,pool-3-thread-107,3845475801600,3846999373400,false,Hết hàng! Sản phẩm Flash Sale 'FSI-00167': yêu cầu 1; còn lại 0
TXN-SYNCHRONIZED-00108,REQ-SIM-00108,-,CUS-00108,FSI-00167,1,SYNCHRONIZED,pool-3-thread-108,3845475809400,3846999773800,false,Hết hàng! Sản phẩm Flash Sale 'FSI-00167': yêu cầu 1; còn lại 0
TXN-SYNCHRONIZED-00109,REQ-SIM-00109,-,CUS-00109,FSI-00167,1,SYNCHRONIZED,pool-3-thread-109,3845475819700,3847000114600,false,Hết hàng! Sản phẩm Flash Sale 'FSI-00167': yêu cầu 1; còn lại 0
TXN-SYNCHRONIZED-00110,REQ-SIM-00110,-,CUS-00110,FSI-00167,1,SYNCHRONIZED,pool-3-thread-110,3845475827500,3847000422000,false,Hết hàng! Sản phẩm Flash Sale 'FSI-00167': yêu cầu 1; còn lại 0
TXN-SYNCHRONIZED-00111,REQ-SIM-00111,-,CUS-00111,FSI-00167,1,SYNCHRONIZED,pool-3-thread-111,3845475837500,3847000769400,false,Hết hàng! Sản phẩm Flash Sale 'FSI-00167': yêu cầu 1; còn lại 0
TXN-SYNCHRONIZED-00112,REQ-SIM-00112,-,CUS-00112,FSI-00167,1,SYNCHRONIZED,pool-3-thread-112,3845475845500,3847001159600,false,Hết hàng! Sản phẩm Flash Sale 'FSI-00167': yêu cầu 1; còn lại 0
TXN-SYNCHRONIZED-00113,REQ-SIM-00113,-,CUS-00113,FSI-00167,1,SYNCHRONIZED,pool-3-thread-113,3845475854300,3847001521100,false,Hết hàng! Sản phẩm Flash Sale 'FSI-00167': yêu cầu 1; còn lại 0
TXN-SYNCHRONIZED-00114,REQ-SIM-00114,-,CUS-00114,FSI-00167,1,SYNCHRONIZED,pool-3-thread-114,3845475862700,3847001862200,false,Hết hàng! Sản phẩm Flash Sale 'FSI-00167': yêu cầu 1; còn lại 0
TXN-SYNCHRONIZED-00115,REQ-SIM-00115,-,CUS-00115,FSI-00167,1,SYNCHRONIZED,pool-3-thread-115,3845475872800,3847002168800,false,Hết hàng! Sản phẩm Flash Sale 'FSI-00167': yêu cầu 1; còn lại 0
TXN-SYNCHRONIZED-00116,REQ-SIM-00116,-,CUS-00116,FSI-00167,1,SYNCHRONIZED,pool-3-thread-116,3845475881000,3847002475200,false,Hết hàng! Sản phẩm Flash Sale 'FSI-00167': yêu cầu 1; còn lại 0
TXN-SYNCHRONIZED-00117,REQ-SIM-00117,-,CUS-00117,FSI-00167,1,SYNCHRONIZED,pool-3-thread-117,3845475891000,3847002772100,false,Hết hàng! Sản phẩm Flash Sale 'FSI-00167': yêu cầu 1; còn lại 0
TXN-SYNCHRONIZED-00118,REQ-SIM-00118,-,CUS-00118,FSI-00167,1,SYNCHRONIZED,pool-3-thread-118,3845475914900,3847003095400,false,Hết hàng! Sản phẩm Flash Sale 'FSI-00167': yêu cầu 1; còn lại 0
TXN-SYNCHRONIZED-00119,REQ-SIM-00119,-,CUS-00119,FSI-00167,1,SYNCHRONIZED,pool-3-thread-119,3845475922800,3847003375700,false,Hết hàng! Sản phẩm Flash Sale 'FSI-00167': yêu cầu 1; còn lại 0
TXN-SYNCHRONIZED-00120,REQ-SIM-00120,-,CUS-00120,FSI-00167,1,SYNCHRONIZED,pool-3-thread-120,3845475937300,3847003693400,false,Hết hàng! Sản phẩm Flash Sale 'FSI-00167': yêu cầu 1; còn lại 0
TXN-SYNCHRONIZED-00121,REQ-SIM-00121,-,CUS-00121,FSI-00167,1,SYNCHRONIZED,pool-3-thread-121,3845475947600,3847003989400,false,Hết hàng! Sản phẩm Flash Sale 'FSI-00167': yêu cầu 1; còn lại 0
TXN-SYNCHRONIZED-00122,REQ-SIM-00122,-,CUS-00122,FSI-00167,1,SYNCHRONIZED,pool-3-thread-122,3845475956100,3847004283500,false,Hết hàng! Sản phẩm Flash Sale 'FSI-00167': yêu cầu 1; còn lại 0
TXN-SYNCHRONIZED-00123,REQ-SIM-00123,-,CUS-00123,FSI-00167,1,SYNCHRONIZED,pool-3-thread-123,3845475966300,3847004579900,false,Hết hàng! Sản phẩm Flash Sale 'FSI-00167': yêu cầu 1; còn lại 0
TXN-SYNCHRONIZED-00125,REQ-SIM-00125,-,CUS-00125,FSI-00167,1,SYNCHRONIZED,pool-3-thread-125,3845475974700,3847004887700,false,Hết hàng! Sản phẩm Flash Sale 'FSI-00167': yêu cầu 1; còn lại 0
TXN-SYNCHRONIZED-00124,REQ-SIM-00124,-,CUS-00124,FSI-00167,1,SYNCHRONIZED,pool-3-thread-124,3845475983400,3847005207700,false,Hết hàng! Sản phẩm Flash Sale 'FSI-00167': yêu cầu 1; còn lại 0
TXN-SYNCHRONIZED-00127,REQ-SIM-00127,-,CUS-00127,FSI-00167,1,SYNCHRONIZED,pool-3-thread-127,3845475994600,3847005514800,false,Hết hàng! Sản phẩm Flash Sale 'FSI-00167': yêu cầu 1; còn lại 0
TXN-SYNCHRONIZED-00126,REQ-SIM-00126,-,CUS-00126,FSI-00167,1,SYNCHRONIZED,pool-3-thread-126,3845476002300,3847005837100,false,Hết hàng! Sản phẩm Flash Sale 'FSI-00167': yêu cầu 1; còn lại 0
TXN-SYNCHRONIZED-00128,REQ-SIM-00128,-,CUS-00128,FSI-00167,1,SYNCHRONIZED,pool-3-thread-128,3845476010900,3847006167800,false,Hết hàng! Sản phẩm Flash Sale 'FSI-00167': yêu cầu 1; còn lại 0
TXN-SYNCHRONIZED-00129,REQ-SIM-00129,-,CUS-00129,FSI-00167,1,SYNCHRONIZED,pool-3-thread-129,3845476020700,3847006555200,false,Hết hàng! Sản phẩm Flash Sale 'FSI-00167': yêu cầu 1; còn lại 0
TXN-SYNCHRONIZED-00130,REQ-SIM-00130,-,CUS-00130,FSI-00167,1,SYNCHRONIZED,pool-3-thread-130,3845476028900,3847006865300,false,Hết hàng! Sản phẩm Flash Sale 'FSI-00167': yêu cầu 1; còn lại 0
TXN-SYNCHRONIZED-00131,REQ-SIM-00131,-,CUS-00131,FSI-00167,1,SYNCHRONIZED,pool-3-thread-131,3845476046300,3847007204400,false,Hết hàng! Sản phẩm Flash Sale 'FSI-00167': yêu cầu 1; còn lại 0
TXN-SYNCHRONIZED-00132,REQ-SIM-00132,-,CUS-00132,FSI-00167,1,SYNCHRONIZED,pool-3-thread-132,3845476053600,3847007502200,false,Hết hàng! Sản phẩm Flash Sale 'FSI-00167': yêu cầu 1; còn lại 0
TXN-SYNCHRONIZED-00133,REQ-SIM-00133,-,CUS-00133,FSI-00167,1,SYNCHRONIZED,pool-3-thread-133,3845476063500,3847007786600,false,Hết hàng! Sản phẩm Flash Sale 'FSI-00167': yêu cầu 1; còn lại 0
TXN-SYNCHRONIZED-00134,REQ-SIM-00134,-,CUS-00134,FSI-00167,1,SYNCHRONIZED,pool-3-thread-134,3845476070600,3847008128300,false,Hết hàng! Sản phẩm Flash Sale 'FSI-00167': yêu cầu 1; còn lại 0
TXN-SYNCHRONIZED-00135,REQ-SIM-00135,-,CUS-00135,FSI-00167,1,SYNCHRONIZED,pool-3-thread-135,3845476083000,3847008434600,false,Hết hàng! Sản phẩm Flash Sale 'FSI-00167': yêu cầu 1; còn lại 0
TXN-SYNCHRONIZED-00136,REQ-SIM-00136,-,CUS-00136,FSI-00167,1,SYNCHRONIZED,pool-3-thread-136,3845476092800,3847008704600,false,Hết hàng! Sản phẩm Flash Sale 'FSI-00167': yêu cầu 1; còn lại 0
TXN-SYNCHRONIZED-00137,REQ-SIM-00137,-,CUS-00137,FSI-00167,1,SYNCHRONIZED,pool-3-thread-137,3845476101900,3847009019200,false,Hết hàng! Sản phẩm Flash Sale 'FSI-00167': yêu cầu 1; còn lại 0
TXN-SYNCHRONIZED-00138,REQ-SIM-00138,-,CUS-00138,FSI-00167,1,SYNCHRONIZED,pool-3-thread-138,3845476120900,3847009293700,false,Hết hàng! Sản phẩm Flash Sale 'FSI-00167': yêu cầu 1; còn lại 0
TXN-SYNCHRONIZED-00139,REQ-SIM-00139,-,CUS-00139,FSI-00167,1,SYNCHRONIZED,pool-3-thread-139,3845476134100,3847009600800,false,Hết hàng! Sản phẩm Flash Sale 'FSI-00167': yêu cầu 1; còn lại 0
TXN-SYNCHRONIZED-00140,REQ-SIM-00140,-,CUS-00140,FSI-00167,1,SYNCHRONIZED,pool-3-thread-140,3845476142900,3847009889200,false,Hết hàng! Sản phẩm Flash Sale 'FSI-00167': yêu cầu 1; còn lại 0
TXN-SYNCHRONIZED-00141,REQ-SIM-00141,-,CUS-00141,FSI-00167,1,SYNCHRONIZED,pool-3-thread-141,3845476156000,3847010216600,false,Hết hàng! Sản phẩm Flash Sale 'FSI-00167': yêu cầu 1; còn lại 0
TXN-SYNCHRONIZED-00142,REQ-SIM-00142,-,CUS-00142,FSI-00167,1,SYNCHRONIZED,pool-3-thread-142,3845476165100,3847010553200,false,Hết hàng! Sản phẩm Flash Sale 'FSI-00167': yêu cầu 1; còn lại 0
TXN-SYNCHRONIZED-00143,REQ-SIM-00143,-,CUS-00143,FSI-00167,1,SYNCHRONIZED,pool-3-thread-143,3845476176100,3847010853700,false,Hết hàng! Sản phẩm Flash Sale 'FSI-00167': yêu cầu 1; còn lại 0
TXN-SYNCHRONIZED-00144,REQ-SIM-00144,-,CUS-00144,FSI-00167,1,SYNCHRONIZED,pool-3-thread-144,3845476202200,3847011136700,false,Hết hàng! Sản phẩm Flash Sale 'FSI-00167': yêu cầu 1; còn lại 0
TXN-SYNCHRONIZED-00145,REQ-SIM-00145,-,CUS-00145,FSI-00167,1,SYNCHRONIZED,pool-3-thread-145,3845476211700,3847011416500,false,Hết hàng! Sản phẩm Flash Sale 'FSI-00167': yêu cầu 1; còn lại 0
TXN-SYNCHRONIZED-00146,REQ-SIM-00146,-,CUS-00146,FSI-00167,1,SYNCHRONIZED,pool-3-thread-146,3845476225300,3847011691800,false,Hết hàng! Sản phẩm Flash Sale 'FSI-00167': yêu cầu 1; còn lại 0
TXN-SYNCHRONIZED-00147,REQ-SIM-00147,-,CUS-00147,FSI-00167,1,SYNCHRONIZED,pool-3-thread-147,3845476237300,3847011967500,false,Hết hàng! Sản phẩm Flash Sale 'FSI-00167': yêu cầu 1; còn lại 0
TXN-SYNCHRONIZED-00148,REQ-SIM-00148,-,CUS-00148,FSI-00167,1,SYNCHRONIZED,pool-3-thread-148,3845476246600,3847012252700,false,Hết hàng! Sản phẩm Flash Sale 'FSI-00167': yêu cầu 1; còn lại 0
TXN-SYNCHRONIZED-00149,REQ-SIM-00149,-,CUS-00149,FSI-00167,1,SYNCHRONIZED,pool-3-thread-149,3845476257300,3847012521200,false,Hết hàng! Sản phẩm Flash Sale 'FSI-00167': yêu cầu 1; còn lại 0
TXN-SYNCHRONIZED-00150,REQ-SIM-00150,-,CUS-00150,FSI-00167,1,SYNCHRONIZED,pool-3-thread-150,3845476266600,3847012828200,false,Hết hàng! Sản phẩm Flash Sale 'FSI-00167': yêu cầu 1; còn lại 0
TXN-SYNCHRONIZED-00151,REQ-SIM-00151,-,CUS-00151,FSI-00167,1,SYNCHRONIZED,pool-3-thread-151,3845476275400,3847013151200,false,Hết hàng! Sản phẩm Flash Sale 'FSI-00167': yêu cầu 1; còn lại 0
TXN-SYNCHRONIZED-00152,REQ-SIM-00152,-,CUS-00152,FSI-00167,1,SYNCHRONIZED,pool-3-thread-152,3845476285000,3847013419200,false,Hết hàng! Sản phẩm Flash Sale 'FSI-00167': yêu cầu 1; còn lại 0
TXN-SYNCHRONIZED-00153,REQ-SIM-00153,-,CUS-00153,FSI-00167,1,SYNCHRONIZED,pool-3-thread-153,3845476305400,3847013695900,false,Hết hàng! Sản phẩm Flash Sale 'FSI-00167': yêu cầu 1; còn lại 0
TXN-SYNCHRONIZED-00154,REQ-SIM-00154,-,CUS-00154,FSI-00167,1,SYNCHRONIZED,pool-3-thread-154,3845476314400,3847013984300,false,Hết hàng! Sản phẩm Flash Sale 'FSI-00167': yêu cầu 1; còn lại 0
TXN-SYNCHRONIZED-00155,REQ-SIM-00155,-,CUS-00155,FSI-00167,1,SYNCHRONIZED,pool-3-thread-155,3845476334600,3847014263000,false,Hết hàng! Sản phẩm Flash Sale 'FSI-00167': yêu cầu 1; còn lại 0
TXN-SYNCHRONIZED-00156,REQ-SIM-00156,-,CUS-00156,FSI-00167,1,SYNCHRONIZED,pool-3-thread-156,3845476347600,3847014537200,false,Hết hàng! Sản phẩm Flash Sale 'FSI-00167': yêu cầu 1; còn lại 0
TXN-SYNCHRONIZED-00157,REQ-SIM-00157,-,CUS-00157,FSI-00167,1,SYNCHRONIZED,pool-3-thread-157,3845476358100,3847014800600,false,Hết hàng! Sản phẩm Flash Sale 'FSI-00167': yêu cầu 1; còn lại 0
TXN-SYNCHRONIZED-00158,REQ-SIM-00158,-,CUS-00158,FSI-00167,1,SYNCHRONIZED,pool-3-thread-158,3845476367000,3847015074900,false,Hết hàng! Sản phẩm Flash Sale 'FSI-00167': yêu cầu 1; còn lại 0
TXN-SYNCHRONIZED-00159,REQ-SIM-00159,-,CUS-00159,FSI-00167,1,SYNCHRONIZED,pool-3-thread-159,3845476375200,3847015399500,false,Hết hàng! Sản phẩm Flash Sale 'FSI-00167': yêu cầu 1; còn lại 0
TXN-SYNCHRONIZED-00160,REQ-SIM-00160,-,CUS-00160,FSI-00167,1,SYNCHRONIZED,pool-3-thread-160,3845476382500,3847015670200,false,Hết hàng! Sản phẩm Flash Sale 'FSI-00167': yêu cầu 1; còn lại 0
TXN-SYNCHRONIZED-00161,REQ-SIM-00161,-,CUS-00161,FSI-00167,1,SYNCHRONIZED,pool-3-thread-161,3845476389800,3847016006900,false,Hết hàng! Sản phẩm Flash Sale 'FSI-00167': yêu cầu 1; còn lại 0
TXN-SYNCHRONIZED-00162,REQ-SIM-00162,-,CUS-00162,FSI-00167,1,SYNCHRONIZED,pool-3-thread-162,3845476397100,3847016274800,false,Hết hàng! Sản phẩm Flash Sale 'FSI-00167': yêu cầu 1; còn lại 0
TXN-SYNCHRONIZED-00163,REQ-SIM-00163,-,CUS-00163,FSI-00167,1,SYNCHRONIZED,pool-3-thread-163,3845476404300,3847016588400,false,Hết hàng! Sản phẩm Flash Sale 'FSI-00167': yêu cầu 1; còn lại 0
TXN-SYNCHRONIZED-00164,REQ-SIM-00164,-,CUS-00164,FSI-00167,1,SYNCHRONIZED,pool-3-thread-164,3845476412500,3847016874100,false,Hết hàng! Sản phẩm Flash Sale 'FSI-00167': yêu cầu 1; còn lại 0
TXN-SYNCHRONIZED-00165,REQ-SIM-00165,-,CUS-00165,FSI-00167,1,SYNCHRONIZED,pool-3-thread-165,3845476422800,3847017146000,false,Hết hàng! Sản phẩm Flash Sale 'FSI-00167': yêu cầu 1; còn lại 0
TXN-SYNCHRONIZED-00166,REQ-SIM-00166,-,CUS-00166,FSI-00167,1,SYNCHRONIZED,pool-3-thread-166,3845476430500,3847017426900,false,Hết hàng! Sản phẩm Flash Sale 'FSI-00167': yêu cầu 1; còn lại 0
TXN-SYNCHRONIZED-00167,REQ-SIM-00167,-,CUS-00167,FSI-00167,1,SYNCHRONIZED,pool-3-thread-167,3845476440200,3847017704500,false,Hết hàng! Sản phẩm Flash Sale 'FSI-00167': yêu cầu 1; còn lại 0
TXN-SYNCHRONIZED-00168,REQ-SIM-00168,-,CUS-00168,FSI-00167,1,SYNCHRONIZED,pool-3-thread-168,3845476447500,3847017983400,false,Hết hàng! Sản phẩm Flash Sale 'FSI-00167': yêu cầu 1; còn lại 0
TXN-SYNCHRONIZED-00169,REQ-SIM-00169,-,CUS-00169,FSI-00167,1,SYNCHRONIZED,pool-3-thread-169,3845476457100,3847018258300,false,Hết hàng! Sản phẩm Flash Sale 'FSI-00167': yêu cầu 1; còn lại 0
TXN-SYNCHRONIZED-00170,REQ-SIM-00170,-,CUS-00170,FSI-00167,1,SYNCHRONIZED,pool-3-thread-170,3845476477400,3847018538800,false,Hết hàng! Sản phẩm Flash Sale 'FSI-00167': yêu cầu 1; còn lại 0
TXN-SYNCHRONIZED-00171,REQ-SIM-00171,-,CUS-00171,FSI-00167,1,SYNCHRONIZED,pool-3-thread-171,3845476486200,3847018831100,false,Hết hàng! Sản phẩm Flash Sale 'FSI-00167': yêu cầu 1; còn lại 0
TXN-SYNCHRONIZED-00172,REQ-SIM-00172,-,CUS-00172,FSI-00167,1,SYNCHRONIZED,pool-3-thread-172,3845476497800,3847019102300,false,Hết hàng! Sản phẩm Flash Sale 'FSI-00167': yêu cầu 1; còn lại 0
TXN-SYNCHRONIZED-00173,REQ-SIM-00173,-,CUS-00173,FSI-00167,1,SYNCHRONIZED,pool-3-thread-173,3845476506200,3847019365500,false,Hết hàng! Sản phẩm Flash Sale 'FSI-00167': yêu cầu 1; còn lại 0
TXN-SYNCHRONIZED-00174,REQ-SIM-00174,-,CUS-00174,FSI-00167,1,SYNCHRONIZED,pool-3-thread-174,3845476514500,3847019643800,false,Hết hàng! Sản phẩm Flash Sale 'FSI-00167': yêu cầu 1; còn lại 0
TXN-SYNCHRONIZED-00175,REQ-SIM-00175,-,CUS-00175,FSI-00167,1,SYNCHRONIZED,pool-3-thread-175,3845476521700,3847019925500,false,Hết hàng! Sản phẩm Flash Sale 'FSI-00167': yêu cầu 1; còn lại 0
TXN-SYNCHRONIZED-00176,REQ-SIM-00176,-,CUS-00176,FSI-00167,1,SYNCHRONIZED,pool-3-thread-176,3845476532600,3847020184300,false,Hết hàng! Sản phẩm Flash Sale 'FSI-00167': yêu cầu 1; còn lại 0
TXN-SYNCHRONIZED-00177,REQ-SIM-00177,-,CUS-00177,FSI-00167,1,SYNCHRONIZED,pool-3-thread-177,3845476542100,3847020458800,false,Hết hàng! Sản phẩm Flash Sale 'FSI-00167': yêu cầu 1; còn lại 0
TXN-SYNCHRONIZED-00178,REQ-SIM-00178,-,CUS-00178,FSI-00167,1,SYNCHRONIZED,pool-3-thread-178,3845476552500,3847020732200,false,Hết hàng! Sản phẩm Flash Sale 'FSI-00167': yêu cầu 1; còn lại 0
TXN-SYNCHRONIZED-00179,REQ-SIM-00179,-,CUS-00179,FSI-00167,1,SYNCHRONIZED,pool-3-thread-179,3845476564300,3847021007500,false,Hết hàng! Sản phẩm Flash Sale 'FSI-00167': yêu cầu 1; còn lại 0
TXN-SYNCHRONIZED-00180,REQ-SIM-00180,-,CUS-00180,FSI-00167,1,SYNCHRONIZED,pool-3-thread-180,3845476572400,3847021271800,false,Hết hàng! Sản phẩm Flash Sale 'FSI-00167': yêu cầu 1; còn lại 0
TXN-SYNCHRONIZED-00181,REQ-SIM-00181,-,CUS-00181,FSI-00167,1,SYNCHRONIZED,pool-3-thread-181,3845476584200,3847021554000,false,Hết hàng! Sản phẩm Flash Sale 'FSI-00167': yêu cầu 1; còn lại 0
TXN-SYNCHRONIZED-00182,REQ-SIM-00182,-,CUS-00182,FSI-00167,1,SYNCHRONIZED,pool-3-thread-182,3845476594900,3847021820800,false,Hết hàng! Sản phẩm Flash Sale 'FSI-00167': yêu cầu 1; còn lại 0
TXN-SYNCHRONIZED-00183,REQ-SIM-00183,-,CUS-00183,FSI-00167,1,SYNCHRONIZED,pool-3-thread-183,3845476607800,3847022093600,false,Hết hàng! Sản phẩm Flash Sale 'FSI-00167': yêu cầu 1; còn lại 0
TXN-SYNCHRONIZED-00184,REQ-SIM-00184,-,CUS-00184,FSI-00167,1,SYNCHRONIZED,pool-3-thread-184,3845476621900,3847022376700,false,Hết hàng! Sản phẩm Flash Sale 'FSI-00167': yêu cầu 1; còn lại 0
TXN-SYNCHRONIZED-00185,REQ-SIM-00185,-,CUS-00185,FSI-00167,1,SYNCHRONIZED,pool-3-thread-185,3845476631400,3847022669300,false,Hết hàng! Sản phẩm Flash Sale 'FSI-00167': yêu cầu 1; còn lại 0
TXN-SYNCHRONIZED-00186,REQ-SIM-00186,-,CUS-00186,FSI-00167,1,SYNCHRONIZED,pool-3-thread-186,3845476641000,3847022936700,false,Hết hàng! Sản phẩm Flash Sale 'FSI-00167': yêu cầu 1; còn lại 0
TXN-SYNCHRONIZED-00187,REQ-SIM-00187,-,CUS-00187,FSI-00167,1,SYNCHRONIZED,pool-3-thread-187,3845476650600,3847023226000,false,Hết hàng! Sản phẩm Flash Sale 'FSI-00167': yêu cầu 1; còn lại 0
TXN-SYNCHRONIZED-00188,REQ-SIM-00188,-,CUS-00188,FSI-00167,1,SYNCHRONIZED,pool-3-thread-188,3845476662800,3847023484500,false,Hết hàng! Sản phẩm Flash Sale 'FSI-00167': yêu cầu 1; còn lại 0
TXN-SYNCHRONIZED-00189,REQ-SIM-00189,-,CUS-00189,FSI-00167,1,SYNCHRONIZED,pool-3-thread-189,3845476674400,3847023868700,false,Hết hàng! Sản phẩm Flash Sale 'FSI-00167': yêu cầu 1; còn lại 0
TXN-SYNCHRONIZED-00190,REQ-SIM-00190,-,CUS-00190,FSI-00167,1,SYNCHRONIZED,pool-3-thread-190,3845476679700,3847024287200,false,Hết hàng! Sản phẩm Flash Sale 'FSI-00167': yêu cầu 1; còn lại 0
TXN-SYNCHRONIZED-00191,REQ-SIM-00191,-,CUS-00191,FSI-00167,1,SYNCHRONIZED,pool-3-thread-191,3845476688400,3847024554400,false,Hết hàng! Sản phẩm Flash Sale 'FSI-00167': yêu cầu 1; còn lại 0
TXN-SYNCHRONIZED-00192,REQ-SIM-00192,-,CUS-00192,FSI-00167,1,SYNCHRONIZED,pool-3-thread-192,3845476697500,3847024838100,false,Hết hàng! Sản phẩm Flash Sale 'FSI-00167': yêu cầu 1; còn lại 0
TXN-SYNCHRONIZED-00193,REQ-SIM-00193,-,CUS-00193,FSI-00167,1,SYNCHRONIZED,pool-3-thread-193,3845476710200,3847025129000,false,Hết hàng! Sản phẩm Flash Sale 'FSI-00167': yêu cầu 1; còn lại 0
TXN-SYNCHRONIZED-00194,REQ-SIM-00194,-,CUS-00194,FSI-00167,1,SYNCHRONIZED,pool-3-thread-194,3845476722600,3847025393400,false,Hết hàng! Sản phẩm Flash Sale 'FSI-00167': yêu cầu 1; còn lại 0
TXN-SYNCHRONIZED-00195,REQ-SIM-00195,-,CUS-00195,FSI-00167,1,SYNCHRONIZED,pool-3-thread-195,3845476734500,3847025668200,false,Hết hàng! Sản phẩm Flash Sale 'FSI-00167': yêu cầu 1; còn lại 0
TXN-SYNCHRONIZED-00196,REQ-SIM-00196,-,CUS-00196,FSI-00167,1,SYNCHRONIZED,pool-3-thread-196,3845476749400,3847025952900,false,Hết hàng! Sản phẩm Flash Sale 'FSI-00167': yêu cầu 1; còn lại 0
TXN-SYNCHRONIZED-00197,REQ-SIM-00197,-,CUS-00197,FSI-00167,1,SYNCHRONIZED,pool-3-thread-197,3845476759300,3847026259500,false,Hết hàng! Sản phẩm Flash Sale 'FSI-00167': yêu cầu 1; còn lại 0
TXN-SYNCHRONIZED-00198,REQ-SIM-00198,-,CUS-00198,FSI-00167,1,SYNCHRONIZED,pool-3-thread-198,3845476769800,3847026552900,false,Hết hàng! Sản phẩm Flash Sale 'FSI-00167': yêu cầu 1; còn lại 0
TXN-SYNCHRONIZED-00199,REQ-SIM-00199,-,CUS-00199,FSI-00167,1,SYNCHRONIZED,pool-3-thread-199,3845476781500,3847026852900,false,Hết hàng! Sản phẩm Flash Sale 'FSI-00167': yêu cầu 1; còn lại 0
TXN-SYNCHRONIZED-00200,REQ-SIM-00200,-,CUS-00200,FSI-00167,1,SYNCHRONIZED,pool-3-thread-200,3845476793400,3847027164400,false,Hết hàng! Sản phẩm Flash Sale 'FSI-00167': yêu cầu 1; còn lại 0
TXN-SYNCHRONIZED-00201,REQ-SIM-00201,-,CUS-00201,FSI-00167,1,SYNCHRONIZED,pool-3-thread-201,3845476800400,3847027491500,false,Hết hàng! Sản phẩm Flash Sale 'FSI-00167': yêu cầu 1; còn lại 0
TXN-SYNCHRONIZED-00202,REQ-SIM-00202,-,CUS-00202,FSI-00167,1,SYNCHRONIZED,pool-3-thread-202,3845476807500,3847027921900,false,Hết hàng! Sản phẩm Flash Sale 'FSI-00167': yêu cầu 1; còn lại 0
TXN-SYNCHRONIZED-00203,REQ-SIM-00203,-,CUS-00203,FSI-00167,1,SYNCHRONIZED,pool-3-thread-203,3845476815200,3847028206300,false,Hết hàng! Sản phẩm Flash Sale 'FSI-00167': yêu cầu 1; còn lại 0
TXN-SYNCHRONIZED-00204,REQ-SIM-00204,-,CUS-00204,FSI-00167,1,SYNCHRONIZED,pool-3-thread-204,3845476822100,3847028525500,false,Hết hàng! Sản phẩm Flash Sale 'FSI-00167': yêu cầu 1; còn lại 0
TXN-SYNCHRONIZED-00205,REQ-SIM-00205,-,CUS-00205,FSI-00167,1,SYNCHRONIZED,pool-3-thread-205,3845476829200,3847028808900,false,Hết hàng! Sản phẩm Flash Sale 'FSI-00167': yêu cầu 1; còn lại 0
TXN-SYNCHRONIZED-00206,REQ-SIM-00206,-,CUS-00206,FSI-00167,1,SYNCHRONIZED,pool-3-thread-206,3845476837000,3847029086800,false,Hết hàng! Sản phẩm Flash Sale 'FSI-00167': yêu cầu 1; còn lại 0
TXN-SYNCHRONIZED-00207,REQ-SIM-00207,-,CUS-00207,FSI-00167,1,SYNCHRONIZED,pool-3-thread-207,3845476858200,3847029367400,false,Hết hàng! Sản phẩm Flash Sale 'FSI-00167': yêu cầu 1; còn lại 0
TXN-SYNCHRONIZED-00208,REQ-SIM-00208,-,CUS-00208,FSI-00167,1,SYNCHRONIZED,pool-3-thread-208,3845476865100,3847029641400,false,Hết hàng! Sản phẩm Flash Sale 'FSI-00167': yêu cầu 1; còn lại 0
TXN-SYNCHRONIZED-00209,REQ-SIM-00209,-,CUS-00209,FSI-00167,1,SYNCHRONIZED,pool-3-thread-209,3845476873300,3847029904100,false,Hết hàng! Sản phẩm Flash Sale 'FSI-00167': yêu cầu 1; còn lại 0
TXN-SYNCHRONIZED-00210,REQ-SIM-00210,-,CUS-00210,FSI-00167,1,SYNCHRONIZED,pool-3-thread-210,3845476883000,3847030183500,false,Hết hàng! Sản phẩm Flash Sale 'FSI-00167': yêu cầu 1; còn lại 0
TXN-SYNCHRONIZED-00211,REQ-SIM-00211,-,CUS-00211,FSI-00167,1,SYNCHRONIZED,pool-3-thread-211,3845476890500,3847030461800,false,Hết hàng! Sản phẩm Flash Sale 'FSI-00167': yêu cầu 1; còn lại 0
TXN-SYNCHRONIZED-00212,REQ-SIM-00212,-,CUS-00212,FSI-00167,1,SYNCHRONIZED,pool-3-thread-212,3845476897800,3847030743000,false,Hết hàng! Sản phẩm Flash Sale 'FSI-00167': yêu cầu 1; còn lại 0
TXN-SYNCHRONIZED-00213,REQ-SIM-00213,-,CUS-00213,FSI-00167,1,SYNCHRONIZED,pool-3-thread-213,3845476905000,3847031012000,false,Hết hàng! Sản phẩm Flash Sale 'FSI-00167': yêu cầu 1; còn lại 0
TXN-SYNCHRONIZED-00214,REQ-SIM-00214,-,CUS-00214,FSI-00167,1,SYNCHRONIZED,pool-3-thread-214,3845476911900,3847031293200,false,Hết hàng! Sản phẩm Flash Sale 'FSI-00167': yêu cầu 1; còn lại 0
TXN-SYNCHRONIZED-00215,REQ-SIM-00215,-,CUS-00215,FSI-00167,1,SYNCHRONIZED,pool-3-thread-215,3845476921800,3847031576500,false,Hết hàng! Sản phẩm Flash Sale 'FSI-00167': yêu cầu 1; còn lại 0
TXN-SYNCHRONIZED-00216,REQ-SIM-00216,-,CUS-00216,FSI-00167,1,SYNCHRONIZED,pool-3-thread-216,3845476933800,3847031853900,false,Hết hàng! Sản phẩm Flash Sale 'FSI-00167': yêu cầu 1; còn lại 0
TXN-SYNCHRONIZED-00217,REQ-SIM-00217,-,CUS-00217,FSI-00167,1,SYNCHRONIZED,pool-3-thread-217,3845476944100,3847032176500,false,Hết hàng! Sản phẩm Flash Sale 'FSI-00167': yêu cầu 1; còn lại 0
TXN-SYNCHRONIZED-00218,REQ-SIM-00218,-,CUS-00218,FSI-00167,1,SYNCHRONIZED,pool-3-thread-218,3845476954500,3847032456000,false,Hết hàng! Sản phẩm Flash Sale 'FSI-00167': yêu cầu 1; còn lại 0
TXN-SYNCHRONIZED-00219,REQ-SIM-00219,-,CUS-00219,FSI-00167,1,SYNCHRONIZED,pool-3-thread-219,3845476982600,3847032740600,false,Hết hàng! Sản phẩm Flash Sale 'FSI-00167': yêu cầu 1; còn lại 0
TXN-SYNCHRONIZED-00220,REQ-SIM-00220,-,CUS-00220,FSI-00167,1,SYNCHRONIZED,pool-3-thread-220,3845477003100,3847033007600,false,Hết hàng! Sản phẩm Flash Sale 'FSI-00167': yêu cầu 1; còn lại 0
TXN-SYNCHRONIZED-00221,REQ-SIM-00221,-,CUS-00221,FSI-00167,1,SYNCHRONIZED,pool-3-thread-221,3845477013200,3847033347600,false,Hết hàng! Sản phẩm Flash Sale 'FSI-00167': yêu cầu 1; còn lại 0
TXN-SYNCHRONIZED-00222,REQ-SIM-00222,-,CUS-00222,FSI-00167,1,SYNCHRONIZED,pool-3-thread-222,3845477022100,3847033625200,false,Hết hàng! Sản phẩm Flash Sale 'FSI-00167': yêu cầu 1; còn lại 0
TXN-SYNCHRONIZED-00223,REQ-SIM-00223,-,CUS-00223,FSI-00167,1,SYNCHRONIZED,pool-3-thread-223,3845477029500,3847033921800,false,Hết hàng! Sản phẩm Flash Sale 'FSI-00167': yêu cầu 1; còn lại 0
TXN-SYNCHRONIZED-00224,REQ-SIM-00224,-,CUS-00224,FSI-00167,1,SYNCHRONIZED,pool-3-thread-224,3845477038900,3847034188800,false,Hết hàng! Sản phẩm Flash Sale 'FSI-00167': yêu cầu 1; còn lại 0
TXN-SYNCHRONIZED-00225,REQ-SIM-00225,-,CUS-00225,FSI-00167,1,SYNCHRONIZED,pool-3-thread-225,3845477046400,3847034505400,false,Hết hàng! Sản phẩm Flash Sale 'FSI-00167': yêu cầu 1; còn lại 0
TXN-SYNCHRONIZED-00226,REQ-SIM-00226,-,CUS-00226,FSI-00167,1,SYNCHRONIZED,pool-3-thread-226,3845477055600,3847034778500,false,Hết hàng! Sản phẩm Flash Sale 'FSI-00167': yêu cầu 1; còn lại 0
TXN-SYNCHRONIZED-00227,REQ-SIM-00227,-,CUS-00227,FSI-00167,1,SYNCHRONIZED,pool-3-thread-227,3845477063400,3847035042800,false,Hết hàng! Sản phẩm Flash Sale 'FSI-00167': yêu cầu 1; còn lại 0
TXN-SYNCHRONIZED-00228,REQ-SIM-00228,-,CUS-00228,FSI-00167,1,SYNCHRONIZED,pool-3-thread-228,3845477071800,3847035318000,false,Hết hàng! Sản phẩm Flash Sale 'FSI-00167': yêu cầu 1; còn lại 0
TXN-SYNCHRONIZED-00229,REQ-SIM-00229,-,CUS-00229,FSI-00167,1,SYNCHRONIZED,pool-3-thread-229,3845477079400,3847035597700,false,Hết hàng! Sản phẩm Flash Sale 'FSI-00167': yêu cầu 1; còn lại 0
TXN-SYNCHRONIZED-00230,REQ-SIM-00230,-,CUS-00230,FSI-00167,1,SYNCHRONIZED,pool-3-thread-230,3845477086900,3847035863200,false,Hết hàng! Sản phẩm Flash Sale 'FSI-00167': yêu cầu 1; còn lại 0
TXN-SYNCHRONIZED-00231,REQ-SIM-00231,-,CUS-00231,FSI-00167,1,SYNCHRONIZED,pool-3-thread-231,3845477094300,3847036124500,false,Hết hàng! Sản phẩm Flash Sale 'FSI-00167': yêu cầu 1; còn lại 0
TXN-SYNCHRONIZED-00232,REQ-SIM-00232,-,CUS-00232,FSI-00167,1,SYNCHRONIZED,pool-3-thread-232,3845477102100,3847036382300,false,Hết hàng! Sản phẩm Flash Sale 'FSI-00167': yêu cầu 1; còn lại 0
TXN-SYNCHRONIZED-00233,REQ-SIM-00233,-,CUS-00233,FSI-00167,1,SYNCHRONIZED,pool-3-thread-233,3845477109900,3847036646600,false,Hết hàng! Sản phẩm Flash Sale 'FSI-00167': yêu cầu 1; còn lại 0
TXN-SYNCHRONIZED-00234,REQ-SIM-00234,-,CUS-00234,FSI-00167,1,SYNCHRONIZED,pool-3-thread-234,3845477117500,3847036900600,false,Hết hàng! Sản phẩm Flash Sale 'FSI-00167': yêu cầu 1; còn lại 0
TXN-SYNCHRONIZED-00235,REQ-SIM-00235,-,CUS-00235,FSI-00167,1,SYNCHRONIZED,pool-3-thread-235,3845477124700,3847037160900,false,Hết hàng! Sản phẩm Flash Sale 'FSI-00167': yêu cầu 1; còn lại 0
TXN-SYNCHRONIZED-00236,REQ-SIM-00236,-,CUS-00236,FSI-00167,1,SYNCHRONIZED,pool-3-thread-236,3845477132300,3847037417300,false,Hết hàng! Sản phẩm Flash Sale 'FSI-00167': yêu cầu 1; còn lại 0
TXN-SYNCHRONIZED-00237,REQ-SIM-00237,-,CUS-00237,FSI-00167,1,SYNCHRONIZED,pool-3-thread-237,3845477141100,3847037697000,false,Hết hàng! Sản phẩm Flash Sale 'FSI-00167': yêu cầu 1; còn lại 0
TXN-SYNCHRONIZED-00238,REQ-SIM-00238,-,CUS-00238,FSI-00167,1,SYNCHRONIZED,pool-3-thread-238,3845477148600,3847037961300,false,Hết hàng! Sản phẩm Flash Sale 'FSI-00167': yêu cầu 1; còn lại 0
TXN-SYNCHRONIZED-00239,REQ-SIM-00239,-,CUS-00239,FSI-00167,1,SYNCHRONIZED,pool-3-thread-239,3845477156300,3847038222100,false,Hết hàng! Sản phẩm Flash Sale 'FSI-00167': yêu cầu 1; còn lại 0
TXN-SYNCHRONIZED-00240,REQ-SIM-00240,-,CUS-00240,FSI-00167,1,SYNCHRONIZED,pool-3-thread-240,3845477163200,3847038480800,false,Hết hàng! Sản phẩm Flash Sale 'FSI-00167': yêu cầu 1; còn lại 0
TXN-SYNCHRONIZED-00241,REQ-SIM-00241,-,CUS-00241,FSI-00167,1,SYNCHRONIZED,pool-3-thread-241,3845477170100,3847038745100,false,Hết hàng! Sản phẩm Flash Sale 'FSI-00167': yêu cầu 1; còn lại 0
TXN-SYNCHRONIZED-00242,REQ-SIM-00242,-,CUS-00242,FSI-00167,1,SYNCHRONIZED,pool-3-thread-242,3845477180300,3847039007400,false,Hết hàng! Sản phẩm Flash Sale 'FSI-00167': yêu cầu 1; còn lại 0
TXN-SYNCHRONIZED-00243,REQ-SIM-00243,-,CUS-00243,FSI-00167,1,SYNCHRONIZED,pool-3-thread-243,3845477188300,3847039271900,false,Hết hàng! Sản phẩm Flash Sale 'FSI-00167': yêu cầu 1; còn lại 0
TXN-SYNCHRONIZED-00244,REQ-SIM-00244,-,CUS-00244,FSI-00167,1,SYNCHRONIZED,pool-3-thread-244,3845477197400,3847039538100,false,Hết hàng! Sản phẩm Flash Sale 'FSI-00167': yêu cầu 1; còn lại 0
TXN-SYNCHRONIZED-00245,REQ-SIM-00245,-,CUS-00245,FSI-00167,1,SYNCHRONIZED,pool-3-thread-245,3845477204700,3847039811400,false,Hết hàng! Sản phẩm Flash Sale 'FSI-00167': yêu cầu 1; còn lại 0
TXN-SYNCHRONIZED-00246,REQ-SIM-00246,-,CUS-00246,FSI-00167,1,SYNCHRONIZED,pool-3-thread-246,3845477212400,3847040064800,false,Hết hàng! Sản phẩm Flash Sale 'FSI-00167': yêu cầu 1; còn lại 0
TXN-SYNCHRONIZED-00247,REQ-SIM-00247,-,CUS-00247,FSI-00167,1,SYNCHRONIZED,pool-3-thread-247,3845477221400,3847040328900,false,Hết hàng! Sản phẩm Flash Sale 'FSI-00167': yêu cầu 1; còn lại 0
TXN-SYNCHRONIZED-00248,REQ-SIM-00248,-,CUS-00248,FSI-00167,1,SYNCHRONIZED,pool-3-thread-248,3845477228500,3847040620100,false,Hết hàng! Sản phẩm Flash Sale 'FSI-00167': yêu cầu 1; còn lại 0
TXN-SYNCHRONIZED-00249,REQ-SIM-00249,-,CUS-00249,FSI-00167,1,SYNCHRONIZED,pool-3-thread-249,3845477236100,3847040883000,false,Hết hàng! Sản phẩm Flash Sale 'FSI-00167': yêu cầu 1; còn lại 0
TXN-SYNCHRONIZED-00250,REQ-SIM-00250,-,CUS-00250,FSI-00167,1,SYNCHRONIZED,pool-3-thread-250,3845477243200,3847041150300,false,Hết hàng! Sản phẩm Flash Sale 'FSI-00167': yêu cầu 1; còn lại 0
TXN-SYNCHRONIZED-00251,REQ-SIM-00251,-,CUS-00251,FSI-00167,1,SYNCHRONIZED,pool-3-thread-251,3845477250800,3847041428900,false,Hết hàng! Sản phẩm Flash Sale 'FSI-00167': yêu cầu 1; còn lại 0
TXN-SYNCHRONIZED-00252,REQ-SIM-00252,-,CUS-00252,FSI-00167,1,SYNCHRONIZED,pool-3-thread-252,3845477258300,3847041688400,false,Hết hàng! Sản phẩm Flash Sale 'FSI-00167': yêu cầu 1; còn lại 0
TXN-SYNCHRONIZED-00253,REQ-SIM-00253,-,CUS-00253,FSI-00167,1,SYNCHRONIZED,pool-3-thread-253,3845477266100,3847041954400,false,Hết hàng! Sản phẩm Flash Sale 'FSI-00167': yêu cầu 1; còn lại 0
TXN-SYNCHRONIZED-00254,REQ-SIM-00254,-,CUS-00254,FSI-00167,1,SYNCHRONIZED,pool-3-thread-254,3845477272900,3847042232600,false,Hết hàng! Sản phẩm Flash Sale 'FSI-00167': yêu cầu 1; còn lại 0
TXN-SYNCHRONIZED-00255,REQ-SIM-00255,-,CUS-00255,FSI-00167,1,SYNCHRONIZED,pool-3-thread-255,3845477279500,3847042520500,false,Hết hàng! Sản phẩm Flash Sale 'FSI-00167': yêu cầu 1; còn lại 0
TXN-SYNCHRONIZED-00257,REQ-SIM-00257,-,CUS-00257,FSI-00167,1,SYNCHRONIZED,pool-3-thread-257,3845477297000,3847042817400,false,Hết hàng! Sản phẩm Flash Sale 'FSI-00167': yêu cầu 1; còn lại 0
TXN-SYNCHRONIZED-00256,REQ-SIM-00256,-,CUS-00256,FSI-00167,1,SYNCHRONIZED,pool-3-thread-256,3845477287100,3847043138000,false,Hết hàng! Sản phẩm Flash Sale 'FSI-00167': yêu cầu 1; còn lại 0
TXN-SYNCHRONIZED-00258,REQ-SIM-00258,-,CUS-00258,FSI-00167,1,SYNCHRONIZED,pool-3-thread-258,3845477308700,3847043417600,false,Hết hàng! Sản phẩm Flash Sale 'FSI-00167': yêu cầu 1; còn lại 0
TXN-SYNCHRONIZED-00259,REQ-SIM-00259,-,CUS-00259,FSI-00167,1,SYNCHRONIZED,pool-3-thread-259,3845477324100,3847043739700,false,Hết hàng! Sản phẩm Flash Sale 'FSI-00167': yêu cầu 1; còn lại 0
TXN-SYNCHRONIZED-00260,REQ-SIM-00260,-,CUS-00260,FSI-00167,1,SYNCHRONIZED,pool-3-thread-260,3845477333700,3847044005700,false,Hết hàng! Sản phẩm Flash Sale 'FSI-00167': yêu cầu 1; còn lại 0
TXN-SYNCHRONIZED-00261,REQ-SIM-00261,-,CUS-00261,FSI-00167,1,SYNCHRONIZED,pool-3-thread-261,3845477341700,3847044259000,false,Hết hàng! Sản phẩm Flash Sale 'FSI-00167': yêu cầu 1; còn lại 0
TXN-SYNCHRONIZED-00262,REQ-SIM-00262,-,CUS-00262,FSI-00167,1,SYNCHRONIZED,pool-3-thread-262,3845477350200,3847044547900,false,Hết hàng! Sản phẩm Flash Sale 'FSI-00167': yêu cầu 1; còn lại 0
TXN-SYNCHRONIZED-00263,REQ-SIM-00263,-,CUS-00263,FSI-00167,1,SYNCHRONIZED,pool-3-thread-263,3845477358300,3847044805500,false,Hết hàng! Sản phẩm Flash Sale 'FSI-00167': yêu cầu 1; còn lại 0
TXN-SYNCHRONIZED-00264,REQ-SIM-00264,-,CUS-00264,FSI-00167,1,SYNCHRONIZED,pool-3-thread-264,3845477366500,3847045057200,false,Hết hàng! Sản phẩm Flash Sale 'FSI-00167': yêu cầu 1; còn lại 0
TXN-SYNCHRONIZED-00265,REQ-SIM-00265,-,CUS-00265,FSI-00167,1,SYNCHRONIZED,pool-3-thread-265,3845477374400,3847045370400,false,Hết hàng! Sản phẩm Flash Sale 'FSI-00167': yêu cầu 1; còn lại 0
TXN-SYNCHRONIZED-00266,REQ-SIM-00266,-,CUS-00266,FSI-00167,1,SYNCHRONIZED,pool-3-thread-266,3845477385900,3847045625300,false,Hết hàng! Sản phẩm Flash Sale 'FSI-00167': yêu cầu 1; còn lại 0
TXN-SYNCHRONIZED-00267,REQ-SIM-00267,-,CUS-00267,FSI-00167,1,SYNCHRONIZED,pool-3-thread-267,3845477393000,3847045882100,false,Hết hàng! Sản phẩm Flash Sale 'FSI-00167': yêu cầu 1; còn lại 0
TXN-SYNCHRONIZED-00268,REQ-SIM-00268,-,CUS-00268,FSI-00167,1,SYNCHRONIZED,pool-3-thread-268,3845477403900,3847046138700,false,Hết hàng! Sản phẩm Flash Sale 'FSI-00167': yêu cầu 1; còn lại 0
TXN-SYNCHRONIZED-00269,REQ-SIM-00269,-,CUS-00269,FSI-00167,1,SYNCHRONIZED,pool-3-thread-269,3845477412100,3847046418200,false,Hết hàng! Sản phẩm Flash Sale 'FSI-00167': yêu cầu 1; còn lại 0
TXN-SYNCHRONIZED-00270,REQ-SIM-00270,-,CUS-00270,FSI-00167,1,SYNCHRONIZED,pool-3-thread-270,3845477422500,3847046669600,false,Hết hàng! Sản phẩm Flash Sale 'FSI-00167': yêu cầu 1; còn lại 0
TXN-SYNCHRONIZED-00271,REQ-SIM-00271,-,CUS-00271,FSI-00167,1,SYNCHRONIZED,pool-3-thread-271,3845477430200,3847046931900,false,Hết hàng! Sản phẩm Flash Sale 'FSI-00167': yêu cầu 1; còn lại 0
TXN-SYNCHRONIZED-00272,REQ-SIM-00272,-,CUS-00272,FSI-00167,1,SYNCHRONIZED,pool-3-thread-272,3845477440800,3847047187800,false,Hết hàng! Sản phẩm Flash Sale 'FSI-00167': yêu cầu 1; còn lại 0
TXN-SYNCHRONIZED-00273,REQ-SIM-00273,-,CUS-00273,FSI-00167,1,SYNCHRONIZED,pool-3-thread-273,3845477449000,3847047454500,false,Hết hàng! Sản phẩm Flash Sale 'FSI-00167': yêu cầu 1; còn lại 0
TXN-SYNCHRONIZED-00274,REQ-SIM-00274,-,CUS-00274,FSI-00167,1,SYNCHRONIZED,pool-3-thread-274,3845477458200,3847047723400,false,Hết hàng! Sản phẩm Flash Sale 'FSI-00167': yêu cầu 1; còn lại 0
TXN-SYNCHRONIZED-00275,REQ-SIM-00275,-,CUS-00275,FSI-00167,1,SYNCHRONIZED,pool-3-thread-275,3845477465900,3847047980400,false,Hết hàng! Sản phẩm Flash Sale 'FSI-00167': yêu cầu 1; còn lại 0
TXN-SYNCHRONIZED-00276,REQ-SIM-00276,-,CUS-00276,FSI-00167,1,SYNCHRONIZED,pool-3-thread-276,3845477476100,3847048230400,false,Hết hàng! Sản phẩm Flash Sale 'FSI-00167': yêu cầu 1; còn lại 0
TXN-SYNCHRONIZED-00277,REQ-SIM-00277,-,CUS-00277,FSI-00167,1,SYNCHRONIZED,pool-3-thread-277,3845477484700,3847048483100,false,Hết hàng! Sản phẩm Flash Sale 'FSI-00167': yêu cầu 1; còn lại 0
TXN-SYNCHRONIZED-00278,REQ-SIM-00278,-,CUS-00278,FSI-00167,1,SYNCHRONIZED,pool-3-thread-278,3845477497000,3847048746000,false,Hết hàng! Sản phẩm Flash Sale 'FSI-00167': yêu cầu 1; còn lại 0
TXN-SYNCHRONIZED-00279,REQ-SIM-00279,-,CUS-00279,FSI-00167,1,SYNCHRONIZED,pool-3-thread-279,3845477506300,3847049023600,false,Hết hàng! Sản phẩm Flash Sale 'FSI-00167': yêu cầu 1; còn lại 0
TXN-SYNCHRONIZED-00280,REQ-SIM-00280,-,CUS-00280,FSI-00167,1,SYNCHRONIZED,pool-3-thread-280,3845477515200,3847049290900,false,Hết hàng! Sản phẩm Flash Sale 'FSI-00167': yêu cầu 1; còn lại 0
TXN-SYNCHRONIZED-00281,REQ-SIM-00281,-,CUS-00281,FSI-00167,1,SYNCHRONIZED,pool-3-thread-281,3845477523500,3847049541700,false,Hết hàng! Sản phẩm Flash Sale 'FSI-00167': yêu cầu 1; còn lại 0
TXN-SYNCHRONIZED-00282,REQ-SIM-00282,-,CUS-00282,FSI-00167,1,SYNCHRONIZED,pool-3-thread-282,3845477532800,3847049799400,false,Hết hàng! Sản phẩm Flash Sale 'FSI-00167': yêu cầu 1; còn lại 0
TXN-SYNCHRONIZED-00283,REQ-SIM-00283,-,CUS-00283,FSI-00167,1,SYNCHRONIZED,pool-3-thread-283,3845477540400,3847050104700,false,Hết hàng! Sản phẩm Flash Sale 'FSI-00167': yêu cầu 1; còn lại 0
TXN-SYNCHRONIZED-00284,REQ-SIM-00284,-,CUS-00284,FSI-00167,1,SYNCHRONIZED,pool-3-thread-284,3845477550500,3847050359000,false,Hết hàng! Sản phẩm Flash Sale 'FSI-00167': yêu cầu 1; còn lại 0
TXN-SYNCHRONIZED-00285,REQ-SIM-00285,-,CUS-00285,FSI-00167,1,SYNCHRONIZED,pool-3-thread-285,3845477559000,3847050622000,false,Hết hàng! Sản phẩm Flash Sale 'FSI-00167': yêu cầu 1; còn lại 0
TXN-SYNCHRONIZED-00286,REQ-SIM-00286,-,CUS-00286,FSI-00167,1,SYNCHRONIZED,pool-3-thread-286,3845477567900,3847050877700,false,Hết hàng! Sản phẩm Flash Sale 'FSI-00167': yêu cầu 1; còn lại 0
TXN-SYNCHRONIZED-00287,REQ-SIM-00287,-,CUS-00287,FSI-00167,1,SYNCHRONIZED,pool-3-thread-287,3845477575400,3847051129900,false,Hết hàng! Sản phẩm Flash Sale 'FSI-00167': yêu cầu 1; còn lại 0
TXN-SYNCHRONIZED-00288,REQ-SIM-00288,-,CUS-00288,FSI-00167,1,SYNCHRONIZED,pool-3-thread-288,3845477583700,3847051375000,false,Hết hàng! Sản phẩm Flash Sale 'FSI-00167': yêu cầu 1; còn lại 0
TXN-SYNCHRONIZED-00289,REQ-SIM-00289,-,CUS-00289,FSI-00167,1,SYNCHRONIZED,pool-3-thread-289,3845477591200,3847051634200,false,Hết hàng! Sản phẩm Flash Sale 'FSI-00167': yêu cầu 1; còn lại 0
TXN-SYNCHRONIZED-00290,REQ-SIM-00290,-,CUS-00290,FSI-00167,1,SYNCHRONIZED,pool-3-thread-290,3845477601800,3847051883000,false,Hết hàng! Sản phẩm Flash Sale 'FSI-00167': yêu cầu 1; còn lại 0
TXN-SYNCHRONIZED-00291,REQ-SIM-00291,-,CUS-00291,FSI-00167,1,SYNCHRONIZED,pool-3-thread-291,3845477608800,3847052136900,false,Hết hàng! Sản phẩm Flash Sale 'FSI-00167': yêu cầu 1; còn lại 0
TXN-SYNCHRONIZED-00292,REQ-SIM-00292,-,CUS-00292,FSI-00167,1,SYNCHRONIZED,pool-3-thread-292,3845477670000,3847052384700,false,Hết hàng! Sản phẩm Flash Sale 'FSI-00167': yêu cầu 1; còn lại 0
TXN-SYNCHRONIZED-00293,REQ-SIM-00293,-,CUS-00293,FSI-00167,1,SYNCHRONIZED,pool-3-thread-293,3845477682900,3847052631900,false,Hết hàng! Sản phẩm Flash Sale 'FSI-00167': yêu cầu 1; còn lại 0
TXN-SYNCHRONIZED-00294,REQ-SIM-00294,-,CUS-00294,FSI-00167,1,SYNCHRONIZED,pool-3-thread-294,3845477701200,3847052900900,false,Hết hàng! Sản phẩm Flash Sale 'FSI-00167': yêu cầu 1; còn lại 0
TXN-SYNCHRONIZED-00295,REQ-SIM-00295,-,CUS-00295,FSI-00167,1,SYNCHRONIZED,pool-3-thread-295,3845477712100,3847053146000,false,Hết hàng! Sản phẩm Flash Sale 'FSI-00167': yêu cầu 1; còn lại 0
TXN-SYNCHRONIZED-00296,REQ-SIM-00296,-,CUS-00296,FSI-00167,1,SYNCHRONIZED,pool-3-thread-296,3845477726100,3847053485600,false,Hết hàng! Sản phẩm Flash Sale 'FSI-00167': yêu cầu 1; còn lại 0
TXN-SYNCHRONIZED-00297,REQ-SIM-00297,-,CUS-00297,FSI-00167,1,SYNCHRONIZED,pool-3-thread-297,3845477737100,3847053748800,false,Hết hàng! Sản phẩm Flash Sale 'FSI-00167': yêu cầu 1; còn lại 0
TXN-SYNCHRONIZED-00298,REQ-SIM-00298,-,CUS-00298,FSI-00167,1,SYNCHRONIZED,pool-3-thread-298,3845477753900,3847053997700,false,Hết hàng! Sản phẩm Flash Sale 'FSI-00167': yêu cầu 1; còn lại 0
TXN-SYNCHRONIZED-00299,REQ-SIM-00299,-,CUS-00299,FSI-00167,1,SYNCHRONIZED,pool-3-thread-299,3845477775300,3847054256100,false,Hết hàng! Sản phẩm Flash Sale 'FSI-00167': yêu cầu 1; còn lại 0
TXN-SYNCHRONIZED-00300,REQ-SIM-00300,-,CUS-00300,FSI-00167,1,SYNCHRONIZED,pool-3-thread-300,3845477785300,3847054524400,false,Hết hàng! Sản phẩm Flash Sale 'FSI-00167': yêu cầu 1; còn lại 0
TXN-SYNCHRONIZED-00301,REQ-SIM-00301,-,CUS-00301,FSI-00167,1,SYNCHRONIZED,pool-3-thread-301,3845477802000,3847054823500,false,Hết hàng! Sản phẩm Flash Sale 'FSI-00167': yêu cầu 1; còn lại 0
TXN-SYNCHRONIZED-00302,REQ-SIM-00302,-,CUS-00302,FSI-00167,1,SYNCHRONIZED,pool-3-thread-302,3845477815500,3847055103600,false,Hết hàng! Sản phẩm Flash Sale 'FSI-00167': yêu cầu 1; còn lại 0
TXN-SYNCHRONIZED-00303,REQ-SIM-00303,-,CUS-00303,FSI-00167,1,SYNCHRONIZED,pool-3-thread-303,3845477827900,3847055368200,false,Hết hàng! Sản phẩm Flash Sale 'FSI-00167': yêu cầu 1; còn lại 0
TXN-SYNCHRONIZED-00304,REQ-SIM-00304,-,CUS-00304,FSI-00167,1,SYNCHRONIZED,pool-3-thread-304,3845477837000,3847055628700,false,Hết hàng! Sản phẩm Flash Sale 'FSI-00167': yêu cầu 1; còn lại 0
TXN-SYNCHRONIZED-00305,REQ-SIM-00305,-,CUS-00305,FSI-00167,1,SYNCHRONIZED,pool-3-thread-305,3845477849300,3847055885300,false,Hết hàng! Sản phẩm Flash Sale 'FSI-00167': yêu cầu 1; còn lại 0
TXN-SYNCHRONIZED-00306,REQ-SIM-00306,-,CUS-00306,FSI-00167,1,SYNCHRONIZED,pool-3-thread-306,3845477861000,3847056145800,false,Hết hàng! Sản phẩm Flash Sale 'FSI-00167': yêu cầu 1; còn lại 0
TXN-SYNCHRONIZED-00307,REQ-SIM-00307,-,CUS-00307,FSI-00167,1,SYNCHRONIZED,pool-3-thread-307,3845477868700,3847056405000,false,Hết hàng! Sản phẩm Flash Sale 'FSI-00167': yêu cầu 1; còn lại 0
TXN-SYNCHRONIZED-00308,REQ-SIM-00308,-,CUS-00308,FSI-00167,1,SYNCHRONIZED,pool-3-thread-308,3845477880100,3847056683000,false,Hết hàng! Sản phẩm Flash Sale 'FSI-00167': yêu cầu 1; còn lại 0
TXN-SYNCHRONIZED-00309,REQ-SIM-00309,-,CUS-00309,FSI-00167,1,SYNCHRONIZED,pool-3-thread-309,3845477890900,3847056962200,false,Hết hàng! Sản phẩm Flash Sale 'FSI-00167': yêu cầu 1; còn lại 0
TXN-SYNCHRONIZED-00310,REQ-SIM-00310,-,CUS-00310,FSI-00167,1,SYNCHRONIZED,pool-3-thread-310,3845477902900,3847057253700,false,Hết hàng! Sản phẩm Flash Sale 'FSI-00167': yêu cầu 1; còn lại 0
TXN-SYNCHRONIZED-00311,REQ-SIM-00311,-,CUS-00311,FSI-00167,1,SYNCHRONIZED,pool-3-thread-311,3845477910800,3847057554400,false,Hết hàng! Sản phẩm Flash Sale 'FSI-00167': yêu cầu 1; còn lại 0
TXN-SYNCHRONIZED-00312,REQ-SIM-00312,-,CUS-00312,FSI-00167,1,SYNCHRONIZED,pool-3-thread-312,3845477928400,3847057817500,false,Hết hàng! Sản phẩm Flash Sale 'FSI-00167': yêu cầu 1; còn lại 0
TXN-SYNCHRONIZED-00313,REQ-SIM-00313,-,CUS-00313,FSI-00167,1,SYNCHRONIZED,pool-3-thread-313,3845477935900,3847058069300,false,Hết hàng! Sản phẩm Flash Sale 'FSI-00167': yêu cầu 1; còn lại 0
TXN-SYNCHRONIZED-00314,REQ-SIM-00314,-,CUS-00314,FSI-00167,1,SYNCHRONIZED,pool-3-thread-314,3845477945800,3847058323000,false,Hết hàng! Sản phẩm Flash Sale 'FSI-00167': yêu cầu 1; còn lại 0
TXN-SYNCHRONIZED-00315,REQ-SIM-00315,-,CUS-00315,FSI-00167,1,SYNCHRONIZED,pool-3-thread-315,3845477953200,3847058577200,false,Hết hàng! Sản phẩm Flash Sale 'FSI-00167': yêu cầu 1; còn lại 0
TXN-SYNCHRONIZED-00316,REQ-SIM-00316,-,CUS-00316,FSI-00167,1,SYNCHRONIZED,pool-3-thread-316,3845477971200,3847058825200,false,Hết hàng! Sản phẩm Flash Sale 'FSI-00167': yêu cầu 1; còn lại 0
TXN-SYNCHRONIZED-00317,REQ-SIM-00317,-,CUS-00317,FSI-00167,1,SYNCHRONIZED,pool-3-thread-317,3845477985200,3847059073400,false,Hết hàng! Sản phẩm Flash Sale 'FSI-00167': yêu cầu 1; còn lại 0
TXN-SYNCHRONIZED-00318,REQ-SIM-00318,-,CUS-00318,FSI-00167,1,SYNCHRONIZED,pool-3-thread-318,3845477994500,3847059321200,false,Hết hàng! Sản phẩm Flash Sale 'FSI-00167': yêu cầu 1; còn lại 0
TXN-SYNCHRONIZED-00319,REQ-SIM-00319,-,CUS-00319,FSI-00167,1,SYNCHRONIZED,pool-3-thread-319,3845478002700,3847059596000,false,Hết hàng! Sản phẩm Flash Sale 'FSI-00167': yêu cầu 1; còn lại 0
TXN-SYNCHRONIZED-00320,REQ-SIM-00320,-,CUS-00320,FSI-00167,1,SYNCHRONIZED,pool-3-thread-320,3845478011200,3847059883900,false,Hết hàng! Sản phẩm Flash Sale 'FSI-00167': yêu cầu 1; còn lại 0
TXN-SYNCHRONIZED-00321,REQ-SIM-00321,-,CUS-00321,FSI-00167,1,SYNCHRONIZED,pool-3-thread-321,3845478019600,3847060131800,false,Hết hàng! Sản phẩm Flash Sale 'FSI-00167': yêu cầu 1; còn lại 0
TXN-SYNCHRONIZED-00322,REQ-SIM-00322,-,CUS-00322,FSI-00167,1,SYNCHRONIZED,pool-3-thread-322,3845478028600,3847060388600,false,Hết hàng! Sản phẩm Flash Sale 'FSI-00167': yêu cầu 1; còn lại 0
TXN-SYNCHRONIZED-00323,REQ-SIM-00323,-,CUS-00323,FSI-00167,1,SYNCHRONIZED,pool-3-thread-323,3845478036100,3847060639500,false,Hết hàng! Sản phẩm Flash Sale 'FSI-00167': yêu cầu 1; còn lại 0
TXN-SYNCHRONIZED-00324,REQ-SIM-00324,-,CUS-00324,FSI-00167,1,SYNCHRONIZED,pool-3-thread-324,3845478045800,3847060906500,false,Hết hàng! Sản phẩm Flash Sale 'FSI-00167': yêu cầu 1; còn lại 0
TXN-SYNCHRONIZED-00325,REQ-SIM-00325,-,CUS-00325,FSI-00167,1,SYNCHRONIZED,pool-3-thread-325,3845478056900,3847061155700,false,Hết hàng! Sản phẩm Flash Sale 'FSI-00167': yêu cầu 1; còn lại 0
TXN-SYNCHRONIZED-00326,REQ-SIM-00326,-,CUS-00326,FSI-00167,1,SYNCHRONIZED,pool-3-thread-326,3845478065800,3847061410200,false,Hết hàng! Sản phẩm Flash Sale 'FSI-00167': yêu cầu 1; còn lại 0
TXN-SYNCHRONIZED-00327,REQ-SIM-00327,-,CUS-00327,FSI-00167,1,SYNCHRONIZED,pool-3-thread-327,3845478073800,3847061669500,false,Hết hàng! Sản phẩm Flash Sale 'FSI-00167': yêu cầu 1; còn lại 0
TXN-SYNCHRONIZED-00328,REQ-SIM-00328,-,CUS-00328,FSI-00167,1,SYNCHRONIZED,pool-3-thread-328,3845478084200,3847061917600,false,Hết hàng! Sản phẩm Flash Sale 'FSI-00167': yêu cầu 1; còn lại 0
TXN-SYNCHRONIZED-00329,REQ-SIM-00329,-,CUS-00329,FSI-00167,1,SYNCHRONIZED,pool-3-thread-329,3845478091000,3847062166100,false,Hết hàng! Sản phẩm Flash Sale 'FSI-00167': yêu cầu 1; còn lại 0
TXN-SYNCHRONIZED-00330,REQ-SIM-00330,-,CUS-00330,FSI-00167,1,SYNCHRONIZED,pool-3-thread-330,3845478101600,3847062424400,false,Hết hàng! Sản phẩm Flash Sale 'FSI-00167': yêu cầu 1; còn lại 0
TXN-SYNCHRONIZED-00331,REQ-SIM-00331,-,CUS-00331,FSI-00167,1,SYNCHRONIZED,pool-3-thread-331,3845478111600,3847062694000,false,Hết hàng! Sản phẩm Flash Sale 'FSI-00167': yêu cầu 1; còn lại 0
TXN-SYNCHRONIZED-00332,REQ-SIM-00332,-,CUS-00332,FSI-00167,1,SYNCHRONIZED,pool-3-thread-332,3845478120400,3847062949600,false,Hết hàng! Sản phẩm Flash Sale 'FSI-00167': yêu cầu 1; còn lại 0
TXN-SYNCHRONIZED-00333,REQ-SIM-00333,-,CUS-00333,FSI-00167,1,SYNCHRONIZED,pool-3-thread-333,3845478129000,3847063229100,false,Hết hàng! Sản phẩm Flash Sale 'FSI-00167': yêu cầu 1; còn lại 0
TXN-SYNCHRONIZED-00334,REQ-SIM-00334,-,CUS-00334,FSI-00167,1,SYNCHRONIZED,pool-3-thread-334,3845478138700,3847063473200,false,Hết hàng! Sản phẩm Flash Sale 'FSI-00167': yêu cầu 1; còn lại 0
TXN-SYNCHRONIZED-00335,REQ-SIM-00335,-,CUS-00335,FSI-00167,1,SYNCHRONIZED,pool-3-thread-335,3845478147400,3847063723000,false,Hết hàng! Sản phẩm Flash Sale 'FSI-00167': yêu cầu 1; còn lại 0
TXN-SYNCHRONIZED-00336,REQ-SIM-00336,-,CUS-00336,FSI-00167,1,SYNCHRONIZED,pool-3-thread-336,3845478156800,3847063974200,false,Hết hàng! Sản phẩm Flash Sale 'FSI-00167': yêu cầu 1; còn lại 0
TXN-SYNCHRONIZED-00337,REQ-SIM-00337,-,CUS-00337,FSI-00167,1,SYNCHRONIZED,pool-3-thread-337,3845478164200,3847064231800,false,Hết hàng! Sản phẩm Flash Sale 'FSI-00167': yêu cầu 1; còn lại 0
TXN-SYNCHRONIZED-00338,REQ-SIM-00338,-,CUS-00338,FSI-00167,1,SYNCHRONIZED,pool-3-thread-338,3845478173200,3847064481000,false,Hết hàng! Sản phẩm Flash Sale 'FSI-00167': yêu cầu 1; còn lại 0
TXN-SYNCHRONIZED-00339,REQ-SIM-00339,-,CUS-00339,FSI-00167,1,SYNCHRONIZED,pool-3-thread-339,3845478180400,3847064731100,false,Hết hàng! Sản phẩm Flash Sale 'FSI-00167': yêu cầu 1; còn lại 0
TXN-SYNCHRONIZED-00340,REQ-SIM-00340,-,CUS-00340,FSI-00167,1,SYNCHRONIZED,pool-3-thread-340,3845478189900,3847064994800,false,Hết hàng! Sản phẩm Flash Sale 'FSI-00167': yêu cầu 1; còn lại 0
TXN-SYNCHRONIZED-00341,REQ-SIM-00341,-,CUS-00341,FSI-00167,1,SYNCHRONIZED,pool-3-thread-341,3845478197200,3847065242600,false,Hết hàng! Sản phẩm Flash Sale 'FSI-00167': yêu cầu 1; còn lại 0
TXN-SYNCHRONIZED-00342,REQ-SIM-00342,-,CUS-00342,FSI-00167,1,SYNCHRONIZED,pool-3-thread-342,3845478205600,3847065508400,false,Hết hàng! Sản phẩm Flash Sale 'FSI-00167': yêu cầu 1; còn lại 0
TXN-SYNCHRONIZED-00343,REQ-SIM-00343,-,CUS-00343,FSI-00167,1,SYNCHRONIZED,pool-3-thread-343,3845478212900,3847065760300,false,Hết hàng! Sản phẩm Flash Sale 'FSI-00167': yêu cầu 1; còn lại 0
TXN-SYNCHRONIZED-00344,REQ-SIM-00344,-,CUS-00344,FSI-00167,1,SYNCHRONIZED,pool-3-thread-344,3845478231600,3847066042300,false,Hết hàng! Sản phẩm Flash Sale 'FSI-00167': yêu cầu 1; còn lại 0
TXN-SYNCHRONIZED-00345,REQ-SIM-00345,-,CUS-00345,FSI-00167,1,SYNCHRONIZED,pool-3-thread-345,3845478239700,3847066308100,false,Hết hàng! Sản phẩm Flash Sale 'FSI-00167': yêu cầu 1; còn lại 0
TXN-SYNCHRONIZED-00346,REQ-SIM-00346,-,CUS-00346,FSI-00167,1,SYNCHRONIZED,pool-3-thread-346,3845478248300,3847066566100,false,Hết hàng! Sản phẩm Flash Sale 'FSI-00167': yêu cầu 1; còn lại 0
TXN-SYNCHRONIZED-00347,REQ-SIM-00347,-,CUS-00347,FSI-00167,1,SYNCHRONIZED,pool-3-thread-347,3845478256800,3847066872600,false,Hết hàng! Sản phẩm Flash Sale 'FSI-00167': yêu cầu 1; còn lại 0
TXN-SYNCHRONIZED-00348,REQ-SIM-00348,-,CUS-00348,FSI-00167,1,SYNCHRONIZED,pool-3-thread-348,3845478273300,3847067129100,false,Hết hàng! Sản phẩm Flash Sale 'FSI-00167': yêu cầu 1; còn lại 0
TXN-SYNCHRONIZED-00349,REQ-SIM-00349,-,CUS-00349,FSI-00167,1,SYNCHRONIZED,pool-3-thread-349,3845478281200,3847067395400,false,Hết hàng! Sản phẩm Flash Sale 'FSI-00167': yêu cầu 1; còn lại 0
TXN-SYNCHRONIZED-00350,REQ-SIM-00350,-,CUS-00350,FSI-00167,1,SYNCHRONIZED,pool-3-thread-350,3845478291100,3847067640100,false,Hết hàng! Sản phẩm Flash Sale 'FSI-00167': yêu cầu 1; còn lại 0
TXN-SYNCHRONIZED-00351,REQ-SIM-00351,-,CUS-00351,FSI-00167,1,SYNCHRONIZED,pool-3-thread-351,3845478298100,3847067900300,false,Hết hàng! Sản phẩm Flash Sale 'FSI-00167': yêu cầu 1; còn lại 0
TXN-SYNCHRONIZED-00352,REQ-SIM-00352,-,CUS-00352,FSI-00167,1,SYNCHRONIZED,pool-3-thread-352,3845478307500,3847068173800,false,Hết hàng! Sản phẩm Flash Sale 'FSI-00167': yêu cầu 1; còn lại 0
TXN-SYNCHRONIZED-00353,REQ-SIM-00353,-,CUS-00353,FSI-00167,1,SYNCHRONIZED,pool-3-thread-353,3845478315600,3847068419200,false,Hết hàng! Sản phẩm Flash Sale 'FSI-00167': yêu cầu 1; còn lại 0
TXN-SYNCHRONIZED-00354,REQ-SIM-00354,-,CUS-00354,FSI-00167,1,SYNCHRONIZED,pool-3-thread-354,3845478325100,3847068671800,false,Hết hàng! Sản phẩm Flash Sale 'FSI-00167': yêu cầu 1; còn lại 0
TXN-SYNCHRONIZED-00355,REQ-SIM-00355,-,CUS-00355,FSI-00167,1,SYNCHRONIZED,pool-3-thread-355,3845478336400,3847068959800,false,Hết hàng! Sản phẩm Flash Sale 'FSI-00167': yêu cầu 1; còn lại 0
TXN-SYNCHRONIZED-00356,REQ-SIM-00356,-,CUS-00356,FSI-00167,1,SYNCHRONIZED,pool-3-thread-356,3845478346400,3847069226600,false,Hết hàng! Sản phẩm Flash Sale 'FSI-00167': yêu cầu 1; còn lại 0
TXN-SYNCHRONIZED-00357,REQ-SIM-00357,-,CUS-00357,FSI-00167,1,SYNCHRONIZED,pool-3-thread-357,3845478355000,3847069479900,false,Hết hàng! Sản phẩm Flash Sale 'FSI-00167': yêu cầu 1; còn lại 0
TXN-SYNCHRONIZED-00358,REQ-SIM-00358,-,CUS-00358,FSI-00167,1,SYNCHRONIZED,pool-3-thread-358,3845478364100,3847069791800,false,Hết hàng! Sản phẩm Flash Sale 'FSI-00167': yêu cầu 1; còn lại 0
TXN-SYNCHRONIZED-00359,REQ-SIM-00359,-,CUS-00359,FSI-00167,1,SYNCHRONIZED,pool-3-thread-359,3845478371300,3847070054000,false,Hết hàng! Sản phẩm Flash Sale 'FSI-00167': yêu cầu 1; còn lại 0
TXN-SYNCHRONIZED-00360,REQ-SIM-00360,-,CUS-00360,FSI-00167,1,SYNCHRONIZED,pool-3-thread-360,3845478380900,3847070345400,false,Hết hàng! Sản phẩm Flash Sale 'FSI-00167': yêu cầu 1; còn lại 0
TXN-SYNCHRONIZED-00361,REQ-SIM-00361,-,CUS-00361,FSI-00167,1,SYNCHRONIZED,pool-3-thread-361,3845478392600,3847070620500,false,Hết hàng! Sản phẩm Flash Sale 'FSI-00167': yêu cầu 1; còn lại 0
TXN-SYNCHRONIZED-00362,REQ-SIM-00362,-,CUS-00362,FSI-00167,1,SYNCHRONIZED,pool-3-thread-362,3845478398200,3847070890100,false,Hết hàng! Sản phẩm Flash Sale 'FSI-00167': yêu cầu 1; còn lại 0
TXN-SYNCHRONIZED-00363,REQ-SIM-00363,-,CUS-00363,FSI-00167,1,SYNCHRONIZED,pool-3-thread-363,3845478408500,3847071163500,false,Hết hàng! Sản phẩm Flash Sale 'FSI-00167': yêu cầu 1; còn lại 0
TXN-SYNCHRONIZED-00364,REQ-SIM-00364,-,CUS-00364,FSI-00167,1,SYNCHRONIZED,pool-3-thread-364,3845478415600,3847071545900,false,Hết hàng! Sản phẩm Flash Sale 'FSI-00167': yêu cầu 1; còn lại 0
TXN-SYNCHRONIZED-00365,REQ-SIM-00365,-,CUS-00365,FSI-00167,1,SYNCHRONIZED,pool-3-thread-365,3845478431500,3847071816300,false,Hết hàng! Sản phẩm Flash Sale 'FSI-00167': yêu cầu 1; còn lại 0
TXN-SYNCHRONIZED-00366,REQ-SIM-00366,-,CUS-00366,FSI-00167,1,SYNCHRONIZED,pool-3-thread-366,3845478438700,3847072070700,false,Hết hàng! Sản phẩm Flash Sale 'FSI-00167': yêu cầu 1; còn lại 0
TXN-SYNCHRONIZED-00367,REQ-SIM-00367,-,CUS-00367,FSI-00167,1,SYNCHRONIZED,pool-3-thread-367,3845478448300,3847072355400,false,Hết hàng! Sản phẩm Flash Sale 'FSI-00167': yêu cầu 1; còn lại 0
TXN-SYNCHRONIZED-00368,REQ-SIM-00368,-,CUS-00368,FSI-00167,1,SYNCHRONIZED,pool-3-thread-368,3845478456200,3847072610300,false,Hết hàng! Sản phẩm Flash Sale 'FSI-00167': yêu cầu 1; còn lại 0
TXN-SYNCHRONIZED-00369,REQ-SIM-00369,-,CUS-00369,FSI-00167,1,SYNCHRONIZED,pool-3-thread-369,3845478464000,3847072870000,false,Hết hàng! Sản phẩm Flash Sale 'FSI-00167': yêu cầu 1; còn lại 0
TXN-SYNCHRONIZED-00370,REQ-SIM-00370,-,CUS-00370,FSI-00167,1,SYNCHRONIZED,pool-3-thread-370,3845478472000,3847073154100,false,Hết hàng! Sản phẩm Flash Sale 'FSI-00167': yêu cầu 1; còn lại 0
TXN-SYNCHRONIZED-00371,REQ-SIM-00371,-,CUS-00371,FSI-00167,1,SYNCHRONIZED,pool-3-thread-371,3845478479300,3847073412300,false,Hết hàng! Sản phẩm Flash Sale 'FSI-00167': yêu cầu 1; còn lại 0
TXN-SYNCHRONIZED-00372,REQ-SIM-00372,-,CUS-00372,FSI-00167,1,SYNCHRONIZED,pool-3-thread-372,3845478486200,3847073665500,false,Hết hàng! Sản phẩm Flash Sale 'FSI-00167': yêu cầu 1; còn lại 0
TXN-SYNCHRONIZED-00373,REQ-SIM-00373,-,CUS-00373,FSI-00167,1,SYNCHRONIZED,pool-3-thread-373,3845478493200,3847073938000,false,Hết hàng! Sản phẩm Flash Sale 'FSI-00167': yêu cầu 1; còn lại 0
TXN-SYNCHRONIZED-00374,REQ-SIM-00374,-,CUS-00374,FSI-00167,1,SYNCHRONIZED,pool-3-thread-374,3845478499800,3847074181500,false,Hết hàng! Sản phẩm Flash Sale 'FSI-00167': yêu cầu 1; còn lại 0
TXN-SYNCHRONIZED-00375,REQ-SIM-00375,-,CUS-00375,FSI-00167,1,SYNCHRONIZED,pool-3-thread-375,3845478507200,3847074445400,false,Hết hàng! Sản phẩm Flash Sale 'FSI-00167': yêu cầu 1; còn lại 0
TXN-SYNCHRONIZED-00376,REQ-SIM-00376,-,CUS-00376,FSI-00167,1,SYNCHRONIZED,pool-3-thread-376,3845478514700,3847074715600,false,Hết hàng! Sản phẩm Flash Sale 'FSI-00167': yêu cầu 1; còn lại 0
TXN-SYNCHRONIZED-00377,REQ-SIM-00377,-,CUS-00377,FSI-00167,1,SYNCHRONIZED,pool-3-thread-377,3845478521900,3847074973400,false,Hết hàng! Sản phẩm Flash Sale 'FSI-00167': yêu cầu 1; còn lại 0
TXN-SYNCHRONIZED-00378,REQ-SIM-00378,-,CUS-00378,FSI-00167,1,SYNCHRONIZED,pool-3-thread-378,3845478534400,3847075219700,false,Hết hàng! Sản phẩm Flash Sale 'FSI-00167': yêu cầu 1; còn lại 0
TXN-SYNCHRONIZED-00379,REQ-SIM-00379,-,CUS-00379,FSI-00167,1,SYNCHRONIZED,pool-3-thread-379,3845478541900,3847075475800,false,Hết hàng! Sản phẩm Flash Sale 'FSI-00167': yêu cầu 1; còn lại 0
TXN-SYNCHRONIZED-00380,REQ-SIM-00380,-,CUS-00380,FSI-00167,1,SYNCHRONIZED,pool-3-thread-380,3845478549400,3847075731900,false,Hết hàng! Sản phẩm Flash Sale 'FSI-00167': yêu cầu 1; còn lại 0
TXN-SYNCHRONIZED-00381,REQ-SIM-00381,-,CUS-00381,FSI-00167,1,SYNCHRONIZED,pool-3-thread-381,3845478557300,3847076006400,false,Hết hàng! Sản phẩm Flash Sale 'FSI-00167': yêu cầu 1; còn lại 0
TXN-SYNCHRONIZED-00382,REQ-SIM-00382,-,CUS-00382,FSI-00167,1,SYNCHRONIZED,pool-3-thread-382,3845478564400,3847076423100,false,Hết hàng! Sản phẩm Flash Sale 'FSI-00167': yêu cầu 1; còn lại 0
TXN-SYNCHRONIZED-00383,REQ-SIM-00383,-,CUS-00383,FSI-00167,1,SYNCHRONIZED,pool-3-thread-383,3845478572300,3847076731900,false,Hết hàng! Sản phẩm Flash Sale 'FSI-00167': yêu cầu 1; còn lại 0
TXN-SYNCHRONIZED-00384,REQ-SIM-00384,-,CUS-00384,FSI-00167,1,SYNCHRONIZED,pool-3-thread-384,3845478579500,3847076990500,false,Hết hàng! Sản phẩm Flash Sale 'FSI-00167': yêu cầu 1; còn lại 0
TXN-SYNCHRONIZED-00385,REQ-SIM-00385,-,CUS-00385,FSI-00167,1,SYNCHRONIZED,pool-3-thread-385,3845478586300,3847077268500,false,Hết hàng! Sản phẩm Flash Sale 'FSI-00167': yêu cầu 1; còn lại 0
TXN-SYNCHRONIZED-00386,REQ-SIM-00386,-,CUS-00386,FSI-00167,1,SYNCHRONIZED,pool-3-thread-386,3845478595900,3847077539400,false,Hết hàng! Sản phẩm Flash Sale 'FSI-00167': yêu cầu 1; còn lại 0
TXN-SYNCHRONIZED-00387,REQ-SIM-00387,-,CUS-00387,FSI-00167,1,SYNCHRONIZED,pool-3-thread-387,3845478603600,3847077875100,false,Hết hàng! Sản phẩm Flash Sale 'FSI-00167': yêu cầu 1; còn lại 0
TXN-SYNCHRONIZED-00388,REQ-SIM-00388,-,CUS-00388,FSI-00167,1,SYNCHRONIZED,pool-3-thread-388,3845478610800,3847078135400,false,Hết hàng! Sản phẩm Flash Sale 'FSI-00167': yêu cầu 1; còn lại 0
TXN-SYNCHRONIZED-00389,REQ-SIM-00389,-,CUS-00389,FSI-00167,1,SYNCHRONIZED,pool-3-thread-389,3845478620100,3847078446300,false,Hết hàng! Sản phẩm Flash Sale 'FSI-00167': yêu cầu 1; còn lại 0
TXN-SYNCHRONIZED-00390,REQ-SIM-00390,-,CUS-00390,FSI-00167,1,SYNCHRONIZED,pool-3-thread-390,3845478627200,3847078713800,false,Hết hàng! Sản phẩm Flash Sale 'FSI-00167': yêu cầu 1; còn lại 0
TXN-SYNCHRONIZED-00392,REQ-SIM-00392,-,CUS-00392,FSI-00167,1,SYNCHRONIZED,pool-3-thread-392,3845478634400,3847079000800,false,Hết hàng! Sản phẩm Flash Sale 'FSI-00167': yêu cầu 1; còn lại 0
TXN-SYNCHRONIZED-00391,REQ-SIM-00391,-,CUS-00391,FSI-00167,1,SYNCHRONIZED,pool-3-thread-391,3845478645400,3847079259100,false,Hết hàng! Sản phẩm Flash Sale 'FSI-00167': yêu cầu 1; còn lại 0
TXN-SYNCHRONIZED-00393,REQ-SIM-00393,-,CUS-00393,FSI-00167,1,SYNCHRONIZED,pool-3-thread-393,3845478653700,3847079528200,false,Hết hàng! Sản phẩm Flash Sale 'FSI-00167': yêu cầu 1; còn lại 0
TXN-SYNCHRONIZED-00394,REQ-SIM-00394,-,CUS-00394,FSI-00167,1,SYNCHRONIZED,pool-3-thread-394,3845478660700,3847079806700,false,Hết hàng! Sản phẩm Flash Sale 'FSI-00167': yêu cầu 1; còn lại 0
TXN-SYNCHRONIZED-00395,REQ-SIM-00395,-,CUS-00395,FSI-00167,1,SYNCHRONIZED,pool-3-thread-395,3845478667800,3847080096400,false,Hết hàng! Sản phẩm Flash Sale 'FSI-00167': yêu cầu 1; còn lại 0
TXN-SYNCHRONIZED-00396,REQ-SIM-00396,-,CUS-00396,FSI-00167,1,SYNCHRONIZED,pool-3-thread-396,3845478674600,3847080358200,false,Hết hàng! Sản phẩm Flash Sale 'FSI-00167': yêu cầu 1; còn lại 0
TXN-SYNCHRONIZED-00397,REQ-SIM-00397,-,CUS-00397,FSI-00167,1,SYNCHRONIZED,pool-3-thread-397,3845478682100,3847080624800,false,Hết hàng! Sản phẩm Flash Sale 'FSI-00167': yêu cầu 1; còn lại 0
TXN-SYNCHRONIZED-00398,REQ-SIM-00398,-,CUS-00398,FSI-00167,1,SYNCHRONIZED,pool-3-thread-398,3845478689000,3847080874400,false,Hết hàng! Sản phẩm Flash Sale 'FSI-00167': yêu cầu 1; còn lại 0
TXN-SYNCHRONIZED-00399,REQ-SIM-00399,-,CUS-00399,FSI-00167,1,SYNCHRONIZED,pool-3-thread-399,3845478695600,3847081160900,false,Hết hàng! Sản phẩm Flash Sale 'FSI-00167': yêu cầu 1; còn lại 0
TXN-SYNCHRONIZED-00400,REQ-SIM-00400,-,CUS-00400,FSI-00167,1,SYNCHRONIZED,pool-3-thread-400,3845478702600,3847081465600,false,Hết hàng! Sản phẩm Flash Sale 'FSI-00167': yêu cầu 1; còn lại 0
TXN-SYNCHRONIZED-00401,REQ-SIM-00401,-,CUS-00401,FSI-00167,1,SYNCHRONIZED,pool-3-thread-401,3845478710100,3847081718500,false,Hết hàng! Sản phẩm Flash Sale 'FSI-00167': yêu cầu 1; còn lại 0
TXN-SYNCHRONIZED-00402,REQ-SIM-00402,-,CUS-00402,FSI-00167,1,SYNCHRONIZED,pool-3-thread-402,3845478717500,3847081966300,false,Hết hàng! Sản phẩm Flash Sale 'FSI-00167': yêu cầu 1; còn lại 0
TXN-SYNCHRONIZED-00403,REQ-SIM-00403,-,CUS-00403,FSI-00167,1,SYNCHRONIZED,pool-3-thread-403,3845478725000,3847082255500,false,Hết hàng! Sản phẩm Flash Sale 'FSI-00167': yêu cầu 1; còn lại 0
TXN-SYNCHRONIZED-00404,REQ-SIM-00404,-,CUS-00404,FSI-00167,1,SYNCHRONIZED,pool-3-thread-404,3845478737100,3847082508700,false,Hết hàng! Sản phẩm Flash Sale 'FSI-00167': yêu cầu 1; còn lại 0
TXN-SYNCHRONIZED-00405,REQ-SIM-00405,-,CUS-00405,FSI-00167,1,SYNCHRONIZED,pool-3-thread-405,3845478750200,3847082795900,false,Hết hàng! Sản phẩm Flash Sale 'FSI-00167': yêu cầu 1; còn lại 0
TXN-SYNCHRONIZED-00406,REQ-SIM-00406,-,CUS-00406,FSI-00167,1,SYNCHRONIZED,pool-3-thread-406,3845478757400,3847083083300,false,Hết hàng! Sản phẩm Flash Sale 'FSI-00167': yêu cầu 1; còn lại 0
TXN-SYNCHRONIZED-00407,REQ-SIM-00407,-,CUS-00407,FSI-00167,1,SYNCHRONIZED,pool-3-thread-407,3845478764500,3847083368500,false,Hết hàng! Sản phẩm Flash Sale 'FSI-00167': yêu cầu 1; còn lại 0
TXN-SYNCHRONIZED-00408,REQ-SIM-00408,-,CUS-00408,FSI-00167,1,SYNCHRONIZED,pool-3-thread-408,3845478772400,3847083639300,false,Hết hàng! Sản phẩm Flash Sale 'FSI-00167': yêu cầu 1; còn lại 0
TXN-SYNCHRONIZED-00409,REQ-SIM-00409,-,CUS-00409,FSI-00167,1,SYNCHRONIZED,pool-3-thread-409,3845478779300,3847083886400,false,Hết hàng! Sản phẩm Flash Sale 'FSI-00167': yêu cầu 1; còn lại 0
TXN-SYNCHRONIZED-00410,REQ-SIM-00410,-,CUS-00410,FSI-00167,1,SYNCHRONIZED,pool-3-thread-410,3845478786300,3847084139700,false,Hết hàng! Sản phẩm Flash Sale 'FSI-00167': yêu cầu 1; còn lại 0
TXN-SYNCHRONIZED-00411,REQ-SIM-00411,-,CUS-00411,FSI-00167,1,SYNCHRONIZED,pool-3-thread-411,3845478793500,3847084384500,false,Hết hàng! Sản phẩm Flash Sale 'FSI-00167': yêu cầu 1; còn lại 0
TXN-SYNCHRONIZED-00412,REQ-SIM-00412,-,CUS-00412,FSI-00167,1,SYNCHRONIZED,pool-3-thread-412,3845478800700,3847084629300,false,Hết hàng! Sản phẩm Flash Sale 'FSI-00167': yêu cầu 1; còn lại 0
TXN-SYNCHRONIZED-00413,REQ-SIM-00413,-,CUS-00413,FSI-00167,1,SYNCHRONIZED,pool-3-thread-413,3845478807600,3847084930800,false,Hết hàng! Sản phẩm Flash Sale 'FSI-00167': yêu cầu 1; còn lại 0
TXN-SYNCHRONIZED-00414,REQ-SIM-00414,-,CUS-00414,FSI-00167,1,SYNCHRONIZED,pool-3-thread-414,3845478815100,3847085195300,false,Hết hàng! Sản phẩm Flash Sale 'FSI-00167': yêu cầu 1; còn lại 0
TXN-SYNCHRONIZED-00415,REQ-SIM-00415,-,CUS-00415,FSI-00167,1,SYNCHRONIZED,pool-3-thread-415,3845478822600,3847085531000,false,Hết hàng! Sản phẩm Flash Sale 'FSI-00167': yêu cầu 1; còn lại 0
TXN-SYNCHRONIZED-00416,REQ-SIM-00416,-,CUS-00416,FSI-00167,1,SYNCHRONIZED,pool-3-thread-416,3845478829500,3847085801900,false,Hết hàng! Sản phẩm Flash Sale 'FSI-00167': yêu cầu 1; còn lại 0
TXN-SYNCHRONIZED-00417,REQ-SIM-00417,-,CUS-00417,FSI-00167,1,SYNCHRONIZED,pool-3-thread-417,3845478841600,3847086071600,false,Hết hàng! Sản phẩm Flash Sale 'FSI-00167': yêu cầu 1; còn lại 0
TXN-SYNCHRONIZED-00418,REQ-SIM-00418,-,CUS-00418,FSI-00167,1,SYNCHRONIZED,pool-3-thread-418,3845478849300,3847086339600,false,Hết hàng! Sản phẩm Flash Sale 'FSI-00167': yêu cầu 1; còn lại 0
TXN-SYNCHRONIZED-00419,REQ-SIM-00419,-,CUS-00419,FSI-00167,1,SYNCHRONIZED,pool-3-thread-419,3845478856700,3847086612900,false,Hết hàng! Sản phẩm Flash Sale 'FSI-00167': yêu cầu 1; còn lại 0
TXN-SYNCHRONIZED-00420,REQ-SIM-00420,-,CUS-00420,FSI-00167,1,SYNCHRONIZED,pool-3-thread-420,3845478863800,3847086890200,false,Hết hàng! Sản phẩm Flash Sale 'FSI-00167': yêu cầu 1; còn lại 0
TXN-SYNCHRONIZED-00421,REQ-SIM-00421,-,CUS-00421,FSI-00167,1,SYNCHRONIZED,pool-3-thread-421,3845478870600,3847087217000,false,Hết hàng! Sản phẩm Flash Sale 'FSI-00167': yêu cầu 1; còn lại 0
TXN-SYNCHRONIZED-00422,REQ-SIM-00422,-,CUS-00422,FSI-00167,1,SYNCHRONIZED,pool-3-thread-422,3845478877500,3847087505100,false,Hết hàng! Sản phẩm Flash Sale 'FSI-00167': yêu cầu 1; còn lại 0
TXN-SYNCHRONIZED-00423,REQ-SIM-00423,-,CUS-00423,FSI-00167,1,SYNCHRONIZED,pool-3-thread-423,3845478884900,3847087721700,false,Hết hàng! Sản phẩm Flash Sale 'FSI-00167': yêu cầu 1; còn lại 0
TXN-SYNCHRONIZED-00424,REQ-SIM-00424,-,CUS-00424,FSI-00167,1,SYNCHRONIZED,pool-3-thread-424,3845478892800,3847087975300,false,Hết hàng! Sản phẩm Flash Sale 'FSI-00167': yêu cầu 1; còn lại 0
TXN-SYNCHRONIZED-00425,REQ-SIM-00425,-,CUS-00425,FSI-00167,1,SYNCHRONIZED,pool-3-thread-425,3845478908300,3847088236100,false,Hết hàng! Sản phẩm Flash Sale 'FSI-00167': yêu cầu 1; còn lại 0
TXN-SYNCHRONIZED-00426,REQ-SIM-00426,-,CUS-00426,FSI-00167,1,SYNCHRONIZED,pool-3-thread-426,3845478914600,3847088492200,false,Hết hàng! Sản phẩm Flash Sale 'FSI-00167': yêu cầu 1; còn lại 0
TXN-SYNCHRONIZED-00427,REQ-SIM-00427,-,CUS-00427,FSI-00167,1,SYNCHRONIZED,pool-3-thread-427,3845478921600,3847088751600,false,Hết hàng! Sản phẩm Flash Sale 'FSI-00167': yêu cầu 1; còn lại 0
TXN-SYNCHRONIZED-00428,REQ-SIM-00428,-,CUS-00428,FSI-00167,1,SYNCHRONIZED,pool-3-thread-428,3845478929900,3847089038700,false,Hết hàng! Sản phẩm Flash Sale 'FSI-00167': yêu cầu 1; còn lại 0
TXN-SYNCHRONIZED-00429,REQ-SIM-00429,-,CUS-00429,FSI-00167,1,SYNCHRONIZED,pool-3-thread-429,3845478940700,3847089311000,false,Hết hàng! Sản phẩm Flash Sale 'FSI-00167': yêu cầu 1; còn lại 0
TXN-SYNCHRONIZED-00430,REQ-SIM-00430,-,CUS-00430,FSI-00167,1,SYNCHRONIZED,pool-3-thread-430,3845478957800,3847089586400,false,Hết hàng! Sản phẩm Flash Sale 'FSI-00167': yêu cầu 1; còn lại 0
TXN-SYNCHRONIZED-00431,REQ-SIM-00431,-,CUS-00431,FSI-00167,1,SYNCHRONIZED,pool-3-thread-431,3845478967000,3847089854300,false,Hết hàng! Sản phẩm Flash Sale 'FSI-00167': yêu cầu 1; còn lại 0
TXN-SYNCHRONIZED-00432,REQ-SIM-00432,-,CUS-00432,FSI-00167,1,SYNCHRONIZED,pool-3-thread-432,3845478978100,3847090114500,false,Hết hàng! Sản phẩm Flash Sale 'FSI-00167': yêu cầu 1; còn lại 0
TXN-SYNCHRONIZED-00433,REQ-SIM-00433,-,CUS-00433,FSI-00167,1,SYNCHRONIZED,pool-3-thread-433,3845478987900,3847090382600,false,Hết hàng! Sản phẩm Flash Sale 'FSI-00167': yêu cầu 1; còn lại 0
TXN-SYNCHRONIZED-00434,REQ-SIM-00434,-,CUS-00434,FSI-00167,1,SYNCHRONIZED,pool-3-thread-434,3845479001000,3847090657400,false,Hết hàng! Sản phẩm Flash Sale 'FSI-00167': yêu cầu 1; còn lại 0
TXN-SYNCHRONIZED-00435,REQ-SIM-00435,-,CUS-00435,FSI-00167,1,SYNCHRONIZED,pool-3-thread-435,3845479010500,3847090919500,false,Hết hàng! Sản phẩm Flash Sale 'FSI-00167': yêu cầu 1; còn lại 0
TXN-SYNCHRONIZED-00436,REQ-SIM-00436,-,CUS-00436,FSI-00167,1,SYNCHRONIZED,pool-3-thread-436,3845479021700,3847091175200,false,Hết hàng! Sản phẩm Flash Sale 'FSI-00167': yêu cầu 1; còn lại 0
TXN-SYNCHRONIZED-00437,REQ-SIM-00437,-,CUS-00437,FSI-00167,1,SYNCHRONIZED,pool-3-thread-437,3845479031200,3847091431200,false,Hết hàng! Sản phẩm Flash Sale 'FSI-00167': yêu cầu 1; còn lại 0
TXN-SYNCHRONIZED-00438,REQ-SIM-00438,-,CUS-00438,FSI-00167,1,SYNCHRONIZED,pool-3-thread-438,3845479043300,3847091684000,false,Hết hàng! Sản phẩm Flash Sale 'FSI-00167': yêu cầu 1; còn lại 0
TXN-SYNCHRONIZED-00439,REQ-SIM-00439,-,CUS-00439,FSI-00167,1,SYNCHRONIZED,pool-3-thread-439,3845479053600,3847091956700,false,Hết hàng! Sản phẩm Flash Sale 'FSI-00167': yêu cầu 1; còn lại 0
TXN-SYNCHRONIZED-00440,REQ-SIM-00440,-,CUS-00440,FSI-00167,1,SYNCHRONIZED,pool-3-thread-440,3845479066900,3847092195600,false,Hết hàng! Sản phẩm Flash Sale 'FSI-00167': yêu cầu 1; còn lại 0
TXN-SYNCHRONIZED-00441,REQ-SIM-00441,-,CUS-00441,FSI-00167,1,SYNCHRONIZED,pool-3-thread-441,3845479075600,3847092437000,false,Hết hàng! Sản phẩm Flash Sale 'FSI-00167': yêu cầu 1; còn lại 0
TXN-SYNCHRONIZED-00442,REQ-SIM-00442,-,CUS-00442,FSI-00167,1,SYNCHRONIZED,pool-3-thread-442,3845479087900,3847092689700,false,Hết hàng! Sản phẩm Flash Sale 'FSI-00167': yêu cầu 1; còn lại 0
TXN-SYNCHRONIZED-00443,REQ-SIM-00443,-,CUS-00443,FSI-00167,1,SYNCHRONIZED,pool-3-thread-443,3845479097500,3847092949900,false,Hết hàng! Sản phẩm Flash Sale 'FSI-00167': yêu cầu 1; còn lại 0
TXN-SYNCHRONIZED-00444,REQ-SIM-00444,-,CUS-00444,FSI-00167,1,SYNCHRONIZED,pool-3-thread-444,3845479108600,3847093207400,false,Hết hàng! Sản phẩm Flash Sale 'FSI-00167': yêu cầu 1; còn lại 0
TXN-SYNCHRONIZED-00445,REQ-SIM-00445,-,CUS-00445,FSI-00167,1,SYNCHRONIZED,pool-3-thread-445,3845479118900,3847093454900,false,Hết hàng! Sản phẩm Flash Sale 'FSI-00167': yêu cầu 1; còn lại 0
TXN-SYNCHRONIZED-00446,REQ-SIM-00446,-,CUS-00446,FSI-00167,1,SYNCHRONIZED,pool-3-thread-446,3845479130700,3847093696100,false,Hết hàng! Sản phẩm Flash Sale 'FSI-00167': yêu cầu 1; còn lại 0
TXN-SYNCHRONIZED-00447,REQ-SIM-00447,-,CUS-00447,FSI-00167,1,SYNCHRONIZED,pool-3-thread-447,3845479139100,3847093933400,false,Hết hàng! Sản phẩm Flash Sale 'FSI-00167': yêu cầu 1; còn lại 0
TXN-SYNCHRONIZED-00448,REQ-SIM-00448,-,CUS-00448,FSI-00167,1,SYNCHRONIZED,pool-3-thread-448,3845479149700,3847094182000,false,Hết hàng! Sản phẩm Flash Sale 'FSI-00167': yêu cầu 1; còn lại 0
TXN-SYNCHRONIZED-00449,REQ-SIM-00449,-,CUS-00449,FSI-00167,1,SYNCHRONIZED,pool-3-thread-449,3845479156700,3847094468800,false,Hết hàng! Sản phẩm Flash Sale 'FSI-00167': yêu cầu 1; còn lại 0
TXN-SYNCHRONIZED-00450,REQ-SIM-00450,-,CUS-00450,FSI-00167,1,SYNCHRONIZED,pool-3-thread-450,3845479163500,3847094731800,false,Hết hàng! Sản phẩm Flash Sale 'FSI-00167': yêu cầu 1; còn lại 0
TXN-SYNCHRONIZED-00451,REQ-SIM-00451,-,CUS-00451,FSI-00167,1,SYNCHRONIZED,pool-3-thread-451,3845479170300,3847094979900,false,Hết hàng! Sản phẩm Flash Sale 'FSI-00167': yêu cầu 1; còn lại 0
TXN-SYNCHRONIZED-00452,REQ-SIM-00452,-,CUS-00452,FSI-00167,1,SYNCHRONIZED,pool-3-thread-452,3845479177200,3847095216800,false,Hết hàng! Sản phẩm Flash Sale 'FSI-00167': yêu cầu 1; còn lại 0
TXN-SYNCHRONIZED-00453,REQ-SIM-00453,-,CUS-00453,FSI-00167,1,SYNCHRONIZED,pool-3-thread-453,3845479185500,3847095459800,false,Hết hàng! Sản phẩm Flash Sale 'FSI-00167': yêu cầu 1; còn lại 0
TXN-SYNCHRONIZED-00454,REQ-SIM-00454,-,CUS-00454,FSI-00167,1,SYNCHRONIZED,pool-3-thread-454,3845479192600,3847095719800,false,Hết hàng! Sản phẩm Flash Sale 'FSI-00167': yêu cầu 1; còn lại 0
TXN-SYNCHRONIZED-00455,REQ-SIM-00455,-,CUS-00455,FSI-00167,1,SYNCHRONIZED,pool-3-thread-455,3845479217300,3847095953800,false,Hết hàng! Sản phẩm Flash Sale 'FSI-00167': yêu cầu 1; còn lại 0
TXN-SYNCHRONIZED-00456,REQ-SIM-00456,-,CUS-00456,FSI-00167,1,SYNCHRONIZED,pool-3-thread-456,3845479225200,3847096193500,false,Hết hàng! Sản phẩm Flash Sale 'FSI-00167': yêu cầu 1; còn lại 0
TXN-SYNCHRONIZED-00457,REQ-SIM-00457,-,CUS-00457,FSI-00167,1,SYNCHRONIZED,pool-3-thread-457,3845479239500,3847096430200,false,Hết hàng! Sản phẩm Flash Sale 'FSI-00167': yêu cầu 1; còn lại 0
TXN-SYNCHRONIZED-00458,REQ-SIM-00458,-,CUS-00458,FSI-00167,1,SYNCHRONIZED,pool-3-thread-458,3845479257200,3847096676100,false,Hết hàng! Sản phẩm Flash Sale 'FSI-00167': yêu cầu 1; còn lại 0
TXN-SYNCHRONIZED-00459,REQ-SIM-00459,-,CUS-00459,FSI-00167,1,SYNCHRONIZED,pool-3-thread-459,3845479265200,3847096933900,false,Hết hàng! Sản phẩm Flash Sale 'FSI-00167': yêu cầu 1; còn lại 0
TXN-SYNCHRONIZED-00460,REQ-SIM-00460,-,CUS-00460,FSI-00167,1,SYNCHRONIZED,pool-3-thread-460,3845479275300,3847097177500,false,Hết hàng! Sản phẩm Flash Sale 'FSI-00167': yêu cầu 1; còn lại 0
TXN-SYNCHRONIZED-00461,REQ-SIM-00461,-,CUS-00461,FSI-00167,1,SYNCHRONIZED,pool-3-thread-461,3845479283000,3847097425100,false,Hết hàng! Sản phẩm Flash Sale 'FSI-00167': yêu cầu 1; còn lại 0
TXN-SYNCHRONIZED-00462,REQ-SIM-00462,-,CUS-00462,FSI-00167,1,SYNCHRONIZED,pool-3-thread-462,3845479291000,3847097678500,false,Hết hàng! Sản phẩm Flash Sale 'FSI-00167': yêu cầu 1; còn lại 0
TXN-SYNCHRONIZED-00463,REQ-SIM-00463,-,CUS-00463,FSI-00167,1,SYNCHRONIZED,pool-3-thread-463,3845479298000,3847097925300,false,Hết hàng! Sản phẩm Flash Sale 'FSI-00167': yêu cầu 1; còn lại 0
TXN-SYNCHRONIZED-00464,REQ-SIM-00464,-,CUS-00464,FSI-00167,1,SYNCHRONIZED,pool-3-thread-464,3845479305600,3847098178000,false,Hết hàng! Sản phẩm Flash Sale 'FSI-00167': yêu cầu 1; còn lại 0
TXN-SYNCHRONIZED-00465,REQ-SIM-00465,-,CUS-00465,FSI-00167,1,SYNCHRONIZED,pool-3-thread-465,3845479313600,3847098421100,false,Hết hàng! Sản phẩm Flash Sale 'FSI-00167': yêu cầu 1; còn lại 0
TXN-SYNCHRONIZED-00466,REQ-SIM-00466,-,CUS-00466,FSI-00167,1,SYNCHRONIZED,pool-3-thread-466,3845479320800,3847098678300,false,Hết hàng! Sản phẩm Flash Sale 'FSI-00167': yêu cầu 1; còn lại 0
TXN-SYNCHRONIZED-00467,REQ-SIM-00467,-,CUS-00467,FSI-00167,1,SYNCHRONIZED,pool-3-thread-467,3845479327500,3847098910400,false,Hết hàng! Sản phẩm Flash Sale 'FSI-00167': yêu cầu 1; còn lại 0
TXN-SYNCHRONIZED-00468,REQ-SIM-00468,-,CUS-00468,FSI-00167,1,SYNCHRONIZED,pool-3-thread-468,3845479334800,3847099183500,false,Hết hàng! Sản phẩm Flash Sale 'FSI-00167': yêu cầu 1; còn lại 0
TXN-SYNCHRONIZED-00469,REQ-SIM-00469,-,CUS-00469,FSI-00167,1,SYNCHRONIZED,pool-3-thread-469,3845479346200,3847099418800,false,Hết hàng! Sản phẩm Flash Sale 'FSI-00167': yêu cầu 1; còn lại 0
TXN-SYNCHRONIZED-00470,REQ-SIM-00470,-,CUS-00470,FSI-00167,1,SYNCHRONIZED,pool-3-thread-470,3845479353900,3847099683700,false,Hết hàng! Sản phẩm Flash Sale 'FSI-00167': yêu cầu 1; còn lại 0
TXN-SYNCHRONIZED-00471,REQ-SIM-00471,-,CUS-00471,FSI-00167,1,SYNCHRONIZED,pool-3-thread-471,3845479361200,3847099942600,false,Hết hàng! Sản phẩm Flash Sale 'FSI-00167': yêu cầu 1; còn lại 0
TXN-SYNCHRONIZED-00472,REQ-SIM-00472,-,CUS-00472,FSI-00167,1,SYNCHRONIZED,pool-3-thread-472,3845479369100,3847100188700,false,Hết hàng! Sản phẩm Flash Sale 'FSI-00167': yêu cầu 1; còn lại 0
TXN-SYNCHRONIZED-00473,REQ-SIM-00473,-,CUS-00473,FSI-00167,1,SYNCHRONIZED,pool-3-thread-473,3845479376800,3847100464900,false,Hết hàng! Sản phẩm Flash Sale 'FSI-00167': yêu cầu 1; còn lại 0
TXN-SYNCHRONIZED-00474,REQ-SIM-00474,-,CUS-00474,FSI-00167,1,SYNCHRONIZED,pool-3-thread-474,3845479397100,3847100710900,false,Hết hàng! Sản phẩm Flash Sale 'FSI-00167': yêu cầu 1; còn lại 0
TXN-SYNCHRONIZED-00475,REQ-SIM-00475,-,CUS-00475,FSI-00167,1,SYNCHRONIZED,pool-3-thread-475,3845479405300,3847100958200,false,Hết hàng! Sản phẩm Flash Sale 'FSI-00167': yêu cầu 1; còn lại 0
TXN-SYNCHRONIZED-00476,REQ-SIM-00476,-,CUS-00476,FSI-00167,1,SYNCHRONIZED,pool-3-thread-476,3845479414000,3847101195100,false,Hết hàng! Sản phẩm Flash Sale 'FSI-00167': yêu cầu 1; còn lại 0
TXN-SYNCHRONIZED-00477,REQ-SIM-00477,-,CUS-00477,FSI-00167,1,SYNCHRONIZED,pool-3-thread-477,3845479421700,3847101458500,false,Hết hàng! Sản phẩm Flash Sale 'FSI-00167': yêu cầu 1; còn lại 0
TXN-SYNCHRONIZED-00478,REQ-SIM-00478,-,CUS-00478,FSI-00167,1,SYNCHRONIZED,pool-3-thread-478,3845479429400,3847101718100,false,Hết hàng! Sản phẩm Flash Sale 'FSI-00167': yêu cầu 1; còn lại 0
TXN-SYNCHRONIZED-00479,REQ-SIM-00479,-,CUS-00479,FSI-00167,1,SYNCHRONIZED,pool-3-thread-479,3845479437100,3847102017000,false,Hết hàng! Sản phẩm Flash Sale 'FSI-00167': yêu cầu 1; còn lại 0
TXN-SYNCHRONIZED-00480,REQ-SIM-00480,-,CUS-00480,FSI-00167,1,SYNCHRONIZED,pool-3-thread-480,3845479445900,3847102280400,false,Hết hàng! Sản phẩm Flash Sale 'FSI-00167': yêu cầu 1; còn lại 0
TXN-SYNCHRONIZED-00481,REQ-SIM-00481,-,CUS-00481,FSI-00167,1,SYNCHRONIZED,pool-3-thread-481,3845479453000,3847102530500,false,Hết hàng! Sản phẩm Flash Sale 'FSI-00167': yêu cầu 1; còn lại 0
TXN-SYNCHRONIZED-00482,REQ-SIM-00482,-,CUS-00482,FSI-00167,1,SYNCHRONIZED,pool-3-thread-482,3845479459700,3847102784500,false,Hết hàng! Sản phẩm Flash Sale 'FSI-00167': yêu cầu 1; còn lại 0
TXN-SYNCHRONIZED-00483,REQ-SIM-00483,-,CUS-00483,FSI-00167,1,SYNCHRONIZED,pool-3-thread-483,3845479471200,3847103032100,false,Hết hàng! Sản phẩm Flash Sale 'FSI-00167': yêu cầu 1; còn lại 0
TXN-SYNCHRONIZED-00484,REQ-SIM-00484,-,CUS-00484,FSI-00167,1,SYNCHRONIZED,pool-3-thread-484,3845479479400,3847103282000,false,Hết hàng! Sản phẩm Flash Sale 'FSI-00167': yêu cầu 1; còn lại 0
TXN-SYNCHRONIZED-00485,REQ-SIM-00485,-,CUS-00485,FSI-00167,1,SYNCHRONIZED,pool-3-thread-485,3845479489600,3847103529600,false,Hết hàng! Sản phẩm Flash Sale 'FSI-00167': yêu cầu 1; còn lại 0
TXN-SYNCHRONIZED-00486,REQ-SIM-00486,-,CUS-00486,FSI-00167,1,SYNCHRONIZED,pool-3-thread-486,3845479496700,3847103771900,false,Hết hàng! Sản phẩm Flash Sale 'FSI-00167': yêu cầu 1; còn lại 0
TXN-SYNCHRONIZED-00488,REQ-SIM-00488,-,CUS-00488,FSI-00167,1,SYNCHRONIZED,pool-3-thread-488,3845479506900,3847104013000,false,Hết hàng! Sản phẩm Flash Sale 'FSI-00167': yêu cầu 1; còn lại 0
TXN-SYNCHRONIZED-00487,REQ-SIM-00487,-,CUS-00487,FSI-00167,1,SYNCHRONIZED,pool-3-thread-487,3845479514300,3847104359300,false,Hết hàng! Sản phẩm Flash Sale 'FSI-00167': yêu cầu 1; còn lại 0
TXN-SYNCHRONIZED-00489,REQ-SIM-00489,-,CUS-00489,FSI-00167,1,SYNCHRONIZED,pool-3-thread-489,3845479521800,3847104606400,false,Hết hàng! Sản phẩm Flash Sale 'FSI-00167': yêu cầu 1; còn lại 0
TXN-SYNCHRONIZED-00490,REQ-SIM-00490,-,CUS-00490,FSI-00167,1,SYNCHRONIZED,pool-3-thread-490,3845479529100,3847104845700,false,Hết hàng! Sản phẩm Flash Sale 'FSI-00167': yêu cầu 1; còn lại 0
TXN-SYNCHRONIZED-00491,REQ-SIM-00491,-,CUS-00491,FSI-00167,1,SYNCHRONIZED,pool-3-thread-491,3845479536900,3847105095200,false,Hết hàng! Sản phẩm Flash Sale 'FSI-00167': yêu cầu 1; còn lại 0
TXN-SYNCHRONIZED-00492,REQ-SIM-00492,-,CUS-00492,FSI-00167,1,SYNCHRONIZED,pool-3-thread-492,3845479544300,3847105432800,false,Hết hàng! Sản phẩm Flash Sale 'FSI-00167': yêu cầu 1; còn lại 0
TXN-SYNCHRONIZED-00493,REQ-SIM-00493,-,CUS-00493,FSI-00167,1,SYNCHRONIZED,pool-3-thread-493,3845479551300,3847105663900,false,Hết hàng! Sản phẩm Flash Sale 'FSI-00167': yêu cầu 1; còn lại 0
TXN-SYNCHRONIZED-00494,REQ-SIM-00494,-,CUS-00494,FSI-00167,1,SYNCHRONIZED,pool-3-thread-494,3845479558600,3847105913600,false,Hết hàng! Sản phẩm Flash Sale 'FSI-00167': yêu cầu 1; còn lại 0
TXN-SYNCHRONIZED-00495,REQ-SIM-00495,-,CUS-00495,FSI-00167,1,SYNCHRONIZED,pool-3-thread-495,3845479565200,3847106152100,false,Hết hàng! Sản phẩm Flash Sale 'FSI-00167': yêu cầu 1; còn lại 0
TXN-SYNCHRONIZED-00496,REQ-SIM-00496,-,CUS-00496,FSI-00167,1,SYNCHRONIZED,pool-3-thread-496,3845479572600,3847106420600,false,Hết hàng! Sản phẩm Flash Sale 'FSI-00167': yêu cầu 1; còn lại 0
TXN-SYNCHRONIZED-00497,REQ-SIM-00497,-,CUS-00497,FSI-00167,1,SYNCHRONIZED,pool-3-thread-497,3845479580000,3847106658500,false,Hết hàng! Sản phẩm Flash Sale 'FSI-00167': yêu cầu 1; còn lại 0
TXN-SYNCHRONIZED-00498,REQ-SIM-00498,-,CUS-00498,FSI-00167,1,SYNCHRONIZED,pool-3-thread-498,3845479587900,3847106889500,false,Hết hàng! Sản phẩm Flash Sale 'FSI-00167': yêu cầu 1; còn lại 0
TXN-SYNCHRONIZED-00499,REQ-SIM-00499,-,CUS-00499,FSI-00167,1,SYNCHRONIZED,pool-3-thread-499,3845479595300,3847107122900,false,Hết hàng! Sản phẩm Flash Sale 'FSI-00167': yêu cầu 1; còn lại 0
TXN-SYNCHRONIZED-00500,REQ-SIM-00500,-,CUS-00500,FSI-00167,1,SYNCHRONIZED,pool-3-thread-500,3845479602400,3847107360300,false,Hết hàng! Sản phẩm Flash Sale 'FSI-00167': yêu cầu 1; còn lại 0
TXN-SYNCHRONIZED-00501,REQ-SIM-00501,-,CUS-00501,FSI-00167,1,SYNCHRONIZED,pool-3-thread-501,3845479609800,3847107648500,false,Hết hàng! Sản phẩm Flash Sale 'FSI-00167': yêu cầu 1; còn lại 0
TXN-SYNCHRONIZED-00502,REQ-SIM-00502,-,CUS-00502,FSI-00167,1,SYNCHRONIZED,pool-3-thread-502,3845479616500,3847107887200,false,Hết hàng! Sản phẩm Flash Sale 'FSI-00167': yêu cầu 1; còn lại 0
TXN-SYNCHRONIZED-00503,REQ-SIM-00503,-,CUS-00503,FSI-00167,1,SYNCHRONIZED,pool-3-thread-503,3845479623400,3847108128900,false,Hết hàng! Sản phẩm Flash Sale 'FSI-00167': yêu cầu 1; còn lại 0
TXN-SYNCHRONIZED-00504,REQ-SIM-00504,-,CUS-00504,FSI-00167,1,SYNCHRONIZED,pool-3-thread-504,3845479630600,3847108360300,false,Hết hàng! Sản phẩm Flash Sale 'FSI-00167': yêu cầu 1; còn lại 0
TXN-SYNCHRONIZED-00505,REQ-SIM-00505,-,CUS-00505,FSI-00167,1,SYNCHRONIZED,pool-3-thread-505,3845479637500,3847108590400,false,Hết hàng! Sản phẩm Flash Sale 'FSI-00167': yêu cầu 1; còn lại 0
TXN-SYNCHRONIZED-00506,REQ-SIM-00506,-,CUS-00506,FSI-00167,1,SYNCHRONIZED,pool-3-thread-506,3845479650700,3847108870900,false,Hết hàng! Sản phẩm Flash Sale 'FSI-00167': yêu cầu 1; còn lại 0
TXN-SYNCHRONIZED-00507,REQ-SIM-00507,-,CUS-00507,FSI-00167,1,SYNCHRONIZED,pool-3-thread-507,3845479658200,3847109105600,false,Hết hàng! Sản phẩm Flash Sale 'FSI-00167': yêu cầu 1; còn lại 0
TXN-SYNCHRONIZED-00508,REQ-SIM-00508,-,CUS-00508,FSI-00167,1,SYNCHRONIZED,pool-3-thread-508,3845479665600,3847109354600,false,Hết hàng! Sản phẩm Flash Sale 'FSI-00167': yêu cầu 1; còn lại 0
TXN-SYNCHRONIZED-00509,REQ-SIM-00509,-,CUS-00509,FSI-00167,1,SYNCHRONIZED,pool-3-thread-509,3845479673100,3847109595400,false,Hết hàng! Sản phẩm Flash Sale 'FSI-00167': yêu cầu 1; còn lại 0
TXN-SYNCHRONIZED-00510,REQ-SIM-00510,-,CUS-00510,FSI-00167,1,SYNCHRONIZED,pool-3-thread-510,3845479680200,3847109821100,false,Hết hàng! Sản phẩm Flash Sale 'FSI-00167': yêu cầu 1; còn lại 0
TXN-SYNCHRONIZED-00511,REQ-SIM-00511,-,CUS-00511,FSI-00167,1,SYNCHRONIZED,pool-3-thread-511,3845479687300,3847110054700,false,Hết hàng! Sản phẩm Flash Sale 'FSI-00167': yêu cầu 1; còn lại 0
TXN-SYNCHRONIZED-00512,REQ-SIM-00512,-,CUS-00512,FSI-00167,1,SYNCHRONIZED,pool-3-thread-512,3845479694700,3847110293700,false,Hết hàng! Sản phẩm Flash Sale 'FSI-00167': yêu cầu 1; còn lại 0
TXN-SYNCHRONIZED-00513,REQ-SIM-00513,-,CUS-00513,FSI-00167,1,SYNCHRONIZED,pool-3-thread-513,3845479702100,3847110529800,false,Hết hàng! Sản phẩm Flash Sale 'FSI-00167': yêu cầu 1; còn lại 0
TXN-SYNCHRONIZED-00514,REQ-SIM-00514,-,CUS-00514,FSI-00167,1,SYNCHRONIZED,pool-3-thread-514,3845479710000,3847110774500,false,Hết hàng! Sản phẩm Flash Sale 'FSI-00167': yêu cầu 1; còn lại 0
TXN-SYNCHRONIZED-00515,REQ-SIM-00515,-,CUS-00515,FSI-00167,1,SYNCHRONIZED,pool-3-thread-515,3845479717000,3847111024900,false,Hết hàng! Sản phẩm Flash Sale 'FSI-00167': yêu cầu 1; còn lại 0
TXN-SYNCHRONIZED-00516,REQ-SIM-00516,-,CUS-00516,FSI-00167,1,SYNCHRONIZED,pool-3-thread-516,3845479724500,3847111283800,false,Hết hàng! Sản phẩm Flash Sale 'FSI-00167': yêu cầu 1; còn lại 0
TXN-SYNCHRONIZED-00517,REQ-SIM-00517,-,CUS-00517,FSI-00167,1,SYNCHRONIZED,pool-3-thread-517,3845479736500,3847111533300,false,Hết hàng! Sản phẩm Flash Sale 'FSI-00167': yêu cầu 1; còn lại 0
TXN-SYNCHRONIZED-00518,REQ-SIM-00518,-,CUS-00518,FSI-00167,1,SYNCHRONIZED,pool-3-thread-518,3845479743700,3847111796100,false,Hết hàng! Sản phẩm Flash Sale 'FSI-00167': yêu cầu 1; còn lại 0
TXN-SYNCHRONIZED-00519,REQ-SIM-00519,-,CUS-00519,FSI-00167,1,SYNCHRONIZED,pool-3-thread-519,3845479750500,3847112036000,false,Hết hàng! Sản phẩm Flash Sale 'FSI-00167': yêu cầu 1; còn lại 0
TXN-SYNCHRONIZED-00520,REQ-SIM-00520,-,CUS-00520,FSI-00167,1,SYNCHRONIZED,pool-3-thread-520,3845479757200,3847112269500,false,Hết hàng! Sản phẩm Flash Sale 'FSI-00167': yêu cầu 1; còn lại 0
TXN-SYNCHRONIZED-00521,REQ-SIM-00521,-,CUS-00521,FSI-00167,1,SYNCHRONIZED,pool-3-thread-521,3845479763900,3847112509700,false,Hết hàng! Sản phẩm Flash Sale 'FSI-00167': yêu cầu 1; còn lại 0
TXN-SYNCHRONIZED-00522,REQ-SIM-00522,-,CUS-00522,FSI-00167,1,SYNCHRONIZED,pool-3-thread-522,3845479771100,3847112739700,false,Hết hàng! Sản phẩm Flash Sale 'FSI-00167': yêu cầu 1; còn lại 0
TXN-SYNCHRONIZED-00523,REQ-SIM-00523,-,CUS-00523,FSI-00167,1,SYNCHRONIZED,pool-3-thread-523,3845479777900,3847112984700,false,Hết hàng! Sản phẩm Flash Sale 'FSI-00167': yêu cầu 1; còn lại 0
TXN-SYNCHRONIZED-00524,REQ-SIM-00524,-,CUS-00524,FSI-00167,1,SYNCHRONIZED,pool-3-thread-524,3845479785100,3847113232300,false,Hết hàng! Sản phẩm Flash Sale 'FSI-00167': yêu cầu 1; còn lại 0
TXN-SYNCHRONIZED-00525,REQ-SIM-00525,-,CUS-00525,FSI-00167,1,SYNCHRONIZED,pool-3-thread-525,3845479792300,3847113470500,false,Hết hàng! Sản phẩm Flash Sale 'FSI-00167': yêu cầu 1; còn lại 0
TXN-SYNCHRONIZED-00526,REQ-SIM-00526,-,CUS-00526,FSI-00167,1,SYNCHRONIZED,pool-3-thread-526,3845479799500,3847113713700,false,Hết hàng! Sản phẩm Flash Sale 'FSI-00167': yêu cầu 1; còn lại 0
TXN-SYNCHRONIZED-00527,REQ-SIM-00527,-,CUS-00527,FSI-00167,1,SYNCHRONIZED,pool-3-thread-527,3845479807100,3847113948800,false,Hết hàng! Sản phẩm Flash Sale 'FSI-00167': yêu cầu 1; còn lại 0
TXN-SYNCHRONIZED-00528,REQ-SIM-00528,-,CUS-00528,FSI-00167,1,SYNCHRONIZED,pool-3-thread-528,3845479814300,3847114181800,false,Hết hàng! Sản phẩm Flash Sale 'FSI-00167': yêu cầu 1; còn lại 0
TXN-SYNCHRONIZED-00529,REQ-SIM-00529,-,CUS-00529,FSI-00167,1,SYNCHRONIZED,pool-3-thread-529,3845479822200,3847114423600,false,Hết hàng! Sản phẩm Flash Sale 'FSI-00167': yêu cầu 1; còn lại 0
TXN-SYNCHRONIZED-00530,REQ-SIM-00530,-,CUS-00530,FSI-00167,1,SYNCHRONIZED,pool-3-thread-530,3845479829600,3847114669900,false,Hết hàng! Sản phẩm Flash Sale 'FSI-00167': yêu cầu 1; còn lại 0
TXN-SYNCHRONIZED-00531,REQ-SIM-00531,-,CUS-00531,FSI-00167,1,SYNCHRONIZED,pool-3-thread-531,3845479837300,3847114916400,false,Hết hàng! Sản phẩm Flash Sale 'FSI-00167': yêu cầu 1; còn lại 0
TXN-SYNCHRONIZED-00532,REQ-SIM-00532,-,CUS-00532,FSI-00167,1,SYNCHRONIZED,pool-3-thread-532,3845479844100,3847115153300,false,Hết hàng! Sản phẩm Flash Sale 'FSI-00167': yêu cầu 1; còn lại 0
TXN-SYNCHRONIZED-00533,REQ-SIM-00533,-,CUS-00533,FSI-00167,1,SYNCHRONIZED,pool-3-thread-533,3845479850800,3847115385700,false,Hết hàng! Sản phẩm Flash Sale 'FSI-00167': yêu cầu 1; còn lại 0
TXN-SYNCHRONIZED-00534,REQ-SIM-00534,-,CUS-00534,FSI-00167,1,SYNCHRONIZED,pool-3-thread-534,3845479857600,3847115615000,false,Hết hàng! Sản phẩm Flash Sale 'FSI-00167': yêu cầu 1; còn lại 0
TXN-SYNCHRONIZED-00535,REQ-SIM-00535,-,CUS-00535,FSI-00167,1,SYNCHRONIZED,pool-3-thread-535,3845479864600,3847115850500,false,Hết hàng! Sản phẩm Flash Sale 'FSI-00167': yêu cầu 1; còn lại 0
TXN-SYNCHRONIZED-00536,REQ-SIM-00536,-,CUS-00536,FSI-00167,1,SYNCHRONIZED,pool-3-thread-536,3845479872000,3847116078800,false,Hết hàng! Sản phẩm Flash Sale 'FSI-00167': yêu cầu 1; còn lại 0
TXN-SYNCHRONIZED-00537,REQ-SIM-00537,-,CUS-00537,FSI-00167,1,SYNCHRONIZED,pool-3-thread-537,3845479879000,3847116315600,false,Hết hàng! Sản phẩm Flash Sale 'FSI-00167': yêu cầu 1; còn lại 0
TXN-SYNCHRONIZED-00538,REQ-SIM-00538,-,CUS-00538,FSI-00167,1,SYNCHRONIZED,pool-3-thread-538,3845479885800,3847116561400,false,Hết hàng! Sản phẩm Flash Sale 'FSI-00167': yêu cầu 1; còn lại 0
TXN-SYNCHRONIZED-00539,REQ-SIM-00539,-,CUS-00539,FSI-00167,1,SYNCHRONIZED,pool-3-thread-539,3845479896100,3847116788100,false,Hết hàng! Sản phẩm Flash Sale 'FSI-00167': yêu cầu 1; còn lại 0
TXN-SYNCHRONIZED-00540,REQ-SIM-00540,-,CUS-00540,FSI-00167,1,SYNCHRONIZED,pool-3-thread-540,3845479902800,3847117127300,false,Hết hàng! Sản phẩm Flash Sale 'FSI-00167': yêu cầu 1; còn lại 0
TXN-SYNCHRONIZED-00541,REQ-SIM-00541,-,CUS-00541,FSI-00167,1,SYNCHRONIZED,pool-3-thread-541,3845479910000,3847117368300,false,Hết hàng! Sản phẩm Flash Sale 'FSI-00167': yêu cầu 1; còn lại 0
TXN-SYNCHRONIZED-00542,REQ-SIM-00542,-,CUS-00542,FSI-00167,1,SYNCHRONIZED,pool-3-thread-542,3845479917000,3847117604800,false,Hết hàng! Sản phẩm Flash Sale 'FSI-00167': yêu cầu 1; còn lại 0
TXN-SYNCHRONIZED-00543,REQ-SIM-00543,-,CUS-00543,FSI-00167,1,SYNCHRONIZED,pool-3-thread-543,3845479924000,3847117840600,false,Hết hàng! Sản phẩm Flash Sale 'FSI-00167': yêu cầu 1; còn lại 0
TXN-SYNCHRONIZED-00544,REQ-SIM-00544,-,CUS-00544,FSI-00167,1,SYNCHRONIZED,pool-3-thread-544,3845479931000,3847118078100,false,Hết hàng! Sản phẩm Flash Sale 'FSI-00167': yêu cầu 1; còn lại 0
TXN-SYNCHRONIZED-00545,REQ-SIM-00545,-,CUS-00545,FSI-00167,1,SYNCHRONIZED,pool-3-thread-545,3845479938300,3847118306800,false,Hết hàng! Sản phẩm Flash Sale 'FSI-00167': yêu cầu 1; còn lại 0
TXN-SYNCHRONIZED-00546,REQ-SIM-00546,-,CUS-00546,FSI-00167,1,SYNCHRONIZED,pool-3-thread-546,3845479945400,3847118553800,false,Hết hàng! Sản phẩm Flash Sale 'FSI-00167': yêu cầu 1; còn lại 0
TXN-SYNCHRONIZED-00547,REQ-SIM-00547,-,CUS-00547,FSI-00167,1,SYNCHRONIZED,pool-3-thread-547,3845479951800,3847118784200,false,Hết hàng! Sản phẩm Flash Sale 'FSI-00167': yêu cầu 1; còn lại 0
TXN-SYNCHRONIZED-00548,REQ-SIM-00548,-,CUS-00548,FSI-00167,1,SYNCHRONIZED,pool-3-thread-548,3845479958400,3847119013400,false,Hết hàng! Sản phẩm Flash Sale 'FSI-00167': yêu cầu 1; còn lại 0
TXN-SYNCHRONIZED-00549,REQ-SIM-00549,-,CUS-00549,FSI-00167,1,SYNCHRONIZED,pool-3-thread-549,3845479966200,3847119244800,false,Hết hàng! Sản phẩm Flash Sale 'FSI-00167': yêu cầu 1; còn lại 0
TXN-SYNCHRONIZED-00550,REQ-SIM-00550,-,CUS-00550,FSI-00167,1,SYNCHRONIZED,pool-3-thread-550,3845479973800,3847119485100,false,Hết hàng! Sản phẩm Flash Sale 'FSI-00167': yêu cầu 1; còn lại 0
TXN-SYNCHRONIZED-00551,REQ-SIM-00551,-,CUS-00551,FSI-00167,1,SYNCHRONIZED,pool-3-thread-551,3845479980700,3847119710400,false,Hết hàng! Sản phẩm Flash Sale 'FSI-00167': yêu cầu 1; còn lại 0
TXN-SYNCHRONIZED-00552,REQ-SIM-00552,-,CUS-00552,FSI-00167,1,SYNCHRONIZED,pool-3-thread-552,3845479987500,3847119939800,false,Hết hàng! Sản phẩm Flash Sale 'FSI-00167': yêu cầu 1; còn lại 0
TXN-SYNCHRONIZED-00553,REQ-SIM-00553,-,CUS-00553,FSI-00167,1,SYNCHRONIZED,pool-3-thread-553,3845479994100,3847120178400,false,Hết hàng! Sản phẩm Flash Sale 'FSI-00167': yêu cầu 1; còn lại 0
TXN-SYNCHRONIZED-00554,REQ-SIM-00554,-,CUS-00554,FSI-00167,1,SYNCHRONIZED,pool-3-thread-554,3845480001200,3847120410700,false,Hết hàng! Sản phẩm Flash Sale 'FSI-00167': yêu cầu 1; còn lại 0
TXN-SYNCHRONIZED-00555,REQ-SIM-00555,-,CUS-00555,FSI-00167,1,SYNCHRONIZED,pool-3-thread-555,3845480008200,3847120642700,false,Hết hàng! Sản phẩm Flash Sale 'FSI-00167': yêu cầu 1; còn lại 0
TXN-SYNCHRONIZED-00556,REQ-SIM-00556,-,CUS-00556,FSI-00167,1,SYNCHRONIZED,pool-3-thread-556,3845480015300,3847120888900,false,Hết hàng! Sản phẩm Flash Sale 'FSI-00167': yêu cầu 1; còn lại 0
TXN-SYNCHRONIZED-00557,REQ-SIM-00557,-,CUS-00557,FSI-00167,1,SYNCHRONIZED,pool-3-thread-557,3845480022300,3847121113300,false,Hết hàng! Sản phẩm Flash Sale 'FSI-00167': yêu cầu 1; còn lại 0
TXN-SYNCHRONIZED-00558,REQ-SIM-00558,-,CUS-00558,FSI-00167,1,SYNCHRONIZED,pool-3-thread-558,3845480028900,3847121342200,false,Hết hàng! Sản phẩm Flash Sale 'FSI-00167': yêu cầu 1; còn lại 0
TXN-SYNCHRONIZED-00559,REQ-SIM-00559,-,CUS-00559,FSI-00167,1,SYNCHRONIZED,pool-3-thread-559,3845480036200,3847121577800,false,Hết hàng! Sản phẩm Flash Sale 'FSI-00167': yêu cầu 1; còn lại 0
TXN-SYNCHRONIZED-00560,REQ-SIM-00560,-,CUS-00560,FSI-00167,1,SYNCHRONIZED,pool-3-thread-560,3845480043100,3847121805200,false,Hết hàng! Sản phẩm Flash Sale 'FSI-00167': yêu cầu 1; còn lại 0
TXN-SYNCHRONIZED-00561,REQ-SIM-00561,-,CUS-00561,FSI-00167,1,SYNCHRONIZED,pool-3-thread-561,3845480050800,3847122081300,false,Hết hàng! Sản phẩm Flash Sale 'FSI-00167': yêu cầu 1; còn lại 0
TXN-SYNCHRONIZED-00562,REQ-SIM-00562,-,CUS-00562,FSI-00167,1,SYNCHRONIZED,pool-3-thread-562,3845480057800,3847122315400,false,Hết hàng! Sản phẩm Flash Sale 'FSI-00167': yêu cầu 1; còn lại 0
TXN-SYNCHRONIZED-00563,REQ-SIM-00563,-,CUS-00563,FSI-00167,1,SYNCHRONIZED,pool-3-thread-563,3845480065100,3847122538500,false,Hết hàng! Sản phẩm Flash Sale 'FSI-00167': yêu cầu 1; còn lại 0
TXN-SYNCHRONIZED-00564,REQ-SIM-00564,-,CUS-00564,FSI-00167,1,SYNCHRONIZED,pool-3-thread-564,3845480076000,3847122774400,false,Hết hàng! Sản phẩm Flash Sale 'FSI-00167': yêu cầu 1; còn lại 0
TXN-SYNCHRONIZED-00565,REQ-SIM-00565,-,CUS-00565,FSI-00167,1,SYNCHRONIZED,pool-3-thread-565,3845480083200,3847123001800,false,Hết hàng! Sản phẩm Flash Sale 'FSI-00167': yêu cầu 1; còn lại 0
TXN-SYNCHRONIZED-00566,REQ-SIM-00566,-,CUS-00566,FSI-00167,1,SYNCHRONIZED,pool-3-thread-566,3845480090700,3847123273500,false,Hết hàng! Sản phẩm Flash Sale 'FSI-00167': yêu cầu 1; còn lại 0
TXN-SYNCHRONIZED-00567,REQ-SIM-00567,-,CUS-00567,FSI-00167,1,SYNCHRONIZED,pool-3-thread-567,3845480097600,3847123513800,false,Hết hàng! Sản phẩm Flash Sale 'FSI-00167': yêu cầu 1; còn lại 0
TXN-SYNCHRONIZED-00568,REQ-SIM-00568,-,CUS-00568,FSI-00167,1,SYNCHRONIZED,pool-3-thread-568,3845480104200,3847123742000,false,Hết hàng! Sản phẩm Flash Sale 'FSI-00167': yêu cầu 1; còn lại 0
TXN-SYNCHRONIZED-00569,REQ-SIM-00569,-,CUS-00569,FSI-00167,1,SYNCHRONIZED,pool-3-thread-569,3845480111500,3847123965100,false,Hết hàng! Sản phẩm Flash Sale 'FSI-00167': yêu cầu 1; còn lại 0
TXN-SYNCHRONIZED-00570,REQ-SIM-00570,-,CUS-00570,FSI-00167,1,SYNCHRONIZED,pool-3-thread-570,3845480118600,3847124193300,false,Hết hàng! Sản phẩm Flash Sale 'FSI-00167': yêu cầu 1; còn lại 0
TXN-SYNCHRONIZED-00571,REQ-SIM-00571,-,CUS-00571,FSI-00167,1,SYNCHRONIZED,pool-3-thread-571,3845480125300,3847124448400,false,Hết hàng! Sản phẩm Flash Sale 'FSI-00167': yêu cầu 1; còn lại 0
TXN-SYNCHRONIZED-00572,REQ-SIM-00572,-,CUS-00572,FSI-00167,1,SYNCHRONIZED,pool-3-thread-572,3845480132400,3847124684600,false,Hết hàng! Sản phẩm Flash Sale 'FSI-00167': yêu cầu 1; còn lại 0
TXN-SYNCHRONIZED-00573,REQ-SIM-00573,-,CUS-00573,FSI-00167,1,SYNCHRONIZED,pool-3-thread-573,3845480140100,3847124922000,false,Hết hàng! Sản phẩm Flash Sale 'FSI-00167': yêu cầu 1; còn lại 0
TXN-SYNCHRONIZED-00574,REQ-SIM-00574,-,CUS-00574,FSI-00167,1,SYNCHRONIZED,pool-3-thread-574,3845480147100,3847125156600,false,Hết hàng! Sản phẩm Flash Sale 'FSI-00167': yêu cầu 1; còn lại 0
TXN-SYNCHRONIZED-00575,REQ-SIM-00575,-,CUS-00575,FSI-00167,1,SYNCHRONIZED,pool-3-thread-575,3845480153900,3847125379500,false,Hết hàng! Sản phẩm Flash Sale 'FSI-00167': yêu cầu 1; còn lại 0
TXN-SYNCHRONIZED-00576,REQ-SIM-00576,-,CUS-00576,FSI-00167,1,SYNCHRONIZED,pool-3-thread-576,3845480161300,3847125703900,false,Hết hàng! Sản phẩm Flash Sale 'FSI-00167': yêu cầu 1; còn lại 0
TXN-SYNCHRONIZED-00577,REQ-SIM-00577,-,CUS-00577,FSI-00167,1,SYNCHRONIZED,pool-3-thread-577,3845480168800,3847125929400,false,Hết hàng! Sản phẩm Flash Sale 'FSI-00167': yêu cầu 1; còn lại 0
TXN-SYNCHRONIZED-00578,REQ-SIM-00578,-,CUS-00578,FSI-00167,1,SYNCHRONIZED,pool-3-thread-578,3845480175700,3847126158500,false,Hết hàng! Sản phẩm Flash Sale 'FSI-00167': yêu cầu 1; còn lại 0
TXN-SYNCHRONIZED-00579,REQ-SIM-00579,-,CUS-00579,FSI-00167,1,SYNCHRONIZED,pool-3-thread-579,3845480182600,3847126401900,false,Hết hàng! Sản phẩm Flash Sale 'FSI-00167': yêu cầu 1; còn lại 0
TXN-SYNCHRONIZED-00580,REQ-SIM-00580,-,CUS-00580,FSI-00167,1,SYNCHRONIZED,pool-3-thread-580,3845480191800,3847126627900,false,Hết hàng! Sản phẩm Flash Sale 'FSI-00167': yêu cầu 1; còn lại 0
TXN-SYNCHRONIZED-00581,REQ-SIM-00581,-,CUS-00581,FSI-00167,1,SYNCHRONIZED,pool-3-thread-581,3845480200700,3847126993400,false,Hết hàng! Sản phẩm Flash Sale 'FSI-00167': yêu cầu 1; còn lại 0
TXN-SYNCHRONIZED-00582,REQ-SIM-00582,-,CUS-00582,FSI-00167,1,SYNCHRONIZED,pool-3-thread-582,3845480209100,3847127222800,false,Hết hàng! Sản phẩm Flash Sale 'FSI-00167': yêu cầu 1; còn lại 0
TXN-SYNCHRONIZED-00583,REQ-SIM-00583,-,CUS-00583,FSI-00167,1,SYNCHRONIZED,pool-3-thread-583,3845480224700,3847127468400,false,Hết hàng! Sản phẩm Flash Sale 'FSI-00167': yêu cầu 1; còn lại 0
TXN-SYNCHRONIZED-00584,REQ-SIM-00584,-,CUS-00584,FSI-00167,1,SYNCHRONIZED,pool-3-thread-584,3845480232900,3847127702800,false,Hết hàng! Sản phẩm Flash Sale 'FSI-00167': yêu cầu 1; còn lại 0
TXN-SYNCHRONIZED-00585,REQ-SIM-00585,-,CUS-00585,FSI-00167,1,SYNCHRONIZED,pool-3-thread-585,3845480241000,3847127947600,false,Hết hàng! Sản phẩm Flash Sale 'FSI-00167': yêu cầu 1; còn lại 0
TXN-SYNCHRONIZED-00586,REQ-SIM-00586,-,CUS-00586,FSI-00167,1,SYNCHRONIZED,pool-3-thread-586,3845480248600,3847128180300,false,Hết hàng! Sản phẩm Flash Sale 'FSI-00167': yêu cầu 1; còn lại 0
TXN-SYNCHRONIZED-00587,REQ-SIM-00587,-,CUS-00587,FSI-00167,1,SYNCHRONIZED,pool-3-thread-587,3845480256000,3847128426200,false,Hết hàng! Sản phẩm Flash Sale 'FSI-00167': yêu cầu 1; còn lại 0
TXN-SYNCHRONIZED-00588,REQ-SIM-00588,-,CUS-00588,FSI-00167,1,SYNCHRONIZED,pool-3-thread-588,3845480265500,3847128651500,false,Hết hàng! Sản phẩm Flash Sale 'FSI-00167': yêu cầu 1; còn lại 0
TXN-SYNCHRONIZED-00589,REQ-SIM-00589,-,CUS-00589,FSI-00167,1,SYNCHRONIZED,pool-3-thread-589,3845480273600,3847128977900,false,Hết hàng! Sản phẩm Flash Sale 'FSI-00167': yêu cầu 1; còn lại 0
TXN-SYNCHRONIZED-00590,REQ-SIM-00590,-,CUS-00590,FSI-00167,1,SYNCHRONIZED,pool-3-thread-590,3845480280600,3847129269700,false,Hết hàng! Sản phẩm Flash Sale 'FSI-00167': yêu cầu 1; còn lại 0
TXN-SYNCHRONIZED-00591,REQ-SIM-00591,-,CUS-00591,FSI-00167,1,SYNCHRONIZED,pool-3-thread-591,3845480287800,3847129500300,false,Hết hàng! Sản phẩm Flash Sale 'FSI-00167': yêu cầu 1; còn lại 0
TXN-SYNCHRONIZED-00592,REQ-SIM-00592,-,CUS-00592,FSI-00167,1,SYNCHRONIZED,pool-3-thread-592,3845480294700,3847129734400,false,Hết hàng! Sản phẩm Flash Sale 'FSI-00167': yêu cầu 1; còn lại 0
TXN-SYNCHRONIZED-00593,REQ-SIM-00593,-,CUS-00593,FSI-00167,1,SYNCHRONIZED,pool-3-thread-593,3845480301800,3847129960300,false,Hết hàng! Sản phẩm Flash Sale 'FSI-00167': yêu cầu 1; còn lại 0
TXN-SYNCHRONIZED-00594,REQ-SIM-00594,-,CUS-00594,FSI-00167,1,SYNCHRONIZED,pool-3-thread-594,3845480309100,3847130185400,false,Hết hàng! Sản phẩm Flash Sale 'FSI-00167': yêu cầu 1; còn lại 0
TXN-SYNCHRONIZED-00595,REQ-SIM-00595,-,CUS-00595,FSI-00167,1,SYNCHRONIZED,pool-3-thread-595,3845480316100,3847130415400,false,Hết hàng! Sản phẩm Flash Sale 'FSI-00167': yêu cầu 1; còn lại 0
TXN-SYNCHRONIZED-00596,REQ-SIM-00596,-,CUS-00596,FSI-00167,1,SYNCHRONIZED,pool-3-thread-596,3845480323500,3847130670500,false,Hết hàng! Sản phẩm Flash Sale 'FSI-00167': yêu cầu 1; còn lại 0
TXN-SYNCHRONIZED-00597,REQ-SIM-00597,-,CUS-00597,FSI-00167,1,SYNCHRONIZED,pool-3-thread-597,3845480330800,3847130911400,false,Hết hàng! Sản phẩm Flash Sale 'FSI-00167': yêu cầu 1; còn lại 0
TXN-SYNCHRONIZED-00598,REQ-SIM-00598,-,CUS-00598,FSI-00167,1,SYNCHRONIZED,pool-3-thread-598,3845480337900,3847131159200,false,Hết hàng! Sản phẩm Flash Sale 'FSI-00167': yêu cầu 1; còn lại 0
TXN-SYNCHRONIZED-00599,REQ-SIM-00599,-,CUS-00599,FSI-00167,1,SYNCHRONIZED,pool-3-thread-599,3845480344900,3847131395700,false,Hết hàng! Sản phẩm Flash Sale 'FSI-00167': yêu cầu 1; còn lại 0
TXN-SYNCHRONIZED-00600,REQ-SIM-00600,-,CUS-00600,FSI-00167,1,SYNCHRONIZED,pool-3-thread-600,3845480352200,3847131711100,false,Hết hàng! Sản phẩm Flash Sale 'FSI-00167': yêu cầu 1; còn lại 0
TXN-SYNCHRONIZED-00601,REQ-SIM-00601,-,CUS-00601,FSI-00167,1,SYNCHRONIZED,pool-3-thread-601,3845480359900,3847132041500,false,Hết hàng! Sản phẩm Flash Sale 'FSI-00167': yêu cầu 1; còn lại 0
TXN-SYNCHRONIZED-00602,REQ-SIM-00602,-,CUS-00602,FSI-00167,1,SYNCHRONIZED,pool-3-thread-602,3845480367000,3847132281900,false,Hết hàng! Sản phẩm Flash Sale 'FSI-00167': yêu cầu 1; còn lại 0
TXN-SYNCHRONIZED-00603,REQ-SIM-00603,-,CUS-00603,FSI-00167,1,SYNCHRONIZED,pool-3-thread-603,3845480373800,3847132509300,false,Hết hàng! Sản phẩm Flash Sale 'FSI-00167': yêu cầu 1; còn lại 0
TXN-SYNCHRONIZED-00604,REQ-SIM-00604,-,CUS-00604,FSI-00167,1,SYNCHRONIZED,pool-3-thread-604,3845480380600,3847132750200,false,Hết hàng! Sản phẩm Flash Sale 'FSI-00167': yêu cầu 1; còn lại 0
TXN-SYNCHRONIZED-00605,REQ-SIM-00605,-,CUS-00605,FSI-00167,1,SYNCHRONIZED,pool-3-thread-605,3845480387100,3847133070800,false,Hết hàng! Sản phẩm Flash Sale 'FSI-00167': yêu cầu 1; còn lại 0
TXN-SYNCHRONIZED-00606,REQ-SIM-00606,-,CUS-00606,FSI-00167,1,SYNCHRONIZED,pool-3-thread-606,3845480394900,3847133341100,false,Hết hàng! Sản phẩm Flash Sale 'FSI-00167': yêu cầu 1; còn lại 0
TXN-SYNCHRONIZED-00607,REQ-SIM-00607,-,CUS-00607,FSI-00167,1,SYNCHRONIZED,pool-3-thread-607,3845480401900,3847133592900,false,Hết hàng! Sản phẩm Flash Sale 'FSI-00167': yêu cầu 1; còn lại 0
TXN-SYNCHRONIZED-00608,REQ-SIM-00608,-,CUS-00608,FSI-00167,1,SYNCHRONIZED,pool-3-thread-608,3845480413900,3847133932800,false,Hết hàng! Sản phẩm Flash Sale 'FSI-00167': yêu cầu 1; còn lại 0
TXN-SYNCHRONIZED-00609,REQ-SIM-00609,-,CUS-00609,FSI-00167,1,SYNCHRONIZED,pool-3-thread-609,3845480421500,3847134173400,false,Hết hàng! Sản phẩm Flash Sale 'FSI-00167': yêu cầu 1; còn lại 0
TXN-SYNCHRONIZED-00610,REQ-SIM-00610,-,CUS-00610,FSI-00167,1,SYNCHRONIZED,pool-3-thread-610,3845480428300,3847134407400,false,Hết hàng! Sản phẩm Flash Sale 'FSI-00167': yêu cầu 1; còn lại 0
TXN-SYNCHRONIZED-00611,REQ-SIM-00611,-,CUS-00611,FSI-00167,1,SYNCHRONIZED,pool-3-thread-611,3845480435400,3847134648600,false,Hết hàng! Sản phẩm Flash Sale 'FSI-00167': yêu cầu 1; còn lại 0
TXN-SYNCHRONIZED-00612,REQ-SIM-00612,-,CUS-00612,FSI-00167,1,SYNCHRONIZED,pool-3-thread-612,3845480442600,3847134885300,false,Hết hàng! Sản phẩm Flash Sale 'FSI-00167': yêu cầu 1; còn lại 0
TXN-SYNCHRONIZED-00613,REQ-SIM-00613,-,CUS-00613,FSI-00167,1,SYNCHRONIZED,pool-3-thread-613,3845480450700,3847135135200,false,Hết hàng! Sản phẩm Flash Sale 'FSI-00167': yêu cầu 1; còn lại 0
TXN-SYNCHRONIZED-00614,REQ-SIM-00614,-,CUS-00614,FSI-00167,1,SYNCHRONIZED,pool-3-thread-614,3845480458400,3847135362400,false,Hết hàng! Sản phẩm Flash Sale 'FSI-00167': yêu cầu 1; còn lại 0
TXN-SYNCHRONIZED-00615,REQ-SIM-00615,-,CUS-00615,FSI-00167,1,SYNCHRONIZED,pool-3-thread-615,3845480467800,3847135601700,false,Hết hàng! Sản phẩm Flash Sale 'FSI-00167': yêu cầu 1; còn lại 0
TXN-SYNCHRONIZED-00616,REQ-SIM-00616,-,CUS-00616,FSI-00167,1,SYNCHRONIZED,pool-3-thread-616,3845480477100,3847135894700,false,Hết hàng! Sản phẩm Flash Sale 'FSI-00167': yêu cầu 1; còn lại 0
TXN-SYNCHRONIZED-00617,REQ-SIM-00617,-,CUS-00617,FSI-00167,1,SYNCHRONIZED,pool-3-thread-617,3845480485600,3847136115200,false,Hết hàng! Sản phẩm Flash Sale 'FSI-00167': yêu cầu 1; còn lại 0
TXN-SYNCHRONIZED-00618,REQ-SIM-00618,-,CUS-00618,FSI-00167,1,SYNCHRONIZED,pool-3-thread-618,3845480493400,3847136353500,false,Hết hàng! Sản phẩm Flash Sale 'FSI-00167': yêu cầu 1; còn lại 0
TXN-SYNCHRONIZED-00619,REQ-SIM-00619,-,CUS-00619,FSI-00167,1,SYNCHRONIZED,pool-3-thread-619,3845480500500,3847136590500,false,Hết hàng! Sản phẩm Flash Sale 'FSI-00167': yêu cầu 1; còn lại 0
TXN-SYNCHRONIZED-00620,REQ-SIM-00620,-,CUS-00620,FSI-00167,1,SYNCHRONIZED,pool-3-thread-620,3845480507300,3847136819000,false,Hết hàng! Sản phẩm Flash Sale 'FSI-00167': yêu cầu 1; còn lại 0
TXN-SYNCHRONIZED-00621,REQ-SIM-00621,-,CUS-00621,FSI-00167,1,SYNCHRONIZED,pool-3-thread-621,3845480514900,3847137055700,false,Hết hàng! Sản phẩm Flash Sale 'FSI-00167': yêu cầu 1; còn lại 0
TXN-SYNCHRONIZED-00622,REQ-SIM-00622,-,CUS-00622,FSI-00167,1,SYNCHRONIZED,pool-3-thread-622,3845480521600,3847137296300,false,Hết hàng! Sản phẩm Flash Sale 'FSI-00167': yêu cầu 1; còn lại 0
TXN-SYNCHRONIZED-00623,REQ-SIM-00623,-,CUS-00623,FSI-00167,1,SYNCHRONIZED,pool-3-thread-623,3845480529300,3847137638200,false,Hết hàng! Sản phẩm Flash Sale 'FSI-00167': yêu cầu 1; còn lại 0
TXN-SYNCHRONIZED-00624,REQ-SIM-00624,-,CUS-00624,FSI-00167,1,SYNCHRONIZED,pool-3-thread-624,3845480537600,3847137935500,false,Hết hàng! Sản phẩm Flash Sale 'FSI-00167': yêu cầu 1; còn lại 0
TXN-SYNCHRONIZED-00625,REQ-SIM-00625,-,CUS-00625,FSI-00167,1,SYNCHRONIZED,pool-3-thread-625,3845480544900,3847138234100,false,Hết hàng! Sản phẩm Flash Sale 'FSI-00167': yêu cầu 1; còn lại 0
TXN-SYNCHRONIZED-00626,REQ-SIM-00626,-,CUS-00626,FSI-00167,1,SYNCHRONIZED,pool-3-thread-626,3845480551500,3847138526500,false,Hết hàng! Sản phẩm Flash Sale 'FSI-00167': yêu cầu 1; còn lại 0
TXN-SYNCHRONIZED-00627,REQ-SIM-00627,-,CUS-00627,FSI-00167,1,SYNCHRONIZED,pool-3-thread-627,3845480558000,3847138798200,false,Hết hàng! Sản phẩm Flash Sale 'FSI-00167': yêu cầu 1; còn lại 0
TXN-SYNCHRONIZED-00628,REQ-SIM-00628,-,CUS-00628,FSI-00167,1,SYNCHRONIZED,pool-3-thread-628,3845480565300,3847139191300,false,Hết hàng! Sản phẩm Flash Sale 'FSI-00167': yêu cầu 1; còn lại 0
TXN-SYNCHRONIZED-00629,REQ-SIM-00629,-,CUS-00629,FSI-00167,1,SYNCHRONIZED,pool-3-thread-629,3845480572600,3847139482400,false,Hết hàng! Sản phẩm Flash Sale 'FSI-00167': yêu cầu 1; còn lại 0
TXN-SYNCHRONIZED-00630,REQ-SIM-00630,-,CUS-00630,FSI-00167,1,SYNCHRONIZED,pool-3-thread-630,3845480580000,3847139786300,false,Hết hàng! Sản phẩm Flash Sale 'FSI-00167': yêu cầu 1; còn lại 0
TXN-SYNCHRONIZED-00631,REQ-SIM-00631,-,CUS-00631,FSI-00167,1,SYNCHRONIZED,pool-3-thread-631,3845480588600,3847140134600,false,Hết hàng! Sản phẩm Flash Sale 'FSI-00167': yêu cầu 1; còn lại 0
TXN-SYNCHRONIZED-00632,REQ-SIM-00632,-,CUS-00632,FSI-00167,1,SYNCHRONIZED,pool-3-thread-632,3845480598000,3847140435600,false,Hết hàng! Sản phẩm Flash Sale 'FSI-00167': yêu cầu 1; còn lại 0
TXN-SYNCHRONIZED-00633,REQ-SIM-00633,-,CUS-00633,FSI-00167,1,SYNCHRONIZED,pool-3-thread-633,3845480606600,3847140730500,false,Hết hàng! Sản phẩm Flash Sale 'FSI-00167': yêu cầu 1; còn lại 0
TXN-SYNCHRONIZED-00634,REQ-SIM-00634,-,CUS-00634,FSI-00167,1,SYNCHRONIZED,pool-3-thread-634,3845480613800,3847141021600,false,Hết hàng! Sản phẩm Flash Sale 'FSI-00167': yêu cầu 1; còn lại 0
TXN-SYNCHRONIZED-00635,REQ-SIM-00635,-,CUS-00635,FSI-00167,1,SYNCHRONIZED,pool-3-thread-635,3845480621000,3847141400000,false,Hết hàng! Sản phẩm Flash Sale 'FSI-00167': yêu cầu 1; còn lại 0
TXN-SYNCHRONIZED-00636,REQ-SIM-00636,-,CUS-00636,FSI-00167,1,SYNCHRONIZED,pool-3-thread-636,3845480629500,3847141815000,false,Hết hàng! Sản phẩm Flash Sale 'FSI-00167': yêu cầu 1; còn lại 0
TXN-SYNCHRONIZED-00637,REQ-SIM-00637,-,CUS-00637,FSI-00167,1,SYNCHRONIZED,pool-3-thread-637,3845480636900,3847142124100,false,Hết hàng! Sản phẩm Flash Sale 'FSI-00167': yêu cầu 1; còn lại 0
TXN-SYNCHRONIZED-00638,REQ-SIM-00638,-,CUS-00638,FSI-00167,1,SYNCHRONIZED,pool-3-thread-638,3845480643800,3847142413700,false,Hết hàng! Sản phẩm Flash Sale 'FSI-00167': yêu cầu 1; còn lại 0
TXN-SYNCHRONIZED-00639,REQ-SIM-00639,-,CUS-00639,FSI-00167,1,SYNCHRONIZED,pool-3-thread-639,3845480650900,3847142848100,false,Hết hàng! Sản phẩm Flash Sale 'FSI-00167': yêu cầu 1; còn lại 0
TXN-SYNCHRONIZED-00640,REQ-SIM-00640,-,CUS-00640,FSI-00167,1,SYNCHRONIZED,pool-3-thread-640,3845480662800,3847143293700,false,Hết hàng! Sản phẩm Flash Sale 'FSI-00167': yêu cầu 1; còn lại 0
TXN-SYNCHRONIZED-00641,REQ-SIM-00641,-,CUS-00641,FSI-00167,1,SYNCHRONIZED,pool-3-thread-641,3845480669200,3847143637700,false,Hết hàng! Sản phẩm Flash Sale 'FSI-00167': yêu cầu 1; còn lại 0
TXN-SYNCHRONIZED-00642,REQ-SIM-00642,-,CUS-00642,FSI-00167,1,SYNCHRONIZED,pool-3-thread-642,3845480676300,3847144035800,false,Hết hàng! Sản phẩm Flash Sale 'FSI-00167': yêu cầu 1; còn lại 0
TXN-SYNCHRONIZED-00643,REQ-SIM-00643,-,CUS-00643,FSI-00167,1,SYNCHRONIZED,pool-3-thread-643,3845480683700,3847144450800,false,Hết hàng! Sản phẩm Flash Sale 'FSI-00167': yêu cầu 1; còn lại 0
TXN-SYNCHRONIZED-00644,REQ-SIM-00644,-,CUS-00644,FSI-00167,1,SYNCHRONIZED,pool-3-thread-644,3845480690600,3847144735400,false,Hết hàng! Sản phẩm Flash Sale 'FSI-00167': yêu cầu 1; còn lại 0
TXN-SYNCHRONIZED-00645,REQ-SIM-00645,-,CUS-00645,FSI-00167,1,SYNCHRONIZED,pool-3-thread-645,3845480697300,3847145154900,false,Hết hàng! Sản phẩm Flash Sale 'FSI-00167': yêu cầu 1; còn lại 0
TXN-SYNCHRONIZED-00646,REQ-SIM-00646,-,CUS-00646,FSI-00167,1,SYNCHRONIZED,pool-3-thread-646,3845480704200,3847145572300,false,Hết hàng! Sản phẩm Flash Sale 'FSI-00167': yêu cầu 1; còn lại 0
TXN-SYNCHRONIZED-00647,REQ-SIM-00647,-,CUS-00647,FSI-00167,1,SYNCHRONIZED,pool-3-thread-647,3845480711100,3847145894800,false,Hết hàng! Sản phẩm Flash Sale 'FSI-00167': yêu cầu 1; còn lại 0
TXN-SYNCHRONIZED-00648,REQ-SIM-00648,-,CUS-00648,FSI-00167,1,SYNCHRONIZED,pool-3-thread-648,3845480718000,3847146258300,false,Hết hàng! Sản phẩm Flash Sale 'FSI-00167': yêu cầu 1; còn lại 0
TXN-SYNCHRONIZED-00649,REQ-SIM-00649,-,CUS-00649,FSI-00167,1,SYNCHRONIZED,pool-3-thread-649,3845480725000,3847146579600,false,Hết hàng! Sản phẩm Flash Sale 'FSI-00167': yêu cầu 1; còn lại 0
TXN-SYNCHRONIZED-00650,REQ-SIM-00650,-,CUS-00650,FSI-00167,1,SYNCHRONIZED,pool-3-thread-650,3845480732400,3847146831100,false,Hết hàng! Sản phẩm Flash Sale 'FSI-00167': yêu cầu 1; còn lại 0
TXN-SYNCHRONIZED-00651,REQ-SIM-00651,-,CUS-00651,FSI-00167,1,SYNCHRONIZED,pool-3-thread-651,3845480739100,3847147062200,false,Hết hàng! Sản phẩm Flash Sale 'FSI-00167': yêu cầu 1; còn lại 0
TXN-SYNCHRONIZED-00652,REQ-SIM-00652,-,CUS-00652,FSI-00167,1,SYNCHRONIZED,pool-3-thread-652,3845480746300,3847147376300,false,Hết hàng! Sản phẩm Flash Sale 'FSI-00167': yêu cầu 1; còn lại 0
TXN-SYNCHRONIZED-00653,REQ-SIM-00653,-,CUS-00653,FSI-00167,1,SYNCHRONIZED,pool-3-thread-653,3845480753000,3847147596000,false,Hết hàng! Sản phẩm Flash Sale 'FSI-00167': yêu cầu 1; còn lại 0
TXN-SYNCHRONIZED-00654,REQ-SIM-00654,-,CUS-00654,FSI-00167,1,SYNCHRONIZED,pool-3-thread-654,3845480763000,3847147826800,false,Hết hàng! Sản phẩm Flash Sale 'FSI-00167': yêu cầu 1; còn lại 0
TXN-SYNCHRONIZED-00655,REQ-SIM-00655,-,CUS-00655,FSI-00167,1,SYNCHRONIZED,pool-3-thread-655,3845480769700,3847148173600,false,Hết hàng! Sản phẩm Flash Sale 'FSI-00167': yêu cầu 1; còn lại 0
TXN-SYNCHRONIZED-00656,REQ-SIM-00656,-,CUS-00656,FSI-00167,1,SYNCHRONIZED,pool-3-thread-656,3845480777300,3847148419500,false,Hết hàng! Sản phẩm Flash Sale 'FSI-00167': yêu cầu 1; còn lại 0
TXN-SYNCHRONIZED-00657,REQ-SIM-00657,-,CUS-00657,FSI-00167,1,SYNCHRONIZED,pool-3-thread-657,3845480784300,3847148650600,false,Hết hàng! Sản phẩm Flash Sale 'FSI-00167': yêu cầu 1; còn lại 0
TXN-SYNCHRONIZED-00658,REQ-SIM-00658,-,CUS-00658,FSI-00167,1,SYNCHRONIZED,pool-3-thread-658,3845480790700,3847148906300,false,Hết hàng! Sản phẩm Flash Sale 'FSI-00167': yêu cầu 1; còn lại 0
TXN-SYNCHRONIZED-00659,REQ-SIM-00659,-,CUS-00659,FSI-00167,1,SYNCHRONIZED,pool-3-thread-659,3845480797800,3847149130900,false,Hết hàng! Sản phẩm Flash Sale 'FSI-00167': yêu cầu 1; còn lại 0
TXN-SYNCHRONIZED-00660,REQ-SIM-00660,-,CUS-00660,FSI-00167,1,SYNCHRONIZED,pool-3-thread-660,3845480805500,3847149384000,false,Hết hàng! Sản phẩm Flash Sale 'FSI-00167': yêu cầu 1; còn lại 0
TXN-SYNCHRONIZED-00661,REQ-SIM-00661,-,CUS-00661,FSI-00167,1,SYNCHRONIZED,pool-3-thread-661,3845480812600,3847149687100,false,Hết hàng! Sản phẩm Flash Sale 'FSI-00167': yêu cầu 1; còn lại 0
TXN-SYNCHRONIZED-00662,REQ-SIM-00662,-,CUS-00662,FSI-00167,1,SYNCHRONIZED,pool-3-thread-662,3845480820600,3847149920200,false,Hết hàng! Sản phẩm Flash Sale 'FSI-00167': yêu cầu 1; còn lại 0
TXN-SYNCHRONIZED-00663,REQ-SIM-00663,-,CUS-00663,FSI-00167,1,SYNCHRONIZED,pool-3-thread-663,3845480827300,3847150155500,false,Hết hàng! Sản phẩm Flash Sale 'FSI-00167': yêu cầu 1; còn lại 0
TXN-SYNCHRONIZED-00664,REQ-SIM-00664,-,CUS-00664,FSI-00167,1,SYNCHRONIZED,pool-3-thread-664,3845480834300,3847150388100,false,Hết hàng! Sản phẩm Flash Sale 'FSI-00167': yêu cầu 1; còn lại 0
TXN-SYNCHRONIZED-00665,REQ-SIM-00665,-,CUS-00665,FSI-00167,1,SYNCHRONIZED,pool-3-thread-665,3845480841300,3847150614800,false,Hết hàng! Sản phẩm Flash Sale 'FSI-00167': yêu cầu 1; còn lại 0
TXN-SYNCHRONIZED-00666,REQ-SIM-00666,-,CUS-00666,FSI-00167,1,SYNCHRONIZED,pool-3-thread-666,3845480848600,3847150902300,false,Hết hàng! Sản phẩm Flash Sale 'FSI-00167': yêu cầu 1; còn lại 0
TXN-SYNCHRONIZED-00667,REQ-SIM-00667,-,CUS-00667,FSI-00167,1,SYNCHRONIZED,pool-3-thread-667,3845480855900,3847151134500,false,Hết hàng! Sản phẩm Flash Sale 'FSI-00167': yêu cầu 1; còn lại 0
TXN-SYNCHRONIZED-00668,REQ-SIM-00668,-,CUS-00668,FSI-00167,1,SYNCHRONIZED,pool-3-thread-668,3845480865400,3847151356600,false,Hết hàng! Sản phẩm Flash Sale 'FSI-00167': yêu cầu 1; còn lại 0
TXN-SYNCHRONIZED-00669,REQ-SIM-00669,-,CUS-00669,FSI-00167,1,SYNCHRONIZED,pool-3-thread-669,3845480872800,3847151593300,false,Hết hàng! Sản phẩm Flash Sale 'FSI-00167': yêu cầu 1; còn lại 0
TXN-SYNCHRONIZED-00670,REQ-SIM-00670,-,CUS-00670,FSI-00167,1,SYNCHRONIZED,pool-3-thread-670,3845480880200,3847151828200,false,Hết hàng! Sản phẩm Flash Sale 'FSI-00167': yêu cầu 1; còn lại 0
TXN-SYNCHRONIZED-00671,REQ-SIM-00671,-,CUS-00671,FSI-00167,1,SYNCHRONIZED,pool-3-thread-671,3845480888800,3847152079800,false,Hết hàng! Sản phẩm Flash Sale 'FSI-00167': yêu cầu 1; còn lại 0
TXN-SYNCHRONIZED-00672,REQ-SIM-00672,-,CUS-00672,FSI-00167,1,SYNCHRONIZED,pool-3-thread-672,3845480895700,3847152308200,false,Hết hàng! Sản phẩm Flash Sale 'FSI-00167': yêu cầu 1; còn lại 0
TXN-SYNCHRONIZED-00673,REQ-SIM-00673,-,CUS-00673,FSI-00167,1,SYNCHRONIZED,pool-3-thread-673,3845480902400,3847152538400,false,Hết hàng! Sản phẩm Flash Sale 'FSI-00167': yêu cầu 1; còn lại 0
TXN-SYNCHRONIZED-00674,REQ-SIM-00674,-,CUS-00674,FSI-00167,1,SYNCHRONIZED,pool-3-thread-674,3845480915000,3847152776600,false,Hết hàng! Sản phẩm Flash Sale 'FSI-00167': yêu cầu 1; còn lại 0
TXN-SYNCHRONIZED-00675,REQ-SIM-00675,-,CUS-00675,FSI-00167,1,SYNCHRONIZED,pool-3-thread-675,3845480925100,3847153006800,false,Hết hàng! Sản phẩm Flash Sale 'FSI-00167': yêu cầu 1; còn lại 0
TXN-SYNCHRONIZED-00676,REQ-SIM-00676,-,CUS-00676,FSI-00167,1,SYNCHRONIZED,pool-3-thread-676,3845480932500,3847153260000,false,Hết hàng! Sản phẩm Flash Sale 'FSI-00167': yêu cầu 1; còn lại 0
TXN-SYNCHRONIZED-00677,REQ-SIM-00677,-,CUS-00677,FSI-00167,1,SYNCHRONIZED,pool-3-thread-677,3845480941900,3847153492100,false,Hết hàng! Sản phẩm Flash Sale 'FSI-00167': yêu cầu 1; còn lại 0
TXN-SYNCHRONIZED-00678,REQ-SIM-00678,-,CUS-00678,FSI-00167,1,SYNCHRONIZED,pool-3-thread-678,3845480950100,3847153719600,false,Hết hàng! Sản phẩm Flash Sale 'FSI-00167': yêu cầu 1; còn lại 0
TXN-SYNCHRONIZED-00679,REQ-SIM-00679,-,CUS-00679,FSI-00167,1,SYNCHRONIZED,pool-3-thread-679,3845480958000,3847153942400,false,Hết hàng! Sản phẩm Flash Sale 'FSI-00167': yêu cầu 1; còn lại 0
TXN-SYNCHRONIZED-00680,REQ-SIM-00680,-,CUS-00680,FSI-00167,1,SYNCHRONIZED,pool-3-thread-680,3845480966600,3847154174000,false,Hết hàng! Sản phẩm Flash Sale 'FSI-00167': yêu cầu 1; còn lại 0
TXN-SYNCHRONIZED-00681,REQ-SIM-00681,-,CUS-00681,FSI-00167,1,SYNCHRONIZED,pool-3-thread-681,3845480973800,3847154458100,false,Hết hàng! Sản phẩm Flash Sale 'FSI-00167': yêu cầu 1; còn lại 0
TXN-SYNCHRONIZED-00682,REQ-SIM-00682,-,CUS-00682,FSI-00167,1,SYNCHRONIZED,pool-3-thread-682,3845480987800,3847154689600,false,Hết hàng! Sản phẩm Flash Sale 'FSI-00167': yêu cầu 1; còn lại 0
TXN-SYNCHRONIZED-00683,REQ-SIM-00683,-,CUS-00683,FSI-00167,1,SYNCHRONIZED,pool-3-thread-683,3845480994900,3847154915100,false,Hết hàng! Sản phẩm Flash Sale 'FSI-00167': yêu cầu 1; còn lại 0
TXN-SYNCHRONIZED-00684,REQ-SIM-00684,-,CUS-00684,FSI-00167,1,SYNCHRONIZED,pool-3-thread-684,3845481004000,3847155140900,false,Hết hàng! Sản phẩm Flash Sale 'FSI-00167': yêu cầu 1; còn lại 0
TXN-SYNCHRONIZED-00685,REQ-SIM-00685,-,CUS-00685,FSI-00167,1,SYNCHRONIZED,pool-3-thread-685,3845481013300,3847155362900,false,Hết hàng! Sản phẩm Flash Sale 'FSI-00167': yêu cầu 1; còn lại 0
TXN-SYNCHRONIZED-00686,REQ-SIM-00686,-,CUS-00686,FSI-00167,1,SYNCHRONIZED,pool-3-thread-686,3845481021500,3847155660000,false,Hết hàng! Sản phẩm Flash Sale 'FSI-00167': yêu cầu 1; còn lại 0
TXN-SYNCHRONIZED-00687,REQ-SIM-00687,-,CUS-00687,FSI-00167,1,SYNCHRONIZED,pool-3-thread-687,3845481030800,3847155874000,false,Hết hàng! Sản phẩm Flash Sale 'FSI-00167': yêu cầu 1; còn lại 0
TXN-SYNCHRONIZED-00688,REQ-SIM-00688,-,CUS-00688,FSI-00167,1,SYNCHRONIZED,pool-3-thread-688,3845481045900,3847156103500,false,Hết hàng! Sản phẩm Flash Sale 'FSI-00167': yêu cầu 1; còn lại 0
TXN-SYNCHRONIZED-00689,REQ-SIM-00689,-,CUS-00689,FSI-00167,1,SYNCHRONIZED,pool-3-thread-689,3845481055300,3847156340200,false,Hết hàng! Sản phẩm Flash Sale 'FSI-00167': yêu cầu 1; còn lại 0
TXN-SYNCHRONIZED-00690,REQ-SIM-00690,-,CUS-00690,FSI-00167,1,SYNCHRONIZED,pool-3-thread-690,3845481062700,3847156568000,false,Hết hàng! Sản phẩm Flash Sale 'FSI-00167': yêu cầu 1; còn lại 0
TXN-SYNCHRONIZED-00691,REQ-SIM-00691,-,CUS-00691,FSI-00167,1,SYNCHRONIZED,pool-3-thread-691,3845481070200,3847156839300,false,Hết hàng! Sản phẩm Flash Sale 'FSI-00167': yêu cầu 1; còn lại 0
TXN-SYNCHRONIZED-00692,REQ-SIM-00692,-,CUS-00692,FSI-00167,1,SYNCHRONIZED,pool-3-thread-692,3845481078100,3847157080000,false,Hết hàng! Sản phẩm Flash Sale 'FSI-00167': yêu cầu 1; còn lại 0
TXN-SYNCHRONIZED-00693,REQ-SIM-00693,-,CUS-00693,FSI-00167,1,SYNCHRONIZED,pool-3-thread-693,3845481090800,3847157306700,false,Hết hàng! Sản phẩm Flash Sale 'FSI-00167': yêu cầu 1; còn lại 0
TXN-SYNCHRONIZED-00694,REQ-SIM-00694,-,CUS-00694,FSI-00167,1,SYNCHRONIZED,pool-3-thread-694,3845481100200,3847157536800,false,Hết hàng! Sản phẩm Flash Sale 'FSI-00167': yêu cầu 1; còn lại 0
TXN-SYNCHRONIZED-00695,REQ-SIM-00695,-,CUS-00695,FSI-00167,1,SYNCHRONIZED,pool-3-thread-695,3845481108100,3847157760500,false,Hết hàng! Sản phẩm Flash Sale 'FSI-00167': yêu cầu 1; còn lại 0
TXN-SYNCHRONIZED-00696,REQ-SIM-00696,-,CUS-00696,FSI-00167,1,SYNCHRONIZED,pool-3-thread-696,3845481114300,3847157986800,false,Hết hàng! Sản phẩm Flash Sale 'FSI-00167': yêu cầu 1; còn lại 0
TXN-SYNCHRONIZED-00698,REQ-SIM-00698,-,CUS-00698,FSI-00167,1,SYNCHRONIZED,pool-3-thread-698,3845481121700,3847158218000,false,Hết hàng! Sản phẩm Flash Sale 'FSI-00167': yêu cầu 1; còn lại 0
TXN-SYNCHRONIZED-00699,REQ-SIM-00699,-,CUS-00699,FSI-00167,1,SYNCHRONIZED,pool-3-thread-699,3845481128700,3847158448200,false,Hết hàng! Sản phẩm Flash Sale 'FSI-00167': yêu cầu 1; còn lại 0
TXN-SYNCHRONIZED-00697,REQ-SIM-00697,-,CUS-00697,FSI-00167,1,SYNCHRONIZED,pool-3-thread-697,3845481143500,3847158670400,false,Hết hàng! Sản phẩm Flash Sale 'FSI-00167': yêu cầu 1; còn lại 0
TXN-SYNCHRONIZED-00700,REQ-SIM-00700,-,CUS-00700,FSI-00167,1,SYNCHRONIZED,pool-3-thread-700,3845481150000,3847158901400,false,Hết hàng! Sản phẩm Flash Sale 'FSI-00167': yêu cầu 1; còn lại 0
TXN-SYNCHRONIZED-00701,REQ-SIM-00701,-,CUS-00701,FSI-00167,1,SYNCHRONIZED,pool-3-thread-701,3845481156700,3847159122800,false,Hết hàng! Sản phẩm Flash Sale 'FSI-00167': yêu cầu 1; còn lại 0
TXN-SYNCHRONIZED-00702,REQ-SIM-00702,-,CUS-00702,FSI-00167,1,SYNCHRONIZED,pool-3-thread-702,3845481163800,3847159349500,false,Hết hàng! Sản phẩm Flash Sale 'FSI-00167': yêu cầu 1; còn lại 0
TXN-SYNCHRONIZED-00703,REQ-SIM-00703,-,CUS-00703,FSI-00167,1,SYNCHRONIZED,pool-3-thread-703,3845481171100,3847159575900,false,Hết hàng! Sản phẩm Flash Sale 'FSI-00167': yêu cầu 1; còn lại 0
TXN-SYNCHRONIZED-00704,REQ-SIM-00704,-,CUS-00704,FSI-00167,1,SYNCHRONIZED,pool-3-thread-704,3845481178400,3847159810700,false,Hết hàng! Sản phẩm Flash Sale 'FSI-00167': yêu cầu 1; còn lại 0
TXN-SYNCHRONIZED-00705,REQ-SIM-00705,-,CUS-00705,FSI-00167,1,SYNCHRONIZED,pool-3-thread-705,3845481185600,3847160044500,false,Hết hàng! Sản phẩm Flash Sale 'FSI-00167': yêu cầu 1; còn lại 0
TXN-SYNCHRONIZED-00706,REQ-SIM-00706,-,CUS-00706,FSI-00167,1,SYNCHRONIZED,pool-3-thread-706,3845481191800,3847160379400,false,Hết hàng! Sản phẩm Flash Sale 'FSI-00167': yêu cầu 1; còn lại 0
TXN-SYNCHRONIZED-00707,REQ-SIM-00707,-,CUS-00707,FSI-00167,1,SYNCHRONIZED,pool-3-thread-707,3845481200200,3847160615600,false,Hết hàng! Sản phẩm Flash Sale 'FSI-00167': yêu cầu 1; còn lại 0
TXN-SYNCHRONIZED-00708,REQ-SIM-00708,-,CUS-00708,FSI-00167,1,SYNCHRONIZED,pool-3-thread-708,3845481211100,3847160847100,false,Hết hàng! Sản phẩm Flash Sale 'FSI-00167': yêu cầu 1; còn lại 0
TXN-SYNCHRONIZED-00709,REQ-SIM-00709,-,CUS-00709,FSI-00167,1,SYNCHRONIZED,pool-3-thread-709,3845481220300,3847161069300,false,Hết hàng! Sản phẩm Flash Sale 'FSI-00167': yêu cầu 1; còn lại 0
TXN-SYNCHRONIZED-00710,REQ-SIM-00710,-,CUS-00710,FSI-00167,1,SYNCHRONIZED,pool-3-thread-710,3845481228900,3847161299300,false,Hết hàng! Sản phẩm Flash Sale 'FSI-00167': yêu cầu 1; còn lại 0
TXN-SYNCHRONIZED-00711,REQ-SIM-00711,-,CUS-00711,FSI-00167,1,SYNCHRONIZED,pool-3-thread-711,3845481236500,3847161532200,false,Hết hàng! Sản phẩm Flash Sale 'FSI-00167': yêu cầu 1; còn lại 0
TXN-SYNCHRONIZED-00712,REQ-SIM-00712,-,CUS-00712,FSI-00167,1,SYNCHRONIZED,pool-3-thread-712,3845481242900,3847161760200,false,Hết hàng! Sản phẩm Flash Sale 'FSI-00167': yêu cầu 1; còn lại 0
TXN-SYNCHRONIZED-00713,REQ-SIM-00713,-,CUS-00713,FSI-00167,1,SYNCHRONIZED,pool-3-thread-713,3845481249800,3847161985600,false,Hết hàng! Sản phẩm Flash Sale 'FSI-00167': yêu cầu 1; còn lại 0
TXN-SYNCHRONIZED-00714,REQ-SIM-00714,-,CUS-00714,FSI-00167,1,SYNCHRONIZED,pool-3-thread-714,3845481257000,3847162213600,false,Hết hàng! Sản phẩm Flash Sale 'FSI-00167': yêu cầu 1; còn lại 0
TXN-SYNCHRONIZED-00715,REQ-SIM-00715,-,CUS-00715,FSI-00167,1,SYNCHRONIZED,pool-3-thread-715,3845481263700,3847162436100,false,Hết hàng! Sản phẩm Flash Sale 'FSI-00167': yêu cầu 1; còn lại 0
TXN-SYNCHRONIZED-00716,REQ-SIM-00716,-,CUS-00716,FSI-00167,1,SYNCHRONIZED,pool-3-thread-716,3845481270000,3847162770800,false,Hết hàng! Sản phẩm Flash Sale 'FSI-00167': yêu cầu 1; còn lại 0
TXN-SYNCHRONIZED-00717,REQ-SIM-00717,-,CUS-00717,FSI-00167,1,SYNCHRONIZED,pool-3-thread-717,3845481276900,3847162997400,false,Hết hàng! Sản phẩm Flash Sale 'FSI-00167': yêu cầu 1; còn lại 0
TXN-SYNCHRONIZED-00718,REQ-SIM-00718,-,CUS-00718,FSI-00167,1,SYNCHRONIZED,pool-3-thread-718,3845481284400,3847163236700,false,Hết hàng! Sản phẩm Flash Sale 'FSI-00167': yêu cầu 1; còn lại 0
TXN-SYNCHRONIZED-00719,REQ-SIM-00719,-,CUS-00719,FSI-00167,1,SYNCHRONIZED,pool-3-thread-719,3845481291500,3847163462500,false,Hết hàng! Sản phẩm Flash Sale 'FSI-00167': yêu cầu 1; còn lại 0
TXN-SYNCHRONIZED-00720,REQ-SIM-00720,-,CUS-00720,FSI-00167,1,SYNCHRONIZED,pool-3-thread-720,3845481299100,3847163692600,false,Hết hàng! Sản phẩm Flash Sale 'FSI-00167': yêu cầu 1; còn lại 0
TXN-SYNCHRONIZED-00721,REQ-SIM-00721,-,CUS-00721,FSI-00167,1,SYNCHRONIZED,pool-3-thread-721,3845481307300,3847164015200,false,Hết hàng! Sản phẩm Flash Sale 'FSI-00167': yêu cầu 1; còn lại 0
TXN-SYNCHRONIZED-00722,REQ-SIM-00722,-,CUS-00722,FSI-00167,1,SYNCHRONIZED,pool-3-thread-722,3845481313300,3847164241800,false,Hết hàng! Sản phẩm Flash Sale 'FSI-00167': yêu cầu 1; còn lại 0
TXN-SYNCHRONIZED-00723,REQ-SIM-00723,-,CUS-00723,FSI-00167,1,SYNCHRONIZED,pool-3-thread-723,3845481320800,3847164469800,false,Hết hàng! Sản phẩm Flash Sale 'FSI-00167': yêu cầu 1; còn lại 0
TXN-SYNCHRONIZED-00724,REQ-SIM-00724,-,CUS-00724,FSI-00167,1,SYNCHRONIZED,pool-3-thread-724,3845481327800,3847164703400,false,Hết hàng! Sản phẩm Flash Sale 'FSI-00167': yêu cầu 1; còn lại 0
TXN-SYNCHRONIZED-00725,REQ-SIM-00725,-,CUS-00725,FSI-00167,1,SYNCHRONIZED,pool-3-thread-725,3845481335100,3847164931000,false,Hết hàng! Sản phẩm Flash Sale 'FSI-00167': yêu cầu 1; còn lại 0
TXN-SYNCHRONIZED-00726,REQ-SIM-00726,-,CUS-00726,FSI-00167,1,SYNCHRONIZED,pool-3-thread-726,3845481342600,3847165344100,false,Hết hàng! Sản phẩm Flash Sale 'FSI-00167': yêu cầu 1; còn lại 0
TXN-SYNCHRONIZED-00727,REQ-SIM-00727,-,CUS-00727,FSI-00167,1,SYNCHRONIZED,pool-3-thread-727,3845481349400,3847165588800,false,Hết hàng! Sản phẩm Flash Sale 'FSI-00167': yêu cầu 1; còn lại 0
TXN-SYNCHRONIZED-00728,REQ-SIM-00728,-,CUS-00728,FSI-00167,1,SYNCHRONIZED,pool-3-thread-728,3845481356100,3847165821900,false,Hết hàng! Sản phẩm Flash Sale 'FSI-00167': yêu cầu 1; còn lại 0
TXN-SYNCHRONIZED-00729,REQ-SIM-00729,-,CUS-00729,FSI-00167,1,SYNCHRONIZED,pool-3-thread-729,3845481363300,3847166049000,false,Hết hàng! Sản phẩm Flash Sale 'FSI-00167': yêu cầu 1; còn lại 0
TXN-SYNCHRONIZED-00730,REQ-SIM-00730,-,CUS-00730,FSI-00167,1,SYNCHRONIZED,pool-3-thread-730,3845481370600,3847166283400,false,Hết hàng! Sản phẩm Flash Sale 'FSI-00167': yêu cầu 1; còn lại 0
TXN-SYNCHRONIZED-00731,REQ-SIM-00731,-,CUS-00731,FSI-00167,1,SYNCHRONIZED,pool-3-thread-731,3845481377100,3847166538500,false,Hết hàng! Sản phẩm Flash Sale 'FSI-00167': yêu cầu 1; còn lại 0
TXN-SYNCHRONIZED-00732,REQ-SIM-00732,-,CUS-00732,FSI-00167,1,SYNCHRONIZED,pool-3-thread-732,3845481383800,3847166787100,false,Hết hàng! Sản phẩm Flash Sale 'FSI-00167': yêu cầu 1; còn lại 0
TXN-SYNCHRONIZED-00733,REQ-SIM-00733,-,CUS-00733,FSI-00167,1,SYNCHRONIZED,pool-3-thread-733,3845481390400,3847167019300,false,Hết hàng! Sản phẩm Flash Sale 'FSI-00167': yêu cầu 1; còn lại 0
TXN-SYNCHRONIZED-00734,REQ-SIM-00734,-,CUS-00734,FSI-00167,1,SYNCHRONIZED,pool-3-thread-734,3845481404500,3847167251200,false,Hết hàng! Sản phẩm Flash Sale 'FSI-00167': yêu cầu 1; còn lại 0
TXN-SYNCHRONIZED-00735,REQ-SIM-00735,-,CUS-00735,FSI-00167,1,SYNCHRONIZED,pool-3-thread-735,3845481410700,3847167476700,false,Hết hàng! Sản phẩm Flash Sale 'FSI-00167': yêu cầu 1; còn lại 0
TXN-SYNCHRONIZED-00736,REQ-SIM-00736,-,CUS-00736,FSI-00167,1,SYNCHRONIZED,pool-3-thread-736,3845481418200,3847167708200,false,Hết hàng! Sản phẩm Flash Sale 'FSI-00167': yêu cầu 1; còn lại 0
TXN-SYNCHRONIZED-00737,REQ-SIM-00737,-,CUS-00737,FSI-00167,1,SYNCHRONIZED,pool-3-thread-737,3845481425600,3847167949300,false,Hết hàng! Sản phẩm Flash Sale 'FSI-00167': yêu cầu 1; còn lại 0
TXN-SYNCHRONIZED-00738,REQ-SIM-00738,-,CUS-00738,FSI-00167,1,SYNCHRONIZED,pool-3-thread-738,3845481432700,3847168172500,false,Hết hàng! Sản phẩm Flash Sale 'FSI-00167': yêu cầu 1; còn lại 0
TXN-SYNCHRONIZED-00739,REQ-SIM-00739,-,CUS-00739,FSI-00167,1,SYNCHRONIZED,pool-3-thread-739,3845481439500,3847168397900,false,Hết hàng! Sản phẩm Flash Sale 'FSI-00167': yêu cầu 1; còn lại 0
TXN-SYNCHRONIZED-00740,REQ-SIM-00740,-,CUS-00740,FSI-00167,1,SYNCHRONIZED,pool-3-thread-740,3845481446600,3847168637400,false,Hết hàng! Sản phẩm Flash Sale 'FSI-00167': yêu cầu 1; còn lại 0
TXN-SYNCHRONIZED-00741,REQ-SIM-00741,-,CUS-00741,FSI-00167,1,SYNCHRONIZED,pool-3-thread-741,3845481453400,3847168930900,false,Hết hàng! Sản phẩm Flash Sale 'FSI-00167': yêu cầu 1; còn lại 0
TXN-SYNCHRONIZED-00742,REQ-SIM-00742,-,CUS-00742,FSI-00167,1,SYNCHRONIZED,pool-3-thread-742,3845481461100,3847169162800,false,Hết hàng! Sản phẩm Flash Sale 'FSI-00167': yêu cầu 1; còn lại 0
TXN-SYNCHRONIZED-00743,REQ-SIM-00743,-,CUS-00743,FSI-00167,1,SYNCHRONIZED,pool-3-thread-743,3845481468000,3847169386700,false,Hết hàng! Sản phẩm Flash Sale 'FSI-00167': yêu cầu 1; còn lại 0
TXN-SYNCHRONIZED-00744,REQ-SIM-00744,-,CUS-00744,FSI-00167,1,SYNCHRONIZED,pool-3-thread-744,3845481475000,3847169616000,false,Hết hàng! Sản phẩm Flash Sale 'FSI-00167': yêu cầu 1; còn lại 0
TXN-SYNCHRONIZED-00745,REQ-SIM-00745,-,CUS-00745,FSI-00167,1,SYNCHRONIZED,pool-3-thread-745,3845481481400,3847169844500,false,Hết hàng! Sản phẩm Flash Sale 'FSI-00167': yêu cầu 1; còn lại 0
TXN-SYNCHRONIZED-00746,REQ-SIM-00746,-,CUS-00746,FSI-00167,1,SYNCHRONIZED,pool-3-thread-746,3845481488100,3847170087700,false,Hết hàng! Sản phẩm Flash Sale 'FSI-00167': yêu cầu 1; còn lại 0
TXN-SYNCHRONIZED-00747,REQ-SIM-00747,-,CUS-00747,FSI-00167,1,SYNCHRONIZED,pool-3-thread-747,3845481495300,3847170316500,false,Hết hàng! Sản phẩm Flash Sale 'FSI-00167': yêu cầu 1; còn lại 0
TXN-SYNCHRONIZED-00748,REQ-SIM-00748,-,CUS-00748,FSI-00167,1,SYNCHRONIZED,pool-3-thread-748,3845481502000,3847170545500,false,Hết hàng! Sản phẩm Flash Sale 'FSI-00167': yêu cầu 1; còn lại 0
TXN-SYNCHRONIZED-00749,REQ-SIM-00749,-,CUS-00749,FSI-00167,1,SYNCHRONIZED,pool-3-thread-749,3845481508600,3847170777200,false,Hết hàng! Sản phẩm Flash Sale 'FSI-00167': yêu cầu 1; còn lại 0
TXN-SYNCHRONIZED-00750,REQ-SIM-00750,-,CUS-00750,FSI-00167,1,SYNCHRONIZED,pool-3-thread-750,3845481515600,3847171013500,false,Hết hàng! Sản phẩm Flash Sale 'FSI-00167': yêu cầu 1; còn lại 0
TXN-SYNCHRONIZED-00751,REQ-SIM-00751,-,CUS-00751,FSI-00167,1,SYNCHRONIZED,pool-3-thread-751,3845481522600,3847171279000,false,Hết hàng! Sản phẩm Flash Sale 'FSI-00167': yêu cầu 1; còn lại 0
TXN-SYNCHRONIZED-00752,REQ-SIM-00752,-,CUS-00752,FSI-00167,1,SYNCHRONIZED,pool-3-thread-752,3845481529500,3847171512600,false,Hết hàng! Sản phẩm Flash Sale 'FSI-00167': yêu cầu 1; còn lại 0
TXN-SYNCHRONIZED-00753,REQ-SIM-00753,-,CUS-00753,FSI-00167,1,SYNCHRONIZED,pool-3-thread-753,3845481535600,3847171750300,false,Hết hàng! Sản phẩm Flash Sale 'FSI-00167': yêu cầu 1; còn lại 0
TXN-SYNCHRONIZED-00754,REQ-SIM-00754,-,CUS-00754,FSI-00167,1,SYNCHRONIZED,pool-3-thread-754,3845481543600,3847171988400,false,Hết hàng! Sản phẩm Flash Sale 'FSI-00167': yêu cầu 1; còn lại 0
TXN-SYNCHRONIZED-00755,REQ-SIM-00755,-,CUS-00755,FSI-00167,1,SYNCHRONIZED,pool-3-thread-755,3845481556900,3847172212400,false,Hết hàng! Sản phẩm Flash Sale 'FSI-00167': yêu cầu 1; còn lại 0
TXN-SYNCHRONIZED-00756,REQ-SIM-00756,-,CUS-00756,FSI-00167,1,SYNCHRONIZED,pool-3-thread-756,3845481563400,3847172446600,false,Hết hàng! Sản phẩm Flash Sale 'FSI-00167': yêu cầu 1; còn lại 0
TXN-SYNCHRONIZED-00757,REQ-SIM-00757,-,CUS-00757,FSI-00167,1,SYNCHRONIZED,pool-3-thread-757,3845481570100,3847172676300,false,Hết hàng! Sản phẩm Flash Sale 'FSI-00167': yêu cầu 1; còn lại 0
TXN-SYNCHRONIZED-00758,REQ-SIM-00758,-,CUS-00758,FSI-00167,1,SYNCHRONIZED,pool-3-thread-758,3845481576800,3847172907600,false,Hết hàng! Sản phẩm Flash Sale 'FSI-00167': yêu cầu 1; còn lại 0
TXN-SYNCHRONIZED-00759,REQ-SIM-00759,-,CUS-00759,FSI-00167,1,SYNCHRONIZED,pool-3-thread-759,3845481583800,3847173142600,false,Hết hàng! Sản phẩm Flash Sale 'FSI-00167': yêu cầu 1; còn lại 0
TXN-SYNCHRONIZED-00760,REQ-SIM-00760,-,CUS-00760,FSI-00167,1,SYNCHRONIZED,pool-3-thread-760,3845481590100,3847173372100,false,Hết hàng! Sản phẩm Flash Sale 'FSI-00167': yêu cầu 1; còn lại 0
TXN-SYNCHRONIZED-00761,REQ-SIM-00761,-,CUS-00761,FSI-00167,1,SYNCHRONIZED,pool-3-thread-761,3845481597000,3847173598100,false,Hết hàng! Sản phẩm Flash Sale 'FSI-00167': yêu cầu 1; còn lại 0
TXN-SYNCHRONIZED-00762,REQ-SIM-00762,-,CUS-00762,FSI-00167,1,SYNCHRONIZED,pool-3-thread-762,3845481605100,3847173829900,false,Hết hàng! Sản phẩm Flash Sale 'FSI-00167': yêu cầu 1; còn lại 0
TXN-SYNCHRONIZED-00763,REQ-SIM-00763,-,CUS-00763,FSI-00167,1,SYNCHRONIZED,pool-3-thread-763,3845481611300,3847174061900,false,Hết hàng! Sản phẩm Flash Sale 'FSI-00167': yêu cầu 1; còn lại 0
TXN-SYNCHRONIZED-00764,REQ-SIM-00764,-,CUS-00764,FSI-00167,1,SYNCHRONIZED,pool-3-thread-764,3845481622800,3847174292600,false,Hết hàng! Sản phẩm Flash Sale 'FSI-00167': yêu cầu 1; còn lại 0
TXN-SYNCHRONIZED-00765,REQ-SIM-00765,-,CUS-00765,FSI-00167,1,SYNCHRONIZED,pool-3-thread-765,3845481628900,3847174532000,false,Hết hàng! Sản phẩm Flash Sale 'FSI-00167': yêu cầu 1; còn lại 0
TXN-SYNCHRONIZED-00766,REQ-SIM-00766,-,CUS-00766,FSI-00167,1,SYNCHRONIZED,pool-3-thread-766,3845481636200,3847174816600,false,Hết hàng! Sản phẩm Flash Sale 'FSI-00167': yêu cầu 1; còn lại 0
TXN-SYNCHRONIZED-00767,REQ-SIM-00767,-,CUS-00767,FSI-00167,1,SYNCHRONIZED,pool-3-thread-767,3845481642700,3847175050800,false,Hết hàng! Sản phẩm Flash Sale 'FSI-00167': yêu cầu 1; còn lại 0
TXN-SYNCHRONIZED-00768,REQ-SIM-00768,-,CUS-00768,FSI-00167,1,SYNCHRONIZED,pool-3-thread-768,3845481648800,3847175279600,false,Hết hàng! Sản phẩm Flash Sale 'FSI-00167': yêu cầu 1; còn lại 0
TXN-SYNCHRONIZED-00769,REQ-SIM-00769,-,CUS-00769,FSI-00167,1,SYNCHRONIZED,pool-3-thread-769,3845481663100,3847175534500,false,Hết hàng! Sản phẩm Flash Sale 'FSI-00167': yêu cầu 1; còn lại 0
TXN-SYNCHRONIZED-00770,REQ-SIM-00770,-,CUS-00770,FSI-00167,1,SYNCHRONIZED,pool-3-thread-770,3845481670400,3847175780000,false,Hết hàng! Sản phẩm Flash Sale 'FSI-00167': yêu cầu 1; còn lại 0
TXN-SYNCHRONIZED-00771,REQ-SIM-00771,-,CUS-00771,FSI-00167,1,SYNCHRONIZED,pool-3-thread-771,3845481679400,3847176067500,false,Hết hàng! Sản phẩm Flash Sale 'FSI-00167': yêu cầu 1; còn lại 0
TXN-SYNCHRONIZED-00772,REQ-SIM-00772,-,CUS-00772,FSI-00167,1,SYNCHRONIZED,pool-3-thread-772,3845481686700,3847176292900,false,Hết hàng! Sản phẩm Flash Sale 'FSI-00167': yêu cầu 1; còn lại 0
TXN-SYNCHRONIZED-00773,REQ-SIM-00773,-,CUS-00773,FSI-00167,1,SYNCHRONIZED,pool-3-thread-773,3845481693500,3847176520200,false,Hết hàng! Sản phẩm Flash Sale 'FSI-00167': yêu cầu 1; còn lại 0
TXN-SYNCHRONIZED-00774,REQ-SIM-00774,-,CUS-00774,FSI-00167,1,SYNCHRONIZED,pool-3-thread-774,3845481700400,3847176744000,false,Hết hàng! Sản phẩm Flash Sale 'FSI-00167': yêu cầu 1; còn lại 0
TXN-SYNCHRONIZED-00775,REQ-SIM-00775,-,CUS-00775,FSI-00167,1,SYNCHRONIZED,pool-3-thread-775,3845481707100,3847176973200,false,Hết hàng! Sản phẩm Flash Sale 'FSI-00167': yêu cầu 1; còn lại 0
TXN-SYNCHRONIZED-00776,REQ-SIM-00776,-,CUS-00776,FSI-00167,1,SYNCHRONIZED,pool-3-thread-776,3845481716200,3847177203200,false,Hết hàng! Sản phẩm Flash Sale 'FSI-00167': yêu cầu 1; còn lại 0
TXN-SYNCHRONIZED-00777,REQ-SIM-00777,-,CUS-00777,FSI-00167,1,SYNCHRONIZED,pool-3-thread-777,3845481729200,3847177437400,false,Hết hàng! Sản phẩm Flash Sale 'FSI-00167': yêu cầu 1; còn lại 0
TXN-SYNCHRONIZED-00778,REQ-SIM-00778,-,CUS-00778,FSI-00167,1,SYNCHRONIZED,pool-3-thread-778,3845481736200,3847177668400,false,Hết hàng! Sản phẩm Flash Sale 'FSI-00167': yêu cầu 1; còn lại 0
TXN-SYNCHRONIZED-00779,REQ-SIM-00779,-,CUS-00779,FSI-00167,1,SYNCHRONIZED,pool-3-thread-779,3845481742700,3847177897100,false,Hết hàng! Sản phẩm Flash Sale 'FSI-00167': yêu cầu 1; còn lại 0
TXN-SYNCHRONIZED-00780,REQ-SIM-00780,-,CUS-00780,FSI-00167,1,SYNCHRONIZED,pool-3-thread-780,3845481749500,3847178124000,false,Hết hàng! Sản phẩm Flash Sale 'FSI-00167': yêu cầu 1; còn lại 0
TXN-SYNCHRONIZED-00781,REQ-SIM-00781,-,CUS-00781,FSI-00167,1,SYNCHRONIZED,pool-3-thread-781,3845481755600,3847178449100,false,Hết hàng! Sản phẩm Flash Sale 'FSI-00167': yêu cầu 1; còn lại 0
TXN-SYNCHRONIZED-00782,REQ-SIM-00782,-,CUS-00782,FSI-00167,1,SYNCHRONIZED,pool-3-thread-782,3845481762500,3847178704500,false,Hết hàng! Sản phẩm Flash Sale 'FSI-00167': yêu cầu 1; còn lại 0
TXN-SYNCHRONIZED-00783,REQ-SIM-00783,-,CUS-00783,FSI-00167,1,SYNCHRONIZED,pool-3-thread-783,3845481769200,3847178935200,false,Hết hàng! Sản phẩm Flash Sale 'FSI-00167': yêu cầu 1; còn lại 0
TXN-SYNCHRONIZED-00784,REQ-SIM-00784,-,CUS-00784,FSI-00167,1,SYNCHRONIZED,pool-3-thread-784,3845481776100,3847179166800,false,Hết hàng! Sản phẩm Flash Sale 'FSI-00167': yêu cầu 1; còn lại 0
TXN-SYNCHRONIZED-00785,REQ-SIM-00785,-,CUS-00785,FSI-00167,1,SYNCHRONIZED,pool-3-thread-785,3845481783500,3847179391300,false,Hết hàng! Sản phẩm Flash Sale 'FSI-00167': yêu cầu 1; còn lại 0
TXN-SYNCHRONIZED-00786,REQ-SIM-00786,-,CUS-00786,FSI-00167,1,SYNCHRONIZED,pool-3-thread-786,3845481790600,3847179654700,false,Hết hàng! Sản phẩm Flash Sale 'FSI-00167': yêu cầu 1; còn lại 0
TXN-SYNCHRONIZED-00787,REQ-SIM-00787,-,CUS-00787,FSI-00167,1,SYNCHRONIZED,pool-3-thread-787,3845481797000,3847179880800,false,Hết hàng! Sản phẩm Flash Sale 'FSI-00167': yêu cầu 1; còn lại 0
TXN-SYNCHRONIZED-00788,REQ-SIM-00788,-,CUS-00788,FSI-00167,1,SYNCHRONIZED,pool-3-thread-788,3845481803500,3847180112000,false,Hết hàng! Sản phẩm Flash Sale 'FSI-00167': yêu cầu 1; còn lại 0
TXN-SYNCHRONIZED-00789,REQ-SIM-00789,-,CUS-00789,FSI-00167,1,SYNCHRONIZED,pool-3-thread-789,3845481810200,3847180340400,false,Hết hàng! Sản phẩm Flash Sale 'FSI-00167': yêu cầu 1; còn lại 0
TXN-SYNCHRONIZED-00790,REQ-SIM-00790,-,CUS-00790,FSI-00167,1,SYNCHRONIZED,pool-3-thread-790,3845481817100,3847180573000,false,Hết hàng! Sản phẩm Flash Sale 'FSI-00167': yêu cầu 1; còn lại 0
TXN-SYNCHRONIZED-00791,REQ-SIM-00791,-,CUS-00791,FSI-00167,1,SYNCHRONIZED,pool-3-thread-791,3845481823900,3847180857300,false,Hết hàng! Sản phẩm Flash Sale 'FSI-00167': yêu cầu 1; còn lại 0
TXN-SYNCHRONIZED-00792,REQ-SIM-00792,-,CUS-00792,FSI-00167,1,SYNCHRONIZED,pool-3-thread-792,3845481831100,3847181106700,false,Hết hàng! Sản phẩm Flash Sale 'FSI-00167': yêu cầu 1; còn lại 0
TXN-SYNCHRONIZED-00793,REQ-SIM-00793,-,CUS-00793,FSI-00167,1,SYNCHRONIZED,pool-3-thread-793,3845481838200,3847181345500,false,Hết hàng! Sản phẩm Flash Sale 'FSI-00167': yêu cầu 1; còn lại 0
TXN-SYNCHRONIZED-00794,REQ-SIM-00794,-,CUS-00794,FSI-00167,1,SYNCHRONIZED,pool-3-thread-794,3845481844800,3847181580100,false,Hết hàng! Sản phẩm Flash Sale 'FSI-00167': yêu cầu 1; còn lại 0
TXN-SYNCHRONIZED-00795,REQ-SIM-00795,-,CUS-00795,FSI-00167,1,SYNCHRONIZED,pool-3-thread-795,3845481851500,3847181810000,false,Hết hàng! Sản phẩm Flash Sale 'FSI-00167': yêu cầu 1; còn lại 0
TXN-SYNCHRONIZED-00796,REQ-SIM-00796,-,CUS-00796,FSI-00167,1,SYNCHRONIZED,pool-3-thread-796,3845481858200,3847182101800,false,Hết hàng! Sản phẩm Flash Sale 'FSI-00167': yêu cầu 1; còn lại 0
TXN-SYNCHRONIZED-00797,REQ-SIM-00797,-,CUS-00797,FSI-00167,1,SYNCHRONIZED,pool-3-thread-797,3845481867200,3847182350100,false,Hết hàng! Sản phẩm Flash Sale 'FSI-00167': yêu cầu 1; còn lại 0
TXN-SYNCHRONIZED-00798,REQ-SIM-00798,-,CUS-00798,FSI-00167,1,SYNCHRONIZED,pool-3-thread-798,3845481873900,3847182605100,false,Hết hàng! Sản phẩm Flash Sale 'FSI-00167': yêu cầu 1; còn lại 0
TXN-SYNCHRONIZED-00799,REQ-SIM-00799,-,CUS-00799,FSI-00167,1,SYNCHRONIZED,pool-3-thread-799,3845481881000,3847182872300,false,Hết hàng! Sản phẩm Flash Sale 'FSI-00167': yêu cầu 1; còn lại 0
TXN-SYNCHRONIZED-00800,REQ-SIM-00800,-,CUS-00800,FSI-00167,1,SYNCHRONIZED,pool-3-thread-800,3845481891200,3847183105700,false,Hết hàng! Sản phẩm Flash Sale 'FSI-00167': yêu cầu 1; còn lại 0
TXN-SYNCHRONIZED-00801,REQ-SIM-00801,-,CUS-00801,FSI-00167,1,SYNCHRONIZED,pool-3-thread-801,3845481897200,3847183337200,false,Hết hàng! Sản phẩm Flash Sale 'FSI-00167': yêu cầu 1; còn lại 0
TXN-SYNCHRONIZED-00802,REQ-SIM-00802,-,CUS-00802,FSI-00167,1,SYNCHRONIZED,pool-3-thread-802,3845481904700,3847183694700,false,Hết hàng! Sản phẩm Flash Sale 'FSI-00167': yêu cầu 1; còn lại 0
TXN-SYNCHRONIZED-00803,REQ-SIM-00803,-,CUS-00803,FSI-00167,1,SYNCHRONIZED,pool-3-thread-803,3845481911500,3847183939100,false,Hết hàng! Sản phẩm Flash Sale 'FSI-00167': yêu cầu 1; còn lại 0
TXN-SYNCHRONIZED-00804,REQ-SIM-00804,-,CUS-00804,FSI-00167,1,SYNCHRONIZED,pool-3-thread-804,3845481918500,3847184166700,false,Hết hàng! Sản phẩm Flash Sale 'FSI-00167': yêu cầu 1; còn lại 0
TXN-SYNCHRONIZED-00805,REQ-SIM-00805,-,CUS-00805,FSI-00167,1,SYNCHRONIZED,pool-3-thread-805,3845481925200,3847184403200,false,Hết hàng! Sản phẩm Flash Sale 'FSI-00167': yêu cầu 1; còn lại 0
TXN-SYNCHRONIZED-00806,REQ-SIM-00806,-,CUS-00806,FSI-00167,1,SYNCHRONIZED,pool-3-thread-806,3845481932300,3847184635500,false,Hết hàng! Sản phẩm Flash Sale 'FSI-00167': yêu cầu 1; còn lại 0
TXN-SYNCHRONIZED-00807,REQ-SIM-00807,-,CUS-00807,FSI-00167,1,SYNCHRONIZED,pool-3-thread-807,3845481938800,3847184872600,false,Hết hàng! Sản phẩm Flash Sale 'FSI-00167': yêu cầu 1; còn lại 0
TXN-SYNCHRONIZED-00808,REQ-SIM-00808,-,CUS-00808,FSI-00167,1,SYNCHRONIZED,pool-3-thread-808,3845481945500,3847185131400,false,Hết hàng! Sản phẩm Flash Sale 'FSI-00167': yêu cầu 1; còn lại 0
TXN-SYNCHRONIZED-00809,REQ-SIM-00809,-,CUS-00809,FSI-00167,1,SYNCHRONIZED,pool-3-thread-809,3845481952600,3847185356200,false,Hết hàng! Sản phẩm Flash Sale 'FSI-00167': yêu cầu 1; còn lại 0
TXN-SYNCHRONIZED-00810,REQ-SIM-00810,-,CUS-00810,FSI-00167,1,SYNCHRONIZED,pool-3-thread-810,3845481960000,3847185581700,false,Hết hàng! Sản phẩm Flash Sale 'FSI-00167': yêu cầu 1; còn lại 0
TXN-SYNCHRONIZED-00811,REQ-SIM-00811,-,CUS-00811,FSI-00167,1,SYNCHRONIZED,pool-3-thread-811,3845481967000,3847185817900,false,Hết hàng! Sản phẩm Flash Sale 'FSI-00167': yêu cầu 1; còn lại 0
TXN-SYNCHRONIZED-00812,REQ-SIM-00812,-,CUS-00812,FSI-00167,1,SYNCHRONIZED,pool-3-thread-812,3845481975200,3847186056100,false,Hết hàng! Sản phẩm Flash Sale 'FSI-00167': yêu cầu 1; còn lại 0
TXN-SYNCHRONIZED-00813,REQ-SIM-00813,-,CUS-00813,FSI-00167,1,SYNCHRONIZED,pool-3-thread-813,3845481987000,3847186288300,false,Hết hàng! Sản phẩm Flash Sale 'FSI-00167': yêu cầu 1; còn lại 0
TXN-SYNCHRONIZED-00814,REQ-SIM-00814,-,CUS-00814,FSI-00167,1,SYNCHRONIZED,pool-3-thread-814,3845481996100,3847186527100,false,Hết hàng! Sản phẩm Flash Sale 'FSI-00167': yêu cầu 1; còn lại 0
TXN-SYNCHRONIZED-00815,REQ-SIM-00815,-,CUS-00815,FSI-00167,1,SYNCHRONIZED,pool-3-thread-815,3845482004600,3847186749600,false,Hết hàng! Sản phẩm Flash Sale 'FSI-00167': yêu cầu 1; còn lại 0
TXN-SYNCHRONIZED-00816,REQ-SIM-00816,-,CUS-00816,FSI-00167,1,SYNCHRONIZED,pool-3-thread-816,3845482011200,3847186978200,false,Hết hàng! Sản phẩm Flash Sale 'FSI-00167': yêu cầu 1; còn lại 0
TXN-SYNCHRONIZED-00817,REQ-SIM-00817,-,CUS-00817,FSI-00167,1,SYNCHRONIZED,pool-3-thread-817,3845482018200,3847187213800,false,Hết hàng! Sản phẩm Flash Sale 'FSI-00167': yêu cầu 1; còn lại 0
TXN-SYNCHRONIZED-00818,REQ-SIM-00818,-,CUS-00818,FSI-00167,1,SYNCHRONIZED,pool-3-thread-818,3845482024700,3847187462300,false,Hết hàng! Sản phẩm Flash Sale 'FSI-00167': yêu cầu 1; còn lại 0
TXN-SYNCHRONIZED-00819,REQ-SIM-00819,-,CUS-00819,FSI-00167,1,SYNCHRONIZED,pool-3-thread-819,3845482031600,3847187691200,false,Hết hàng! Sản phẩm Flash Sale 'FSI-00167': yêu cầu 1; còn lại 0
TXN-SYNCHRONIZED-00820,REQ-SIM-00820,-,CUS-00820,FSI-00167,1,SYNCHRONIZED,pool-3-thread-820,3845482038200,3847188019200,false,Hết hàng! Sản phẩm Flash Sale 'FSI-00167': yêu cầu 1; còn lại 0
TXN-SYNCHRONIZED-00821,REQ-SIM-00821,-,CUS-00821,FSI-00167,1,SYNCHRONIZED,pool-3-thread-821,3845482045900,3847188242700,false,Hết hàng! Sản phẩm Flash Sale 'FSI-00167': yêu cầu 1; còn lại 0
TXN-SYNCHRONIZED-00822,REQ-SIM-00822,-,CUS-00822,FSI-00167,1,SYNCHRONIZED,pool-3-thread-822,3845482053400,3847188491300,false,Hết hàng! Sản phẩm Flash Sale 'FSI-00167': yêu cầu 1; còn lại 0
TXN-SYNCHRONIZED-00823,REQ-SIM-00823,-,CUS-00823,FSI-00167,1,SYNCHRONIZED,pool-3-thread-823,3845482074300,3847188716500,false,Hết hàng! Sản phẩm Flash Sale 'FSI-00167': yêu cầu 1; còn lại 0
TXN-SYNCHRONIZED-00824,REQ-SIM-00824,-,CUS-00824,FSI-00167,1,SYNCHRONIZED,pool-3-thread-824,3845482087300,3847188942900,false,Hết hàng! Sản phẩm Flash Sale 'FSI-00167': yêu cầu 1; còn lại 0
TXN-SYNCHRONIZED-00825,REQ-SIM-00825,-,CUS-00825,FSI-00167,1,SYNCHRONIZED,pool-3-thread-825,3845482095500,3847193209800,false,Hết hàng! Sản phẩm Flash Sale 'FSI-00167': yêu cầu 1; còn lại 0
TXN-SYNCHRONIZED-00826,REQ-SIM-00826,-,CUS-00826,FSI-00167,1,SYNCHRONIZED,pool-3-thread-826,3845482106200,3847193578700,false,Hết hàng! Sản phẩm Flash Sale 'FSI-00167': yêu cầu 1; còn lại 0
TXN-SYNCHRONIZED-00827,REQ-SIM-00827,-,CUS-00827,FSI-00167,1,SYNCHRONIZED,pool-3-thread-827,3845482115400,3847193864300,false,Hết hàng! Sản phẩm Flash Sale 'FSI-00167': yêu cầu 1; còn lại 0
TXN-SYNCHRONIZED-00828,REQ-SIM-00828,-,CUS-00828,FSI-00167,1,SYNCHRONIZED,pool-3-thread-828,3845482122600,3847194142900,false,Hết hàng! Sản phẩm Flash Sale 'FSI-00167': yêu cầu 1; còn lại 0
TXN-SYNCHRONIZED-00829,REQ-SIM-00829,-,CUS-00829,FSI-00167,1,SYNCHRONIZED,pool-3-thread-829,3845482129400,3847194405100,false,Hết hàng! Sản phẩm Flash Sale 'FSI-00167': yêu cầu 1; còn lại 0
TXN-SYNCHRONIZED-00830,REQ-SIM-00830,-,CUS-00830,FSI-00167,1,SYNCHRONIZED,pool-3-thread-830,3845482136200,3847194650200,false,Hết hàng! Sản phẩm Flash Sale 'FSI-00167': yêu cầu 1; còn lại 0
TXN-SYNCHRONIZED-00831,REQ-SIM-00831,-,CUS-00831,FSI-00167,1,SYNCHRONIZED,pool-3-thread-831,3845482143700,3847194915600,false,Hết hàng! Sản phẩm Flash Sale 'FSI-00167': yêu cầu 1; còn lại 0
TXN-SYNCHRONIZED-00832,REQ-SIM-00832,-,CUS-00832,FSI-00167,1,SYNCHRONIZED,pool-3-thread-832,3845482151100,3847195189300,false,Hết hàng! Sản phẩm Flash Sale 'FSI-00167': yêu cầu 1; còn lại 0
TXN-SYNCHRONIZED-00833,REQ-SIM-00833,-,CUS-00833,FSI-00167,1,SYNCHRONIZED,pool-3-thread-833,3845482157500,3847195443100,false,Hết hàng! Sản phẩm Flash Sale 'FSI-00167': yêu cầu 1; còn lại 0
TXN-SYNCHRONIZED-00834,REQ-SIM-00834,-,CUS-00834,FSI-00167,1,SYNCHRONIZED,pool-3-thread-834,3845482163900,3847195710400,false,Hết hàng! Sản phẩm Flash Sale 'FSI-00167': yêu cầu 1; còn lại 0
TXN-SYNCHRONIZED-00835,REQ-SIM-00835,-,CUS-00835,FSI-00167,1,SYNCHRONIZED,pool-3-thread-835,3845482170600,3847195958700,false,Hết hàng! Sản phẩm Flash Sale 'FSI-00167': yêu cầu 1; còn lại 0
TXN-SYNCHRONIZED-00836,REQ-SIM-00836,-,CUS-00836,FSI-00167,1,SYNCHRONIZED,pool-3-thread-836,3845482177900,3847196202700,false,Hết hàng! Sản phẩm Flash Sale 'FSI-00167': yêu cầu 1; còn lại 0
TXN-SYNCHRONIZED-00837,REQ-SIM-00837,-,CUS-00837,FSI-00167,1,SYNCHRONIZED,pool-3-thread-837,3845482184900,3847196445500,false,Hết hàng! Sản phẩm Flash Sale 'FSI-00167': yêu cầu 1; còn lại 0
TXN-SYNCHRONIZED-00838,REQ-SIM-00838,-,CUS-00838,FSI-00167,1,SYNCHRONIZED,pool-3-thread-838,3845482191100,3847196703200,false,Hết hàng! Sản phẩm Flash Sale 'FSI-00167': yêu cầu 1; còn lại 0
TXN-SYNCHRONIZED-00839,REQ-SIM-00839,-,CUS-00839,FSI-00167,1,SYNCHRONIZED,pool-3-thread-839,3845482198100,3847196937400,false,Hết hàng! Sản phẩm Flash Sale 'FSI-00167': yêu cầu 1; còn lại 0
TXN-SYNCHRONIZED-00840,REQ-SIM-00840,-,CUS-00840,FSI-00167,1,SYNCHRONIZED,pool-3-thread-840,3845482205000,3847197194300,false,Hết hàng! Sản phẩm Flash Sale 'FSI-00167': yêu cầu 1; còn lại 0
TXN-SYNCHRONIZED-00841,REQ-SIM-00841,-,CUS-00841,FSI-00167,1,SYNCHRONIZED,pool-3-thread-841,3845482212000,3847197495900,false,Hết hàng! Sản phẩm Flash Sale 'FSI-00167': yêu cầu 1; còn lại 0
TXN-SYNCHRONIZED-00842,REQ-SIM-00842,-,CUS-00842,FSI-00167,1,SYNCHRONIZED,pool-3-thread-842,3845482218600,3847197739600,false,Hết hàng! Sản phẩm Flash Sale 'FSI-00167': yêu cầu 1; còn lại 0
TXN-SYNCHRONIZED-00843,REQ-SIM-00843,-,CUS-00843,FSI-00167,1,SYNCHRONIZED,pool-3-thread-843,3845482225200,3847197992500,false,Hết hàng! Sản phẩm Flash Sale 'FSI-00167': yêu cầu 1; còn lại 0
TXN-SYNCHRONIZED-00844,REQ-SIM-00844,-,CUS-00844,FSI-00167,1,SYNCHRONIZED,pool-3-thread-844,3845482236000,3847198239400,false,Hết hàng! Sản phẩm Flash Sale 'FSI-00167': yêu cầu 1; còn lại 0
TXN-SYNCHRONIZED-00845,REQ-SIM-00845,-,CUS-00845,FSI-00167,1,SYNCHRONIZED,pool-3-thread-845,3845482242500,3847198488700,false,Hết hàng! Sản phẩm Flash Sale 'FSI-00167': yêu cầu 1; còn lại 0
TXN-SYNCHRONIZED-00846,REQ-SIM-00846,-,CUS-00846,FSI-00167,1,SYNCHRONIZED,pool-3-thread-846,3845482249500,3847198751200,false,Hết hàng! Sản phẩm Flash Sale 'FSI-00167': yêu cầu 1; còn lại 0
TXN-SYNCHRONIZED-00847,REQ-SIM-00847,-,CUS-00847,FSI-00167,1,SYNCHRONIZED,pool-3-thread-847,3845482256700,3847199003000,false,Hết hàng! Sản phẩm Flash Sale 'FSI-00167': yêu cầu 1; còn lại 0
TXN-SYNCHRONIZED-00848,REQ-SIM-00848,-,CUS-00848,FSI-00167,1,SYNCHRONIZED,pool-3-thread-848,3845482264400,3847199253300,false,Hết hàng! Sản phẩm Flash Sale 'FSI-00167': yêu cầu 1; còn lại 0
TXN-SYNCHRONIZED-00849,REQ-SIM-00849,-,CUS-00849,FSI-00167,1,SYNCHRONIZED,pool-3-thread-849,3845482270700,3847199509400,false,Hết hàng! Sản phẩm Flash Sale 'FSI-00167': yêu cầu 1; còn lại 0
TXN-SYNCHRONIZED-00850,REQ-SIM-00850,-,CUS-00850,FSI-00167,1,SYNCHRONIZED,pool-3-thread-850,3845482277000,3847199763700,false,Hết hàng! Sản phẩm Flash Sale 'FSI-00167': yêu cầu 1; còn lại 0
TXN-SYNCHRONIZED-00851,REQ-SIM-00851,-,CUS-00851,FSI-00167,1,SYNCHRONIZED,pool-3-thread-851,3845482283500,3847200011000,false,Hết hàng! Sản phẩm Flash Sale 'FSI-00167': yêu cầu 1; còn lại 0
TXN-SYNCHRONIZED-00852,REQ-SIM-00852,-,CUS-00852,FSI-00167,1,SYNCHRONIZED,pool-3-thread-852,3845482290300,3847200250000,false,Hết hàng! Sản phẩm Flash Sale 'FSI-00167': yêu cầu 1; còn lại 0
TXN-SYNCHRONIZED-00853,REQ-SIM-00853,-,CUS-00853,FSI-00167,1,SYNCHRONIZED,pool-3-thread-853,3845482296400,3847200532400,false,Hết hàng! Sản phẩm Flash Sale 'FSI-00167': yêu cầu 1; còn lại 0
TXN-SYNCHRONIZED-00854,REQ-SIM-00854,-,CUS-00854,FSI-00167,1,SYNCHRONIZED,pool-3-thread-854,3845482303400,3847200769700,false,Hết hàng! Sản phẩm Flash Sale 'FSI-00167': yêu cầu 1; còn lại 0
TXN-SYNCHRONIZED-00855,REQ-SIM-00855,-,CUS-00855,FSI-00167,1,SYNCHRONIZED,pool-3-thread-855,3845482314400,3847201011100,false,Hết hàng! Sản phẩm Flash Sale 'FSI-00167': yêu cầu 1; còn lại 0
TXN-SYNCHRONIZED-00856,REQ-SIM-00856,-,CUS-00856,FSI-00167,1,SYNCHRONIZED,pool-3-thread-856,3845482321100,3847201274400,false,Hết hàng! Sản phẩm Flash Sale 'FSI-00167': yêu cầu 1; còn lại 0
TXN-SYNCHRONIZED-00857,REQ-SIM-00857,-,CUS-00857,FSI-00167,1,SYNCHRONIZED,pool-3-thread-857,3845482327800,3847201546100,false,Hết hàng! Sản phẩm Flash Sale 'FSI-00167': yêu cầu 1; còn lại 0
TXN-SYNCHRONIZED-00858,REQ-SIM-00858,-,CUS-00858,FSI-00167,1,SYNCHRONIZED,pool-3-thread-858,3845482334600,3847201785600,false,Hết hàng! Sản phẩm Flash Sale 'FSI-00167': yêu cầu 1; còn lại 0
TXN-SYNCHRONIZED-00859,REQ-SIM-00859,-,CUS-00859,FSI-00167,1,SYNCHRONIZED,pool-3-thread-859,3845482341500,3847202026100,false,Hết hàng! Sản phẩm Flash Sale 'FSI-00167': yêu cầu 1; còn lại 0
TXN-SYNCHRONIZED-00860,REQ-SIM-00860,-,CUS-00860,FSI-00167,1,SYNCHRONIZED,pool-3-thread-860,3845482348000,3847202269100,false,Hết hàng! Sản phẩm Flash Sale 'FSI-00167': yêu cầu 1; còn lại 0
TXN-SYNCHRONIZED-00861,REQ-SIM-00861,-,CUS-00861,FSI-00167,1,SYNCHRONIZED,pool-3-thread-861,3845482354900,3847202527900,false,Hết hàng! Sản phẩm Flash Sale 'FSI-00167': yêu cầu 1; còn lại 0
TXN-SYNCHRONIZED-00862,REQ-SIM-00862,-,CUS-00862,FSI-00167,1,SYNCHRONIZED,pool-3-thread-862,3845482361600,3847202786700,false,Hết hàng! Sản phẩm Flash Sale 'FSI-00167': yêu cầu 1; còn lại 0
TXN-SYNCHRONIZED-00863,REQ-SIM-00863,-,CUS-00863,FSI-00167,1,SYNCHRONIZED,pool-3-thread-863,3845482368200,3847203059500,false,Hết hàng! Sản phẩm Flash Sale 'FSI-00167': yêu cầu 1; còn lại 0
TXN-SYNCHRONIZED-00864,REQ-SIM-00864,-,CUS-00864,FSI-00167,1,SYNCHRONIZED,pool-3-thread-864,3845482374600,3847203295300,false,Hết hàng! Sản phẩm Flash Sale 'FSI-00167': yêu cầu 1; còn lại 0
TXN-SYNCHRONIZED-00865,REQ-SIM-00865,-,CUS-00865,FSI-00167,1,SYNCHRONIZED,pool-3-thread-865,3845482381400,3847203541000,false,Hết hàng! Sản phẩm Flash Sale 'FSI-00167': yêu cầu 1; còn lại 0
TXN-SYNCHRONIZED-00866,REQ-SIM-00866,-,CUS-00866,FSI-00167,1,SYNCHRONIZED,pool-3-thread-866,3845482388300,3847203788100,false,Hết hàng! Sản phẩm Flash Sale 'FSI-00167': yêu cầu 1; còn lại 0
TXN-SYNCHRONIZED-00867,REQ-SIM-00867,-,CUS-00867,FSI-00167,1,SYNCHRONIZED,pool-3-thread-867,3845482395100,3847204025000,false,Hết hàng! Sản phẩm Flash Sale 'FSI-00167': yêu cầu 1; còn lại 0
TXN-SYNCHRONIZED-00868,REQ-SIM-00868,-,CUS-00868,FSI-00167,1,SYNCHRONIZED,pool-3-thread-868,3845482401500,3847204268000,false,Hết hàng! Sản phẩm Flash Sale 'FSI-00167': yêu cầu 1; còn lại 0
TXN-SYNCHRONIZED-00869,REQ-SIM-00869,-,CUS-00869,FSI-00167,1,SYNCHRONIZED,pool-3-thread-869,3845482408400,3847204519400,false,Hết hàng! Sản phẩm Flash Sale 'FSI-00167': yêu cầu 1; còn lại 0
TXN-SYNCHRONIZED-00870,REQ-SIM-00870,-,CUS-00870,FSI-00167,1,SYNCHRONIZED,pool-3-thread-870,3845482415100,3847204778800,false,Hết hàng! Sản phẩm Flash Sale 'FSI-00167': yêu cầu 1; còn lại 0
TXN-SYNCHRONIZED-00871,REQ-SIM-00871,-,CUS-00871,FSI-00167,1,SYNCHRONIZED,pool-3-thread-871,3845482421800,3847205015200,false,Hết hàng! Sản phẩm Flash Sale 'FSI-00167': yêu cầu 1; còn lại 0
TXN-SYNCHRONIZED-00872,REQ-SIM-00872,-,CUS-00872,FSI-00167,1,SYNCHRONIZED,pool-3-thread-872,3845482428600,3847205250700,false,Hết hàng! Sản phẩm Flash Sale 'FSI-00167': yêu cầu 1; còn lại 0
TXN-SYNCHRONIZED-00873,REQ-SIM-00873,-,CUS-00873,FSI-00167,1,SYNCHRONIZED,pool-3-thread-873,3845482435900,3847205496300,false,Hết hàng! Sản phẩm Flash Sale 'FSI-00167': yêu cầu 1; còn lại 0
TXN-SYNCHRONIZED-00874,REQ-SIM-00874,-,CUS-00874,FSI-00167,1,SYNCHRONIZED,pool-3-thread-874,3845482443000,3847205739000,false,Hết hàng! Sản phẩm Flash Sale 'FSI-00167': yêu cầu 1; còn lại 0
TXN-SYNCHRONIZED-00875,REQ-SIM-00875,-,CUS-00875,FSI-00167,1,SYNCHRONIZED,pool-3-thread-875,3845482449500,3847206033300,false,Hết hàng! Sản phẩm Flash Sale 'FSI-00167': yêu cầu 1; còn lại 0
TXN-SYNCHRONIZED-00876,REQ-SIM-00876,-,CUS-00876,FSI-00167,1,SYNCHRONIZED,pool-3-thread-876,3845482456400,3847206278000,false,Hết hàng! Sản phẩm Flash Sale 'FSI-00167': yêu cầu 1; còn lại 0
TXN-SYNCHRONIZED-00877,REQ-SIM-00877,-,CUS-00877,FSI-00167,1,SYNCHRONIZED,pool-3-thread-877,3845482466800,3847206514000,false,Hết hàng! Sản phẩm Flash Sale 'FSI-00167': yêu cầu 1; còn lại 0
TXN-SYNCHRONIZED-00878,REQ-SIM-00878,-,CUS-00878,FSI-00167,1,SYNCHRONIZED,pool-3-thread-878,3845482474200,3847206754200,false,Hết hàng! Sản phẩm Flash Sale 'FSI-00167': yêu cầu 1; còn lại 0
TXN-SYNCHRONIZED-00879,REQ-SIM-00879,-,CUS-00879,FSI-00167,1,SYNCHRONIZED,pool-3-thread-879,3845482483800,3847206989600,false,Hết hàng! Sản phẩm Flash Sale 'FSI-00167': yêu cầu 1; còn lại 0
TXN-SYNCHRONIZED-00880,REQ-SIM-00880,-,CUS-00880,FSI-00167,1,SYNCHRONIZED,pool-3-thread-880,3845482490700,3847207327200,false,Hết hàng! Sản phẩm Flash Sale 'FSI-00167': yêu cầu 1; còn lại 0
TXN-SYNCHRONIZED-00881,REQ-SIM-00881,-,CUS-00881,FSI-00167,1,SYNCHRONIZED,pool-3-thread-881,3845482498100,3847207565100,false,Hết hàng! Sản phẩm Flash Sale 'FSI-00167': yêu cầu 1; còn lại 0
TXN-SYNCHRONIZED-00882,REQ-SIM-00882,-,CUS-00882,FSI-00167,1,SYNCHRONIZED,pool-3-thread-882,3845482504900,3847207802000,false,Hết hàng! Sản phẩm Flash Sale 'FSI-00167': yêu cầu 1; còn lại 0
TXN-SYNCHRONIZED-00883,REQ-SIM-00883,-,CUS-00883,FSI-00167,1,SYNCHRONIZED,pool-3-thread-883,3845482512000,3847208197700,false,Hết hàng! Sản phẩm Flash Sale 'FSI-00167': yêu cầu 1; còn lại 0
TXN-SYNCHRONIZED-00884,REQ-SIM-00884,-,CUS-00884,FSI-00167,1,SYNCHRONIZED,pool-3-thread-884,3845482522300,3847208484200,false,Hết hàng! Sản phẩm Flash Sale 'FSI-00167': yêu cầu 1; còn lại 0
TXN-SYNCHRONIZED-00885,REQ-SIM-00885,-,CUS-00885,FSI-00167,1,SYNCHRONIZED,pool-3-thread-885,3845482530400,3847208721800,false,Hết hàng! Sản phẩm Flash Sale 'FSI-00167': yêu cầu 1; còn lại 0
TXN-SYNCHRONIZED-00886,REQ-SIM-00886,-,CUS-00886,FSI-00167,1,SYNCHRONIZED,pool-3-thread-886,3845482537300,3847208966800,false,Hết hàng! Sản phẩm Flash Sale 'FSI-00167': yêu cầu 1; còn lại 0
TXN-SYNCHRONIZED-00887,REQ-SIM-00887,-,CUS-00887,FSI-00167,1,SYNCHRONIZED,pool-3-thread-887,3845482544200,3847209210200,false,Hết hàng! Sản phẩm Flash Sale 'FSI-00167': yêu cầu 1; còn lại 0
TXN-SYNCHRONIZED-00888,REQ-SIM-00888,-,CUS-00888,FSI-00167,1,SYNCHRONIZED,pool-3-thread-888,3845482550900,3847209446300,false,Hết hàng! Sản phẩm Flash Sale 'FSI-00167': yêu cầu 1; còn lại 0
TXN-SYNCHRONIZED-00889,REQ-SIM-00889,-,CUS-00889,FSI-00167,1,SYNCHRONIZED,pool-3-thread-889,3845482557500,3847209726000,false,Hết hàng! Sản phẩm Flash Sale 'FSI-00167': yêu cầu 1; còn lại 0
TXN-SYNCHRONIZED-00890,REQ-SIM-00890,-,CUS-00890,FSI-00167,1,SYNCHRONIZED,pool-3-thread-890,3845482564100,3847209970600,false,Hết hàng! Sản phẩm Flash Sale 'FSI-00167': yêu cầu 1; còn lại 0
TXN-SYNCHRONIZED-00891,REQ-SIM-00891,-,CUS-00891,FSI-00167,1,SYNCHRONIZED,pool-3-thread-891,3845482571900,3847210207900,false,Hết hàng! Sản phẩm Flash Sale 'FSI-00167': yêu cầu 1; còn lại 0
TXN-SYNCHRONIZED-00892,REQ-SIM-00892,-,CUS-00892,FSI-00167,1,SYNCHRONIZED,pool-3-thread-892,3845482578000,3847210444500,false,Hết hàng! Sản phẩm Flash Sale 'FSI-00167': yêu cầu 1; còn lại 0
TXN-SYNCHRONIZED-00893,REQ-SIM-00893,-,CUS-00893,FSI-00167,1,SYNCHRONIZED,pool-3-thread-893,3845482595500,3847210765900,false,Hết hàng! Sản phẩm Flash Sale 'FSI-00167': yêu cầu 1; còn lại 0
TXN-SYNCHRONIZED-00894,REQ-SIM-00894,-,CUS-00894,FSI-00167,1,SYNCHRONIZED,pool-3-thread-894,3845482603000,3847211099800,false,Hết hàng! Sản phẩm Flash Sale 'FSI-00167': yêu cầu 1; còn lại 0
TXN-SYNCHRONIZED-00895,REQ-SIM-00895,-,CUS-00895,FSI-00167,1,SYNCHRONIZED,pool-3-thread-895,3845482624200,3847211342000,false,Hết hàng! Sản phẩm Flash Sale 'FSI-00167': yêu cầu 1; còn lại 0
TXN-SYNCHRONIZED-00896,REQ-SIM-00896,-,CUS-00896,FSI-00167,1,SYNCHRONIZED,pool-3-thread-896,3845482631900,3847211575700,false,Hết hàng! Sản phẩm Flash Sale 'FSI-00167': yêu cầu 1; còn lại 0
TXN-SYNCHRONIZED-00897,REQ-SIM-00897,-,CUS-00897,FSI-00167,1,SYNCHRONIZED,pool-3-thread-897,3845482639400,3847211816500,false,Hết hàng! Sản phẩm Flash Sale 'FSI-00167': yêu cầu 1; còn lại 0
TXN-SYNCHRONIZED-00898,REQ-SIM-00898,-,CUS-00898,FSI-00167,1,SYNCHRONIZED,pool-3-thread-898,3845482646500,3847212116400,false,Hết hàng! Sản phẩm Flash Sale 'FSI-00167': yêu cầu 1; còn lại 0
TXN-SYNCHRONIZED-00899,REQ-SIM-00899,-,CUS-00899,FSI-00167,1,SYNCHRONIZED,pool-3-thread-899,3845482653200,3847212346200,false,Hết hàng! Sản phẩm Flash Sale 'FSI-00167': yêu cầu 1; còn lại 0
TXN-SYNCHRONIZED-00900,REQ-SIM-00900,-,CUS-00900,FSI-00167,1,SYNCHRONIZED,pool-3-thread-900,3845482660100,3847212587900,false,Hết hàng! Sản phẩm Flash Sale 'FSI-00167': yêu cầu 1; còn lại 0
TXN-SYNCHRONIZED-00901,REQ-SIM-00901,-,CUS-00901,FSI-00167,1,SYNCHRONIZED,pool-3-thread-901,3845482666800,3847212838700,false,Hết hàng! Sản phẩm Flash Sale 'FSI-00167': yêu cầu 1; còn lại 0
TXN-SYNCHRONIZED-00902,REQ-SIM-00902,-,CUS-00902,FSI-00167,1,SYNCHRONIZED,pool-3-thread-902,3845482674200,3847213180700,false,Hết hàng! Sản phẩm Flash Sale 'FSI-00167': yêu cầu 1; còn lại 0
TXN-SYNCHRONIZED-00903,REQ-SIM-00903,-,CUS-00903,FSI-00167,1,SYNCHRONIZED,pool-3-thread-903,3845482681500,3847213428100,false,Hết hàng! Sản phẩm Flash Sale 'FSI-00167': yêu cầu 1; còn lại 0
TXN-SYNCHRONIZED-00904,REQ-SIM-00904,-,CUS-00904,FSI-00167,1,SYNCHRONIZED,pool-3-thread-904,3845482688400,3847213666000,false,Hết hàng! Sản phẩm Flash Sale 'FSI-00167': yêu cầu 1; còn lại 0
TXN-SYNCHRONIZED-00905,REQ-SIM-00905,-,CUS-00905,FSI-00167,1,SYNCHRONIZED,pool-3-thread-905,3845482694800,3847213899100,false,Hết hàng! Sản phẩm Flash Sale 'FSI-00167': yêu cầu 1; còn lại 0
TXN-SYNCHRONIZED-00906,REQ-SIM-00906,-,CUS-00906,FSI-00167,1,SYNCHRONIZED,pool-3-thread-906,3845482704800,3847214142200,false,Hết hàng! Sản phẩm Flash Sale 'FSI-00167': yêu cầu 1; còn lại 0
TXN-SYNCHRONIZED-00907,REQ-SIM-00907,-,CUS-00907,FSI-00167,1,SYNCHRONIZED,pool-3-thread-907,3845482714200,3847214407700,false,Hết hàng! Sản phẩm Flash Sale 'FSI-00167': yêu cầu 1; còn lại 0
TXN-SYNCHRONIZED-00908,REQ-SIM-00908,-,CUS-00908,FSI-00167,1,SYNCHRONIZED,pool-3-thread-908,3845482723200,3847214641100,false,Hết hàng! Sản phẩm Flash Sale 'FSI-00167': yêu cầu 1; còn lại 0
TXN-SYNCHRONIZED-00909,REQ-SIM-00909,-,CUS-00909,FSI-00167,1,SYNCHRONIZED,pool-3-thread-909,3845482733400,3847214884600,false,Hết hàng! Sản phẩm Flash Sale 'FSI-00167': yêu cầu 1; còn lại 0
TXN-SYNCHRONIZED-00910,REQ-SIM-00910,-,CUS-00910,FSI-00167,1,SYNCHRONIZED,pool-3-thread-910,3845482741100,3847215119600,false,Hết hàng! Sản phẩm Flash Sale 'FSI-00167': yêu cầu 1; còn lại 0
TXN-SYNCHRONIZED-00911,REQ-SIM-00911,-,CUS-00911,FSI-00167,1,SYNCHRONIZED,pool-3-thread-911,3845482751600,3847215351800,false,Hết hàng! Sản phẩm Flash Sale 'FSI-00167': yêu cầu 1; còn lại 0
TXN-SYNCHRONIZED-00912,REQ-SIM-00912,-,CUS-00912,FSI-00167,1,SYNCHRONIZED,pool-3-thread-912,3845482758000,3847215593300,false,Hết hàng! Sản phẩm Flash Sale 'FSI-00167': yêu cầu 1; còn lại 0
TXN-SYNCHRONIZED-00913,REQ-SIM-00913,-,CUS-00913,FSI-00167,1,SYNCHRONIZED,pool-3-thread-913,3845482764700,3847215827300,false,Hết hàng! Sản phẩm Flash Sale 'FSI-00167': yêu cầu 1; còn lại 0
TXN-SYNCHRONIZED-00914,REQ-SIM-00914,-,CUS-00914,FSI-00167,1,SYNCHRONIZED,pool-3-thread-914,3845482771900,3847216071900,false,Hết hàng! Sản phẩm Flash Sale 'FSI-00167': yêu cầu 1; còn lại 0
TXN-SYNCHRONIZED-00915,REQ-SIM-00915,-,CUS-00915,FSI-00167,1,SYNCHRONIZED,pool-3-thread-915,3845482779000,3847216305900,false,Hết hàng! Sản phẩm Flash Sale 'FSI-00167': yêu cầu 1; còn lại 0
TXN-SYNCHRONIZED-00916,REQ-SIM-00916,-,CUS-00916,FSI-00167,1,SYNCHRONIZED,pool-3-thread-916,3845482792500,3847216536400,false,Hết hàng! Sản phẩm Flash Sale 'FSI-00167': yêu cầu 1; còn lại 0
TXN-SYNCHRONIZED-00917,REQ-SIM-00917,-,CUS-00917,FSI-00167,1,SYNCHRONIZED,pool-3-thread-917,3845482799000,3847216775900,false,Hết hàng! Sản phẩm Flash Sale 'FSI-00167': yêu cầu 1; còn lại 0
TXN-SYNCHRONIZED-00918,REQ-SIM-00918,-,CUS-00918,FSI-00167,1,SYNCHRONIZED,pool-3-thread-918,3845482806200,3847217008400,false,Hết hàng! Sản phẩm Flash Sale 'FSI-00167': yêu cầu 1; còn lại 0
TXN-SYNCHRONIZED-00919,REQ-SIM-00919,-,CUS-00919,FSI-00167,1,SYNCHRONIZED,pool-3-thread-919,3845482813000,3847217247300,false,Hết hàng! Sản phẩm Flash Sale 'FSI-00167': yêu cầu 1; còn lại 0
TXN-SYNCHRONIZED-00920,REQ-SIM-00920,-,CUS-00920,FSI-00167,1,SYNCHRONIZED,pool-3-thread-920,3845482819800,3847217498100,false,Hết hàng! Sản phẩm Flash Sale 'FSI-00167': yêu cầu 1; còn lại 0
TXN-SYNCHRONIZED-00921,REQ-SIM-00921,-,CUS-00921,FSI-00167,1,SYNCHRONIZED,pool-3-thread-921,3845482826800,3847217735000,false,Hết hàng! Sản phẩm Flash Sale 'FSI-00167': yêu cầu 1; còn lại 0
TXN-SYNCHRONIZED-00922,REQ-SIM-00922,-,CUS-00922,FSI-00167,1,SYNCHRONIZED,pool-3-thread-922,3845482833400,3847218069000,false,Hết hàng! Sản phẩm Flash Sale 'FSI-00167': yêu cầu 1; còn lại 0
TXN-SYNCHRONIZED-00923,REQ-SIM-00923,-,CUS-00923,FSI-00167,1,SYNCHRONIZED,pool-3-thread-923,3845482840500,3847218305600,false,Hết hàng! Sản phẩm Flash Sale 'FSI-00167': yêu cầu 1; còn lại 0
TXN-SYNCHRONIZED-00924,REQ-SIM-00924,-,CUS-00924,FSI-00167,1,SYNCHRONIZED,pool-3-thread-924,3845482849600,3847218539800,false,Hết hàng! Sản phẩm Flash Sale 'FSI-00167': yêu cầu 1; còn lại 0
TXN-SYNCHRONIZED-00925,REQ-SIM-00925,-,CUS-00925,FSI-00167,1,SYNCHRONIZED,pool-3-thread-925,3845482857000,3847218770400,false,Hết hàng! Sản phẩm Flash Sale 'FSI-00167': yêu cầu 1; còn lại 0
TXN-SYNCHRONIZED-00926,REQ-SIM-00926,-,CUS-00926,FSI-00167,1,SYNCHRONIZED,pool-3-thread-926,3845482863300,3847219058900,false,Hết hàng! Sản phẩm Flash Sale 'FSI-00167': yêu cầu 1; còn lại 0
TXN-SYNCHRONIZED-00927,REQ-SIM-00927,-,CUS-00927,FSI-00167,1,SYNCHRONIZED,pool-3-thread-927,3845482870000,3847219311300,false,Hết hàng! Sản phẩm Flash Sale 'FSI-00167': yêu cầu 1; còn lại 0
TXN-SYNCHRONIZED-00928,REQ-SIM-00928,-,CUS-00928,FSI-00167,1,SYNCHRONIZED,pool-3-thread-928,3845482876600,3847219545200,false,Hết hàng! Sản phẩm Flash Sale 'FSI-00167': yêu cầu 1; còn lại 0
TXN-SYNCHRONIZED-00929,REQ-SIM-00929,-,CUS-00929,FSI-00167,1,SYNCHRONIZED,pool-3-thread-929,3845482883200,3847219787400,false,Hết hàng! Sản phẩm Flash Sale 'FSI-00167': yêu cầu 1; còn lại 0
TXN-SYNCHRONIZED-00930,REQ-SIM-00930,-,CUS-00930,FSI-00167,1,SYNCHRONIZED,pool-3-thread-930,3845482889300,3847220046300,false,Hết hàng! Sản phẩm Flash Sale 'FSI-00167': yêu cầu 1; còn lại 0
TXN-SYNCHRONIZED-00931,REQ-SIM-00931,-,CUS-00931,FSI-00167,1,SYNCHRONIZED,pool-3-thread-931,3845482896200,3847220274500,false,Hết hàng! Sản phẩm Flash Sale 'FSI-00167': yêu cầu 1; còn lại 0
TXN-SYNCHRONIZED-00932,REQ-SIM-00932,-,CUS-00932,FSI-00167,1,SYNCHRONIZED,pool-3-thread-932,3845482903700,3847220524500,false,Hết hàng! Sản phẩm Flash Sale 'FSI-00167': yêu cầu 1; còn lại 0
TXN-SYNCHRONIZED-00933,REQ-SIM-00933,-,CUS-00933,FSI-00167,1,SYNCHRONIZED,pool-3-thread-933,3845482910800,3847220760700,false,Hết hàng! Sản phẩm Flash Sale 'FSI-00167': yêu cầu 1; còn lại 0
TXN-SYNCHRONIZED-00934,REQ-SIM-00934,-,CUS-00934,FSI-00167,1,SYNCHRONIZED,pool-3-thread-934,3845482916800,3847220998700,false,Hết hàng! Sản phẩm Flash Sale 'FSI-00167': yêu cầu 1; còn lại 0
TXN-SYNCHRONIZED-00935,REQ-SIM-00935,-,CUS-00935,FSI-00167,1,SYNCHRONIZED,pool-3-thread-935,3845482923800,3847221229100,false,Hết hàng! Sản phẩm Flash Sale 'FSI-00167': yêu cầu 1; còn lại 0
TXN-SYNCHRONIZED-00936,REQ-SIM-00936,-,CUS-00936,FSI-00167,1,SYNCHRONIZED,pool-3-thread-936,3845482930900,3847221470200,false,Hết hàng! Sản phẩm Flash Sale 'FSI-00167': yêu cầu 1; còn lại 0
TXN-SYNCHRONIZED-00937,REQ-SIM-00937,-,CUS-00937,FSI-00167,1,SYNCHRONIZED,pool-3-thread-937,3845482937700,3847221712300,false,Hết hàng! Sản phẩm Flash Sale 'FSI-00167': yêu cầu 1; còn lại 0
TXN-SYNCHRONIZED-00938,REQ-SIM-00938,-,CUS-00938,FSI-00167,1,SYNCHRONIZED,pool-3-thread-938,3845482943700,3847221952100,false,Hết hàng! Sản phẩm Flash Sale 'FSI-00167': yêu cầu 1; còn lại 0
TXN-SYNCHRONIZED-00939,REQ-SIM-00939,-,CUS-00939,FSI-00167,1,SYNCHRONIZED,pool-3-thread-939,3845482950500,3847222182100,false,Hết hàng! Sản phẩm Flash Sale 'FSI-00167': yêu cầu 1; còn lại 0
TXN-SYNCHRONIZED-00940,REQ-SIM-00940,-,CUS-00940,FSI-00167,1,SYNCHRONIZED,pool-3-thread-940,3845482956900,3847222420300,false,Hết hàng! Sản phẩm Flash Sale 'FSI-00167': yêu cầu 1; còn lại 0
TXN-SYNCHRONIZED-00941,REQ-SIM-00941,-,CUS-00941,FSI-00167,1,SYNCHRONIZED,pool-3-thread-941,3845482963600,3847222650600,false,Hết hàng! Sản phẩm Flash Sale 'FSI-00167': yêu cầu 1; còn lại 0
TXN-SYNCHRONIZED-00942,REQ-SIM-00942,-,CUS-00942,FSI-00167,1,SYNCHRONIZED,pool-3-thread-942,3845482970400,3847222881400,false,Hết hàng! Sản phẩm Flash Sale 'FSI-00167': yêu cầu 1; còn lại 0
TXN-SYNCHRONIZED-00943,REQ-SIM-00943,-,CUS-00943,FSI-00167,1,SYNCHRONIZED,pool-3-thread-943,3845482977000,3847223111800,false,Hết hàng! Sản phẩm Flash Sale 'FSI-00167': yêu cầu 1; còn lại 0
TXN-SYNCHRONIZED-00944,REQ-SIM-00944,-,CUS-00944,FSI-00167,1,SYNCHRONIZED,pool-3-thread-944,3845482983600,3847223349900,false,Hết hàng! Sản phẩm Flash Sale 'FSI-00167': yêu cầu 1; còn lại 0
TXN-SYNCHRONIZED-00945,REQ-SIM-00945,-,CUS-00945,FSI-00167,1,SYNCHRONIZED,pool-3-thread-945,3845482991400,3847223609600,false,Hết hàng! Sản phẩm Flash Sale 'FSI-00167': yêu cầu 1; còn lại 0
TXN-SYNCHRONIZED-00946,REQ-SIM-00946,-,CUS-00946,FSI-00167,1,SYNCHRONIZED,pool-3-thread-946,3845482998400,3847223850400,false,Hết hàng! Sản phẩm Flash Sale 'FSI-00167': yêu cầu 1; còn lại 0
TXN-SYNCHRONIZED-00947,REQ-SIM-00947,-,CUS-00947,FSI-00167,1,SYNCHRONIZED,pool-3-thread-947,3845483008900,3847224075600,false,Hết hàng! Sản phẩm Flash Sale 'FSI-00167': yêu cầu 1; còn lại 0
TXN-SYNCHRONIZED-00948,REQ-SIM-00948,-,CUS-00948,FSI-00167,1,SYNCHRONIZED,pool-3-thread-948,3845483015800,3847224305500,false,Hết hàng! Sản phẩm Flash Sale 'FSI-00167': yêu cầu 1; còn lại 0
TXN-SYNCHRONIZED-00949,REQ-SIM-00949,-,CUS-00949,FSI-00167,1,SYNCHRONIZED,pool-3-thread-949,3845483022100,3847224545100,false,Hết hàng! Sản phẩm Flash Sale 'FSI-00167': yêu cầu 1; còn lại 0
TXN-SYNCHRONIZED-00950,REQ-SIM-00950,-,CUS-00950,FSI-00167,1,SYNCHRONIZED,pool-3-thread-950,3845483028600,3847224792800,false,Hết hàng! Sản phẩm Flash Sale 'FSI-00167': yêu cầu 1; còn lại 0
TXN-SYNCHRONIZED-00951,REQ-SIM-00951,-,CUS-00951,FSI-00167,1,SYNCHRONIZED,pool-3-thread-951,3845483039200,3847225047700,false,Hết hàng! Sản phẩm Flash Sale 'FSI-00167': yêu cầu 1; còn lại 0
TXN-SYNCHRONIZED-00952,REQ-SIM-00952,-,CUS-00952,FSI-00167,1,SYNCHRONIZED,pool-3-thread-952,3845483045700,3847225296400,false,Hết hàng! Sản phẩm Flash Sale 'FSI-00167': yêu cầu 1; còn lại 0
TXN-SYNCHRONIZED-00953,REQ-SIM-00953,-,CUS-00953,FSI-00167,1,SYNCHRONIZED,pool-3-thread-953,3845483052500,3847225522100,false,Hết hàng! Sản phẩm Flash Sale 'FSI-00167': yêu cầu 1; còn lại 0
TXN-SYNCHRONIZED-00954,REQ-SIM-00954,-,CUS-00954,FSI-00167,1,SYNCHRONIZED,pool-3-thread-954,3845483059200,3847225752400,false,Hết hàng! Sản phẩm Flash Sale 'FSI-00167': yêu cầu 1; còn lại 0
TXN-SYNCHRONIZED-00955,REQ-SIM-00955,-,CUS-00955,FSI-00167,1,SYNCHRONIZED,pool-3-thread-955,3845483068600,3847225985700,false,Hết hàng! Sản phẩm Flash Sale 'FSI-00167': yêu cầu 1; còn lại 0
TXN-SYNCHRONIZED-00956,REQ-SIM-00956,-,CUS-00956,FSI-00167,1,SYNCHRONIZED,pool-3-thread-956,3845483075600,3847226215000,false,Hết hàng! Sản phẩm Flash Sale 'FSI-00167': yêu cầu 1; còn lại 0
TXN-SYNCHRONIZED-00957,REQ-SIM-00957,-,CUS-00957,FSI-00167,1,SYNCHRONIZED,pool-3-thread-957,3845483083100,3847226492200,false,Hết hàng! Sản phẩm Flash Sale 'FSI-00167': yêu cầu 1; còn lại 0
TXN-SYNCHRONIZED-00958,REQ-SIM-00958,-,CUS-00958,FSI-00167,1,SYNCHRONIZED,pool-3-thread-958,3845483090200,3847226731500,false,Hết hàng! Sản phẩm Flash Sale 'FSI-00167': yêu cầu 1; còn lại 0
TXN-SYNCHRONIZED-00959,REQ-SIM-00959,-,CUS-00959,FSI-00167,1,SYNCHRONIZED,pool-3-thread-959,3845483096500,3847226955000,false,Hết hàng! Sản phẩm Flash Sale 'FSI-00167': yêu cầu 1; còn lại 0
TXN-SYNCHRONIZED-00960,REQ-SIM-00960,-,CUS-00960,FSI-00167,1,SYNCHRONIZED,pool-3-thread-960,3845483103400,3847227217100,false,Hết hàng! Sản phẩm Flash Sale 'FSI-00167': yêu cầu 1; còn lại 0
TXN-SYNCHRONIZED-00961,REQ-SIM-00961,-,CUS-00961,FSI-00167,1,SYNCHRONIZED,pool-3-thread-961,3845483111200,3847227452300,false,Hết hàng! Sản phẩm Flash Sale 'FSI-00167': yêu cầu 1; còn lại 0
TXN-SYNCHRONIZED-00962,REQ-SIM-00962,-,CUS-00962,FSI-00167,1,SYNCHRONIZED,pool-3-thread-962,3845483118000,3847227713500,false,Hết hàng! Sản phẩm Flash Sale 'FSI-00167': yêu cầu 1; còn lại 0
TXN-SYNCHRONIZED-00963,REQ-SIM-00963,-,CUS-00963,FSI-00167,1,SYNCHRONIZED,pool-3-thread-963,3845483125100,3847227940900,false,Hết hàng! Sản phẩm Flash Sale 'FSI-00167': yêu cầu 1; còn lại 0
TXN-SYNCHRONIZED-00964,REQ-SIM-00964,-,CUS-00964,FSI-00167,1,SYNCHRONIZED,pool-3-thread-964,3845483131500,3847228171500,false,Hết hàng! Sản phẩm Flash Sale 'FSI-00167': yêu cầu 1; còn lại 0
TXN-SYNCHRONIZED-00965,REQ-SIM-00965,-,CUS-00965,FSI-00167,1,SYNCHRONIZED,pool-3-thread-965,3845483138500,3847228410400,false,Hết hàng! Sản phẩm Flash Sale 'FSI-00167': yêu cầu 1; còn lại 0
TXN-SYNCHRONIZED-00966,REQ-SIM-00966,-,CUS-00966,FSI-00167,1,SYNCHRONIZED,pool-3-thread-966,3845483145500,3847228768400,false,Hết hàng! Sản phẩm Flash Sale 'FSI-00167': yêu cầu 1; còn lại 0
TXN-SYNCHRONIZED-00967,REQ-SIM-00967,-,CUS-00967,FSI-00167,1,SYNCHRONIZED,pool-3-thread-967,3845483152100,3847229014900,false,Hết hàng! Sản phẩm Flash Sale 'FSI-00167': yêu cầu 1; còn lại 0
TXN-SYNCHRONIZED-00968,REQ-SIM-00968,-,CUS-00968,FSI-00167,1,SYNCHRONIZED,pool-3-thread-968,3845483158900,3847229249400,false,Hết hàng! Sản phẩm Flash Sale 'FSI-00167': yêu cầu 1; còn lại 0
TXN-SYNCHRONIZED-00969,REQ-SIM-00969,-,CUS-00969,FSI-00167,1,SYNCHRONIZED,pool-3-thread-969,3845483170500,3847229485400,false,Hết hàng! Sản phẩm Flash Sale 'FSI-00167': yêu cầu 1; còn lại 0
TXN-SYNCHRONIZED-00970,REQ-SIM-00970,-,CUS-00970,FSI-00167,1,SYNCHRONIZED,pool-3-thread-970,3845483177600,3847229720400,false,Hết hàng! Sản phẩm Flash Sale 'FSI-00167': yêu cầu 1; còn lại 0
TXN-SYNCHRONIZED-00971,REQ-SIM-00971,-,CUS-00971,FSI-00167,1,SYNCHRONIZED,pool-3-thread-971,3845483184600,3847229955000,false,Hết hàng! Sản phẩm Flash Sale 'FSI-00167': yêu cầu 1; còn lại 0
TXN-SYNCHRONIZED-00972,REQ-SIM-00972,-,CUS-00972,FSI-00167,1,SYNCHRONIZED,pool-3-thread-972,3845483191400,3847230290900,false,Hết hàng! Sản phẩm Flash Sale 'FSI-00167': yêu cầu 1; còn lại 0
TXN-SYNCHRONIZED-00973,REQ-SIM-00973,-,CUS-00973,FSI-00167,1,SYNCHRONIZED,pool-3-thread-973,3845483197900,3847230562400,false,Hết hàng! Sản phẩm Flash Sale 'FSI-00167': yêu cầu 1; còn lại 0
TXN-SYNCHRONIZED-00974,REQ-SIM-00974,-,CUS-00974,FSI-00167,1,SYNCHRONIZED,pool-3-thread-974,3845483204700,3847230809700,false,Hết hàng! Sản phẩm Flash Sale 'FSI-00167': yêu cầu 1; còn lại 0
TXN-SYNCHRONIZED-00975,REQ-SIM-00975,-,CUS-00975,FSI-00167,1,SYNCHRONIZED,pool-3-thread-975,3845483211600,3847231060600,false,Hết hàng! Sản phẩm Flash Sale 'FSI-00167': yêu cầu 1; còn lại 0
TXN-SYNCHRONIZED-00976,REQ-SIM-00976,-,CUS-00976,FSI-00167,1,SYNCHRONIZED,pool-3-thread-976,3845483218200,3847231439300,false,Hết hàng! Sản phẩm Flash Sale 'FSI-00167': yêu cầu 1; còn lại 0
TXN-SYNCHRONIZED-00977,REQ-SIM-00977,-,CUS-00977,FSI-00167,1,SYNCHRONIZED,pool-3-thread-977,3845483224900,3847231670300,false,Hết hàng! Sản phẩm Flash Sale 'FSI-00167': yêu cầu 1; còn lại 0
TXN-SYNCHRONIZED-00978,REQ-SIM-00978,-,CUS-00978,FSI-00167,1,SYNCHRONIZED,pool-3-thread-978,3845483232100,3847231923800,false,Hết hàng! Sản phẩm Flash Sale 'FSI-00167': yêu cầu 1; còn lại 0
TXN-SYNCHRONIZED-00979,REQ-SIM-00979,-,CUS-00979,FSI-00167,1,SYNCHRONIZED,pool-3-thread-979,3845483239100,3847232154300,false,Hết hàng! Sản phẩm Flash Sale 'FSI-00167': yêu cầu 1; còn lại 0
TXN-SYNCHRONIZED-00980,REQ-SIM-00980,-,CUS-00980,FSI-00167,1,SYNCHRONIZED,pool-3-thread-980,3845483245900,3847232397500,false,Hết hàng! Sản phẩm Flash Sale 'FSI-00167': yêu cầu 1; còn lại 0
TXN-SYNCHRONIZED-00981,REQ-SIM-00981,-,CUS-00981,FSI-00167,1,SYNCHRONIZED,pool-3-thread-981,3845483253200,3847232637700,false,Hết hàng! Sản phẩm Flash Sale 'FSI-00167': yêu cầu 1; còn lại 0
TXN-SYNCHRONIZED-00982,REQ-SIM-00982,-,CUS-00982,FSI-00167,1,SYNCHRONIZED,pool-3-thread-982,3845483259700,3847232876900,false,Hết hàng! Sản phẩm Flash Sale 'FSI-00167': yêu cầu 1; còn lại 0
TXN-SYNCHRONIZED-00983,REQ-SIM-00983,-,CUS-00983,FSI-00167,1,SYNCHRONIZED,pool-3-thread-983,3845483270200,3847233099700,false,Hết hàng! Sản phẩm Flash Sale 'FSI-00167': yêu cầu 1; còn lại 0
TXN-SYNCHRONIZED-00984,REQ-SIM-00984,-,CUS-00984,FSI-00167,1,SYNCHRONIZED,pool-3-thread-984,3845483276400,3847233336700,false,Hết hàng! Sản phẩm Flash Sale 'FSI-00167': yêu cầu 1; còn lại 0
TXN-SYNCHRONIZED-00985,REQ-SIM-00985,-,CUS-00985,FSI-00167,1,SYNCHRONIZED,pool-3-thread-985,3845483284000,3847233668100,false,Hết hàng! Sản phẩm Flash Sale 'FSI-00167': yêu cầu 1; còn lại 0
TXN-SYNCHRONIZED-00986,REQ-SIM-00986,-,CUS-00986,FSI-00167,1,SYNCHRONIZED,pool-3-thread-986,3845483290500,3847233905900,false,Hết hàng! Sản phẩm Flash Sale 'FSI-00167': yêu cầu 1; còn lại 0
TXN-SYNCHRONIZED-00987,REQ-SIM-00987,-,CUS-00987,FSI-00167,1,SYNCHRONIZED,pool-3-thread-987,3845483298800,3847234139000,false,Hết hàng! Sản phẩm Flash Sale 'FSI-00167': yêu cầu 1; còn lại 0
TXN-SYNCHRONIZED-00988,REQ-SIM-00988,-,CUS-00988,FSI-00167,1,SYNCHRONIZED,pool-3-thread-988,3845483307400,3847234380900,false,Hết hàng! Sản phẩm Flash Sale 'FSI-00167': yêu cầu 1; còn lại 0
TXN-SYNCHRONIZED-00989,REQ-SIM-00989,-,CUS-00989,FSI-00167,1,SYNCHRONIZED,pool-3-thread-989,3845483313900,3847234608800,false,Hết hàng! Sản phẩm Flash Sale 'FSI-00167': yêu cầu 1; còn lại 0
TXN-SYNCHRONIZED-00990,REQ-SIM-00990,-,CUS-00990,FSI-00167,1,SYNCHRONIZED,pool-3-thread-990,3845483320300,3847234840900,false,Hết hàng! Sản phẩm Flash Sale 'FSI-00167': yêu cầu 1; còn lại 0
TXN-SYNCHRONIZED-00991,REQ-SIM-00991,-,CUS-00991,FSI-00167,1,SYNCHRONIZED,pool-3-thread-991,3845483326500,3847235067400,false,Hết hàng! Sản phẩm Flash Sale 'FSI-00167': yêu cầu 1; còn lại 0
TXN-SYNCHRONIZED-00992,REQ-SIM-00992,-,CUS-00992,FSI-00167,1,SYNCHRONIZED,pool-3-thread-992,3845483333400,3847235299200,false,Hết hàng! Sản phẩm Flash Sale 'FSI-00167': yêu cầu 1; còn lại 0
TXN-SYNCHRONIZED-00993,REQ-SIM-00993,-,CUS-00993,FSI-00167,1,SYNCHRONIZED,pool-3-thread-993,3845483340900,3847235536300,false,Hết hàng! Sản phẩm Flash Sale 'FSI-00167': yêu cầu 1; còn lại 0
TXN-SYNCHRONIZED-00994,REQ-SIM-00994,-,CUS-00994,FSI-00167,1,SYNCHRONIZED,pool-3-thread-994,3845483348400,3847235770800,false,Hết hàng! Sản phẩm Flash Sale 'FSI-00167': yêu cầu 1; còn lại 0
TXN-SYNCHRONIZED-00995,REQ-SIM-00995,-,CUS-00995,FSI-00167,1,SYNCHRONIZED,pool-3-thread-995,3845483355200,3847236039200,false,Hết hàng! Sản phẩm Flash Sale 'FSI-00167': yêu cầu 1; còn lại 0
TXN-SYNCHRONIZED-00996,REQ-SIM-00996,-,CUS-00996,FSI-00167,1,SYNCHRONIZED,pool-3-thread-996,3845483362000,3847236287800,false,Hết hàng! Sản phẩm Flash Sale 'FSI-00167': yêu cầu 1; còn lại 0
TXN-SYNCHRONIZED-00997,REQ-SIM-00997,-,CUS-00997,FSI-00167,1,SYNCHRONIZED,pool-3-thread-997,3845483373000,3847236515600,false,Hết hàng! Sản phẩm Flash Sale 'FSI-00167': yêu cầu 1; còn lại 0
TXN-SYNCHRONIZED-00998,REQ-SIM-00998,-,CUS-00998,FSI-00167,1,SYNCHRONIZED,pool-3-thread-998,3845483380200,3847236762100,false,Hết hàng! Sản phẩm Flash Sale 'FSI-00167': yêu cầu 1; còn lại 0
TXN-SYNCHRONIZED-00999,REQ-SIM-00999,-,CUS-00999,FSI-00167,1,SYNCHRONIZED,pool-3-thread-999,3845483386600,3847236993300,false,Hết hàng! Sản phẩm Flash Sale 'FSI-00167': yêu cầu 1; còn lại 0
TXN-SYNCHRONIZED-01000,REQ-SIM-01000,-,CUS-01000,FSI-00167,1,SYNCHRONIZED,pool-3-thread-1000,3845483391000,3847237262500,false,Hết hàng! Sản phẩm Flash Sale 'FSI-00167': yêu cầu 1; còn lại 0
TXN-OPTIMISTIC-00149,REQ-SIM-00149,SIM-OPTIMISTIC-00149,CUS-00149,FSI-00167,1,OPTIMISTIC,pool-4-thread-149,3847319551600,3847490011600,true,
TXN-OPTIMISTIC-00280,REQ-SIM-00280,SIM-OPTIMISTIC-00280,CUS-00280,FSI-00167,1,OPTIMISTIC,pool-4-thread-280,3847320916400,3847511687800,true,
TXN-OPTIMISTIC-00734,REQ-SIM-00734,SIM-OPTIMISTIC-00734,CUS-00734,FSI-00167,1,OPTIMISTIC,pool-4-thread-734,3847326509300,3847532408000,true,
TXN-OPTIMISTIC-00529,REQ-SIM-00529,SIM-OPTIMISTIC-00529,CUS-00529,FSI-00167,1,OPTIMISTIC,pool-4-thread-529,3847324061000,3847553799500,true,
TXN-OPTIMISTIC-00352,REQ-SIM-00352,SIM-OPTIMISTIC-00352,CUS-00352,FSI-00167,1,OPTIMISTIC,pool-4-thread-352,3847321821500,3847603295200,true,
TXN-OPTIMISTIC-00148,REQ-SIM-00148,SIM-OPTIMISTIC-00148,CUS-00148,FSI-00167,1,OPTIMISTIC,pool-4-thread-148,3847319311200,3847628035300,true,
TXN-OPTIMISTIC-00370,REQ-SIM-00370,SIM-OPTIMISTIC-00370,CUS-00370,FSI-00167,1,OPTIMISTIC,pool-4-thread-370,3847322022100,3847653048800,true,
TXN-OPTIMISTIC-00538,REQ-SIM-00538,SIM-OPTIMISTIC-00538,CUS-00538,FSI-00167,1,OPTIMISTIC,pool-4-thread-538,3847324181300,3847668811800,true,
TXN-OPTIMISTIC-00521,REQ-SIM-00521,SIM-OPTIMISTIC-00521,CUS-00521,FSI-00167,1,OPTIMISTIC,pool-4-thread-521,3847323982400,3847690127600,true,
TXN-OPTIMISTIC-00628,REQ-SIM-00628,SIM-OPTIMISTIC-00628,CUS-00628,FSI-00167,1,OPTIMISTIC,pool-4-thread-628,3847325290800,3847711861300,true,
TXN-OPTIMISTIC-00487,REQ-SIM-00487,SIM-OPTIMISTIC-00487,CUS-00487,FSI-00167,1,OPTIMISTIC,pool-4-thread-487,3847323608700,3847734483800,true,
TXN-OPTIMISTIC-00155,REQ-SIM-00155,SIM-OPTIMISTIC-00155,CUS-00155,FSI-00167,1,OPTIMISTIC,pool-4-thread-155,3847319378700,3847756737900,true,
TXN-OPTIMISTIC-00872,REQ-SIM-00872,SIM-OPTIMISTIC-00872,CUS-00872,FSI-00167,1,OPTIMISTIC,pool-4-thread-872,3847328147500,3847772426900,true,
TXN-OPTIMISTIC-00243,REQ-SIM-00243,SIM-OPTIMISTIC-00243,CUS-00243,FSI-00167,1,OPTIMISTIC,pool-4-thread-243,3847320663900,3847788513900,true,
TXN-OPTIMISTIC-00771,REQ-SIM-00771,SIM-OPTIMISTIC-00771,CUS-00771,FSI-00167,1,OPTIMISTIC,pool-4-thread-771,3847326910200,3847802712600,true,
TXN-OPTIMISTIC-00812,REQ-SIM-00812,SIM-OPTIMISTIC-00812,CUS-00812,FSI-00167,1,OPTIMISTIC,pool-4-thread-812,3847327341800,3847816306700,true,
TXN-OPTIMISTIC-00371,REQ-SIM-00371,SIM-OPTIMISTIC-00371,CUS-00371,FSI-00167,1,OPTIMISTIC,pool-4-thread-371,3847322032800,3847831241400,true,
TXN-OPTIMISTIC-00849,REQ-SIM-00849,SIM-OPTIMISTIC-00849,CUS-00849,FSI-00167,1,OPTIMISTIC,pool-4-thread-849,3847327809000,3847846797200,true,
TXN-OPTIMISTIC-00696,REQ-SIM-00696,SIM-OPTIMISTIC-00696,CUS-00696,FSI-00167,1,OPTIMISTIC,pool-4-thread-696,3847326091900,3847863893300,true,
TXN-OPTIMISTIC-00928,REQ-SIM-00928,SIM-OPTIMISTIC-00928,CUS-00928,FSI-00167,1,OPTIMISTIC,pool-4-thread-928,3847328779900,3847887322200,true,
TXN-OPTIMISTIC-00784,REQ-SIM-00784,SIM-OPTIMISTIC-00784,CUS-00784,FSI-00167,1,OPTIMISTIC,pool-4-thread-784,3847327050600,3847906473000,true,
TXN-OPTIMISTIC-00725,REQ-SIM-00725,SIM-OPTIMISTIC-00725,CUS-00725,FSI-00167,1,OPTIMISTIC,pool-4-thread-725,3847326412400,3847924670500,true,
TXN-OPTIMISTIC-00935,REQ-SIM-00935,SIM-OPTIMISTIC-00935,CUS-00935,FSI-00167,1,OPTIMISTIC,pool-4-thread-935,3847328856300,3847941055200,true,
TXN-OPTIMISTIC-00766,REQ-SIM-00766,SIM-OPTIMISTIC-00766,CUS-00766,FSI-00167,1,OPTIMISTIC,pool-4-thread-766,3847326851100,3847958955600,true,
TXN-OPTIMISTIC-00190,REQ-SIM-00190,SIM-OPTIMISTIC-00190,CUS-00190,FSI-00167,1,OPTIMISTIC,pool-4-thread-190,3847319845600,3847978298100,true,
TXN-OPTIMISTIC-00017,REQ-SIM-00017,SIM-OPTIMISTIC-00017,CUS-00017,FSI-00167,1,OPTIMISTIC,pool-4-thread-17,3847318011500,3847999337600,true,
TXN-OPTIMISTIC-00689,REQ-SIM-00689,SIM-OPTIMISTIC-00689,CUS-00689,FSI-00167,1,OPTIMISTIC,pool-4-thread-689,3847326017500,3848018763300,true,
TXN-OPTIMISTIC-00676,REQ-SIM-00676,SIM-OPTIMISTIC-00676,CUS-00676,FSI-00167,1,OPTIMISTIC,pool-4-thread-676,3847325820000,3848035619900,true,
TXN-OPTIMISTIC-00443,REQ-SIM-00443,SIM-OPTIMISTIC-00443,CUS-00443,FSI-00167,1,OPTIMISTIC,pool-4-thread-443,3847322965300,3848052169400,true,
TXN-OPTIMISTIC-00916,REQ-SIM-00916,SIM-OPTIMISTIC-00916,CUS-00916,FSI-00167,1,OPTIMISTIC,pool-4-thread-916,3847328648300,3848067858900,true,
TXN-OPTIMISTIC-00995,REQ-SIM-00995,SIM-OPTIMISTIC-00995,CUS-00995,FSI-00167,1,OPTIMISTIC,pool-4-thread-995,3847329523500,3848082620700,true,
TXN-OPTIMISTIC-00917,REQ-SIM-00917,SIM-OPTIMISTIC-00917,CUS-00917,FSI-00167,1,OPTIMISTIC,pool-4-thread-917,3847328659000,3848098154700,true,
TXN-OPTIMISTIC-00533,REQ-SIM-00533,SIM-OPTIMISTIC-00533,CUS-00533,FSI-00167,1,OPTIMISTIC,pool-4-thread-533,3847324140200,3848115066300,true,
TXN-OPTIMISTIC-00358,REQ-SIM-00358,SIM-OPTIMISTIC-00358,CUS-00358,FSI-00167,1,OPTIMISTIC,pool-4-thread-358,3847321886500,3848131931100,true,
TXN-OPTIMISTIC-00599,REQ-SIM-00599,SIM-OPTIMISTIC-00599,CUS-00599,FSI-00167,1,OPTIMISTIC,pool-4-thread-599,3847324983300,3848154407500,true,
TXN-OPTIMISTIC-00810,REQ-SIM-00810,SIM-OPTIMISTIC-00810,CUS-00810,FSI-00167,1,OPTIMISTIC,pool-4-thread-810,3847327319400,3848178747200,true,
TXN-OPTIMISTIC-00789,REQ-SIM-00789,SIM-OPTIMISTIC-00789,CUS-00789,FSI-00167,1,OPTIMISTIC,pool-4-thread-789,3847327105800,3848197665300,true,
TXN-OPTIMISTIC-00520,REQ-SIM-00520,SIM-OPTIMISTIC-00520,CUS-00520,FSI-00167,1,OPTIMISTIC,pool-4-thread-520,3847323971600,3848216317100,true,
TXN-OPTIMISTIC-00425,REQ-SIM-00425,SIM-OPTIMISTIC-00425,CUS-00425,FSI-00167,1,OPTIMISTIC,pool-4-thread-425,3847322755900,3848234159800,true,
TXN-OPTIMISTIC-00673,REQ-SIM-00673,SIM-OPTIMISTIC-00673,CUS-00673,FSI-00167,1,OPTIMISTIC,pool-4-thread-673,3847325787600,3848258170700,true,
TXN-OPTIMISTIC-00281,REQ-SIM-00281,SIM-OPTIMISTIC-00281,CUS-00281,FSI-00167,1,OPTIMISTIC,pool-4-thread-281,3847321005600,3848279129800,true,
TXN-OPTIMISTIC-00292,REQ-SIM-00292,SIM-OPTIMISTIC-00292,CUS-00292,FSI-00167,1,OPTIMISTIC,pool-4-thread-292,3847321131100,3848295911700,true,
TXN-OPTIMISTIC-00932,REQ-SIM-00932,SIM-OPTIMISTIC-00932,CUS-00932,FSI-00167,1,OPTIMISTIC,pool-4-thread-932,3847328814300,3848314983800,true,
TXN-OPTIMISTIC-00226,REQ-SIM-00226,SIM-OPTIMISTIC-00226,CUS-00226,FSI-00167,1,OPTIMISTIC,pool-4-thread-226,3847320386700,3848331191900,true,
TXN-OPTIMISTIC-00129,REQ-SIM-00129,SIM-OPTIMISTIC-00129,CUS-00129,FSI-00167,1,OPTIMISTIC,pool-4-thread-129,3847319334900,3848349333400,true,
TXN-OPTIMISTIC-00170,REQ-SIM-00170,SIM-OPTIMISTIC-00170,CUS-00170,FSI-00167,1,OPTIMISTIC,pool-4-thread-170,3847319778200,3848370020900,true,
TXN-OPTIMISTIC-00169,REQ-SIM-00169,SIM-OPTIMISTIC-00169,CUS-00169,FSI-00167,1,OPTIMISTIC,pool-4-thread-169,3847319766100,3848387260700,true,
TXN-OPTIMISTIC-00071,REQ-SIM-00071,SIM-OPTIMISTIC-00071,CUS-00071,FSI-00167,1,OPTIMISTIC,pool-4-thread-71,3847318829700,3848404802600,true,
TXN-OPTIMISTIC-00159,REQ-SIM-00159,SIM-OPTIMISTIC-00159,CUS-00159,FSI-00167,1,OPTIMISTIC,pool-4-thread-159,3847319657900,3848420587000,true,
TXN-OPTIMISTIC-00070,REQ-SIM-00070,SIM-OPTIMISTIC-00070,CUS-00070,FSI-00167,1,OPTIMISTIC,pool-4-thread-70,3847318642600,3848436709800,true,
TXN-OPTIMISTIC-00323,REQ-SIM-00323,SIM-OPTIMISTIC-00323,CUS-00323,FSI-00167,1,OPTIMISTIC,pool-4-thread-323,3847321484100,3848452574900,true,
TXN-OPTIMISTIC-00086,REQ-SIM-00086,SIM-OPTIMISTIC-00086,CUS-00086,FSI-00167,1,OPTIMISTIC,pool-4-thread-86,3847318655300,3848466674100,true,
TXN-OPTIMISTIC-00210,REQ-SIM-00210,SIM-OPTIMISTIC-00210,CUS-00210,FSI-00167,1,OPTIMISTIC,pool-4-thread-210,3847320219200,3848485277600,true,
TXN-OPTIMISTIC-00882,REQ-SIM-00882,SIM-OPTIMISTIC-00882,CUS-00882,FSI-00167,1,OPTIMISTIC,pool-4-thread-882,3847328292600,3848502059900,true,
TXN-OPTIMISTIC-00137,REQ-SIM-00137,SIM-OPTIMISTIC-00137,CUS-00137,FSI-00167,1,OPTIMISTIC,pool-4-thread-137,3847319426300,3848517118500,true,
TXN-OPTIMISTIC-00020,REQ-SIM-00020,SIM-OPTIMISTIC-00020,CUS-00020,FSI-00167,1,OPTIMISTIC,pool-4-thread-20,3847318050500,3848532425600,true,
TXN-OPTIMISTIC-00160,REQ-SIM-00160,SIM-OPTIMISTIC-00160,CUS-00160,FSI-00167,1,OPTIMISTIC,pool-4-thread-160,3847319866100,3848547867200,true,
TXN-OPTIMISTIC-00124,REQ-SIM-00124,SIM-OPTIMISTIC-00124,CUS-00124,FSI-00167,1,OPTIMISTIC,pool-4-thread-124,3847319280200,3848564599700,true,
TXN-OPTIMISTIC-00003,REQ-SIM-00003,SIM-OPTIMISTIC-00003,CUS-00003,FSI-00167,1,OPTIMISTIC,pool-4-thread-3,3847317843800,3848581023000,true,
TXN-OPTIMISTIC-00879,REQ-SIM-00879,SIM-OPTIMISTIC-00879,CUS-00879,FSI-00167,1,OPTIMISTIC,pool-4-thread-879,3847328262800,3848599895600,true,
TXN-OPTIMISTIC-00297,REQ-SIM-00297,SIM-OPTIMISTIC-00297,CUS-00297,FSI-00167,1,OPTIMISTIC,pool-4-thread-297,3847321192900,3848615859900,true,
TXN-OPTIMISTIC-00597,REQ-SIM-00597,SIM-OPTIMISTIC-00597,CUS-00597,FSI-00167,1,OPTIMISTIC,pool-4-thread-597,3847324962700,3848635254000,true,
TXN-OPTIMISTIC-00096,REQ-SIM-00096,SIM-OPTIMISTIC-00096,CUS-00096,FSI-00167,1,OPTIMISTIC,pool-4-thread-96,3847318757200,3848657559700,true,
TXN-OPTIMISTIC-00061,REQ-SIM-00061,SIM-OPTIMISTIC-00061,CUS-00061,FSI-00167,1,OPTIMISTIC,pool-4-thread-61,3847318537000,3848674241000,true,
TXN-OPTIMISTIC-00456,REQ-SIM-00456,SIM-OPTIMISTIC-00456,CUS-00456,FSI-00167,1,OPTIMISTIC,pool-4-thread-456,3847323177700,3848688970300,true,
TXN-OPTIMISTIC-00320,REQ-SIM-00320,SIM-OPTIMISTIC-00320,CUS-00320,FSI-00167,1,OPTIMISTIC,pool-4-thread-320,3847321449800,3848702904400,true,
TXN-OPTIMISTIC-00150,REQ-SIM-00150,SIM-OPTIMISTIC-00150,CUS-00150,FSI-00167,1,OPTIMISTIC,pool-4-thread-150,3847319562100,3848717797900,true,
TXN-OPTIMISTIC-00007,REQ-SIM-00007,SIM-OPTIMISTIC-00007,CUS-00007,FSI-00167,1,OPTIMISTIC,pool-4-thread-7,3847317912700,3848734472700,true,
TXN-OPTIMISTIC-00554,REQ-SIM-00554,SIM-OPTIMISTIC-00554,CUS-00554,FSI-00167,1,OPTIMISTIC,pool-4-thread-554,3847324340200,3848749763800,true,
TXN-OPTIMISTIC-00229,REQ-SIM-00229,SIM-OPTIMISTIC-00229,CUS-00229,FSI-00167,1,OPTIMISTIC,pool-4-thread-229,3847320414900,3848764455400,true,
TXN-OPTIMISTIC-00566,REQ-SIM-00566,SIM-OPTIMISTIC-00566,CUS-00566,FSI-00167,1,OPTIMISTIC,pool-4-thread-566,3847324460500,3848780664600,true,
TXN-OPTIMISTIC-00939,REQ-SIM-00939,SIM-OPTIMISTIC-00939,CUS-00939,FSI-00167,1,OPTIMISTIC,pool-4-thread-939,3847328893700,3848795268500,true,
TXN-OPTIMISTIC-00319,REQ-SIM-00319,SIM-OPTIMISTIC-00319,CUS-00319,FSI-00167,1,OPTIMISTIC,pool-4-thread-319,3847321436400,3848810498200,true,
TXN-OPTIMISTIC-00620,REQ-SIM-00620,SIM-OPTIMISTIC-00620,CUS-00620,FSI-00167,1,OPTIMISTIC,pool-4-thread-620,3847325208500,3848824353500,true,
TXN-OPTIMISTIC-00213,REQ-SIM-00213,SIM-OPTIMISTIC-00213,CUS-00213,FSI-00167,1,OPTIMISTIC,pool-4-thread-213,3847320366800,3848840794000,true,
TXN-OPTIMISTIC-00186,REQ-SIM-00186,SIM-OPTIMISTIC-00186,CUS-00186,FSI-00167,1,OPTIMISTIC,pool-4-thread-186,3847319956200,3848855574000,true,
TXN-OPTIMISTIC-00956,REQ-SIM-00956,SIM-OPTIMISTIC-00956,CUS-00956,FSI-00167,1,OPTIMISTIC,pool-4-thread-956,3847329081600,3848871576500,true,
TXN-OPTIMISTIC-00684,REQ-SIM-00684,SIM-OPTIMISTIC-00684,CUS-00684,FSI-00167,1,OPTIMISTIC,pool-4-thread-684,3847325943600,3848887704300,true,
TXN-OPTIMISTIC-00372,REQ-SIM-00372,SIM-OPTIMISTIC-00372,CUS-00372,FSI-00167,1,OPTIMISTIC,pool-4-thread-372,3847322043200,3848902557200,true,
TXN-OPTIMISTIC-00637,REQ-SIM-00637,SIM-OPTIMISTIC-00637,CUS-00637,FSI-00167,1,OPTIMISTIC,pool-4-thread-637,3847325384800,3848930854300,true,
TXN-OPTIMISTIC-00546,REQ-SIM-00546,SIM-OPTIMISTIC-00546,CUS-00546,FSI-00167,1,OPTIMISTIC,pool-4-thread-546,3847324245000,3848949915900,true,
TXN-OPTIMISTIC-00458,REQ-SIM-00458,SIM-OPTIMISTIC-00458,CUS-00458,FSI-00167,1,OPTIMISTIC,pool-4-thread-458,3847323260200,3848965717900,true,
TXN-OPTIMISTIC-00667,REQ-SIM-00667,SIM-OPTIMISTIC-00667,CUS-00667,FSI-00167,1,OPTIMISTIC,pool-4-thread-667,3847325720200,3848981444900,true,
TXN-OPTIMISTIC-00769,REQ-SIM-00769,SIM-OPTIMISTIC-00769,CUS-00769,FSI-00167,1,OPTIMISTIC,pool-4-thread-769,3847326885600,3848995767800,true,
TXN-OPTIMISTIC-00285,REQ-SIM-00285,SIM-OPTIMISTIC-00285,CUS-00285,FSI-00167,1,OPTIMISTIC,pool-4-thread-285,3847321052800,3849012291400,true,
TXN-OPTIMISTIC-00960,REQ-SIM-00960,SIM-OPTIMISTIC-00960,CUS-00960,FSI-00167,1,OPTIMISTIC,pool-4-thread-960,3847329122100,3849029355900,true,
TXN-OPTIMISTIC-00477,REQ-SIM-00477,SIM-OPTIMISTIC-00477,CUS-00477,FSI-00167,1,OPTIMISTIC,pool-4-thread-477,3847323439000,3849045735800,true,
TXN-OPTIMISTIC-00553,REQ-SIM-00553,SIM-OPTIMISTIC-00553,CUS-00553,FSI-00167,1,OPTIMISTIC,pool-4-thread-553,3847324328400,3849061087800,true,
TXN-OPTIMISTIC-00513,REQ-SIM-00513,SIM-OPTIMISTIC-00513,CUS-00513,FSI-00167,1,OPTIMISTIC,pool-4-thread-513,3847323901100,3849074803000,true,
TXN-OPTIMISTIC-00247,REQ-SIM-00247,SIM-OPTIMISTIC-00247,CUS-00247,FSI-00167,1,OPTIMISTIC,pool-4-thread-247,3847320518800,3849089725400,true,
TXN-OPTIMISTIC-00147,REQ-SIM-00147,SIM-OPTIMISTIC-00147,CUS-00147,FSI-00167,1,OPTIMISTIC,pool-4-thread-147,3847319532000,3849108667300,true,
TXN-OPTIMISTIC-00145,REQ-SIM-00145,SIM-OPTIMISTIC-00145,CUS-00145,FSI-00167,1,OPTIMISTIC,pool-4-thread-145,3847319512300,3849126180800,true,
TXN-OPTIMISTIC-00606,REQ-SIM-00606,SIM-OPTIMISTIC-00606,CUS-00606,FSI-00167,1,OPTIMISTIC,pool-4-thread-606,3847325056400,3849145575400,true,
TXN-OPTIMISTIC-00747,REQ-SIM-00747,SIM-OPTIMISTIC-00747,CUS-00747,FSI-00167,1,OPTIMISTIC,pool-4-thread-747,3847326643600,3849160220800,true,
TXN-OPTIMISTIC-00242,REQ-SIM-00242,SIM-OPTIMISTIC-00242,CUS-00242,FSI-00167,1,OPTIMISTIC,pool-4-thread-242,3847320559600,3849174490800,true,
TXN-OPTIMISTIC-00236,REQ-SIM-00236,SIM-OPTIMISTIC-00236,CUS-00236,FSI-00167,1,OPTIMISTIC,pool-4-thread-236,3847320497200,3849187809200,true,
TXN-OPTIMISTIC-00681,REQ-SIM-00681,-,CUS-00681,FSI-00167,1,OPTIMISTIC,pool-4-thread-681,3847325878000,3849200259900,false,Hết hàng! Sản phẩm Flash Sale 'FSI-00167': yêu cầu 1; còn lại 0
TXN-OPTIMISTIC-00057,REQ-SIM-00057,-,CUS-00057,FSI-00167,1,OPTIMISTIC,pool-4-thread-57,3847318491100,3849200633200,false,Hết hàng! Sản phẩm Flash Sale 'FSI-00167': yêu cầu 1; còn lại 0
TXN-OPTIMISTIC-00188,REQ-SIM-00188,-,CUS-00188,FSI-00167,1,OPTIMISTIC,pool-4-thread-188,3847319979700,3849200893500,false,Hết hàng! Sản phẩm Flash Sale 'FSI-00167': yêu cầu 1; còn lại 0
TXN-OPTIMISTIC-00746,REQ-SIM-00746,-,CUS-00746,FSI-00167,1,OPTIMISTIC,pool-4-thread-746,3847326633500,3849201458100,false,Hết hàng! Sản phẩm Flash Sale 'FSI-00167': yêu cầu 1; còn lại 0
TXN-OPTIMISTIC-00123,REQ-SIM-00123,-,CUS-00123,FSI-00167,1,OPTIMISTIC,pool-4-thread-123,3847319270700,3849201706000,false,Hết hàng! Sản phẩm Flash Sale 'FSI-00167': yêu cầu 1; còn lại 0
TXN-OPTIMISTIC-00248,REQ-SIM-00248,-,CUS-00248,FSI-00167,1,OPTIMISTIC,pool-4-thread-248,3847320621700,3849201934500,false,Hết hàng! Sản phẩm Flash Sale 'FSI-00167': yêu cầu 1; còn lại 0
TXN-OPTIMISTIC-00045,REQ-SIM-00045,-,CUS-00045,FSI-00167,1,OPTIMISTIC,pool-4-thread-45,3847318317900,3849202238400,false,Hết hàng! Sản phẩm Flash Sale 'FSI-00167': yêu cầu 1; còn lại 0
TXN-OPTIMISTIC-00231,REQ-SIM-00231,-,CUS-00231,FSI-00167,1,OPTIMISTIC,pool-4-thread-231,3847320441100,3849202509700,false,Hết hàng! Sản phẩm Flash Sale 'FSI-00167': yêu cầu 1; còn lại 0
TXN-OPTIMISTIC-00111,REQ-SIM-00111,-,CUS-00111,FSI-00167,1,OPTIMISTIC,pool-4-thread-111,3847319129200,3849202767100,false,Hết hàng! Sản phẩm Flash Sale 'FSI-00167': yêu cầu 1; còn lại 0
TXN-OPTIMISTIC-00230,REQ-SIM-00230,-,CUS-00230,FSI-00167,1,OPTIMISTIC,pool-4-thread-230,3847320428200,3849203045200,false,Hết hàng! Sản phẩm Flash Sale 'FSI-00167': yêu cầu 1; còn lại 0
TXN-OPTIMISTIC-00104,REQ-SIM-00104,-,CUS-00104,FSI-00167,1,OPTIMISTIC,pool-4-thread-104,3847319045000,3849203348500,false,Hết hàng! Sản phẩm Flash Sale 'FSI-00167': yêu cầu 1; còn lại 0
TXN-OPTIMISTIC-00716,REQ-SIM-00716,-,CUS-00716,FSI-00167,1,OPTIMISTIC,pool-4-thread-716,3847326313400,3849203614600,false,Hết hàng! Sản phẩm Flash Sale 'FSI-00167': yêu cầu 1; còn lại 0
TXN-OPTIMISTIC-00944,REQ-SIM-00944,-,CUS-00944,FSI-00167,1,OPTIMISTIC,pool-4-thread-944,3847328948500,3849203852800,false,Hết hàng! Sản phẩm Flash Sale 'FSI-00167': yêu cầu 1; còn lại 0
TXN-OPTIMISTIC-00908,REQ-SIM-00908,-,CUS-00908,FSI-00167,1,OPTIMISTIC,pool-4-thread-908,3847328562900,3849204154400,false,Hết hàng! Sản phẩm Flash Sale 'FSI-00167': yêu cầu 1; còn lại 0
TXN-OPTIMISTIC-00884,REQ-SIM-00884,-,CUS-00884,FSI-00167,1,OPTIMISTIC,pool-4-thread-884,3847328315700,3849204386700,false,Hết hàng! Sản phẩm Flash Sale 'FSI-00167': yêu cầu 1; còn lại 0
TXN-OPTIMISTIC-00135,REQ-SIM-00135,-,CUS-00135,FSI-00167,1,OPTIMISTIC,pool-4-thread-135,3847319636200,3849204664400,false,Hết hàng! Sản phẩm Flash Sale 'FSI-00167': yêu cầu 1; còn lại 0
TXN-OPTIMISTIC-00500,REQ-SIM-00500,-,CUS-00500,FSI-00167,1,OPTIMISTIC,pool-4-thread-500,3847323679600,3849204931700,false,Hết hàng! Sản phẩm Flash Sale 'FSI-00167': yêu cầu 1; còn lại 0
TXN-OPTIMISTIC-00128,REQ-SIM-00128,-,CUS-00128,FSI-00167,1,OPTIMISTIC,pool-4-thread-128,3847319321200,3849205211200,false,Hết hàng! Sản phẩm Flash Sale 'FSI-00167': yêu cầu 1; còn lại 0
TXN-OPTIMISTIC-00207,REQ-SIM-00207,-,CUS-00207,FSI-00167,1,OPTIMISTIC,pool-4-thread-207,3847320188000,3849205488100,false,Hết hàng! Sản phẩm Flash Sale 'FSI-00167': yêu cầu 1; còn lại 0
TXN-OPTIMISTIC-00951,REQ-SIM-00951,-,CUS-00951,FSI-00167,1,OPTIMISTIC,pool-4-thread-951,3847329026900,3849205759800,false,Hết hàng! Sản phẩm Flash Sale 'FSI-00167': yêu cầu 1; còn lại 0
TXN-OPTIMISTIC-00033,REQ-SIM-00033,-,CUS-00033,FSI-00167,1,OPTIMISTIC,pool-4-thread-33,3847318188500,3849206044500,false,Hết hàng! Sản phẩm Flash Sale 'FSI-00167': yêu cầu 1; còn lại 0
TXN-OPTIMISTIC-00315,REQ-SIM-00315,-,CUS-00315,FSI-00167,1,OPTIMISTIC,pool-4-thread-315,3847321391000,3849206410300,false,Hết hàng! Sản phẩm Flash Sale 'FSI-00167': yêu cầu 1; còn lại 0
TXN-OPTIMISTIC-00050,REQ-SIM-00050,-,CUS-00050,FSI-00167,1,OPTIMISTIC,pool-4-thread-50,3847318231600,3849206633700,false,Hết hàng! Sản phẩm Flash Sale 'FSI-00167': yêu cầu 1; còn lại 0
TXN-OPTIMISTIC-00092,REQ-SIM-00092,-,CUS-00092,FSI-00167,1,OPTIMISTIC,pool-4-thread-92,3847318903400,3849206944300,false,Hết hàng! Sản phẩm Flash Sale 'FSI-00167': yêu cầu 1; còn lại 0
TXN-OPTIMISTIC-00153,REQ-SIM-00153,-,CUS-00153,FSI-00167,1,OPTIMISTIC,pool-4-thread-153,3847319354900,3849207170800,false,Hết hàng! Sản phẩm Flash Sale 'FSI-00167': yêu cầu 1; còn lại 0
TXN-OPTIMISTIC-00002,REQ-SIM-00002,-,CUS-00002,FSI-00167,1,OPTIMISTIC,pool-4-thread-2,3847317829100,3849207465700,false,Hết hàng! Sản phẩm Flash Sale 'FSI-00167': yêu cầu 1; còn lại 0
TXN-OPTIMISTIC-00099,REQ-SIM-00099,-,CUS-00099,FSI-00167,1,OPTIMISTIC,pool-4-thread-99,3847319190700,3849207763700,false,Hết hàng! Sản phẩm Flash Sale 'FSI-00167': yêu cầu 1; còn lại 0
TXN-OPTIMISTIC-00303,REQ-SIM-00303,-,CUS-00303,FSI-00167,1,OPTIMISTIC,pool-4-thread-303,3847321204300,3849208050400,false,Hết hàng! Sản phẩm Flash Sale 'FSI-00167': yêu cầu 1; còn lại 0
TXN-OPTIMISTIC-00038,REQ-SIM-00038,-,CUS-00038,FSI-00167,1,OPTIMISTIC,pool-4-thread-38,3847318242900,3849208347400,false,Hết hàng! Sản phẩm Flash Sale 'FSI-00167': yêu cầu 1; còn lại 0
TXN-OPTIMISTIC-00105,REQ-SIM-00105,-,CUS-00105,FSI-00167,1,OPTIMISTIC,pool-4-thread-105,3847319058700,3849208639400,false,Hết hàng! Sản phẩm Flash Sale 'FSI-00167': yêu cầu 1; còn lại 0
TXN-OPTIMISTIC-00225,REQ-SIM-00225,-,CUS-00225,FSI-00167,1,OPTIMISTIC,pool-4-thread-225,3847320376500,3849208910600,false,Hết hàng! Sản phẩm Flash Sale 'FSI-00167': yêu cầu 1; còn lại 0
TXN-OPTIMISTIC-00200,REQ-SIM-00200,-,CUS-00200,FSI-00167,1,OPTIMISTIC,pool-4-thread-200,3847320111600,3849209206700,false,Hết hàng! Sản phẩm Flash Sale 'FSI-00167': yêu cầu 1; còn lại 0
TXN-OPTIMISTIC-00476,REQ-SIM-00476,-,CUS-00476,FSI-00167,1,OPTIMISTIC,pool-4-thread-476,3847323426100,3849209486200,false,Hết hàng! Sản phẩm Flash Sale 'FSI-00167': yêu cầu 1; còn lại 0
TXN-OPTIMISTIC-00621,REQ-SIM-00621,-,CUS-00621,FSI-00167,1,OPTIMISTIC,pool-4-thread-621,3847325217900,3849209753800,false,Hết hàng! Sản phẩm Flash Sale 'FSI-00167': yêu cầu 1; còn lại 0
TXN-OPTIMISTIC-00308,REQ-SIM-00308,-,CUS-00308,FSI-00167,1,OPTIMISTIC,pool-4-thread-308,3847321314400,3849210022900,false,Hết hàng! Sản phẩm Flash Sale 'FSI-00167': yêu cầu 1; còn lại 0
TXN-OPTIMISTIC-00656,REQ-SIM-00656,-,CUS-00656,FSI-00167,1,OPTIMISTIC,pool-4-thread-656,3847325606100,3849210412300,false,Hết hàng! Sản phẩm Flash Sale 'FSI-00167': yêu cầu 1; còn lại 0
TXN-OPTIMISTIC-00644,REQ-SIM-00644,-,CUS-00644,FSI-00167,1,OPTIMISTIC,pool-4-thread-644,3847325459200,3849210671900,false,Hết hàng! Sản phẩm Flash Sale 'FSI-00167': yêu cầu 1; còn lại 0
TXN-OPTIMISTIC-00039,REQ-SIM-00039,-,CUS-00039,FSI-00167,1,OPTIMISTIC,pool-4-thread-39,3847318393500,3849211035300,false,Hết hàng! Sản phẩm Flash Sale 'FSI-00167': yêu cầu 1; còn lại 0
TXN-OPTIMISTIC-00206,REQ-SIM-00206,-,CUS-00206,FSI-00167,1,OPTIMISTIC,pool-4-thread-206,3847320177000,3849211281800,false,Hết hàng! Sản phẩm Flash Sale 'FSI-00167': yêu cầu 1; còn lại 0
TXN-OPTIMISTIC-00027,REQ-SIM-00027,-,CUS-00027,FSI-00167,1,OPTIMISTIC,pool-4-thread-27,3847318117700,3849211597700,false,Hết hàng! Sản phẩm Flash Sale 'FSI-00167': yêu cầu 1; còn lại 0
TXN-OPTIMISTIC-00146,REQ-SIM-00146,-,CUS-00146,FSI-00167,1,OPTIMISTIC,pool-4-thread-146,3847319522900,3849211842500,false,Hết hàng! Sản phẩm Flash Sale 'FSI-00167': yêu cầu 1; còn lại 0
TXN-OPTIMISTIC-00189,REQ-SIM-00189,-,CUS-00189,FSI-00167,1,OPTIMISTIC,pool-4-thread-189,3847319989900,3849212170400,false,Hết hàng! Sản phẩm Flash Sale 'FSI-00167': yêu cầu 1; còn lại 0
TXN-OPTIMISTIC-00698,REQ-SIM-00698,-,CUS-00698,FSI-00167,1,OPTIMISTIC,pool-4-thread-698,3847326115600,3849212412500,false,Hết hàng! Sản phẩm Flash Sale 'FSI-00167': yêu cầu 1; còn lại 0
TXN-OPTIMISTIC-00267,REQ-SIM-00267,-,CUS-00267,FSI-00167,1,OPTIMISTIC,pool-4-thread-267,3847320847600,3849212975100,false,Hết hàng! Sản phẩm Flash Sale 'FSI-00167': yêu cầu 1; còn lại 0
TXN-OPTIMISTIC-00026,REQ-SIM-00026,-,CUS-00026,FSI-00167,1,OPTIMISTIC,pool-4-thread-26,3847318103300,3849213124700,false,Hết hàng! Sản phẩm Flash Sale 'FSI-00167': yêu cầu 1; còn lại 0
TXN-OPTIMISTIC-00302,REQ-SIM-00302,-,CUS-00302,FSI-00167,1,OPTIMISTIC,pool-4-thread-302,3847321289900,3849213464000,false,Hết hàng! Sản phẩm Flash Sale 'FSI-00167': yêu cầu 1; còn lại 0
TXN-OPTIMISTIC-00333,REQ-SIM-00333,-,CUS-00333,FSI-00167,1,OPTIMISTIC,pool-4-thread-333,3847321604200,3849213686100,false,Hết hàng! Sản phẩm Flash Sale 'FSI-00167': yêu cầu 1; còn lại 0
TXN-OPTIMISTIC-00717,REQ-SIM-00717,-,CUS-00717,FSI-00167,1,OPTIMISTIC,pool-4-thread-717,3847326321800,3849214142700,false,Hết hàng! Sản phẩm Flash Sale 'FSI-00167': yêu cầu 1; còn lại 0
TXN-OPTIMISTIC-00023,REQ-SIM-00023,-,CUS-00023,FSI-00167,1,OPTIMISTIC,pool-4-thread-23,3847318208900,3849214408600,false,Hết hàng! Sản phẩm Flash Sale 'FSI-00167': yêu cầu 1; còn lại 0
TXN-OPTIMISTIC-00576,REQ-SIM-00576,-,CUS-00576,FSI-00167,1,OPTIMISTIC,pool-4-thread-576,3847324733100,3849214670600,false,Hết hàng! Sản phẩm Flash Sale 'FSI-00167': yêu cầu 1; còn lại 0
TXN-OPTIMISTIC-00506,REQ-SIM-00506,-,CUS-00506,FSI-00167,1,OPTIMISTIC,pool-4-thread-506,3847323820100,3849214925000,false,Hết hàng! Sản phẩm Flash Sale 'FSI-00167': yêu cầu 1; còn lại 0
TXN-OPTIMISTIC-00929,REQ-SIM-00929,-,CUS-00929,FSI-00167,1,OPTIMISTIC,pool-4-thread-929,3847328790100,3849215155700,false,Hết hàng! Sản phẩm Flash Sale 'FSI-00167': yêu cầu 1; còn lại 0
TXN-OPTIMISTIC-00526,REQ-SIM-00526,-,CUS-00526,FSI-00167,1,OPTIMISTIC,pool-4-thread-526,3847324032800,3849215417900,false,Hết hàng! Sản phẩm Flash Sale 'FSI-00167': yêu cầu 1; còn lại 0
TXN-OPTIMISTIC-00515,REQ-SIM-00515,-,CUS-00515,FSI-00167,1,OPTIMISTIC,pool-4-thread-515,3847323922500,3849215671900,false,Hết hàng! Sản phẩm Flash Sale 'FSI-00167': yêu cầu 1; còn lại 0
TXN-OPTIMISTIC-00820,REQ-SIM-00820,-,CUS-00820,FSI-00167,1,OPTIMISTIC,pool-4-thread-820,3847327433700,3849215918400,false,Hết hàng! Sản phẩm Flash Sale 'FSI-00167': yêu cầu 1; còn lại 0
TXN-OPTIMISTIC-00719,REQ-SIM-00719,-,CUS-00719,FSI-00167,1,OPTIMISTIC,pool-4-thread-719,3847326345500,3849216181800,false,Hết hàng! Sản phẩm Flash Sale 'FSI-00167': yêu cầu 1; còn lại 0
TXN-OPTIMISTIC-00983,REQ-SIM-00983,-,CUS-00983,FSI-00167,1,OPTIMISTIC,pool-4-thread-983,3847329366900,3849216458100,false,Hết hàng! Sản phẩm Flash Sale 'FSI-00167': yêu cầu 1; còn lại 0
TXN-OPTIMISTIC-00558,REQ-SIM-00558,-,CUS-00558,FSI-00167,1,OPTIMISTIC,pool-4-thread-558,3847324380200,3849216806800,false,Hết hàng! Sản phẩm Flash Sale 'FSI-00167': yêu cầu 1; còn lại 0
TXN-OPTIMISTIC-00861,REQ-SIM-00861,-,CUS-00861,FSI-00167,1,OPTIMISTIC,pool-4-thread-861,3847327941000,3849216995300,false,Hết hàng! Sản phẩm Flash Sale 'FSI-00167': yêu cầu 1; còn lại 0
TXN-OPTIMISTIC-00818,REQ-SIM-00818,-,CUS-00818,FSI-00167,1,OPTIMISTIC,pool-4-thread-818,3847327412400,3849217240800,false,Hết hàng! Sản phẩm Flash Sale 'FSI-00167': yêu cầu 1; còn lại 0
TXN-OPTIMISTIC-00870,REQ-SIM-00870,-,CUS-00870,FSI-00167,1,OPTIMISTIC,pool-4-thread-870,3847328036600,3849217508200,false,Hết hàng! Sản phẩm Flash Sale 'FSI-00167': yêu cầu 1; còn lại 0
TXN-OPTIMISTIC-00702,REQ-SIM-00702,-,CUS-00702,FSI-00167,1,OPTIMISTIC,pool-4-thread-702,3847326159200,3849217736100,false,Hết hàng! Sản phẩm Flash Sale 'FSI-00167': yêu cầu 1; còn lại 0
TXN-OPTIMISTIC-00724,REQ-SIM-00724,-,CUS-00724,FSI-00167,1,OPTIMISTIC,pool-4-thread-724,3847326398000,3849218010100,false,Hết hàng! Sản phẩm Flash Sale 'FSI-00167': yêu cầu 1; còn lại 0
TXN-OPTIMISTIC-00671,REQ-SIM-00671,-,CUS-00671,FSI-00167,1,OPTIMISTIC,pool-4-thread-671,3847325765700,3849218243500,false,Hết hàng! Sản phẩm Flash Sale 'FSI-00167': yêu cầu 1; còn lại 0
TXN-OPTIMISTIC-00795,REQ-SIM-00795,-,CUS-00795,FSI-00167,1,OPTIMISTIC,pool-4-thread-795,3847327167100,3849218493300,false,Hết hàng! Sản phẩm Flash Sale 'FSI-00167': yêu cầu 1; còn lại 0
TXN-OPTIMISTIC-00249,REQ-SIM-00249,-,CUS-00249,FSI-00167,1,OPTIMISTIC,pool-4-thread-249,3847320634100,3849218781700,false,Hết hàng! Sản phẩm Flash Sale 'FSI-00167': yêu cầu 1; còn lại 0
TXN-OPTIMISTIC-00590,REQ-SIM-00590,-,CUS-00590,FSI-00167,1,OPTIMISTIC,pool-4-thread-590,3847324889200,3849219026600,false,Hết hàng! Sản phẩm Flash Sale 'FSI-00167': yêu cầu 1; còn lại 0
TXN-OPTIMISTIC-00800,REQ-SIM-00800,-,CUS-00800,FSI-00167,1,OPTIMISTIC,pool-4-thread-800,3847327216700,3849219305300,false,Hết hàng! Sản phẩm Flash Sale 'FSI-00167': yêu cầu 1; còn lại 0
TXN-OPTIMISTIC-00926,REQ-SIM-00926,-,CUS-00926,FSI-00167,1,OPTIMISTIC,pool-4-thread-926,3847328759100,3849219558000,false,Hết hàng! Sản phẩm Flash Sale 'FSI-00167': yêu cầu 1; còn lại 0
TXN-OPTIMISTIC-00447,REQ-SIM-00447,-,CUS-00447,FSI-00167,1,OPTIMISTIC,pool-4-thread-447,3847323055800,3849219804100,false,Hết hàng! Sản phẩm Flash Sale 'FSI-00167': yêu cầu 1; còn lại 0
TXN-OPTIMISTIC-00878,REQ-SIM-00878,-,CUS-00878,FSI-00167,1,OPTIMISTIC,pool-4-thread-878,3847328252600,3849220065500,false,Hết hàng! Sản phẩm Flash Sale 'FSI-00167': yêu cầu 1; còn lại 0
TXN-OPTIMISTIC-00770,REQ-SIM-00770,-,CUS-00770,FSI-00167,1,OPTIMISTIC,pool-4-thread-770,3847326897000,3849220302900,false,Hết hàng! Sản phẩm Flash Sale 'FSI-00167': yêu cầu 1; còn lại 0
TXN-OPTIMISTIC-00765,REQ-SIM-00765,-,CUS-00765,FSI-00167,1,OPTIMISTIC,pool-4-thread-765,3847326838800,3849220571400,false,Hết hàng! Sản phẩm Flash Sale 'FSI-00167': yêu cầu 1; còn lại 0
TXN-OPTIMISTIC-00711,REQ-SIM-00711,-,CUS-00711,FSI-00167,1,OPTIMISTIC,pool-4-thread-711,3847326256900,3849220788300,false,Hết hàng! Sản phẩm Flash Sale 'FSI-00167': yêu cầu 1; còn lại 0
TXN-OPTIMISTIC-00446,REQ-SIM-00446,-,CUS-00446,FSI-00167,1,OPTIMISTIC,pool-4-thread-446,3847323018400,3849221054400,false,Hết hàng! Sản phẩm Flash Sale 'FSI-00167': yêu cầu 1; còn lại 0
TXN-OPTIMISTIC-00699,REQ-SIM-00699,-,CUS-00699,FSI-00167,1,OPTIMISTIC,pool-4-thread-699,3847326127400,3849221333900,false,Hết hàng! Sản phẩm Flash Sale 'FSI-00167': yêu cầu 1; còn lại 0
TXN-OPTIMISTIC-00975,REQ-SIM-00975,-,CUS-00975,FSI-00167,1,OPTIMISTIC,pool-4-thread-975,3847329279700,3849221585200,false,Hết hàng! Sản phẩm Flash Sale 'FSI-00167': yêu cầu 1; còn lại 0
TXN-OPTIMISTIC-00727,REQ-SIM-00727,-,CUS-00727,FSI-00167,1,OPTIMISTIC,pool-4-thread-727,3847326434300,3849221832200,false,Hết hàng! Sản phẩm Flash Sale 'FSI-00167': yêu cầu 1; còn lại 0
TXN-OPTIMISTIC-00961,REQ-SIM-00961,-,CUS-00961,FSI-00167,1,OPTIMISTIC,pool-4-thread-961,3847329133100,3849222093600,false,Hết hàng! Sản phẩm Flash Sale 'FSI-00167': yêu cầu 1; còn lại 0
TXN-OPTIMISTIC-00518,REQ-SIM-00518,-,CUS-00518,FSI-00167,1,OPTIMISTIC,pool-4-thread-518,3847323950600,3849222340800,false,Hết hàng! Sản phẩm Flash Sale 'FSI-00167': yêu cầu 1; còn lại 0
TXN-OPTIMISTIC-00801,REQ-SIM-00801,-,CUS-00801,FSI-00167,1,OPTIMISTIC,pool-4-thread-801,3847327227900,3849222590800,false,Hết hàng! Sản phẩm Flash Sale 'FSI-00167': yêu cầu 1; còn lại 0
TXN-OPTIMISTIC-00327,REQ-SIM-00327,-,CUS-00327,FSI-00167,1,OPTIMISTIC,pool-4-thread-327,3847321534900,3849222880400,false,Hết hàng! Sản phẩm Flash Sale 'FSI-00167': yêu cầu 1; còn lại 0
TXN-OPTIMISTIC-00345,REQ-SIM-00345,-,CUS-00345,FSI-00167,1,OPTIMISTIC,pool-4-thread-345,3847321742800,3849223147300,false,Hết hàng! Sản phẩm Flash Sale 'FSI-00167': yêu cầu 1; còn lại 0
TXN-OPTIMISTIC-00819,REQ-SIM-00819,-,CUS-00819,FSI-00167,1,OPTIMISTIC,pool-4-thread-819,3847327422700,3849223389600,false,Hết hàng! Sản phẩm Flash Sale 'FSI-00167': yêu cầu 1; còn lại 0
TXN-OPTIMISTIC-00488,REQ-SIM-00488,-,CUS-00488,FSI-00167,1,OPTIMISTIC,pool-4-thread-488,3847323703300,3849223659200,false,Hết hàng! Sản phẩm Flash Sale 'FSI-00167': yêu cầu 1; còn lại 0
TXN-OPTIMISTIC-00846,REQ-SIM-00846,-,CUS-00846,FSI-00167,1,OPTIMISTIC,pool-4-thread-846,3847327775200,3849223947200,false,Hết hàng! Sản phẩm Flash Sale 'FSI-00167': yêu cầu 1; còn lại 0
TXN-OPTIMISTIC-00523,REQ-SIM-00523,-,CUS-00523,FSI-00167,1,OPTIMISTIC,pool-4-thread-523,3847324084000,3849224176400,false,Hết hàng! Sản phẩm Flash Sale 'FSI-00167': yêu cầu 1; còn lại 0
TXN-OPTIMISTIC-00439,REQ-SIM-00439,-,CUS-00439,FSI-00167,1,OPTIMISTIC,pool-4-thread-439,3847322953300,3849224465600,false,Hết hàng! Sản phẩm Flash Sale 'FSI-00167': yêu cầu 1; còn lại 0
TXN-OPTIMISTIC-00804,REQ-SIM-00804,-,CUS-00804,FSI-00167,1,OPTIMISTIC,pool-4-thread-804,3847327256000,3849224706600,false,Hết hàng! Sản phẩm Flash Sale 'FSI-00167': yêu cầu 1; còn lại 0
TXN-OPTIMISTIC-00517,REQ-SIM-00517,-,CUS-00517,FSI-00167,1,OPTIMISTIC,pool-4-thread-517,3847323941200,3849225005100,false,Hết hàng! Sản phẩm Flash Sale 'FSI-00167': yêu cầu 1; còn lại 0
TXN-OPTIMISTIC-00571,REQ-SIM-00571,-,CUS-00571,FSI-00167,1,OPTIMISTIC,pool-4-thread-571,3847324723300,3849225241600,false,Hết hàng! Sản phẩm Flash Sale 'FSI-00167': yêu cầu 1; còn lại 0
TXN-OPTIMISTIC-00823,REQ-SIM-00823,-,CUS-00823,FSI-00167,1,OPTIMISTIC,pool-4-thread-823,3847327503300,3849225518300,false,Hết hàng! Sản phẩm Flash Sale 'FSI-00167': yêu cầu 1; còn lại 0
TXN-OPTIMISTIC-00391,REQ-SIM-00391,-,CUS-00391,FSI-00167,1,OPTIMISTIC,pool-4-thread-391,3847322374600,3849225792300,false,Hết hàng! Sản phẩm Flash Sale 'FSI-00167': yêu cầu 1; còn lại 0
TXN-OPTIMISTIC-00294,REQ-SIM-00294,-,CUS-00294,FSI-00167,1,OPTIMISTIC,pool-4-thread-294,3847321155100,3849226164000,false,Hết hàng! Sản phẩm Flash Sale 'FSI-00167': yêu cầu 1; còn lại 0
TXN-OPTIMISTIC-00385,REQ-SIM-00385,-,CUS-00385,FSI-00167,1,OPTIMISTIC,pool-4-thread-385,3847322312800,3849226467600,false,Hết hàng! Sản phẩm Flash Sale 'FSI-00167': yêu cầu 1; còn lại 0
TXN-OPTIMISTIC-00408,REQ-SIM-00408,-,CUS-00408,FSI-00167,1,OPTIMISTIC,pool-4-thread-408,3847322565700,3849226746000,false,Hết hàng! Sản phẩm Flash Sale 'FSI-00167': yêu cầu 1; còn lại 0
TXN-OPTIMISTIC-00559,REQ-SIM-00559,-,CUS-00559,FSI-00167,1,OPTIMISTIC,pool-4-thread-559,3847324389600,3849226976000,false,Hết hàng! Sản phẩm Flash Sale 'FSI-00167': yêu cầu 1; còn lại 0
TXN-OPTIMISTIC-00726,REQ-SIM-00726,-,CUS-00726,FSI-00167,1,OPTIMISTIC,pool-4-thread-726,3847326425300,3849227221700,false,Hết hàng! Sản phẩm Flash Sale 'FSI-00167': yêu cầu 1; còn lại 0
TXN-OPTIMISTIC-00906,REQ-SIM-00906,-,CUS-00906,FSI-00167,1,OPTIMISTIC,pool-4-thread-906,3847328543100,3849227481300,false,Hết hàng! Sản phẩm Flash Sale 'FSI-00167': yêu cầu 1; còn lại 0
TXN-OPTIMISTIC-00728,REQ-SIM-00728,-,CUS-00728,FSI-00167,1,OPTIMISTIC,pool-4-thread-728,3847326443800,3849227740100,false,Hết hàng! Sản phẩm Flash Sale 'FSI-00167': yêu cầu 1; còn lại 0
TXN-OPTIMISTIC-00887,REQ-SIM-00887,-,CUS-00887,FSI-00167,1,OPTIMISTIC,pool-4-thread-887,3847328347100,3849228035800,false,Hết hàng! Sản phẩm Flash Sale 'FSI-00167': yêu cầu 1; còn lại 0
TXN-OPTIMISTIC-00029,REQ-SIM-00029,-,CUS-00029,FSI-00167,1,OPTIMISTIC,pool-4-thread-29,3847318140900,3849228316000,false,Hết hàng! Sản phẩm Flash Sale 'FSI-00167': yêu cầu 1; còn lại 0
TXN-OPTIMISTIC-00598,REQ-SIM-00598,-,CUS-00598,FSI-00167,1,OPTIMISTIC,pool-4-thread-598,3847324972800,3849228552600,false,Hết hàng! Sản phẩm Flash Sale 'FSI-00167': yêu cầu 1; còn lại 0
TXN-OPTIMISTIC-00994,REQ-SIM-00994,-,CUS-00994,FSI-00167,1,OPTIMISTIC,pool-4-thread-994,3847329511400,3849228813600,false,Hết hàng! Sản phẩm Flash Sale 'FSI-00167': yêu cầu 1; còn lại 0
TXN-OPTIMISTIC-00815,REQ-SIM-00815,-,CUS-00815,FSI-00167,1,OPTIMISTIC,pool-4-thread-815,3847327375500,3849229036600,false,Hết hàng! Sản phẩm Flash Sale 'FSI-00167': yêu cầu 1; còn lại 0
TXN-OPTIMISTIC-00449,REQ-SIM-00449,-,CUS-00449,FSI-00167,1,OPTIMISTIC,pool-4-thread-449,3847323083700,3849229307800,false,Hết hàng! Sản phẩm Flash Sale 'FSI-00167': yêu cầu 1; còn lại 0
TXN-OPTIMISTIC-00634,REQ-SIM-00634,-,CUS-00634,FSI-00167,1,OPTIMISTIC,pool-4-thread-634,3847325354700,3849229566500,false,Hết hàng! Sản phẩm Flash Sale 'FSI-00167': yêu cầu 1; còn lại 0
TXN-OPTIMISTIC-00221,REQ-SIM-00221,-,CUS-00221,FSI-00167,1,OPTIMISTIC,pool-4-thread-221,3847320333900,3849229827200,false,Hết hàng! Sản phẩm Flash Sale 'FSI-00167': yêu cầu 1; còn lại 0
TXN-OPTIMISTIC-00334,REQ-SIM-00334,-,CUS-00334,FSI-00167,1,OPTIMISTIC,pool-4-thread-334,3847321613900,3849230090200,false,Hết hàng! Sản phẩm Flash Sale 'FSI-00167': yêu cầu 1; còn lại 0
TXN-OPTIMISTIC-00965,REQ-SIM-00965,-,CUS-00965,FSI-00167,1,OPTIMISTIC,pool-4-thread-965,3847329181800,3849230337500,false,Hết hàng! Sản phẩm Flash Sale 'FSI-00167': yêu cầu 1; còn lại 0
TXN-OPTIMISTIC-00898,REQ-SIM-00898,-,CUS-00898,FSI-00167,1,OPTIMISTIC,pool-4-thread-898,3847328457700,3849230558500,false,Hết hàng! Sản phẩm Flash Sale 'FSI-00167': yêu cầu 1; còn lại 0
TXN-OPTIMISTIC-00809,REQ-SIM-00809,-,CUS-00809,FSI-00167,1,OPTIMISTIC,pool-4-thread-809,3847327307700,3849230809000,false,Hết hàng! Sản phẩm Flash Sale 'FSI-00167': yêu cầu 1; còn lại 0
TXN-OPTIMISTIC-00563,REQ-SIM-00563,-,CUS-00563,FSI-00167,1,OPTIMISTIC,pool-4-thread-563,3847324433100,3849231084400,false,Hết hàng! Sản phẩm Flash Sale 'FSI-00167': yêu cầu 1; còn lại 0
TXN-OPTIMISTIC-00448,REQ-SIM-00448,-,CUS-00448,FSI-00167,1,OPTIMISTIC,pool-4-thread-448,3847323044200,3849231348800,false,Hết hàng! Sản phẩm Flash Sale 'FSI-00167': yêu cầu 1; còn lại 0
TXN-OPTIMISTIC-00010,REQ-SIM-00010,-,CUS-00010,FSI-00167,1,OPTIMISTIC,pool-4-thread-10,3847317816500,3849231625400,false,Hết hàng! Sản phẩm Flash Sale 'FSI-00167': yêu cầu 1; còn lại 0
TXN-OPTIMISTIC-00028,REQ-SIM-00028,-,CUS-00028,FSI-00167,1,OPTIMISTIC,pool-4-thread-28,3847318129000,3849231906500,false,Hết hàng! Sản phẩm Flash Sale 'FSI-00167': yêu cầu 1; còn lại 0
TXN-OPTIMISTIC-00652,REQ-SIM-00652,-,CUS-00652,FSI-00167,1,OPTIMISTIC,pool-4-thread-652,3847325558100,3849232121200,false,Hết hàng! Sản phẩm Flash Sale 'FSI-00167': yêu cầu 1; còn lại 0
TXN-OPTIMISTIC-00641,REQ-SIM-00641,-,CUS-00641,FSI-00167,1,OPTIMISTIC,pool-4-thread-641,3847325427400,3849232506600,false,Hết hàng! Sản phẩm Flash Sale 'FSI-00167': yêu cầu 1; còn lại 0
TXN-OPTIMISTIC-00622,REQ-SIM-00622,-,CUS-00622,FSI-00167,1,OPTIMISTIC,pool-4-thread-622,3847325227600,3849232693300,false,Hết hàng! Sản phẩm Flash Sale 'FSI-00167': yêu cầu 1; còn lại 0
TXN-OPTIMISTIC-00833,REQ-SIM-00833,-,CUS-00833,FSI-00167,1,OPTIMISTIC,pool-4-thread-833,3847327647300,3849232944400,false,Hết hàng! Sản phẩm Flash Sale 'FSI-00167': yêu cầu 1; còn lại 0
TXN-OPTIMISTIC-00491,REQ-SIM-00491,-,CUS-00491,FSI-00167,1,OPTIMISTIC,pool-4-thread-491,3847323593900,3849233252100,false,Hết hàng! Sản phẩm Flash Sale 'FSI-00167': yêu cầu 1; còn lại 0
TXN-OPTIMISTIC-00616,REQ-SIM-00616,-,CUS-00616,FSI-00167,1,OPTIMISTIC,pool-4-thread-616,3847325158900,3849233454400,false,Hết hàng! Sản phẩm Flash Sale 'FSI-00167': yêu cầu 1; còn lại 0
TXN-OPTIMISTIC-00274,REQ-SIM-00274,-,CUS-00274,FSI-00167,1,OPTIMISTIC,pool-4-thread-274,3847320926400,3849233754100,false,Hết hàng! Sản phẩm Flash Sale 'FSI-00167': yêu cầu 1; còn lại 0
TXN-OPTIMISTIC-00732,REQ-SIM-00732,-,CUS-00732,FSI-00167,1,OPTIMISTIC,pool-4-thread-732,3847326486900,3849233975900,false,Hết hàng! Sản phẩm Flash Sale 'FSI-00167': yêu cầu 1; còn lại 0
TXN-OPTIMISTIC-00498,REQ-SIM-00498,-,CUS-00498,FSI-00167,1,OPTIMISTIC,pool-4-thread-498,3847323738800,3849234209800,false,Hết hàng! Sản phẩm Flash Sale 'FSI-00167': yêu cầu 1; còn lại 0
TXN-OPTIMISTIC-00703,REQ-SIM-00703,-,CUS-00703,FSI-00167,1,OPTIMISTIC,pool-4-thread-703,3847326171600,3849234570000,false,Hết hàng! Sản phẩm Flash Sale 'FSI-00167': yêu cầu 1; còn lại 0
TXN-OPTIMISTIC-00991,REQ-SIM-00991,-,CUS-00991,FSI-00167,1,OPTIMISTIC,pool-4-thread-991,3847329474300,3849234779900,false,Hết hàng! Sản phẩm Flash Sale 'FSI-00167': yêu cầu 1; còn lại 0
TXN-OPTIMISTIC-00295,REQ-SIM-00295,-,CUS-00295,FSI-00167,1,OPTIMISTIC,pool-4-thread-295,3847321165500,3849235085600,false,Hết hàng! Sản phẩm Flash Sale 'FSI-00167': yêu cầu 1; còn lại 0
TXN-OPTIMISTIC-00758,REQ-SIM-00758,-,CUS-00758,FSI-00167,1,OPTIMISTIC,pool-4-thread-758,3847326763600,3849235278300,false,Hết hàng! Sản phẩm Flash Sale 'FSI-00167': yêu cầu 1; còn lại 0
TXN-OPTIMISTIC-00704,REQ-SIM-00704,-,CUS-00704,FSI-00167,1,OPTIMISTIC,pool-4-thread-704,3847326180700,3849235552400,false,Hết hàng! Sản phẩm Flash Sale 'FSI-00167': yêu cầu 1; còn lại 0
TXN-OPTIMISTIC-00866,REQ-SIM-00866,-,CUS-00866,FSI-00167,1,OPTIMISTIC,pool-4-thread-866,3847327991400,3849235805300,false,Hết hàng! Sản phẩm Flash Sale 'FSI-00167': yêu cầu 1; còn lại 0
TXN-OPTIMISTIC-00798,REQ-SIM-00798,-,CUS-00798,FSI-00167,1,OPTIMISTIC,pool-4-thread-798,3847327196600,3849236096900,false,Hết hàng! Sản phẩm Flash Sale 'FSI-00167': yêu cầu 1; còn lại 0
TXN-OPTIMISTIC-00112,REQ-SIM-00112,-,CUS-00112,FSI-00167,1,OPTIMISTIC,pool-4-thread-112,3847319142800,3849236321200,false,Hết hàng! Sản phẩm Flash Sale 'FSI-00167': yêu cầu 1; còn lại 0
TXN-OPTIMISTIC-00499,REQ-SIM-00499,-,CUS-00499,FSI-00167,1,OPTIMISTIC,pool-4-thread-499,3847323669900,3849236567500,false,Hết hàng! Sản phẩm Flash Sale 'FSI-00167': yêu cầu 1; còn lại 0
TXN-OPTIMISTIC-00792,REQ-SIM-00792,-,CUS-00792,FSI-00167,1,OPTIMISTIC,pool-4-thread-792,3847327137200,3849236840600,false,Hết hàng! Sản phẩm Flash Sale 'FSI-00167': yêu cầu 1; còn lại 0
TXN-OPTIMISTIC-00504,REQ-SIM-00504,-,CUS-00504,FSI-00167,1,OPTIMISTIC,pool-4-thread-504,3847323800300,3849237087800,false,Hết hàng! Sản phẩm Flash Sale 'FSI-00167': yêu cầu 1; còn lại 0
TXN-OPTIMISTIC-00534,REQ-SIM-00534,-,CUS-00534,FSI-00167,1,OPTIMISTIC,pool-4-thread-534,3847324117000,3849237348700,false,Hết hàng! Sản phẩm Flash Sale 'FSI-00167': yêu cầu 1; còn lại 0
TXN-OPTIMISTIC-00731,REQ-SIM-00731,-,CUS-00731,FSI-00167,1,OPTIMISTIC,pool-4-thread-731,3847326475200,3849237622000,false,Hết hàng! Sản phẩm Flash Sale 'FSI-00167': yêu cầu 1; còn lại 0
TXN-OPTIMISTIC-00896,REQ-SIM-00896,-,CUS-00896,FSI-00167,1,OPTIMISTIC,pool-4-thread-896,3847328440700,3849237876800,false,Hết hàng! Sản phẩm Flash Sale 'FSI-00167': yêu cầu 1; còn lại 0
TXN-OPTIMISTIC-00880,REQ-SIM-00880,-,CUS-00880,FSI-00167,1,OPTIMISTIC,pool-4-thread-880,3847328274600,3849238112700,false,Hết hàng! Sản phẩm Flash Sale 'FSI-00167': yêu cầu 1; còn lại 0
TXN-OPTIMISTIC-00834,REQ-SIM-00834,-,CUS-00834,FSI-00167,1,OPTIMISTIC,pool-4-thread-834,3847327658000,3849238363600,false,Hết hàng! Sản phẩm Flash Sale 'FSI-00167': yêu cầu 1; còn lại 0
TXN-OPTIMISTIC-00821,REQ-SIM-00821,-,CUS-00821,FSI-00167,1,OPTIMISTIC,pool-4-thread-821,3847327443800,3849238634600,false,Hết hàng! Sản phẩm Flash Sale 'FSI-00167': yêu cầu 1; còn lại 0
TXN-OPTIMISTIC-00839,REQ-SIM-00839,-,CUS-00839,FSI-00167,1,OPTIMISTIC,pool-4-thread-839,3847327708200,3849238860100,false,Hết hàng! Sản phẩm Flash Sale 'FSI-00167': yêu cầu 1; còn lại 0
TXN-OPTIMISTIC-00997,REQ-SIM-00997,-,CUS-00997,FSI-00167,1,OPTIMISTIC,pool-4-thread-997,3847329546200,3849239123400,false,Hết hàng! Sản phẩm Flash Sale 'FSI-00167': yêu cầu 1; còn lại 0
TXN-OPTIMISTIC-00574,REQ-SIM-00574,-,CUS-00574,FSI-00167,1,OPTIMISTIC,pool-4-thread-574,3847324755900,3849239369200,false,Hết hàng! Sản phẩm Flash Sale 'FSI-00167': yêu cầu 1; còn lại 0
TXN-OPTIMISTIC-00329,REQ-SIM-00329,-,CUS-00329,FSI-00167,1,OPTIMISTIC,pool-4-thread-329,3847321558300,3849239659200,false,Hết hàng! Sản phẩm Flash Sale 'FSI-00167': yêu cầu 1; còn lại 0
TXN-OPTIMISTIC-00663,REQ-SIM-00663,-,CUS-00663,FSI-00167,1,OPTIMISTIC,pool-4-thread-663,3847325678900,3849239902400,false,Hết hàng! Sản phẩm Flash Sale 'FSI-00167': yêu cầu 1; còn lại 0
TXN-OPTIMISTIC-00737,REQ-SIM-00737,-,CUS-00737,FSI-00167,1,OPTIMISTIC,pool-4-thread-737,3847326542000,3849240171800,false,Hết hàng! Sản phẩm Flash Sale 'FSI-00167': yêu cầu 1; còn lại 0
TXN-OPTIMISTIC-00629,REQ-SIM-00629,-,CUS-00629,FSI-00167,1,OPTIMISTIC,pool-4-thread-629,3847325302600,3849240414500,false,Hết hàng! Sản phẩm Flash Sale 'FSI-00167': yêu cầu 1; còn lại 0
TXN-OPTIMISTIC-00508,REQ-SIM-00508,-,CUS-00508,FSI-00167,1,OPTIMISTIC,pool-4-thread-508,3847323844100,3849240681600,false,Hết hàng! Sản phẩm Flash Sale 'FSI-00167': yêu cầu 1; còn lại 0
TXN-OPTIMISTIC-00970,REQ-SIM-00970,-,CUS-00970,FSI-00167,1,OPTIMISTIC,pool-4-thread-970,3847329230200,3849240952900,false,Hết hàng! Sản phẩm Flash Sale 'FSI-00167': yêu cầu 1; còn lại 0
TXN-OPTIMISTIC-00877,REQ-SIM-00877,-,CUS-00877,FSI-00167,1,OPTIMISTIC,pool-4-thread-877,3847328243600,3849241189900,false,Hết hàng! Sản phẩm Flash Sale 'FSI-00167': yêu cầu 1; còn lại 0
TXN-OPTIMISTIC-00004,REQ-SIM-00004,-,CUS-00004,FSI-00167,1,OPTIMISTIC,pool-4-thread-4,3847317862400,3849241481000,false,Hết hàng! Sản phẩm Flash Sale 'FSI-00167': yêu cầu 1; còn lại 0
TXN-OPTIMISTIC-00808,REQ-SIM-00808,-,CUS-00808,FSI-00167,1,OPTIMISTIC,pool-4-thread-808,3847327298300,3849241788000,false,Hết hàng! Sản phẩm Flash Sale 'FSI-00167': yêu cầu 1; còn lại 0
TXN-OPTIMISTIC-00473,REQ-SIM-00473,-,CUS-00473,FSI-00167,1,OPTIMISTIC,pool-4-thread-473,3847323392400,3849242004400,false,Hết hàng! Sản phẩm Flash Sale 'FSI-00167': yêu cầu 1; còn lại 0
TXN-OPTIMISTIC-00691,REQ-SIM-00691,-,CUS-00691,FSI-00167,1,OPTIMISTIC,pool-4-thread-691,3847326037500,3849242303300,false,Hết hàng! Sản phẩm Flash Sale 'FSI-00167': yêu cầu 1; còn lại 0
TXN-OPTIMISTIC-00733,REQ-SIM-00733,-,CUS-00733,FSI-00167,1,OPTIMISTIC,pool-4-thread-733,3847326496900,3849242547700,false,Hết hàng! Sản phẩm Flash Sale 'FSI-00167': yêu cầu 1; còn lại 0
TXN-OPTIMISTIC-00830,REQ-SIM-00830,-,CUS-00830,FSI-00167,1,OPTIMISTIC,pool-4-thread-830,3847327617600,3849242762400,false,Hết hàng! Sản phẩm Flash Sale 'FSI-00167': yêu cầu 1; còn lại 0
TXN-OPTIMISTIC-00740,REQ-SIM-00740,-,CUS-00740,FSI-00167,1,OPTIMISTIC,pool-4-thread-740,3847326576000,3849243033200,false,Hết hàng! Sản phẩm Flash Sale 'FSI-00167': yêu cầu 1; còn lại 0
TXN-OPTIMISTIC-00494,REQ-SIM-00494,-,CUS-00494,FSI-00167,1,OPTIMISTIC,pool-4-thread-494,3847323691700,3849243307300,false,Hết hàng! Sản phẩm Flash Sale 'FSI-00167': yêu cầu 1; còn lại 0
TXN-OPTIMISTIC-00978,REQ-SIM-00978,-,CUS-00978,FSI-00167,1,OPTIMISTIC,pool-4-thread-978,3847329313500,3849243539300,false,Hết hàng! Sản phẩm Flash Sale 'FSI-00167': yêu cầu 1; còn lại 0
TXN-OPTIMISTIC-00998,REQ-SIM-00998,-,CUS-00998,FSI-00167,1,OPTIMISTIC,pool-4-thread-998,3847329559700,3849243822600,false,Hết hàng! Sản phẩm Flash Sale 'FSI-00167': yêu cầu 1; còn lại 0
TXN-OPTIMISTIC-00336,REQ-SIM-00336,-,CUS-00336,FSI-00167,1,OPTIMISTIC,pool-4-thread-336,3847321634300,3849244079400,false,Hết hàng! Sản phẩm Flash Sale 'FSI-00167': yêu cầu 1; còn lại 0
TXN-OPTIMISTIC-00572,REQ-SIM-00572,-,CUS-00572,FSI-00167,1,OPTIMISTIC,pool-4-thread-572,3847324693300,3849244313100,false,Hết hàng! Sản phẩm Flash Sale 'FSI-00167': yêu cầu 1; còn lại 0
TXN-OPTIMISTIC-00428,REQ-SIM-00428,-,CUS-00428,FSI-00167,1,OPTIMISTIC,pool-4-thread-428,3847322779300,3849244591200,false,Hết hàng! Sản phẩm Flash Sale 'FSI-00167': yêu cầu 1; còn lại 0
TXN-OPTIMISTIC-00435,REQ-SIM-00435,-,CUS-00435,FSI-00167,1,OPTIMISTIC,pool-4-thread-435,3847322869000,3849244855900,false,Hết hàng! Sản phẩm Flash Sale 'FSI-00167': yêu cầu 1; còn lại 0
TXN-OPTIMISTIC-00547,REQ-SIM-00547,-,CUS-00547,FSI-00167,1,OPTIMISTIC,pool-4-thread-547,3847324308000,3849245168900,false,Hết hàng! Sản phẩm Flash Sale 'FSI-00167': yêu cầu 1; còn lại 0
TXN-OPTIMISTIC-01000,REQ-SIM-01000,-,CUS-01000,FSI-00167,1,OPTIMISTIC,pool-4-thread-1000,3847329579100,3849245371300,false,Hết hàng! Sản phẩm Flash Sale 'FSI-00167': yêu cầu 1; còn lại 0
TXN-OPTIMISTIC-00705,REQ-SIM-00705,-,CUS-00705,FSI-00167,1,OPTIMISTIC,pool-4-thread-705,3847326190400,3849245651500,false,Hết hàng! Sản phẩm Flash Sale 'FSI-00167': yêu cầu 1; còn lại 0
TXN-OPTIMISTIC-00826,REQ-SIM-00826,-,CUS-00826,FSI-00167,1,OPTIMISTIC,pool-4-thread-826,3847327572000,3849245880500,false,Hết hàng! Sản phẩm Flash Sale 'FSI-00167': yêu cầu 1; còn lại 0
TXN-OPTIMISTIC-00326,REQ-SIM-00326,-,CUS-00326,FSI-00167,1,OPTIMISTIC,pool-4-thread-326,3847321522000,3849246138500,false,Hết hàng! Sản phẩm Flash Sale 'FSI-00167': yêu cầu 1; còn lại 0
TXN-OPTIMISTIC-00988,REQ-SIM-00988,-,CUS-00988,FSI-00167,1,OPTIMISTIC,pool-4-thread-988,3847329416600,3849246476500,false,Hết hàng! Sản phẩm Flash Sale 'FSI-00167': yêu cầu 1; còn lại 0
TXN-OPTIMISTIC-00478,REQ-SIM-00478,-,CUS-00478,FSI-00167,1,OPTIMISTIC,pool-4-thread-478,3847323450300,3849246713600,false,Hết hàng! Sản phẩm Flash Sale 'FSI-00167': yêu cầu 1; còn lại 0
TXN-OPTIMISTIC-00564,REQ-SIM-00564,-,CUS-00564,FSI-00167,1,OPTIMISTIC,pool-4-thread-564,3847324442800,3849246949700,false,Hết hàng! Sản phẩm Flash Sale 'FSI-00167': yêu cầu 1; còn lại 0
TXN-OPTIMISTIC-00824,REQ-SIM-00824,-,CUS-00824,FSI-00167,1,OPTIMISTIC,pool-4-thread-824,3847327527300,3849247220200,false,Hết hàng! Sản phẩm Flash Sale 'FSI-00167': yêu cầu 1; còn lại 0
TXN-OPTIMISTIC-00610,REQ-SIM-00610,-,CUS-00610,FSI-00167,1,OPTIMISTIC,pool-4-thread-610,3847325097000,3849247534900,false,Hết hàng! Sản phẩm Flash Sale 'FSI-00167': yêu cầu 1; còn lại 0
TXN-OPTIMISTIC-00497,REQ-SIM-00497,-,CUS-00497,FSI-00167,1,OPTIMISTIC,pool-4-thread-497,3847323725300,3849247740200,false,Hết hàng! Sản phẩm Flash Sale 'FSI-00167': yêu cầu 1; còn lại 0
TXN-OPTIMISTIC-00940,REQ-SIM-00940,-,CUS-00940,FSI-00167,1,OPTIMISTIC,pool-4-thread-940,3847328906100,3849247995900,false,Hết hàng! Sản phẩm Flash Sale 'FSI-00167': yêu cầu 1; còn lại 0
TXN-OPTIMISTIC-00869,REQ-SIM-00869,-,CUS-00869,FSI-00167,1,OPTIMISTIC,pool-4-thread-869,3847328023100,3849248254600,false,Hết hàng! Sản phẩm Flash Sale 'FSI-00167': yêu cầu 1; còn lại 0
TXN-OPTIMISTIC-00522,REQ-SIM-00522,-,CUS-00522,FSI-00167,1,OPTIMISTIC,pool-4-thread-522,3847324070500,3849248511100,false,Hết hàng! Sản phẩm Flash Sale 'FSI-00167': yêu cầu 1; còn lại 0
TXN-OPTIMISTIC-00022,REQ-SIM-00022,-,CUS-00022,FSI-00167,1,OPTIMISTIC,pool-4-thread-22,3847317929600,3849248767000,false,Hết hàng! Sản phẩm Flash Sale 'FSI-00167': yêu cầu 1; còn lại 0
TXN-OPTIMISTIC-00797,REQ-SIM-00797,-,CUS-00797,FSI-00167,1,OPTIMISTIC,pool-4-thread-797,3847327187300,3849249027700,false,Hết hàng! Sản phẩm Flash Sale 'FSI-00167': yêu cầu 1; còn lại 0
TXN-OPTIMISTIC-00905,REQ-SIM-00905,-,CUS-00905,FSI-00167,1,OPTIMISTIC,pool-4-thread-905,3847328532100,3849249265700,false,Hết hàng! Sản phẩm Flash Sale 'FSI-00167': yêu cầu 1; còn lại 0
TXN-OPTIMISTIC-00209,REQ-SIM-00209,-,CUS-00209,FSI-00167,1,OPTIMISTIC,pool-4-thread-209,3847320209300,3849249545900,false,Hết hàng! Sản phẩm Flash Sale 'FSI-00167': yêu cầu 1; còn lại 0
TXN-OPTIMISTIC-00245,REQ-SIM-00245,-,CUS-00245,FSI-00167,1,OPTIMISTIC,pool-4-thread-245,3847320685900,3849249817500,false,Hết hàng! Sản phẩm Flash Sale 'FSI-00167': yêu cầu 1; còn lại 0
TXN-OPTIMISTIC-00461,REQ-SIM-00461,-,CUS-00461,FSI-00167,1,OPTIMISTIC,pool-4-thread-461,3847323246200,3849250037700,false,Hết hàng! Sản phẩm Flash Sale 'FSI-00167': yêu cầu 1; còn lại 0
TXN-OPTIMISTIC-00772,REQ-SIM-00772,-,CUS-00772,FSI-00167,1,OPTIMISTIC,pool-4-thread-772,3847326921500,3849250309100,false,Hết hàng! Sản phẩm Flash Sale 'FSI-00167': yêu cầu 1; còn lại 0
TXN-OPTIMISTIC-00907,REQ-SIM-00907,-,CUS-00907,FSI-00167,1,OPTIMISTIC,pool-4-thread-907,3847328554000,3849250575800,false,Hết hàng! Sản phẩm Flash Sale 'FSI-00167': yêu cầu 1; còn lại 0
TXN-OPTIMISTIC-00803,REQ-SIM-00803,-,CUS-00803,FSI-00167,1,OPTIMISTIC,pool-4-thread-803,3847327246500,3849250807500,false,Hết hàng! Sản phẩm Flash Sale 'FSI-00167': yêu cầu 1; còn lại 0
TXN-OPTIMISTIC-00053,REQ-SIM-00053,-,CUS-00053,FSI-00167,1,OPTIMISTIC,pool-4-thread-53,3847318436800,3849251062700,false,Hết hàng! Sản phẩm Flash Sale 'FSI-00167': yêu cầu 1; còn lại 0
TXN-OPTIMISTIC-00638,REQ-SIM-00638,-,CUS-00638,FSI-00167,1,OPTIMISTIC,pool-4-thread-638,3847325397400,3849251444600,false,Hết hàng! Sản phẩm Flash Sale 'FSI-00167': yêu cầu 1; còn lại 0
TXN-OPTIMISTIC-00990,REQ-SIM-00990,-,CUS-00990,FSI-00167,1,OPTIMISTIC,pool-4-thread-990,3847329437700,3849251621500,false,Hết hàng! Sản phẩm Flash Sale 'FSI-00167': yêu cầu 1; còn lại 0
TXN-OPTIMISTIC-00993,REQ-SIM-00993,-,CUS-00993,FSI-00167,1,OPTIMISTIC,pool-4-thread-993,3847329499200,3849251894100,false,Hết hàng! Sản phẩm Flash Sale 'FSI-00167': yêu cầu 1; còn lại 0
TXN-OPTIMISTIC-00871,REQ-SIM-00871,-,CUS-00871,FSI-00167,1,OPTIMISTIC,pool-4-thread-871,3847328049100,3849252188000,false,Hết hàng! Sản phẩm Flash Sale 'FSI-00167': yêu cầu 1; còn lại 0
TXN-OPTIMISTIC-00946,REQ-SIM-00946,-,CUS-00946,FSI-00167,1,OPTIMISTIC,pool-4-thread-946,3847328970000,3849252454000,false,Hết hàng! Sản phẩm Flash Sale 'FSI-00167': yêu cầu 1; còn lại 0
TXN-OPTIMISTIC-00686,REQ-SIM-00686,-,CUS-00686,FSI-00167,1,OPTIMISTIC,pool-4-thread-686,3847325970800,3849252716700,false,Hết hàng! Sản phẩm Flash Sale 'FSI-00167': yêu cầu 1; còn lại 0
TXN-OPTIMISTIC-00607,REQ-SIM-00607,-,CUS-00607,FSI-00167,1,OPTIMISTIC,pool-4-thread-607,3847325066100,3849252965900,false,Hết hàng! Sản phẩm Flash Sale 'FSI-00167': yêu cầu 1; còn lại 0
TXN-OPTIMISTIC-00366,REQ-SIM-00366,-,CUS-00366,FSI-00167,1,OPTIMISTIC,pool-4-thread-366,3847321977700,3849253241400,false,Hết hàng! Sản phẩm Flash Sale 'FSI-00167': yêu cầu 1; còn lại 0
TXN-OPTIMISTIC-00493,REQ-SIM-00493,-,CUS-00493,FSI-00167,1,OPTIMISTIC,pool-4-thread-493,3847323757200,3849253479300,false,Hết hàng! Sản phẩm Flash Sale 'FSI-00167': yêu cầu 1; còn lại 0
TXN-OPTIMISTIC-00658,REQ-SIM-00658,-,CUS-00658,FSI-00167,1,OPTIMISTIC,pool-4-thread-658,3847325624500,3849253744200,false,Hết hàng! Sản phẩm Flash Sale 'FSI-00167': yêu cầu 1; còn lại 0
TXN-OPTIMISTIC-00577,REQ-SIM-00577,-,CUS-00577,FSI-00167,1,OPTIMISTIC,pool-4-thread-577,3847324743200,3849253997500,false,Hết hàng! Sản phẩm Flash Sale 'FSI-00167': yêu cầu 1; còn lại 0
TXN-OPTIMISTIC-00589,REQ-SIM-00589,-,CUS-00589,FSI-00167,1,OPTIMISTIC,pool-4-thread-589,3847324875400,3849254268100,false,Hết hàng! Sản phẩm Flash Sale 'FSI-00167': yêu cầu 1; còn lại 0
TXN-OPTIMISTIC-00361,REQ-SIM-00361,-,CUS-00361,FSI-00167,1,OPTIMISTIC,pool-4-thread-361,3847321922000,3849254534700,false,Hết hàng! Sản phẩm Flash Sale 'FSI-00167': yêu cầu 1; còn lại 0
TXN-OPTIMISTIC-00184,REQ-SIM-00184,-,CUS-00184,FSI-00167,1,OPTIMISTIC,pool-4-thread-184,3847319936100,3849254806400,false,Hết hàng! Sản phẩm Flash Sale 'FSI-00167': yêu cầu 1; còn lại 0
TXN-OPTIMISTIC-00502,REQ-SIM-00502,-,CUS-00502,FSI-00167,1,OPTIMISTIC,pool-4-thread-502,3847323853900,3849255068000,false,Hết hàng! Sản phẩm Flash Sale 'FSI-00167': yêu cầu 1; còn lại 0
TXN-OPTIMISTIC-00790,REQ-SIM-00790,-,CUS-00790,FSI-00167,1,OPTIMISTIC,pool-4-thread-790,3847327115100,3849255344300,false,Hết hàng! Sản phẩm Flash Sale 'FSI-00167': yêu cầu 1; còn lại 0
TXN-OPTIMISTIC-00364,REQ-SIM-00364,-,CUS-00364,FSI-00167,1,OPTIMISTIC,pool-4-thread-364,3847321957900,3849255607800,false,Hết hàng! Sản phẩm Flash Sale 'FSI-00167': yêu cầu 1; còn lại 0
TXN-OPTIMISTIC-00749,REQ-SIM-00749,-,CUS-00749,FSI-00167,1,OPTIMISTIC,pool-4-thread-749,3847326667900,3849255881100,false,Hết hàng! Sản phẩm Flash Sale 'FSI-00167': yêu cầu 1; còn lại 0
TXN-OPTIMISTIC-00287,REQ-SIM-00287,-,CUS-00287,FSI-00167,1,OPTIMISTIC,pool-4-thread-287,3847321075900,3849256142200,false,Hết hàng! Sản phẩm Flash Sale 'FSI-00167': yêu cầu 1; còn lại 0
TXN-OPTIMISTIC-00832,REQ-SIM-00832,-,CUS-00832,FSI-00167,1,OPTIMISTIC,pool-4-thread-832,3847327636200,3849256402400,false,Hết hàng! Sản phẩm Flash Sale 'FSI-00167': yêu cầu 1; còn lại 0
TXN-OPTIMISTIC-00390,REQ-SIM-00390,-,CUS-00390,FSI-00167,1,OPTIMISTIC,pool-4-thread-390,3847322363300,3849256682000,false,Hết hàng! Sản phẩm Flash Sale 'FSI-00167': yêu cầu 1; còn lại 0
TXN-OPTIMISTIC-00466,REQ-SIM-00466,-,CUS-00466,FSI-00167,1,OPTIMISTIC,pool-4-thread-466,3847323308100,3849256926300,false,Hết hàng! Sản phẩm Flash Sale 'FSI-00167': yêu cầu 1; còn lại 0
TXN-OPTIMISTIC-00424,REQ-SIM-00424,-,CUS-00424,FSI-00167,1,OPTIMISTIC,pool-4-thread-424,3847322745800,3849257211800,false,Hết hàng! Sản phẩm Flash Sale 'FSI-00167': yêu cầu 1; còn lại 0
TXN-OPTIMISTIC-00474,REQ-SIM-00474,-,CUS-00474,FSI-00167,1,OPTIMISTIC,pool-4-thread-474,3847323403100,3849257468500,false,Hết hàng! Sản phẩm Flash Sale 'FSI-00167': yêu cầu 1; còn lại 0
TXN-OPTIMISTIC-00710,REQ-SIM-00710,-,CUS-00710,FSI-00167,1,OPTIMISTIC,pool-4-thread-710,3847326245000,3849257904400,false,Hết hàng! Sản phẩm Flash Sale 'FSI-00167': yêu cầu 1; còn lại 0
TXN-OPTIMISTIC-00915,REQ-SIM-00915,-,CUS-00915,FSI-00167,1,OPTIMISTIC,pool-4-thread-915,3847328638100,3849258099000,false,Hết hàng! Sản phẩm Flash Sale 'FSI-00167': yêu cầu 1; còn lại 0
TXN-OPTIMISTIC-00519,REQ-SIM-00519,-,CUS-00519,FSI-00167,1,OPTIMISTIC,pool-4-thread-519,3847323961400,3849258344200,false,Hết hàng! Sản phẩm Flash Sale 'FSI-00167': yêu cầu 1; còn lại 0
TXN-OPTIMISTIC-00324,REQ-SIM-00324,-,CUS-00324,FSI-00167,1,OPTIMISTIC,pool-4-thread-324,3847321495800,3849258634500,false,Hết hàng! Sản phẩm Flash Sale 'FSI-00167': yêu cầu 1; còn lại 0
TXN-OPTIMISTIC-00918,REQ-SIM-00918,-,CUS-00918,FSI-00167,1,OPTIMISTIC,pool-4-thread-918,3847328673000,3849258866800,false,Hết hàng! Sản phẩm Flash Sale 'FSI-00167': yêu cầu 1; còn lại 0
TXN-OPTIMISTIC-00924,REQ-SIM-00924,-,CUS-00924,FSI-00167,1,OPTIMISTIC,pool-4-thread-924,3847328736100,3849259130000,false,Hết hàng! Sản phẩm Flash Sale 'FSI-00167': yêu cầu 1; còn lại 0
TXN-OPTIMISTIC-00850,REQ-SIM-00850,-,CUS-00850,FSI-00167,1,OPTIMISTIC,pool-4-thread-850,3847327820400,3849259414200,false,Hết hàng! Sản phẩm Flash Sale 'FSI-00167': yêu cầu 1; còn lại 0
TXN-OPTIMISTIC-00860,REQ-SIM-00860,-,CUS-00860,FSI-00167,1,OPTIMISTIC,pool-4-thread-860,3847327930500,3849259693800,false,Hết hàng! Sản phẩm Flash Sale 'FSI-00167': yêu cầu 1; còn lại 0
TXN-OPTIMISTIC-00387,REQ-SIM-00387,-,CUS-00387,FSI-00167,1,OPTIMISTIC,pool-4-thread-387,3847322334400,3849259982400,false,Hết hàng! Sản phẩm Flash Sale 'FSI-00167': yêu cầu 1; còn lại 0
TXN-OPTIMISTIC-00816,REQ-SIM-00816,-,CUS-00816,FSI-00167,1,OPTIMISTIC,pool-4-thread-816,3847327389000,3849260246300,false,Hết hàng! Sản phẩm Flash Sale 'FSI-00167': yêu cầu 1; còn lại 0
TXN-OPTIMISTIC-00389,REQ-SIM-00389,-,CUS-00389,FSI-00167,1,OPTIMISTIC,pool-4-thread-389,3847322351500,3849260528900,false,Hết hàng! Sản phẩm Flash Sale 'FSI-00167': yêu cầu 1; còn lại 0
TXN-OPTIMISTIC-00950,REQ-SIM-00950,-,CUS-00950,FSI-00167,1,OPTIMISTIC,pool-4-thread-950,3847329018000,3849260761500,false,Hết hàng! Sản phẩm Flash Sale 'FSI-00167': yêu cầu 1; còn lại 0
TXN-OPTIMISTIC-00402,REQ-SIM-00402,-,CUS-00402,FSI-00167,1,OPTIMISTIC,pool-4-thread-402,3847322497100,3849261023000,false,Hết hàng! Sản phẩm Flash Sale 'FSI-00167': yêu cầu 1; còn lại 0
TXN-OPTIMISTIC-00541,REQ-SIM-00541,-,CUS-00541,FSI-00167,1,OPTIMISTIC,pool-4-thread-541,3847324172400,3849261294400,false,Hết hàng! Sản phẩm Flash Sale 'FSI-00167': yêu cầu 1; còn lại 0
TXN-OPTIMISTIC-00275,REQ-SIM-00275,-,CUS-00275,FSI-00167,1,OPTIMISTIC,pool-4-thread-275,3847320936700,3849261582600,false,Hết hàng! Sản phẩm Flash Sale 'FSI-00167': yêu cầu 1; còn lại 0
TXN-OPTIMISTIC-00889,REQ-SIM-00889,-,CUS-00889,FSI-00167,1,OPTIMISTIC,pool-4-thread-889,3847328368200,3849261829500,false,Hết hàng! Sản phẩm Flash Sale 'FSI-00167': yêu cầu 1; còn lại 0
TXN-OPTIMISTIC-00646,REQ-SIM-00646,-,CUS-00646,FSI-00167,1,OPTIMISTIC,pool-4-thread-646,3847325482800,3849262090100,false,Hết hàng! Sản phẩm Flash Sale 'FSI-00167': yêu cầu 1; còn lại 0
TXN-OPTIMISTIC-00142,REQ-SIM-00142,-,CUS-00142,FSI-00167,1,OPTIMISTIC,pool-4-thread-142,3847319479800,3849262398200,false,Hết hàng! Sản phẩm Flash Sale 'FSI-00167': yêu cầu 1; còn lại 0
TXN-OPTIMISTIC-00468,REQ-SIM-00468,-,CUS-00468,FSI-00167,1,OPTIMISTIC,pool-4-thread-468,3847323330800,3849262648500,false,Hết hàng! Sản phẩm Flash Sale 'FSI-00167': yêu cầu 1; còn lại 0
TXN-OPTIMISTIC-00462,REQ-SIM-00462,-,CUS-00462,FSI-00167,1,OPTIMISTIC,pool-4-thread-462,3847323206500,3849262908700,false,Hết hàng! Sản phẩm Flash Sale 'FSI-00167': yêu cầu 1; còn lại 0
TXN-OPTIMISTIC-00263,REQ-SIM-00263,-,CUS-00263,FSI-00167,1,OPTIMISTIC,pool-4-thread-263,3847320787500,3849263222900,false,Hết hàng! Sản phẩm Flash Sale 'FSI-00167': yêu cầu 1; còn lại 0
TXN-OPTIMISTIC-00845,REQ-SIM-00845,-,CUS-00845,FSI-00167,1,OPTIMISTIC,pool-4-thread-845,3847327767100,3849263491100,false,Hết hàng! Sản phẩm Flash Sale 'FSI-00167': yêu cầu 1; còn lại 0
TXN-OPTIMISTIC-00489,REQ-SIM-00489,-,CUS-00489,FSI-00167,1,OPTIMISTIC,pool-4-thread-489,3847323640200,3849263742300,false,Hết hàng! Sản phẩm Flash Sale 'FSI-00167': yêu cầu 1; còn lại 0
TXN-OPTIMISTIC-00463,REQ-SIM-00463,-,CUS-00463,FSI-00167,1,OPTIMISTIC,pool-4-thread-463,3847323272200,3849264020600,false,Hết hàng! Sản phẩm Flash Sale 'FSI-00167': yêu cầu 1; còn lại 0
TXN-OPTIMISTIC-00525,REQ-SIM-00525,-,CUS-00525,FSI-00167,1,OPTIMISTIC,pool-4-thread-525,3847324023300,3849264333400,false,Hết hàng! Sản phẩm Flash Sale 'FSI-00167': yêu cầu 1; còn lại 0
TXN-OPTIMISTIC-00933,REQ-SIM-00933,-,CUS-00933,FSI-00167,1,OPTIMISTIC,pool-4-thread-933,3847328833300,3849264572400,false,Hết hàng! Sản phẩm Flash Sale 'FSI-00167': yêu cầu 1; còn lại 0
TXN-OPTIMISTIC-00829,REQ-SIM-00829,-,CUS-00829,FSI-00167,1,OPTIMISTIC,pool-4-thread-829,3847327604000,3849264872100,false,Hết hàng! Sản phẩm Flash Sale 'FSI-00167': yêu cầu 1; còn lại 0
TXN-OPTIMISTIC-00707,REQ-SIM-00707,-,CUS-00707,FSI-00167,1,OPTIMISTIC,pool-4-thread-707,3847326210500,3849265089500,false,Hết hàng! Sản phẩm Flash Sale 'FSI-00167': yêu cầu 1; còn lại 0
TXN-OPTIMISTIC-00545,REQ-SIM-00545,-,CUS-00545,FSI-00167,1,OPTIMISTIC,pool-4-thread-545,3847324232400,3849265378400,false,Hết hàng! Sản phẩm Flash Sale 'FSI-00167': yêu cầu 1; còn lại 0
TXN-OPTIMISTIC-00913,REQ-SIM-00913,-,CUS-00913,FSI-00167,1,OPTIMISTIC,pool-4-thread-913,3847328614700,3849265663400,false,Hết hàng! Sản phẩm Flash Sale 'FSI-00167': yêu cầu 1; còn lại 0
TXN-OPTIMISTIC-00625,REQ-SIM-00625,-,CUS-00625,FSI-00167,1,OPTIMISTIC,pool-4-thread-625,3847325258200,3849265928400,false,Hết hàng! Sản phẩm Flash Sale 'FSI-00167': yêu cầu 1; còn lại 0
TXN-OPTIMISTIC-00639,REQ-SIM-00639,-,CUS-00639,FSI-00167,1,OPTIMISTIC,pool-4-thread-639,3847325407900,3849266199200,false,Hết hàng! Sản phẩm Flash Sale 'FSI-00167': yêu cầu 1; còn lại 0
TXN-OPTIMISTIC-00973,REQ-SIM-00973,-,CUS-00973,FSI-00167,1,OPTIMISTIC,pool-4-thread-973,3847329259700,3849266478000,false,Hết hàng! Sản phẩm Flash Sale 'FSI-00167': yêu cầu 1; còn lại 0
TXN-OPTIMISTIC-00233,REQ-SIM-00233,-,CUS-00233,FSI-00167,1,OPTIMISTIC,pool-4-thread-233,3847320461100,3849266747000,false,Hết hàng! Sản phẩm Flash Sale 'FSI-00167': yêu cầu 1; còn lại 0
TXN-OPTIMISTIC-00856,REQ-SIM-00856,-,CUS-00856,FSI-00167,1,OPTIMISTIC,pool-4-thread-856,3847327887400,3849267013800,false,Hết hàng! Sản phẩm Flash Sale 'FSI-00167': yêu cầu 1; còn lại 0
TXN-OPTIMISTIC-00573,REQ-SIM-00573,-,CUS-00573,FSI-00167,1,OPTIMISTIC,pool-4-thread-573,3847324702900,3849267299300,false,Hết hàng! Sản phẩm Flash Sale 'FSI-00167': yêu cầu 1; còn lại 0
TXN-OPTIMISTIC-00920,REQ-SIM-00920,-,CUS-00920,FSI-00167,1,OPTIMISTIC,pool-4-thread-920,3847328693300,3849267574700,false,Hết hàng! Sản phẩm Flash Sale 'FSI-00167': yêu cầu 1; còn lại 0
TXN-OPTIMISTIC-00578,REQ-SIM-00578,-,CUS-00578,FSI-00167,1,OPTIMISTIC,pool-4-thread-578,3847324713300,3849267854800,false,Hết hàng! Sản phẩm Flash Sale 'FSI-00167': yêu cầu 1; còn lại 0
TXN-OPTIMISTIC-00536,REQ-SIM-00536,-,CUS-00536,FSI-00167,1,OPTIMISTIC,pool-4-thread-536,3847324106300,3849268096000,false,Hết hàng! Sản phẩm Flash Sale 'FSI-00167': yêu cầu 1; còn lại 0
TXN-OPTIMISTIC-00885,REQ-SIM-00885,-,CUS-00885,FSI-00167,1,OPTIMISTIC,pool-4-thread-885,3847328326000,3849268406800,false,Hết hàng! Sản phẩm Flash Sale 'FSI-00167': yêu cầu 1; còn lại 0
TXN-OPTIMISTIC-00859,REQ-SIM-00859,-,CUS-00859,FSI-00167,1,OPTIMISTIC,pool-4-thread-859,3847327921100,3849268643100,false,Hết hàng! Sản phẩm Flash Sale 'FSI-00167': yêu cầu 1; còn lại 0
TXN-OPTIMISTIC-00900,REQ-SIM-00900,-,CUS-00900,FSI-00167,1,OPTIMISTIC,pool-4-thread-900,3847328478000,3849268910000,false,Hết hàng! Sản phẩm Flash Sale 'FSI-00167': yêu cầu 1; còn lại 0
TXN-OPTIMISTIC-00831,REQ-SIM-00831,-,CUS-00831,FSI-00167,1,OPTIMISTIC,pool-4-thread-831,3847327627600,3849269184100,false,Hết hàng! Sản phẩm Flash Sale 'FSI-00167': yêu cầu 1; còn lại 0
TXN-OPTIMISTIC-00565,REQ-SIM-00565,-,CUS-00565,FSI-00167,1,OPTIMISTIC,pool-4-thread-565,3847324451800,3849269473500,false,Hết hàng! Sản phẩm Flash Sale 'FSI-00167': yêu cầu 1; còn lại 0
TXN-OPTIMISTIC-00843,REQ-SIM-00843,-,CUS-00843,FSI-00167,1,OPTIMISTIC,pool-4-thread-843,3847327748400,3849269750800,false,Hết hàng! Sản phẩm Flash Sale 'FSI-00167': yêu cầu 1; còn lại 0
TXN-OPTIMISTIC-00394,REQ-SIM-00394,-,CUS-00394,FSI-00167,1,OPTIMISTIC,pool-4-thread-394,3847322406700,3849270030000,false,Hết hàng! Sản phẩm Flash Sale 'FSI-00167': yêu cầu 1; còn lại 0
TXN-OPTIMISTIC-00980,REQ-SIM-00980,-,CUS-00980,FSI-00167,1,OPTIMISTIC,pool-4-thread-980,3847329336500,3849270413600,false,Hết hàng! Sản phẩm Flash Sale 'FSI-00167': yêu cầu 1; còn lại 0
TXN-OPTIMISTIC-00948,REQ-SIM-00948,-,CUS-00948,FSI-00167,1,OPTIMISTIC,pool-4-thread-948,3847328994500,3849270672600,false,Hết hàng! Sản phẩm Flash Sale 'FSI-00167': yêu cầu 1; còn lại 0
TXN-OPTIMISTIC-00467,REQ-SIM-00467,-,CUS-00467,FSI-00167,1,OPTIMISTIC,pool-4-thread-467,3847323377400,3849270899400,false,Hết hàng! Sản phẩm Flash Sale 'FSI-00167': yêu cầu 1; còn lại 0
TXN-OPTIMISTIC-00604,REQ-SIM-00604,-,CUS-00604,FSI-00167,1,OPTIMISTIC,pool-4-thread-604,3847325035700,3849271203300,false,Hết hàng! Sản phẩm Flash Sale 'FSI-00167': yêu cầu 1; còn lại 0
TXN-OPTIMISTIC-00979,REQ-SIM-00979,-,CUS-00979,FSI-00167,1,OPTIMISTIC,pool-4-thread-979,3847329326700,3849271458200,false,Hết hàng! Sản phẩm Flash Sale 'FSI-00167': yêu cầu 1; còn lại 0
TXN-OPTIMISTIC-00161,REQ-SIM-00161,-,CUS-00161,FSI-00167,1,OPTIMISTIC,pool-4-thread-161,3847319679700,3849271757400,false,Hết hàng! Sản phẩm Flash Sale 'FSI-00167': yêu cầu 1; còn lại 0
TXN-OPTIMISTIC-00376,REQ-SIM-00376,-,CUS-00376,FSI-00167,1,OPTIMISTIC,pool-4-thread-376,3847322086200,3849272053100,false,Hết hàng! Sản phẩm Flash Sale 'FSI-00167': yêu cầu 1; còn lại 0
TXN-OPTIMISTIC-00480,REQ-SIM-00480,-,CUS-00480,FSI-00167,1,OPTIMISTIC,pool-4-thread-480,3847323470200,3849272278200,false,Hết hàng! Sản phẩm Flash Sale 'FSI-00167': yêu cầu 1; còn lại 0
TXN-OPTIMISTIC-00685,REQ-SIM-00685,-,CUS-00685,FSI-00167,1,OPTIMISTIC,pool-4-thread-685,3847325962300,3849272556600,false,Hết hàng! Sản phẩm Flash Sale 'FSI-00167': yêu cầu 1; còn lại 0
TXN-OPTIMISTIC-00451,REQ-SIM-00451,-,CUS-00451,FSI-00167,1,OPTIMISTIC,pool-4-thread-451,3847323155200,3849272859800,false,Hết hàng! Sản phẩm Flash Sale 'FSI-00167': yêu cầu 1; còn lại 0
TXN-OPTIMISTIC-00485,REQ-SIM-00485,-,CUS-00485,FSI-00167,1,OPTIMISTIC,pool-4-thread-485,3847323459700,3849273125800,false,Hết hàng! Sản phẩm Flash Sale 'FSI-00167': yêu cầu 1; còn lại 0
TXN-OPTIMISTIC-00106,REQ-SIM-00106,-,CUS-00106,FSI-00167,1,OPTIMISTIC,pool-4-thread-106,3847319068700,3849273515900,false,Hết hàng! Sản phẩm Flash Sale 'FSI-00167': yêu cầu 1; còn lại 0
TXN-OPTIMISTIC-00401,REQ-SIM-00401,-,CUS-00401,FSI-00167,1,OPTIMISTIC,pool-4-thread-401,3847322486900,3849273811600,false,Hết hàng! Sản phẩm Flash Sale 'FSI-00167': yêu cầu 1; còn lại 0
TXN-OPTIMISTIC-00822,REQ-SIM-00822,-,CUS-00822,FSI-00167,1,OPTIMISTIC,pool-4-thread-822,3847327455200,3849274205300,false,Hết hàng! Sản phẩm Flash Sale 'FSI-00167': yêu cầu 1; còn lại 0
TXN-OPTIMISTIC-00353,REQ-SIM-00353,-,CUS-00353,FSI-00167,1,OPTIMISTIC,pool-4-thread-353,3847321831900,3849274485000,false,Hết hàng! Sản phẩm Flash Sale 'FSI-00167': yêu cầu 1; còn lại 0
TXN-OPTIMISTIC-00954,REQ-SIM-00954,-,CUS-00954,FSI-00167,1,OPTIMISTIC,pool-4-thread-954,3847329058800,3849274763500,false,Hết hàng! Sản phẩm Flash Sale 'FSI-00167': yêu cầu 1; còn lại 0
TXN-OPTIMISTIC-00763,REQ-SIM-00763,-,CUS-00763,FSI-00167,1,OPTIMISTIC,pool-4-thread-763,3847326815400,3849275080200,false,Hết hàng! Sản phẩm Flash Sale 'FSI-00167': yêu cầu 1; còn lại 0
TXN-OPTIMISTIC-00581,REQ-SIM-00581,-,CUS-00581,FSI-00167,1,OPTIMISTIC,pool-4-thread-581,3847324789100,3849275320400,false,Hết hàng! Sản phẩm Flash Sale 'FSI-00167': yêu cầu 1; còn lại 0
TXN-OPTIMISTIC-00601,REQ-SIM-00601,-,CUS-00601,FSI-00167,1,OPTIMISTIC,pool-4-thread-601,3847325002900,3849275584200,false,Hết hàng! Sản phẩm Flash Sale 'FSI-00167': yêu cầu 1; còn lại 0
TXN-OPTIMISTIC-00677,REQ-SIM-00677,-,CUS-00677,FSI-00167,1,OPTIMISTIC,pool-4-thread-677,3847325830900,3849275840600,false,Hết hàng! Sản phẩm Flash Sale 'FSI-00167': yêu cầu 1; còn lại 0
TXN-OPTIMISTIC-00768,REQ-SIM-00768,-,CUS-00768,FSI-00167,1,OPTIMISTIC,pool-4-thread-768,3847326874300,3849276180900,false,Hết hàng! Sản phẩm Flash Sale 'FSI-00167': yêu cầu 1; còn lại 0
TXN-OPTIMISTIC-00659,REQ-SIM-00659,-,CUS-00659,FSI-00167,1,OPTIMISTIC,pool-4-thread-659,3847325635000,3849276420300,false,Hết hàng! Sản phẩm Flash Sale 'FSI-00167': yêu cầu 1; còn lại 0
TXN-OPTIMISTIC-00516,REQ-SIM-00516,-,CUS-00516,FSI-00167,1,OPTIMISTIC,pool-4-thread-516,3847323932100,3849276722700,false,Hết hàng! Sản phẩm Flash Sale 'FSI-00167': yêu cầu 1; còn lại 0
TXN-OPTIMISTIC-00613,REQ-SIM-00613,-,CUS-00613,FSI-00167,1,OPTIMISTIC,pool-4-thread-613,3847325128100,3849276981000,false,Hết hàng! Sản phẩm Flash Sale 'FSI-00167': yêu cầu 1; còn lại 0
TXN-OPTIMISTIC-00624,REQ-SIM-00624,-,CUS-00624,FSI-00167,1,OPTIMISTIC,pool-4-thread-624,3847325248800,3849277277500,false,Hết hàng! Sản phẩm Flash Sale 'FSI-00167': yêu cầu 1; còn lại 0
TXN-OPTIMISTIC-00989,REQ-SIM-00989,-,CUS-00989,FSI-00167,1,OPTIMISTIC,pool-4-thread-989,3847329427100,3849277510300,false,Hết hàng! Sản phẩm Flash Sale 'FSI-00167': yêu cầu 1; còn lại 0
TXN-OPTIMISTIC-00922,REQ-SIM-00922,-,CUS-00922,FSI-00167,1,OPTIMISTIC,pool-4-thread-922,3847328712600,3849277809000,false,Hết hàng! Sản phẩm Flash Sale 'FSI-00167': yêu cầu 1; còn lại 0
TXN-OPTIMISTIC-00941,REQ-SIM-00941,-,CUS-00941,FSI-00167,1,OPTIMISTIC,pool-4-thread-941,3847328915000,3849278070400,false,Hết hàng! Sản phẩm Flash Sale 'FSI-00167': yêu cầu 1; còn lại 0
TXN-OPTIMISTIC-00964,REQ-SIM-00964,-,CUS-00964,FSI-00167,1,OPTIMISTIC,pool-4-thread-964,3847329170500,3849278412700,false,Hết hàng! Sản phẩm Flash Sale 'FSI-00167': yêu cầu 1; còn lại 0
TXN-OPTIMISTIC-00377,REQ-SIM-00377,-,CUS-00377,FSI-00167,1,OPTIMISTIC,pool-4-thread-377,3847322096600,3849278635800,false,Hết hàng! Sản phẩm Flash Sale 'FSI-00167': yêu cầu 1; còn lại 0
TXN-OPTIMISTIC-00688,REQ-SIM-00688,-,CUS-00688,FSI-00167,1,OPTIMISTIC,pool-4-thread-688,3847326007300,3849278977700,false,Hết hàng! Sản phẩm Flash Sale 'FSI-00167': yêu cầu 1; còn lại 0
TXN-OPTIMISTIC-00580,REQ-SIM-00580,-,CUS-00580,FSI-00167,1,OPTIMISTIC,pool-4-thread-580,3847324780100,3849279254600,false,Hết hàng! Sản phẩm Flash Sale 'FSI-00167': yêu cầu 1; còn lại 0
TXN-OPTIMISTIC-00490,REQ-SIM-00490,-,CUS-00490,FSI-00167,1,OPTIMISTIC,pool-4-thread-490,3847323650300,3849279502700,false,Hết hàng! Sản phẩm Flash Sale 'FSI-00167': yêu cầu 1; còn lại 0
TXN-OPTIMISTIC-00365,REQ-SIM-00365,-,CUS-00365,FSI-00167,1,OPTIMISTIC,pool-4-thread-365,3847321966300,3849279879400,false,Hết hàng! Sản phẩm Flash Sale 'FSI-00167': yêu cầu 1; còn lại 0
TXN-OPTIMISTIC-00064,REQ-SIM-00064,-,CUS-00064,FSI-00167,1,OPTIMISTIC,pool-4-thread-64,3847318932100,3849280219700,false,Hết hàng! Sản phẩm Flash Sale 'FSI-00167': yêu cầu 1; còn lại 0
TXN-OPTIMISTIC-00664,REQ-SIM-00664,-,CUS-00664,FSI-00167,1,OPTIMISTIC,pool-4-thread-664,3847325688500,3849280610400,false,Hết hàng! Sản phẩm Flash Sale 'FSI-00167': yêu cầu 1; còn lại 0
TXN-OPTIMISTIC-00893,REQ-SIM-00893,-,CUS-00893,FSI-00167,1,OPTIMISTIC,pool-4-thread-893,3847328413100,3849281020100,false,Hết hàng! Sản phẩm Flash Sale 'FSI-00167': yêu cầu 1; còn lại 0
TXN-OPTIMISTIC-00936,REQ-SIM-00936,-,CUS-00936,FSI-00167,1,OPTIMISTIC,pool-4-thread-936,3847328864700,3849281374900,false,Hết hàng! Sản phẩm Flash Sale 'FSI-00167': yêu cầu 1; còn lại 0
TXN-OPTIMISTIC-00383,REQ-SIM-00383,-,CUS-00383,FSI-00167,1,OPTIMISTIC,pool-4-thread-383,3847322287900,3849281644700,false,Hết hàng! Sản phẩm Flash Sale 'FSI-00167': yêu cầu 1; còn lại 0
TXN-OPTIMISTIC-00460,REQ-SIM-00460,-,CUS-00460,FSI-00167,1,OPTIMISTIC,pool-4-thread-460,3847323231900,3849285929900,false,Hết hàng! Sản phẩm Flash Sale 'FSI-00167': yêu cầu 1; còn lại 0
TXN-OPTIMISTIC-00899,REQ-SIM-00899,-,CUS-00899,FSI-00167,1,OPTIMISTIC,pool-4-thread-899,3847328468000,3849286268800,false,Hết hàng! Sản phẩm Flash Sale 'FSI-00167': yêu cầu 1; còn lại 0
TXN-OPTIMISTIC-00436,REQ-SIM-00436,-,CUS-00436,FSI-00167,1,OPTIMISTIC,pool-4-thread-436,3847322879900,3849286618700,false,Hết hàng! Sản phẩm Flash Sale 'FSI-00167': yêu cầu 1; còn lại 0
TXN-OPTIMISTIC-00934,REQ-SIM-00934,-,CUS-00934,FSI-00167,1,OPTIMISTIC,pool-4-thread-934,3847328845500,3849286901300,false,Hết hàng! Sản phẩm Flash Sale 'FSI-00167': yêu cầu 1; còn lại 0
TXN-OPTIMISTIC-00838,REQ-SIM-00838,-,CUS-00838,FSI-00167,1,OPTIMISTIC,pool-4-thread-838,3847327697500,3849287232300,false,Hết hàng! Sản phẩm Flash Sale 'FSI-00167': yêu cầu 1; còn lại 0
TXN-OPTIMISTIC-00617,REQ-SIM-00617,-,CUS-00617,FSI-00167,1,OPTIMISTIC,pool-4-thread-617,3847325169100,3849287433700,false,Hết hàng! Sản phẩm Flash Sale 'FSI-00167': yêu cầu 1; còn lại 0
TXN-OPTIMISTIC-00113,REQ-SIM-00113,-,CUS-00113,FSI-00167,1,OPTIMISTIC,pool-4-thread-113,3847319155300,3849287750400,false,Hết hàng! Sản phẩm Flash Sale 'FSI-00167': yêu cầu 1; còn lại 0
TXN-OPTIMISTIC-00346,REQ-SIM-00346,-,CUS-00346,FSI-00167,1,OPTIMISTIC,pool-4-thread-346,3847321754300,3849288033500,false,Hết hàng! Sản phẩm Flash Sale 'FSI-00167': yêu cầu 1; còn lại 0
TXN-OPTIMISTIC-00407,REQ-SIM-00407,-,CUS-00407,FSI-00167,1,OPTIMISTIC,pool-4-thread-407,3847322555700,3849288353700,false,Hết hàng! Sản phẩm Flash Sale 'FSI-00167': yêu cầu 1; còn lại 0
TXN-OPTIMISTIC-00335,REQ-SIM-00335,-,CUS-00335,FSI-00167,1,OPTIMISTIC,pool-4-thread-335,3847321623600,3849288617600,false,Hết hàng! Sản phẩm Flash Sale 'FSI-00167': yêu cầu 1; còn lại 0
TXN-OPTIMISTIC-00088,REQ-SIM-00088,-,CUS-00088,FSI-00167,1,OPTIMISTIC,pool-4-thread-88,3847318852300,3849288962800,false,Hết hàng! Sản phẩm Flash Sale 'FSI-00167': yêu cầu 1; còn lại 0
TXN-OPTIMISTIC-00131,REQ-SIM-00131,-,CUS-00131,FSI-00167,1,OPTIMISTIC,pool-4-thread-131,3847319791700,3849289245500,false,Hết hàng! Sản phẩm Flash Sale 'FSI-00167': yêu cầu 1; còn lại 0
TXN-OPTIMISTIC-00539,REQ-SIM-00539,-,CUS-00539,FSI-00167,1,OPTIMISTIC,pool-4-thread-539,3847324191700,3849289580000,false,Hết hàng! Sản phẩm Flash Sale 'FSI-00167': yêu cầu 1; còn lại 0
TXN-OPTIMISTIC-00633,REQ-SIM-00633,-,CUS-00633,FSI-00167,1,OPTIMISTIC,pool-4-thread-633,3847325344000,3849289837000,false,Hết hàng! Sản phẩm Flash Sale 'FSI-00167': yêu cầu 1; còn lại 0
TXN-OPTIMISTIC-00279,REQ-SIM-00279,-,CUS-00279,FSI-00167,1,OPTIMISTIC,pool-4-thread-279,3847320985400,3849290166500,false,Hết hàng! Sản phẩm Flash Sale 'FSI-00167': yêu cầu 1; còn lại 0
TXN-OPTIMISTIC-00393,REQ-SIM-00393,-,CUS-00393,FSI-00167,1,OPTIMISTIC,pool-4-thread-393,3847322396000,3849290493400,false,Hết hàng! Sản phẩm Flash Sale 'FSI-00167': yêu cầu 1; còn lại 0
TXN-OPTIMISTIC-00897,REQ-SIM-00897,-,CUS-00897,FSI-00167,1,OPTIMISTIC,pool-4-thread-897,3847328449500,3849290742400,false,Hết hàng! Sản phẩm Flash Sale 'FSI-00167': yêu cầu 1; còn lại 0
TXN-OPTIMISTIC-00713,REQ-SIM-00713,-,CUS-00713,FSI-00167,1,OPTIMISTIC,pool-4-thread-713,3847326280100,3849291021500,false,Hết hàng! Sản phẩm Flash Sale 'FSI-00167': yêu cầu 1; còn lại 0
TXN-OPTIMISTIC-00568,REQ-SIM-00568,-,CUS-00568,FSI-00167,1,OPTIMISTIC,pool-4-thread-568,3847324640200,3849291346500,false,Hết hàng! Sản phẩm Flash Sale 'FSI-00167': yêu cầu 1; còn lại 0
TXN-OPTIMISTIC-00095,REQ-SIM-00095,-,CUS-00095,FSI-00167,1,OPTIMISTIC,pool-4-thread-95,3847318746100,3849291617700,false,Hết hàng! Sản phẩm Flash Sale 'FSI-00167': yêu cầu 1; còn lại 0
TXN-OPTIMISTIC-00886,REQ-SIM-00886,-,CUS-00886,FSI-00167,1,OPTIMISTIC,pool-4-thread-886,3847328339200,3849291889900,false,Hết hàng! Sản phẩm Flash Sale 'FSI-00167': yêu cầu 1; còn lại 0
TXN-OPTIMISTIC-00569,REQ-SIM-00569,-,CUS-00569,FSI-00167,1,OPTIMISTIC,pool-4-thread-569,3847324653000,3849292192300,false,Hết hàng! Sản phẩm Flash Sale 'FSI-00167': yêu cầu 1; còn lại 0
TXN-OPTIMISTIC-00016,REQ-SIM-00016,-,CUS-00016,FSI-00167,1,OPTIMISTIC,pool-4-thread-16,3847318001100,3849292507600,false,Hết hàng! Sản phẩm Flash Sale 'FSI-00167': yêu cầu 1; còn lại 0
TXN-OPTIMISTIC-00549,REQ-SIM-00549,-,CUS-00549,FSI-00167,1,OPTIMISTIC,pool-4-thread-549,3847324255100,3849292760200,false,Hết hàng! Sản phẩm Flash Sale 'FSI-00167': yêu cầu 1; còn lại 0
TXN-OPTIMISTIC-00509,REQ-SIM-00509,-,CUS-00509,FSI-00167,1,OPTIMISTIC,pool-4-thread-509,3847323777300,3849293062000,false,Hết hàng! Sản phẩm Flash Sale 'FSI-00167': yêu cầu 1; còn lại 0
TXN-OPTIMISTIC-00058,REQ-SIM-00058,-,CUS-00058,FSI-00167,1,OPTIMISTIC,pool-4-thread-58,3847318343200,3849293369800,false,Hết hàng! Sản phẩm Flash Sale 'FSI-00167': yêu cầu 1; còn lại 0
TXN-OPTIMISTIC-00779,REQ-SIM-00779,-,CUS-00779,FSI-00167,1,OPTIMISTIC,pool-4-thread-779,3847327000600,3849293667600,false,Hết hàng! Sản phẩm Flash Sale 'FSI-00167': yêu cầu 1; còn lại 0
TXN-OPTIMISTIC-00706,REQ-SIM-00706,-,CUS-00706,FSI-00167,1,OPTIMISTIC,pool-4-thread-706,3847326200000,3849293896100,false,Hết hàng! Sản phẩm Flash Sale 'FSI-00167': yêu cầu 1; còn lại 0
TXN-OPTIMISTIC-00736,REQ-SIM-00736,-,CUS-00736,FSI-00167,1,OPTIMISTIC,pool-4-thread-736,3847326529800,3849294225100,false,Hết hàng! Sản phẩm Flash Sale 'FSI-00167': yêu cầu 1; còn lại 0
TXN-OPTIMISTIC-00748,REQ-SIM-00748,-,CUS-00748,FSI-00167,1,OPTIMISTIC,pool-4-thread-748,3847326655300,3849294466000,false,Hết hàng! Sản phẩm Flash Sale 'FSI-00167': yêu cầu 1; còn lại 0
TXN-OPTIMISTIC-00947,REQ-SIM-00947,-,CUS-00947,FSI-00167,1,OPTIMISTIC,pool-4-thread-947,3847328983100,3849294749500,false,Hết hàng! Sản phẩm Flash Sale 'FSI-00167': yêu cầu 1; còn lại 0
TXN-OPTIMISTIC-00623,REQ-SIM-00623,-,CUS-00623,FSI-00167,1,OPTIMISTIC,pool-4-thread-623,3847325238100,3849295028600,false,Hết hàng! Sản phẩm Flash Sale 'FSI-00167': yêu cầu 1; còn lại 0
TXN-OPTIMISTIC-00419,REQ-SIM-00419,-,CUS-00419,FSI-00167,1,OPTIMISTIC,pool-4-thread-419,3847322685700,3849295320800,false,Hết hàng! Sản phẩm Flash Sale 'FSI-00167': yêu cầu 1; còn lại 0
TXN-OPTIMISTIC-00982,REQ-SIM-00982,-,CUS-00982,FSI-00167,1,OPTIMISTIC,pool-4-thread-982,3847329355300,3849295559500,false,Hết hàng! Sản phẩm Flash Sale 'FSI-00167': yêu cầu 1; còn lại 0
TXN-OPTIMISTIC-00046,REQ-SIM-00046,-,CUS-00046,FSI-00167,1,OPTIMISTIC,pool-4-thread-46,3847318331600,3849295870300,false,Hết hàng! Sản phẩm Flash Sale 'FSI-00167': yêu cầu 1; còn lại 0
TXN-OPTIMISTIC-00683,REQ-SIM-00683,-,CUS-00683,FSI-00167,1,OPTIMISTIC,pool-4-thread-683,3847325984200,3849296153400,false,Hết hàng! Sản phẩm Flash Sale 'FSI-00167': yêu cầu 1; còn lại 0
TXN-OPTIMISTIC-00910,REQ-SIM-00910,-,CUS-00910,FSI-00167,1,OPTIMISTIC,pool-4-thread-910,3847328584200,3849296402900,false,Hết hàng! Sản phẩm Flash Sale 'FSI-00167': yêu cầu 1; còn lại 0
TXN-OPTIMISTIC-00730,REQ-SIM-00730,-,CUS-00730,FSI-00167,1,OPTIMISTIC,pool-4-thread-730,3847326464200,3849296694400,false,Hết hàng! Sản phẩm Flash Sale 'FSI-00167': yêu cầu 1; còn lại 0
TXN-OPTIMISTIC-00586,REQ-SIM-00586,-,CUS-00586,FSI-00167,1,OPTIMISTIC,pool-4-thread-586,3847324842600,3849297006100,false,Hết hàng! Sản phẩm Flash Sale 'FSI-00167': yêu cầu 1; còn lại 0
TXN-OPTIMISTIC-00359,REQ-SIM-00359,-,CUS-00359,FSI-00167,1,OPTIMISTIC,pool-4-thread-359,3847321899600,3849297307900,false,Hết hàng! Sản phẩm Flash Sale 'FSI-00167': yêu cầu 1; còn lại 0
TXN-OPTIMISTIC-00844,REQ-SIM-00844,-,CUS-00844,FSI-00167,1,OPTIMISTIC,pool-4-thread-844,3847327758700,3849297570400,false,Hết hàng! Sản phẩm Flash Sale 'FSI-00167': yêu cầu 1; còn lại 0
TXN-OPTIMISTIC-00847,REQ-SIM-00847,-,CUS-00847,FSI-00167,1,OPTIMISTIC,pool-4-thread-847,3847327787500,3849297896300,false,Hết hàng! Sản phẩm Flash Sale 'FSI-00167': yêu cầu 1; còn lại 0
TXN-OPTIMISTIC-00802,REQ-SIM-00802,-,CUS-00802,FSI-00167,1,OPTIMISTIC,pool-4-thread-802,3847327237300,3849298396700,false,Hết hàng! Sản phẩm Flash Sale 'FSI-00167': yêu cầu 1; còn lại 0
TXN-OPTIMISTIC-00874,REQ-SIM-00874,-,CUS-00874,FSI-00167,1,OPTIMISTIC,pool-4-thread-874,3847328207800,3849298832400,false,Hết hàng! Sản phẩm Flash Sale 'FSI-00167': yêu cầu 1; còn lại 0
TXN-OPTIMISTIC-00437,REQ-SIM-00437,-,CUS-00437,FSI-00167,1,OPTIMISTIC,pool-4-thread-437,3847322890900,3849299318600,false,Hết hàng! Sản phẩm Flash Sale 'FSI-00167': yêu cầu 1; còn lại 0
TXN-OPTIMISTIC-00382,REQ-SIM-00382,-,CUS-00382,FSI-00167,1,OPTIMISTIC,pool-4-thread-382,3847322277800,3849299769100,false,Hết hàng! Sản phẩm Flash Sale 'FSI-00167': yêu cầu 1; còn lại 0
TXN-OPTIMISTIC-00695,REQ-SIM-00695,-,CUS-00695,FSI-00167,1,OPTIMISTIC,pool-4-thread-695,3847326081400,3849299902900,false,Hết hàng! Sản phẩm Flash Sale 'FSI-00167': yêu cầu 1; còn lại 0
TXN-OPTIMISTIC-00722,REQ-SIM-00722,-,CUS-00722,FSI-00167,1,OPTIMISTIC,pool-4-thread-722,3847326375200,3849300444500,false,Hết hàng! Sản phẩm Flash Sale 'FSI-00167': yêu cầu 1; còn lại 0
TXN-OPTIMISTIC-00640,REQ-SIM-00640,-,CUS-00640,FSI-00167,1,OPTIMISTIC,pool-4-thread-640,3847325417000,3849300683600,false,Hết hàng! Sản phẩm Flash Sale 'FSI-00167': yêu cầu 1; còn lại 0
TXN-OPTIMISTIC-00958,REQ-SIM-00958,-,CUS-00958,FSI-00167,1,OPTIMISTIC,pool-4-thread-958,3847329102900,3849301014700,false,Hết hàng! Sản phẩm Flash Sale 'FSI-00167': yêu cầu 1; còn lại 0
TXN-OPTIMISTIC-00712,REQ-SIM-00712,-,CUS-00712,FSI-00167,1,OPTIMISTIC,pool-4-thread-712,3847326270700,3849301518000,false,Hết hàng! Sản phẩm Flash Sale 'FSI-00167': yêu cầu 1; còn lại 0
TXN-OPTIMISTIC-00472,REQ-SIM-00472,-,CUS-00472,FSI-00167,1,OPTIMISTIC,pool-4-thread-472,3847323318700,3849301934600,false,Hết hàng! Sản phẩm Flash Sale 'FSI-00167': yêu cầu 1; còn lại 0
TXN-OPTIMISTIC-00543,REQ-SIM-00543,-,CUS-00543,FSI-00167,1,OPTIMISTIC,pool-4-thread-543,3847324213300,3849302329200,false,Hết hàng! Sản phẩm Flash Sale 'FSI-00167': yêu cầu 1; còn lại 0
TXN-OPTIMISTIC-00503,REQ-SIM-00503,-,CUS-00503,FSI-00167,1,OPTIMISTIC,pool-4-thread-503,3847323789700,3849302624400,false,Hết hàng! Sản phẩm Flash Sale 'FSI-00167': yêu cầu 1; còn lại 0
TXN-OPTIMISTIC-00682,REQ-SIM-00682,-,CUS-00682,FSI-00167,1,OPTIMISTIC,pool-4-thread-682,3847325917900,3849303055800,false,Hết hàng! Sản phẩm Flash Sale 'FSI-00167': yêu cầu 1; còn lại 0
TXN-OPTIMISTIC-00318,REQ-SIM-00318,-,CUS-00318,FSI-00167,1,OPTIMISTIC,pool-4-thread-318,3847321425400,3849303374000,false,Hết hàng! Sản phẩm Flash Sale 'FSI-00167': yêu cầu 1; còn lại 0
TXN-OPTIMISTIC-00556,REQ-SIM-00556,-,CUS-00556,FSI-00167,1,OPTIMISTIC,pool-4-thread-556,3847324355700,3849303766000,false,Hết hàng! Sản phẩm Flash Sale 'FSI-00167': yêu cầu 1; còn lại 0
TXN-OPTIMISTIC-00863,REQ-SIM-00863,-,CUS-00863,FSI-00167,1,OPTIMISTIC,pool-4-thread-863,3847327959800,3849304067900,false,Hết hàng! Sản phẩm Flash Sale 'FSI-00167': yêu cầu 1; còn lại 0
TXN-OPTIMISTIC-00034,REQ-SIM-00034,-,CUS-00034,FSI-00167,1,OPTIMISTIC,pool-4-thread-34,3847318060700,3849304413600,false,Hết hàng! Sản phẩm Flash Sale 'FSI-00167': yêu cầu 1; còn lại 0
TXN-OPTIMISTIC-00052,REQ-SIM-00052,-,CUS-00052,FSI-00167,1,OPTIMISTIC,pool-4-thread-52,3847318273800,3849304811300,false,Hết hàng! Sản phẩm Flash Sale 'FSI-00167': yêu cầu 1; còn lại 0
TXN-OPTIMISTIC-00119,REQ-SIM-00119,-,CUS-00119,FSI-00167,1,OPTIMISTIC,pool-4-thread-119,3847319224300,3849305203500,false,Hết hàng! Sản phẩm Flash Sale 'FSI-00167': yêu cầu 1; còn lại 0
TXN-OPTIMISTIC-00959,REQ-SIM-00959,-,CUS-00959,FSI-00167,1,OPTIMISTIC,pool-4-thread-959,3847329111900,3849305635200,false,Hết hàng! Sản phẩm Flash Sale 'FSI-00167': yêu cầu 1; còn lại 0
TXN-OPTIMISTIC-00587,REQ-SIM-00587,-,CUS-00587,FSI-00167,1,OPTIMISTIC,pool-4-thread-587,3847324802000,3849305888800,false,Hết hàng! Sản phẩm Flash Sale 'FSI-00167': yêu cầu 1; còn lại 0
TXN-OPTIMISTIC-00431,REQ-SIM-00431,-,CUS-00431,FSI-00167,1,OPTIMISTIC,pool-4-thread-431,3847322822300,3849306297500,false,Hết hàng! Sản phẩm Flash Sale 'FSI-00167': yêu cầu 1; còn lại 0
TXN-OPTIMISTIC-00635,REQ-SIM-00635,-,CUS-00635,FSI-00167,1,OPTIMISTIC,pool-4-thread-635,3847325366000,3849306869100,false,Hết hàng! Sản phẩm Flash Sale 'FSI-00167': yêu cầu 1; còn lại 0
TXN-OPTIMISTIC-00340,REQ-SIM-00340,-,CUS-00340,FSI-00167,1,OPTIMISTIC,pool-4-thread-340,3847321676900,3849307126300,false,Hết hàng! Sản phẩm Flash Sale 'FSI-00167': yêu cầu 1; còn lại 0
TXN-OPTIMISTIC-00791,REQ-SIM-00791,-,CUS-00791,FSI-00167,1,OPTIMISTIC,pool-4-thread-791,3847327125700,3849307459900,false,Hết hàng! Sản phẩm Flash Sale 'FSI-00167': yêu cầu 1; còn lại 0
TXN-OPTIMISTIC-00653,REQ-SIM-00653,-,CUS-00653,FSI-00167,1,OPTIMISTIC,pool-4-thread-653,3847325569800,3849308099900,false,Hết hàng! Sản phẩm Flash Sale 'FSI-00167': yêu cầu 1; còn lại 0
TXN-OPTIMISTIC-00418,REQ-SIM-00418,-,CUS-00418,FSI-00167,1,OPTIMISTIC,pool-4-thread-418,3847322673300,3849308345600,false,Hết hàng! Sản phẩm Flash Sale 'FSI-00167': yêu cầu 1; còn lại 0
TXN-OPTIMISTIC-00892,REQ-SIM-00892,-,CUS-00892,FSI-00167,1,OPTIMISTIC,pool-4-thread-892,3847328401700,3849308716400,false,Hết hàng! Sản phẩm Flash Sale 'FSI-00167': yêu cầu 1; còn lại 0
TXN-OPTIMISTIC-00107,REQ-SIM-00107,-,CUS-00107,FSI-00167,1,OPTIMISTIC,pool-4-thread-107,3847319083800,3849309087300,false,Hết hàng! Sản phẩm Flash Sale 'FSI-00167': yêu cầu 1; còn lại 0
TXN-OPTIMISTIC-00605,REQ-SIM-00605,-,CUS-00605,FSI-00167,1,OPTIMISTIC,pool-4-thread-605,3847325045800,3849309811400,false,Hết hàng! Sản phẩm Flash Sale 'FSI-00167': yêu cầu 1; còn lại 0
TXN-OPTIMISTIC-00130,REQ-SIM-00130,-,CUS-00130,FSI-00167,1,OPTIMISTIC,pool-4-thread-130,3847319345300,3849310162000,false,Hết hàng! Sản phẩm Flash Sale 'FSI-00167': yêu cầu 1; còn lại 0
TXN-OPTIMISTIC-00911,REQ-SIM-00911,-,CUS-00911,FSI-00167,1,OPTIMISTIC,pool-4-thread-911,3847328595100,3849310595900,false,Hết hàng! Sản phẩm Flash Sale 'FSI-00167': yêu cầu 1; còn lại 0
TXN-OPTIMISTIC-00430,REQ-SIM-00430,-,CUS-00430,FSI-00167,1,OPTIMISTIC,pool-4-thread-430,3847322812000,3849310917900,false,Hết hàng! Sản phẩm Flash Sale 'FSI-00167': yêu cầu 1; còn lại 0
TXN-OPTIMISTIC-00341,REQ-SIM-00341,-,CUS-00341,FSI-00167,1,OPTIMISTIC,pool-4-thread-341,3847321688200,3849311331900,false,Hết hàng! Sản phẩm Flash Sale 'FSI-00167': yêu cầu 1; còn lại 0
TXN-OPTIMISTIC-00575,REQ-SIM-00575,-,CUS-00575,FSI-00167,1,OPTIMISTIC,pool-4-thread-575,3847324679100,3849311667700,false,Hết hàng! Sản phẩm Flash Sale 'FSI-00167': yêu cầu 1; còn lại 0
TXN-OPTIMISTIC-00868,REQ-SIM-00868,-,CUS-00868,FSI-00167,1,OPTIMISTIC,pool-4-thread-868,3847328011500,3849311983000,false,Hết hàng! Sản phẩm Flash Sale 'FSI-00167': yêu cầu 1; còn lại 0
TXN-OPTIMISTIC-00544,REQ-SIM-00544,-,CUS-00544,FSI-00167,1,OPTIMISTIC,pool-4-thread-544,3847324222600,3849312397000,false,Hết hàng! Sản phẩm Flash Sale 'FSI-00167': yêu cầu 1; còn lại 0
TXN-OPTIMISTIC-00923,REQ-SIM-00923,-,CUS-00923,FSI-00167,1,OPTIMISTIC,pool-4-thread-923,3847328723700,3849312696100,false,Hết hàng! Sản phẩm Flash Sale 'FSI-00167': yêu cầu 1; còn lại 0
TXN-OPTIMISTIC-00636,REQ-SIM-00636,-,CUS-00636,FSI-00167,1,OPTIMISTIC,pool-4-thread-636,3847325375400,3849313023700,false,Hết hàng! Sản phẩm Flash Sale 'FSI-00167': yêu cầu 1; còn lại 0
TXN-OPTIMISTIC-00875,REQ-SIM-00875,-,CUS-00875,FSI-00167,1,OPTIMISTIC,pool-4-thread-875,3847328219900,3849313262800,false,Hết hàng! Sản phẩm Flash Sale 'FSI-00167': yêu cầu 1; còn lại 0
TXN-OPTIMISTIC-00400,REQ-SIM-00400,-,CUS-00400,FSI-00167,1,OPTIMISTIC,pool-4-thread-400,3847322474900,3849313595200,false,Hết hàng! Sản phẩm Flash Sale 'FSI-00167': yêu cầu 1; còn lại 0
TXN-OPTIMISTIC-00406,REQ-SIM-00406,-,CUS-00406,FSI-00167,1,OPTIMISTIC,pool-4-thread-406,3847322542800,3849314028500,false,Hết hàng! Sản phẩm Flash Sale 'FSI-00167': yêu cầu 1; còn lại 0
TXN-OPTIMISTIC-00244,REQ-SIM-00244,-,CUS-00244,FSI-00167,1,OPTIMISTIC,pool-4-thread-244,3847320675300,3849314329200,false,Hết hàng! Sản phẩm Flash Sale 'FSI-00167': yêu cầu 1; còn lại 0
TXN-OPTIMISTIC-00011,REQ-SIM-00011,-,CUS-00011,FSI-00167,1,OPTIMISTIC,pool-4-thread-11,3847317943700,3849314693200,false,Hết hàng! Sản phẩm Flash Sale 'FSI-00167': yêu cầu 1; còn lại 0
TXN-OPTIMISTIC-00238,REQ-SIM-00238,-,CUS-00238,FSI-00167,1,OPTIMISTIC,pool-4-thread-238,3847320696200,3849315113700,false,Hết hàng! Sản phẩm Flash Sale 'FSI-00167': yêu cầu 1; còn lại 0
TXN-OPTIMISTIC-00527,REQ-SIM-00527,-,CUS-00527,FSI-00167,1,OPTIMISTIC,pool-4-thread-527,3847324044000,3849315482900,false,Hết hàng! Sản phẩm Flash Sale 'FSI-00167': yêu cầu 1; còn lại 0
TXN-OPTIMISTIC-00232,REQ-SIM-00232,-,CUS-00232,FSI-00167,1,OPTIMISTIC,pool-4-thread-232,3847320451400,3849315835500,false,Hết hàng! Sản phẩm Flash Sale 'FSI-00167': yêu cầu 1; còn lại 0
TXN-OPTIMISTIC-00484,REQ-SIM-00484,-,CUS-00484,FSI-00167,1,OPTIMISTIC,pool-4-thread-484,3847323580600,3849316143300,false,Hết hàng! Sản phẩm Flash Sale 'FSI-00167': yêu cầu 1; còn lại 0
TXN-OPTIMISTIC-00976,REQ-SIM-00976,-,CUS-00976,FSI-00167,1,OPTIMISTIC,pool-4-thread-976,3847329290700,3849316561100,false,Hết hàng! Sản phẩm Flash Sale 'FSI-00167': yêu cầu 1; còn lại 0
TXN-OPTIMISTIC-00454,REQ-SIM-00454,-,CUS-00454,FSI-00167,1,OPTIMISTIC,pool-4-thread-454,3847323112900,3849316942100,false,Hết hàng! Sản phẩm Flash Sale 'FSI-00167': yêu cầu 1; còn lại 0
TXN-OPTIMISTIC-00185,REQ-SIM-00185,-,CUS-00185,FSI-00167,1,OPTIMISTIC,pool-4-thread-185,3847319945100,3849317288500,false,Hết hàng! Sản phẩm Flash Sale 'FSI-00167': yêu cầu 1; còn lại 0
TXN-OPTIMISTIC-00914,REQ-SIM-00914,-,CUS-00914,FSI-00167,1,OPTIMISTIC,pool-4-thread-914,3847328628800,3849317621600,false,Hết hàng! Sản phẩm Flash Sale 'FSI-00167': yêu cầu 1; còn lại 0
TXN-OPTIMISTIC-00904,REQ-SIM-00904,-,CUS-00904,FSI-00167,1,OPTIMISTIC,pool-4-thread-904,3847328522300,3849318021200,false,Hết hàng! Sản phẩm Flash Sale 'FSI-00167': yêu cầu 1; còn lại 0
TXN-OPTIMISTIC-00851,REQ-SIM-00851,-,CUS-00851,FSI-00167,1,OPTIMISTIC,pool-4-thread-851,3847327830000,3849318376300,false,Hết hàng! Sản phẩm Flash Sale 'FSI-00167': yêu cầu 1; còn lại 0
TXN-OPTIMISTIC-00388,REQ-SIM-00388,-,CUS-00388,FSI-00167,1,OPTIMISTIC,pool-4-thread-388,3847322344400,3849318746300,false,Hết hàng! Sản phẩm Flash Sale 'FSI-00167': yêu cầu 1; còn lại 0
TXN-OPTIMISTIC-00761,REQ-SIM-00761,-,CUS-00761,FSI-00167,1,OPTIMISTIC,pool-4-thread-761,3847326794000,3849319032500,false,Hết hàng! Sản phẩm Flash Sale 'FSI-00167': yêu cầu 1; còn lại 0
TXN-OPTIMISTIC-00827,REQ-SIM-00827,-,CUS-00827,FSI-00167,1,OPTIMISTIC,pool-4-thread-827,3847327582800,3849319466000,false,Hết hàng! Sản phẩm Flash Sale 'FSI-00167': yêu cầu 1; còn lại 0
TXN-OPTIMISTIC-00514,REQ-SIM-00514,-,CUS-00514,FSI-00167,1,OPTIMISTIC,pool-4-thread-514,3847323911100,3849319774600,false,Hết hàng! Sản phẩm Flash Sale 'FSI-00167': yêu cầu 1; còn lại 0
TXN-OPTIMISTIC-00966,REQ-SIM-00966,-,CUS-00966,FSI-00167,1,OPTIMISTIC,pool-4-thread-966,3847329190800,3849320071900,false,Hết hàng! Sản phẩm Flash Sale 'FSI-00167': yêu cầu 1; còn lại 0
TXN-OPTIMISTIC-00971,REQ-SIM-00971,-,CUS-00971,FSI-00167,1,OPTIMISTIC,pool-4-thread-971,3847329238000,3849320743500,false,Hết hàng! Sản phẩm Flash Sale 'FSI-00167': yêu cầu 1; còn lại 0
TXN-OPTIMISTIC-00611,REQ-SIM-00611,-,CUS-00611,FSI-00167,1,OPTIMISTIC,pool-4-thread-611,3847325106400,3849321020500,false,Hết hàng! Sản phẩm Flash Sale 'FSI-00167': yêu cầu 1; còn lại 0
TXN-OPTIMISTIC-00412,REQ-SIM-00412,-,CUS-00412,FSI-00167,1,OPTIMISTIC,pool-4-thread-412,3847322609700,3849321384300,false,Hết hàng! Sản phẩm Flash Sale 'FSI-00167': yêu cầu 1; còn lại 0
TXN-OPTIMISTIC-00755,REQ-SIM-00755,-,CUS-00755,FSI-00167,1,OPTIMISTIC,pool-4-thread-755,3847326735000,3849321962500,false,Hết hàng! Sản phẩm Flash Sale 'FSI-00167': yêu cầu 1; còn lại 0
TXN-OPTIMISTIC-00395,REQ-SIM-00395,-,CUS-00395,FSI-00167,1,OPTIMISTIC,pool-4-thread-395,3847322418500,3849322317500,false,Hết hàng! Sản phẩm Flash Sale 'FSI-00167': yêu cầu 1; còn lại 0
TXN-OPTIMISTIC-00268,REQ-SIM-00268,-,CUS-00268,FSI-00167,1,OPTIMISTIC,pool-4-thread-268,3847320858200,3849322812600,false,Hết hàng! Sản phẩm Flash Sale 'FSI-00167': yêu cầu 1; còn lại 0
TXN-OPTIMISTIC-00981,REQ-SIM-00981,-,CUS-00981,FSI-00167,1,OPTIMISTIC,pool-4-thread-981,3847329345300,3849323307000,false,Hết hàng! Sản phẩm Flash Sale 'FSI-00167': yêu cầu 1; còn lại 0
TXN-OPTIMISTIC-00512,REQ-SIM-00512,-,CUS-00512,FSI-00167,1,OPTIMISTIC,pool-4-thread-512,3847323887700,3849323732500,false,Hết hàng! Sản phẩm Flash Sale 'FSI-00167': yêu cầu 1; còn lại 0
TXN-OPTIMISTIC-00532,REQ-SIM-00532,-,CUS-00532,FSI-00167,1,OPTIMISTIC,pool-4-thread-532,3847324095500,3849324023000,false,Hết hàng! Sản phẩm Flash Sale 'FSI-00167': yêu cầu 1; còn lại 0
TXN-OPTIMISTIC-00700,REQ-SIM-00700,-,CUS-00700,FSI-00167,1,OPTIMISTIC,pool-4-thread-700,3847326137500,3849324506300,false,Hết hàng! Sản phẩm Flash Sale 'FSI-00167': yêu cầu 1; còn lại 0
TXN-OPTIMISTIC-00260,REQ-SIM-00260,-,CUS-00260,FSI-00167,1,OPTIMISTIC,pool-4-thread-260,3847320757400,3849324882800,false,Hết hàng! Sản phẩm Flash Sale 'FSI-00167': yêu cầu 1; còn lại 0
TXN-OPTIMISTIC-00786,REQ-SIM-00786,-,CUS-00786,FSI-00167,1,OPTIMISTIC,pool-4-thread-786,3847327072300,3849325301700,false,Hết hàng! Sản phẩm Flash Sale 'FSI-00167': yêu cầu 1; còn lại 0
TXN-OPTIMISTIC-00094,REQ-SIM-00094,-,CUS-00094,FSI-00167,1,OPTIMISTIC,pool-4-thread-94,3847318734100,3849325813500,false,Hết hàng! Sản phẩm Flash Sale 'FSI-00167': yêu cầu 1; còn lại 0
TXN-OPTIMISTIC-00773,REQ-SIM-00773,-,CUS-00773,FSI-00167,1,OPTIMISTIC,pool-4-thread-773,3847326933400,3849326301400,false,Hết hàng! Sản phẩm Flash Sale 'FSI-00167': yêu cầu 1; còn lại 0
TXN-OPTIMISTIC-00005,REQ-SIM-00005,-,CUS-00005,FSI-00167,1,OPTIMISTIC,pool-4-thread-5,3847317882000,3849326745400,false,Hết hàng! Sản phẩm Flash Sale 'FSI-00167': yêu cầu 1; còn lại 0
TXN-OPTIMISTIC-00609,REQ-SIM-00609,-,CUS-00609,FSI-00167,1,OPTIMISTIC,pool-4-thread-609,3847325086900,3849327121500,false,Hết hàng! Sản phẩm Flash Sale 'FSI-00167': yêu cầu 1; còn lại 0
TXN-OPTIMISTIC-00421,REQ-SIM-00421,-,CUS-00421,FSI-00167,1,OPTIMISTIC,pool-4-thread-421,3847322713200,3849327741900,false,Hết hàng! Sản phẩm Flash Sale 'FSI-00167': yêu cầu 1; còn lại 0
TXN-OPTIMISTIC-00919,REQ-SIM-00919,-,CUS-00919,FSI-00167,1,OPTIMISTIC,pool-4-thread-919,3847328683700,3849328002900,false,Hết hàng! Sản phẩm Flash Sale 'FSI-00167': yêu cầu 1; còn lại 0
TXN-OPTIMISTIC-00996,REQ-SIM-00996,-,CUS-00996,FSI-00167,1,OPTIMISTIC,pool-4-thread-996,3847329533900,3849328411600,false,Hết hàng! Sản phẩm Flash Sale 'FSI-00167': yêu cầu 1; còn lại 0
TXN-OPTIMISTIC-00854,REQ-SIM-00854,-,CUS-00854,FSI-00167,1,OPTIMISTIC,pool-4-thread-854,3847327864800,3849328765100,false,Hết hàng! Sản phẩm Flash Sale 'FSI-00167': yêu cầu 1; còn lại 0
TXN-OPTIMISTIC-00714,REQ-SIM-00714,-,CUS-00714,FSI-00167,1,OPTIMISTIC,pool-4-thread-714,3847326289000,3849329252800,false,Hết hàng! Sản phẩm Flash Sale 'FSI-00167': yêu cầu 1; còn lại 0
TXN-OPTIMISTIC-00670,REQ-SIM-00670,-,CUS-00670,FSI-00167,1,OPTIMISTIC,pool-4-thread-670,3847325752400,3849329608600,false,Hết hàng! Sản phẩm Flash Sale 'FSI-00167': yêu cầu 1; còn lại 0
TXN-OPTIMISTIC-00647,REQ-SIM-00647,-,CUS-00647,FSI-00167,1,OPTIMISTIC,pool-4-thread-647,3847325494700,3849330086900,false,Hết hàng! Sản phẩm Flash Sale 'FSI-00167': yêu cầu 1; còn lại 0
TXN-OPTIMISTIC-00262,REQ-SIM-00262,-,CUS-00262,FSI-00167,1,OPTIMISTIC,pool-4-thread-262,3847320777100,3849330428800,false,Hết hàng! Sản phẩm Flash Sale 'FSI-00167': yêu cầu 1; còn lại 0
TXN-OPTIMISTIC-00479,REQ-SIM-00479,-,CUS-00479,FSI-00167,1,OPTIMISTIC,pool-4-thread-479,3847323660800,3849330968300,false,Hết hàng! Sản phẩm Flash Sale 'FSI-00167': yêu cầu 1; còn lại 0
TXN-OPTIMISTIC-00642,REQ-SIM-00642,-,CUS-00642,FSI-00167,1,OPTIMISTIC,pool-4-thread-642,3847325435500,3849331463300,false,Hết hàng! Sản phẩm Flash Sale 'FSI-00167': yêu cầu 1; còn lại 0
TXN-OPTIMISTIC-00661,REQ-SIM-00661,-,CUS-00661,FSI-00167,1,OPTIMISTIC,pool-4-thread-661,3847325657000,3849331935400,false,Hết hàng! Sản phẩm Flash Sale 'FSI-00167': yêu cầu 1; còn lại 0
TXN-OPTIMISTIC-00422,REQ-SIM-00422,-,CUS-00422,FSI-00167,1,OPTIMISTIC,pool-4-thread-422,3847322723000,3849332358500,false,Hết hàng! Sản phẩm Flash Sale 'FSI-00167': yêu cầu 1; còn lại 0
TXN-OPTIMISTIC-00550,REQ-SIM-00550,-,CUS-00550,FSI-00167,1,OPTIMISTIC,pool-4-thread-550,3847324297400,3849332958300,false,Hết hàng! Sản phẩm Flash Sale 'FSI-00167': yêu cầu 1; còn lại 0
TXN-OPTIMISTIC-00767,REQ-SIM-00767,-,CUS-00767,FSI-00167,1,OPTIMISTIC,pool-4-thread-767,3847326863000,3849333273900,false,Hết hàng! Sản phẩm Flash Sale 'FSI-00167': yêu cầu 1; còn lại 0
TXN-OPTIMISTIC-00968,REQ-SIM-00968,-,CUS-00968,FSI-00167,1,OPTIMISTIC,pool-4-thread-968,3847329210800,3849333784800,false,Hết hàng! Sản phẩm Flash Sale 'FSI-00167': yêu cầu 1; còn lại 0
TXN-OPTIMISTIC-00890,REQ-SIM-00890,-,CUS-00890,FSI-00167,1,OPTIMISTIC,pool-4-thread-890,3847328379600,3849334198000,false,Hết hàng! Sản phẩm Flash Sale 'FSI-00167': yêu cầu 1; còn lại 0
TXN-OPTIMISTIC-00562,REQ-SIM-00562,-,CUS-00562,FSI-00167,1,OPTIMISTIC,pool-4-thread-562,3847324401800,3849334436600,false,Hết hàng! Sản phẩm Flash Sale 'FSI-00167': yêu cầu 1; còn lại 0
TXN-OPTIMISTIC-00855,REQ-SIM-00855,-,CUS-00855,FSI-00167,1,OPTIMISTIC,pool-4-thread-855,3847327876200,3849335094500,false,Hết hàng! Sản phẩm Flash Sale 'FSI-00167': yêu cầu 1; còn lại 0
TXN-OPTIMISTIC-00486,REQ-SIM-00486,-,CUS-00486,FSI-00167,1,OPTIMISTIC,pool-4-thread-486,3847323619000,3849335302700,false,Hết hàng! Sản phẩm Flash Sale 'FSI-00167': yêu cầu 1; còn lại 0
TXN-OPTIMISTIC-00650,REQ-SIM-00650,-,CUS-00650,FSI-00167,1,OPTIMISTIC,pool-4-thread-650,3847325530500,3849335855100,false,Hết hàng! Sản phẩm Flash Sale 'FSI-00167': yêu cầu 1; còn lại 0
TXN-OPTIMISTIC-00396,REQ-SIM-00396,-,CUS-00396,FSI-00167,1,OPTIMISTIC,pool-4-thread-396,3847322429900,3849336227600,false,Hết hàng! Sản phẩm Flash Sale 'FSI-00167': yêu cầu 1; còn lại 0
TXN-OPTIMISTIC-00972,REQ-SIM-00972,-,CUS-00972,FSI-00167,1,OPTIMISTIC,pool-4-thread-972,3847329251300,3849336555100,false,Hết hàng! Sản phẩm Flash Sale 'FSI-00167': yêu cầu 1; còn lại 0
TXN-OPTIMISTIC-00756,REQ-SIM-00756,-,CUS-00756,FSI-00167,1,OPTIMISTIC,pool-4-thread-756,3847326744100,3849336944600,false,Hết hàng! Sản phẩm Flash Sale 'FSI-00167': yêu cầu 1; còn lại 0
TXN-OPTIMISTIC-00985,REQ-SIM-00985,-,CUS-00985,FSI-00167,1,OPTIMISTIC,pool-4-thread-985,3847329385400,3849337435200,false,Hết hàng! Sản phẩm Flash Sale 'FSI-00167': yêu cầu 1; còn lại 0
TXN-OPTIMISTIC-00718,REQ-SIM-00718,-,CUS-00718,FSI-00167,1,OPTIMISTIC,pool-4-thread-718,3847326333900,3849337681000,false,Hết hàng! Sản phẩm Flash Sale 'FSI-00167': yêu cầu 1; còn lại 0
TXN-OPTIMISTIC-00593,REQ-SIM-00593,-,CUS-00593,FSI-00167,1,OPTIMISTIC,pool-4-thread-593,3847324919000,3849338021200,false,Hết hàng! Sản phẩm Flash Sale 'FSI-00167': yêu cầu 1; còn lại 0
TXN-OPTIMISTIC-00657,REQ-SIM-00657,-,CUS-00657,FSI-00167,1,OPTIMISTIC,pool-4-thread-657,3847325615200,3849338659200,false,Hết hàng! Sản phẩm Flash Sale 'FSI-00167': yêu cầu 1; còn lại 0
TXN-OPTIMISTIC-00651,REQ-SIM-00651,-,CUS-00651,FSI-00167,1,OPTIMISTIC,pool-4-thread-651,3847325546200,3849338891900,false,Hết hàng! Sản phẩm Flash Sale 'FSI-00167': yêu cầu 1; còn lại 0
TXN-OPTIMISTIC-00883,REQ-SIM-00883,-,CUS-00883,FSI-00167,1,OPTIMISTIC,pool-4-thread-883,3847328305000,3849339486100,false,Hết hàng! Sản phẩm Flash Sale 'FSI-00167': yêu cầu 1; còn lại 0
TXN-OPTIMISTIC-00778,REQ-SIM-00778,-,CUS-00778,FSI-00167,1,OPTIMISTIC,pool-4-thread-778,3847326987600,3849339713300,false,Hết hàng! Sản phẩm Flash Sale 'FSI-00167': yêu cầu 1; còn lại 0
TXN-OPTIMISTIC-00760,REQ-SIM-00760,-,CUS-00760,FSI-00167,1,OPTIMISTIC,pool-4-thread-760,3847326782900,3849340124000,false,Hết hàng! Sản phẩm Flash Sale 'FSI-00167': yêu cầu 1; còn lại 0
TXN-OPTIMISTIC-00708,REQ-SIM-00708,-,CUS-00708,FSI-00167,1,OPTIMISTIC,pool-4-thread-708,3847326221800,3849340738300,false,Hết hàng! Sản phẩm Flash Sale 'FSI-00167': yêu cầu 1; còn lại 0
TXN-OPTIMISTIC-00852,REQ-SIM-00852,-,CUS-00852,FSI-00167,1,OPTIMISTIC,pool-4-thread-852,3847327842700,3849340908000,false,Hết hàng! Sản phẩm Flash Sale 'FSI-00167': yêu cầu 1; còn lại 0
TXN-OPTIMISTIC-00909,REQ-SIM-00909,-,CUS-00909,FSI-00167,1,OPTIMISTIC,pool-4-thread-909,3847328574400,3849341552300,false,Hết hàng! Sản phẩm Flash Sale 'FSI-00167': yêu cầu 1; còn lại 0
TXN-OPTIMISTIC-00742,REQ-SIM-00742,-,CUS-00742,FSI-00167,1,OPTIMISTIC,pool-4-thread-742,3847326594800,3849341744900,false,Hết hàng! Sản phẩm Flash Sale 'FSI-00167': yêu cầu 1; còn lại 0
TXN-OPTIMISTIC-00481,REQ-SIM-00481,-,CUS-00481,FSI-00167,1,OPTIMISTIC,pool-4-thread-481,3847323481700,3849342132500,false,Hết hàng! Sản phẩm Flash Sale 'FSI-00167': yêu cầu 1; còn lại 0
TXN-OPTIMISTIC-00445,REQ-SIM-00445,-,CUS-00445,FSI-00167,1,OPTIMISTIC,pool-4-thread-445,3847323028800,3849342647600,false,Hết hàng! Sản phẩm Flash Sale 'FSI-00167': yêu cầu 1; còn lại 0
TXN-OPTIMISTIC-00938,REQ-SIM-00938,-,CUS-00938,FSI-00167,1,OPTIMISTIC,pool-4-thread-938,3847328882800,3849343065500,false,Hết hàng! Sản phẩm Flash Sale 'FSI-00167': yêu cầu 1; còn lại 0
TXN-OPTIMISTIC-00962,REQ-SIM-00962,-,CUS-00962,FSI-00167,1,OPTIMISTIC,pool-4-thread-962,3847329145900,3849343390800,false,Hết hàng! Sản phẩm Flash Sale 'FSI-00167': yêu cầu 1; còn lại 0
TXN-OPTIMISTIC-00304,REQ-SIM-00304,-,CUS-00304,FSI-00167,1,OPTIMISTIC,pool-4-thread-304,3847321269400,3849343904900,false,Hết hàng! Sản phẩm Flash Sale 'FSI-00167': yêu cầu 1; còn lại 0
TXN-OPTIMISTIC-00557,REQ-SIM-00557,-,CUS-00557,FSI-00167,1,OPTIMISTIC,pool-4-thread-557,3847324367700,3849344394600,false,Hết hàng! Sản phẩm Flash Sale 'FSI-00167': yêu cầu 1; còn lại 0
TXN-OPTIMISTIC-00453,REQ-SIM-00453,-,CUS-00453,FSI-00167,1,OPTIMISTIC,pool-4-thread-453,3847323137200,3849344899000,false,Hết hàng! Sản phẩm Flash Sale 'FSI-00167': yêu cầu 1; còn lại 0
TXN-OPTIMISTIC-00888,REQ-SIM-00888,-,CUS-00888,FSI-00167,1,OPTIMISTIC,pool-4-thread-888,3847328356800,3849345329000,false,Hết hàng! Sản phẩm Flash Sale 'FSI-00167': yêu cầu 1; còn lại 0
TXN-OPTIMISTIC-00750,REQ-SIM-00750,-,CUS-00750,FSI-00167,1,OPTIMISTIC,pool-4-thread-750,3847326680200,3849345807000,false,Hết hàng! Sản phẩm Flash Sale 'FSI-00167': yêu cầu 1; còn lại 0
TXN-OPTIMISTIC-00873,REQ-SIM-00873,-,CUS-00873,FSI-00167,1,OPTIMISTIC,pool-4-thread-873,3847328186600,3849346337400,false,Hết hàng! Sản phẩm Flash Sale 'FSI-00167': yêu cầu 1; còn lại 0
TXN-OPTIMISTIC-00862,REQ-SIM-00862,-,CUS-00862,FSI-00167,1,OPTIMISTIC,pool-4-thread-862,3847327950400,3849346774800,false,Hết hàng! Sản phẩm Flash Sale 'FSI-00167': yêu cầu 1; còn lại 0
TXN-OPTIMISTIC-00743,REQ-SIM-00743,-,CUS-00743,FSI-00167,1,OPTIMISTIC,pool-4-thread-743,3847326605000,3849347233500,false,Hết hàng! Sản phẩm Flash Sale 'FSI-00167': yêu cầu 1; còn lại 0
TXN-OPTIMISTIC-00957,REQ-SIM-00957,-,CUS-00957,FSI-00167,1,OPTIMISTIC,pool-4-thread-957,3847329091000,3849347675800,false,Hết hàng! Sản phẩm Flash Sale 'FSI-00167': yêu cầu 1; còn lại 0
TXN-OPTIMISTIC-00857,REQ-SIM-00857,-,CUS-00857,FSI-00167,1,OPTIMISTIC,pool-4-thread-857,3847327896300,3849348131400,false,Hết hàng! Sản phẩm Flash Sale 'FSI-00167': yêu cầu 1; còn lại 0
TXN-OPTIMISTIC-00592,REQ-SIM-00592,-,CUS-00592,FSI-00167,1,OPTIMISTIC,pool-4-thread-592,3847324908800,3849348672000,false,Hết hàng! Sản phẩm Flash Sale 'FSI-00167': yêu cầu 1; còn lại 0
TXN-OPTIMISTIC-00842,REQ-SIM-00842,-,CUS-00842,FSI-00167,1,OPTIMISTIC,pool-4-thread-842,3847327736600,3849349174300,false,Hết hàng! Sản phẩm Flash Sale 'FSI-00167': yêu cầu 1; còn lại 0
TXN-OPTIMISTIC-00035,REQ-SIM-00035,-,CUS-00035,FSI-00167,1,OPTIMISTIC,pool-4-thread-35,3847318070500,3849349574800,false,Hết hàng! Sản phẩm Flash Sale 'FSI-00167': yêu cầu 1; còn lại 0
TXN-OPTIMISTIC-00277,REQ-SIM-00277,-,CUS-00277,FSI-00167,1,OPTIMISTIC,pool-4-thread-277,3847320961000,3849350125400,false,Hết hàng! Sản phẩm Flash Sale 'FSI-00167': yêu cầu 1; còn lại 0
TXN-OPTIMISTIC-00949,REQ-SIM-00949,-,CUS-00949,FSI-00167,1,OPTIMISTIC,pool-4-thread-949,3847329004600,3849350622300,false,Hết hàng! Sản phẩm Flash Sale 'FSI-00167': yêu cầu 1; còn lại 0
TXN-OPTIMISTIC-00570,REQ-SIM-00570,-,CUS-00570,FSI-00167,1,OPTIMISTIC,pool-4-thread-570,3847324662900,3849350903000,false,Hết hàng! Sản phẩm Flash Sale 'FSI-00167': yêu cầu 1; còn lại 0
TXN-OPTIMISTIC-00841,REQ-SIM-00841,-,CUS-00841,FSI-00167,1,OPTIMISTIC,pool-4-thread-841,3847327726900,3849351429000,false,Hết hàng! Sản phẩm Flash Sale 'FSI-00167': yêu cầu 1; còn lại 0
TXN-OPTIMISTIC-00848,REQ-SIM-00848,-,CUS-00848,FSI-00167,1,OPTIMISTIC,pool-4-thread-848,3847327800400,3849351631200,false,Hết hàng! Sản phẩm Flash Sale 'FSI-00167': yêu cầu 1; còn lại 0
TXN-OPTIMISTIC-00496,REQ-SIM-00496,-,CUS-00496,FSI-00167,1,OPTIMISTIC,pool-4-thread-496,3847323713200,3849352106600,false,Hết hàng! Sản phẩm Flash Sale 'FSI-00167': yêu cầu 1; còn lại 0
TXN-OPTIMISTIC-00895,REQ-SIM-00895,-,CUS-00895,FSI-00167,1,OPTIMISTIC,pool-4-thread-895,3847328430100,3849352381300,false,Hết hàng! Sản phẩm Flash Sale 'FSI-00167': yêu cầu 1; còn lại 0
TXN-OPTIMISTIC-00751,REQ-SIM-00751,-,CUS-00751,FSI-00167,1,OPTIMISTIC,pool-4-thread-751,3847326692600,3849352705300,false,Hết hàng! Sản phẩm Flash Sale 'FSI-00167': yêu cầu 1; còn lại 0
TXN-OPTIMISTIC-00796,REQ-SIM-00796,-,CUS-00796,FSI-00167,1,OPTIMISTIC,pool-4-thread-796,3847327176900,3849353028600,false,Hết hàng! Sản phẩm Flash Sale 'FSI-00167': yêu cầu 1; còn lại 0
TXN-OPTIMISTIC-00678,REQ-SIM-00678,-,CUS-00678,FSI-00167,1,OPTIMISTIC,pool-4-thread-678,3847325841800,3849353318700,false,Hết hàng! Sản phẩm Flash Sale 'FSI-00167': yêu cầu 1; còn lại 0
TXN-OPTIMISTIC-00630,REQ-SIM-00630,-,CUS-00630,FSI-00167,1,OPTIMISTIC,pool-4-thread-630,3847325312300,3849353824300,false,Hết hàng! Sản phẩm Flash Sale 'FSI-00167': yêu cầu 1; còn lại 0
TXN-OPTIMISTIC-00540,REQ-SIM-00540,-,CUS-00540,FSI-00167,1,OPTIMISTIC,pool-4-thread-540,3847324160100,3849354162100,false,Hết hàng! Sản phẩm Flash Sale 'FSI-00167': yêu cầu 1; còn lại 0
TXN-OPTIMISTIC-00881,REQ-SIM-00881,-,CUS-00881,FSI-00167,1,OPTIMISTIC,pool-4-thread-881,3847328281700,3849354578200,false,Hết hàng! Sản phẩm Flash Sale 'FSI-00167': yêu cầu 1; còn lại 0
TXN-OPTIMISTIC-00977,REQ-SIM-00977,-,CUS-00977,FSI-00167,1,OPTIMISTIC,pool-4-thread-977,3847329301300,3849354901700,false,Hết hàng! Sản phẩm Flash Sale 'FSI-00167': yêu cầu 1; còn lại 0
TXN-OPTIMISTIC-00089,REQ-SIM-00089,-,CUS-00089,FSI-00167,1,OPTIMISTIC,pool-4-thread-89,3847318866800,3849355327500,false,Hết hàng! Sản phẩm Flash Sale 'FSI-00167': yêu cầu 1; còn lại 0
TXN-OPTIMISTIC-00952,REQ-SIM-00952,-,CUS-00952,FSI-00167,1,OPTIMISTIC,pool-4-thread-952,3847329036300,3849355639600,false,Hết hàng! Sản phẩm Flash Sale 'FSI-00167': yêu cầu 1; còn lại 0
TXN-OPTIMISTIC-00984,REQ-SIM-00984,-,CUS-00984,FSI-00167,1,OPTIMISTIC,pool-4-thread-984,3847329377200,3849355959500,false,Hết hàng! Sản phẩm Flash Sale 'FSI-00167': yêu cầu 1; còn lại 0
TXN-OPTIMISTIC-00455,REQ-SIM-00455,-,CUS-00455,FSI-00167,1,OPTIMISTIC,pool-4-thread-455,3847323166100,3849356221200,false,Hết hàng! Sản phẩm Flash Sale 'FSI-00167': yêu cầu 1; còn lại 0
TXN-OPTIMISTIC-00814,REQ-SIM-00814,-,CUS-00814,FSI-00167,1,OPTIMISTIC,pool-4-thread-814,3847327364500,3849356564200,false,Hết hàng! Sản phẩm Flash Sale 'FSI-00167': yêu cầu 1; còn lại 0
TXN-OPTIMISTIC-00413,REQ-SIM-00413,-,CUS-00413,FSI-00167,1,OPTIMISTIC,pool-4-thread-413,3847322619600,3849356852700,false,Hết hàng! Sản phẩm Flash Sale 'FSI-00167': yêu cầu 1; còn lại 0
TXN-OPTIMISTIC-00867,REQ-SIM-00867,-,CUS-00867,FSI-00167,1,OPTIMISTIC,pool-4-thread-867,3847328001200,3849357191000,false,Hết hàng! Sản phẩm Flash Sale 'FSI-00167': yêu cầu 1; còn lại 0
TXN-OPTIMISTIC-00694,REQ-SIM-00694,-,CUS-00694,FSI-00167,1,OPTIMISTIC,pool-4-thread-694,3847326072500,3849357498700,false,Hết hàng! Sản phẩm Flash Sale 'FSI-00167': yêu cầu 1; còn lại 0
TXN-OPTIMISTIC-00785,REQ-SIM-00785,-,CUS-00785,FSI-00167,1,OPTIMISTIC,pool-4-thread-785,3847327061700,3849357837900,false,Hết hàng! Sản phẩm Flash Sale 'FSI-00167': yêu cầu 1; còn lại 0
TXN-OPTIMISTIC-00197,REQ-SIM-00197,-,CUS-00197,FSI-00167,1,OPTIMISTIC,pool-4-thread-197,3847320076300,3849358162800,false,Hết hàng! Sản phẩm Flash Sale 'FSI-00167': yêu cầu 1; còn lại 0
TXN-OPTIMISTIC-00214,REQ-SIM-00214,-,CUS-00214,FSI-00167,1,OPTIMISTIC,pool-4-thread-214,3847320121500,3849358463300,false,Hết hàng! Sản phẩm Flash Sale 'FSI-00167': yêu cầu 1; còn lại 0
TXN-OPTIMISTIC-00271,REQ-SIM-00271,-,CUS-00271,FSI-00167,1,OPTIMISTIC,pool-4-thread-271,3847320892400,3849358825600,false,Hết hàng! Sản phẩm Flash Sale 'FSI-00167': yêu cầu 1; còn lại 0
TXN-OPTIMISTIC-00551,REQ-SIM-00551,-,CUS-00551,FSI-00167,1,OPTIMISTIC,pool-4-thread-551,3847324283400,3849359128400,false,Hết hàng! Sản phẩm Flash Sale 'FSI-00167': yêu cầu 1; còn lại 0
TXN-OPTIMISTIC-00665,REQ-SIM-00665,-,CUS-00665,FSI-00167,1,OPTIMISTIC,pool-4-thread-665,3847325701700,3849359475600,false,Hết hàng! Sản phẩm Flash Sale 'FSI-00167': yêu cầu 1; còn lại 0
TXN-OPTIMISTIC-00459,REQ-SIM-00459,-,CUS-00459,FSI-00167,1,OPTIMISTIC,pool-4-thread-459,3847323222900,3849359714800,false,Hết hàng! Sản phẩm Flash Sale 'FSI-00167': yêu cầu 1; còn lại 0
TXN-OPTIMISTIC-00912,REQ-SIM-00912,-,CUS-00912,FSI-00167,1,OPTIMISTIC,pool-4-thread-912,3847328605000,3849360072400,false,Hết hàng! Sản phẩm Flash Sale 'FSI-00167': yêu cầu 1; còn lại 0
TXN-OPTIMISTIC-00986,REQ-SIM-00986,-,CUS-00986,FSI-00167,1,OPTIMISTIC,pool-4-thread-986,3847329396400,3849360370500,false,Hết hàng! Sản phẩm Flash Sale 'FSI-00167': yêu cầu 1; còn lại 0
TXN-OPTIMISTIC-00836,REQ-SIM-00836,-,CUS-00836,FSI-00167,1,OPTIMISTIC,pool-4-thread-836,3847327677300,3849360623800,false,Hết hàng! Sản phẩm Flash Sale 'FSI-00167': yêu cầu 1; còn lại 0
TXN-OPTIMISTIC-00738,REQ-SIM-00738,-,CUS-00738,FSI-00167,1,OPTIMISTIC,pool-4-thread-738,3847326553500,3849360941900,false,Hết hàng! Sản phẩm Flash Sale 'FSI-00167': yêu cầu 1; còn lại 0
TXN-OPTIMISTIC-00362,REQ-SIM-00362,-,CUS-00362,FSI-00167,1,OPTIMISTIC,pool-4-thread-362,3847321934400,3849361281100,false,Hết hàng! Sản phẩm Flash Sale 'FSI-00167': yêu cầu 1; còn lại 0
TXN-OPTIMISTIC-00788,REQ-SIM-00788,-,CUS-00788,FSI-00167,1,OPTIMISTIC,pool-4-thread-788,3847327096100,3849361589600,false,Hết hàng! Sản phẩm Flash Sale 'FSI-00167': yêu cầu 1; còn lại 0
TXN-OPTIMISTIC-00931,REQ-SIM-00931,-,CUS-00931,FSI-00167,1,OPTIMISTIC,pool-4-thread-931,3847328823800,3849361915700,false,Hết hàng! Sản phẩm Flash Sale 'FSI-00167': yêu cầu 1; còn lại 0
TXN-OPTIMISTIC-00325,REQ-SIM-00325,-,CUS-00325,FSI-00167,1,OPTIMISTIC,pool-4-thread-325,3847321508300,3849362228800,false,Hết hàng! Sản phẩm Flash Sale 'FSI-00167': yêu cầu 1; còn lại 0
TXN-OPTIMISTIC-00154,REQ-SIM-00154,-,CUS-00154,FSI-00167,1,OPTIMISTIC,pool-4-thread-154,3847319366100,3849362551300,false,Hết hàng! Sản phẩm Flash Sale 'FSI-00167': yêu cầu 1; còn lại 0
TXN-OPTIMISTIC-00697,REQ-SIM-00697,-,CUS-00697,FSI-00167,1,OPTIMISTIC,pool-4-thread-697,3847326101800,3849362873400,false,Hết hàng! Sản phẩm Flash Sale 'FSI-00167': yêu cầu 1; còn lại 0
TXN-OPTIMISTIC-00409,REQ-SIM-00409,-,CUS-00409,FSI-00167,1,OPTIMISTIC,pool-4-thread-409,3847322576300,3849363220400,false,Hết hàng! Sản phẩm Flash Sale 'FSI-00167': yêu cầu 1; còn lại 0
TXN-OPTIMISTIC-00774,REQ-SIM-00774,-,CUS-00774,FSI-00167,1,OPTIMISTIC,pool-4-thread-774,3847326943500,3849363495100,false,Hết hàng! Sản phẩm Flash Sale 'FSI-00167': yêu cầu 1; còn lại 0
TXN-OPTIMISTIC-00300,REQ-SIM-00300,-,CUS-00300,FSI-00167,1,OPTIMISTIC,pool-4-thread-300,3847321226400,3849363822600,false,Hết hàng! Sản phẩm Flash Sale 'FSI-00167': yêu cầu 1; còn lại 0
TXN-OPTIMISTIC-00963,REQ-SIM-00963,-,CUS-00963,FSI-00167,1,OPTIMISTIC,pool-4-thread-963,3847329158200,3849364135000,false,Hết hàng! Sản phẩm Flash Sale 'FSI-00167': yêu cầu 1; còn lại 0
TXN-OPTIMISTIC-00227,REQ-SIM-00227,-,CUS-00227,FSI-00167,1,OPTIMISTIC,pool-4-thread-227,3847320396000,3849364505200,false,Hết hàng! Sản phẩm Flash Sale 'FSI-00167': yêu cầu 1; còn lại 0
TXN-OPTIMISTIC-00182,REQ-SIM-00182,-,CUS-00182,FSI-00167,1,OPTIMISTIC,pool-4-thread-182,3847319914700,3849364747100,false,Hết hàng! Sản phẩm Flash Sale 'FSI-00167': yêu cầu 1; còn lại 0
TXN-OPTIMISTIC-00693,REQ-SIM-00693,-,CUS-00693,FSI-00167,1,OPTIMISTIC,pool-4-thread-693,3847326061800,3849365035100,false,Hết hàng! Sản phẩm Flash Sale 'FSI-00167': yêu cầu 1; còn lại 0
TXN-OPTIMISTIC-00158,REQ-SIM-00158,-,CUS-00158,FSI-00167,1,OPTIMISTIC,pool-4-thread-158,3847319646000,3849365384800,false,Hết hàng! Sản phẩm Flash Sale 'FSI-00167': yêu cầu 1; còn lại 0
TXN-OPTIMISTIC-00953,REQ-SIM-00953,-,CUS-00953,FSI-00167,1,OPTIMISTIC,pool-4-thread-953,3847329046500,3849365637200,false,Hết hàng! Sản phẩm Flash Sale 'FSI-00167': yêu cầu 1; còn lại 0
TXN-OPTIMISTIC-00288,REQ-SIM-00288,-,CUS-00288,FSI-00167,1,OPTIMISTIC,pool-4-thread-288,3847321086600,3849366000600,false,Hết hàng! Sản phẩm Flash Sale 'FSI-00167': yêu cầu 1; còn lại 0
TXN-OPTIMISTIC-00328,REQ-SIM-00328,-,CUS-00328,FSI-00167,1,OPTIMISTIC,pool-4-thread-328,3847321545900,3849366357900,false,Hết hàng! Sản phẩm Flash Sale 'FSI-00167': yêu cầu 1; còn lại 0
TXN-OPTIMISTIC-00299,REQ-SIM-00299,-,CUS-00299,FSI-00167,1,OPTIMISTIC,pool-4-thread-299,3847321213800,3849366781900,false,Hết hàng! Sản phẩm Flash Sale 'FSI-00167': yêu cầu 1; còn lại 0
TXN-OPTIMISTIC-00060,REQ-SIM-00060,-,CUS-00060,FSI-00167,1,OPTIMISTIC,pool-4-thread-60,3847318367300,3849367107300,false,Hết hàng! Sản phẩm Flash Sale 'FSI-00167': yêu cầu 1; còn lại 0
TXN-OPTIMISTIC-00298,REQ-SIM-00298,-,CUS-00298,FSI-00167,1,OPTIMISTIC,pool-4-thread-298,3847321258600,3849367423800,false,Hết hàng! Sản phẩm Flash Sale 'FSI-00167': yêu cầu 1; còn lại 0
TXN-OPTIMISTIC-00083,REQ-SIM-00083,-,CUS-00083,FSI-00167,1,OPTIMISTIC,pool-4-thread-83,3847318796400,3849367802300,false,Hết hàng! Sản phẩm Flash Sale 'FSI-00167': yêu cầu 1; còn lại 0
TXN-OPTIMISTIC-00306,REQ-SIM-00306,-,CUS-00306,FSI-00167,1,OPTIMISTIC,pool-4-thread-306,3847321246300,3849368286100,false,Hết hàng! Sản phẩm Flash Sale 'FSI-00167': yêu cầu 1; còn lại 0
TXN-OPTIMISTIC-00191,REQ-SIM-00191,-,CUS-00191,FSI-00167,1,OPTIMISTIC,pool-4-thread-191,3847320010700,3849368619900,false,Hết hàng! Sản phẩm Flash Sale 'FSI-00167': yêu cầu 1; còn lại 0
TXN-OPTIMISTIC-00817,REQ-SIM-00817,-,CUS-00817,FSI-00167,1,OPTIMISTIC,pool-4-thread-817,3847327402600,3849368883800,false,Hết hàng! Sản phẩm Flash Sale 'FSI-00167': yêu cầu 1; còn lại 0
TXN-OPTIMISTIC-00246,REQ-SIM-00246,-,CUS-00246,FSI-00167,1,OPTIMISTIC,pool-4-thread-246,3847320509800,3849369291500,false,Hết hàng! Sản phẩm Flash Sale 'FSI-00167': yêu cầu 1; còn lại 0
TXN-OPTIMISTIC-00286,REQ-SIM-00286,-,CUS-00286,FSI-00167,1,OPTIMISTIC,pool-4-thread-286,3847321064300,3849369612000,false,Hết hàng! Sản phẩm Flash Sale 'FSI-00167': yêu cầu 1; còn lại 0
TXN-OPTIMISTIC-00282,REQ-SIM-00282,-,CUS-00282,FSI-00167,1,OPTIMISTIC,pool-4-thread-282,3847321016300,3849369943600,false,Hết hàng! Sản phẩm Flash Sale 'FSI-00167': yêu cầu 1; còn lại 0
TXN-OPTIMISTIC-00179,REQ-SIM-00179,-,CUS-00179,FSI-00167,1,OPTIMISTIC,pool-4-thread-179,3847319887400,3849370250700,false,Hết hàng! Sản phẩm Flash Sale 'FSI-00167': yêu cầu 1; còn lại 0
TXN-OPTIMISTIC-00690,REQ-SIM-00690,-,CUS-00690,FSI-00167,1,OPTIMISTIC,pool-4-thread-690,3847326027200,3849370517600,false,Hết hàng! Sản phẩm Flash Sale 'FSI-00167': yêu cầu 1; còn lại 0
TXN-OPTIMISTIC-00276,REQ-SIM-00276,-,CUS-00276,FSI-00167,1,OPTIMISTIC,pool-4-thread-276,3847320949400,3849370847700,false,Hết hàng! Sản phẩm Flash Sale 'FSI-00167': yêu cầu 1; còn lại 0
TXN-OPTIMISTIC-00208,REQ-SIM-00208,-,CUS-00208,FSI-00167,1,OPTIMISTIC,pool-4-thread-208,3847320200100,3849371145900,false,Hết hàng! Sản phẩm Flash Sale 'FSI-00167': yêu cầu 1; còn lại 0
TXN-OPTIMISTIC-00193,REQ-SIM-00193,-,CUS-00193,FSI-00167,1,OPTIMISTIC,pool-4-thread-193,3847320033600,3849371517400,false,Hết hàng! Sản phẩm Flash Sale 'FSI-00167': yêu cầu 1; còn lại 0
TXN-OPTIMISTIC-00257,REQ-SIM-00257,-,CUS-00257,FSI-00167,1,OPTIMISTIC,pool-4-thread-257,3847320811500,3849371812200,false,Hết hàng! Sản phẩm Flash Sale 'FSI-00167': yêu cầu 1; còn lại 0
TXN-OPTIMISTIC-00937,REQ-SIM-00937,-,CUS-00937,FSI-00167,1,OPTIMISTIC,pool-4-thread-937,3847328874300,3849372168400,false,Hết hàng! Sản phẩm Flash Sale 'FSI-00167': yêu cầu 1; còn lại 0
TXN-OPTIMISTIC-00216,REQ-SIM-00216,-,CUS-00216,FSI-00167,1,OPTIMISTIC,pool-4-thread-216,3847320284400,3849372453500,false,Hết hàng! Sản phẩm Flash Sale 'FSI-00167': yêu cầu 1; còn lại 0
TXN-OPTIMISTIC-00196,REQ-SIM-00196,-,CUS-00196,FSI-00167,1,OPTIMISTIC,pool-4-thread-196,3847320067100,3849372797600,false,Hết hàng! Sản phẩm Flash Sale 'FSI-00167': yêu cầu 1; còn lại 0
TXN-OPTIMISTIC-00109,REQ-SIM-00109,-,CUS-00109,FSI-00167,1,OPTIMISTIC,pool-4-thread-109,3847319108100,3849373069000,false,Hết hàng! Sản phẩm Flash Sale 'FSI-00167': yêu cầu 1; còn lại 0
TXN-OPTIMISTIC-00165,REQ-SIM-00165,-,CUS-00165,FSI-00167,1,OPTIMISTIC,pool-4-thread-165,3847319722000,3849373436100,false,Hết hàng! Sản phẩm Flash Sale 'FSI-00167': yêu cầu 1; còn lại 0
TXN-OPTIMISTIC-00721,REQ-SIM-00721,-,CUS-00721,FSI-00167,1,OPTIMISTIC,pool-4-thread-721,3847326364500,3849373752600,false,Hết hàng! Sản phẩm Flash Sale 'FSI-00167': yêu cầu 1; còn lại 0
TXN-OPTIMISTIC-00828,REQ-SIM-00828,-,CUS-00828,FSI-00167,1,OPTIMISTIC,pool-4-thread-828,3847327593600,3849374054100,false,Hết hàng! Sản phẩm Flash Sale 'FSI-00167': yêu cầu 1; còn lại 0
TXN-OPTIMISTIC-00178,REQ-SIM-00178,-,CUS-00178,FSI-00167,1,OPTIMISTIC,pool-4-thread-178,3847319876300,3849374346100,false,Hết hàng! Sản phẩm Flash Sale 'FSI-00167': yêu cầu 1; còn lại 0
TXN-OPTIMISTIC-00469,REQ-SIM-00469,-,CUS-00469,FSI-00167,1,OPTIMISTIC,pool-4-thread-469,3847323343700,3849374655600,false,Hết hàng! Sản phẩm Flash Sale 'FSI-00167': yêu cầu 1; còn lại 0
TXN-OPTIMISTIC-00143,REQ-SIM-00143,-,CUS-00143,FSI-00167,1,OPTIMISTIC,pool-4-thread-143,3847319489400,3849375002900,false,Hết hàng! Sản phẩm Flash Sale 'FSI-00167': yêu cầu 1; còn lại 0
TXN-OPTIMISTIC-00202,REQ-SIM-00202,-,CUS-00202,FSI-00167,1,OPTIMISTIC,pool-4-thread-202,3847320132500,3849375265200,false,Hết hàng! Sản phẩm Flash Sale 'FSI-00167': yêu cầu 1; còn lại 0
TXN-OPTIMISTIC-00283,REQ-SIM-00283,-,CUS-00283,FSI-00167,1,OPTIMISTIC,pool-4-thread-283,3847321028700,3849375574100,false,Hết hàng! Sản phẩm Flash Sale 'FSI-00167': yêu cầu 1; còn lại 0
TXN-OPTIMISTIC-00156,REQ-SIM-00156,-,CUS-00156,FSI-00167,1,OPTIMISTIC,pool-4-thread-156,3847319626400,3849375913300,false,Hết hàng! Sản phẩm Flash Sale 'FSI-00167': yêu cầu 1; còn lại 0
TXN-OPTIMISTIC-00166,REQ-SIM-00166,-,CUS-00166,FSI-00167,1,OPTIMISTIC,pool-4-thread-166,3847319732500,3849376231300,false,Hết hàng! Sản phẩm Flash Sale 'FSI-00167': yêu cầu 1; còn lại 0
TXN-OPTIMISTIC-00235,REQ-SIM-00235,-,CUS-00235,FSI-00167,1,OPTIMISTIC,pool-4-thread-235,3847320486000,3849376582200,false,Hết hàng! Sản phẩm Flash Sale 'FSI-00167': yêu cầu 1; còn lại 0
TXN-OPTIMISTIC-00316,REQ-SIM-00316,-,CUS-00316,FSI-00167,1,OPTIMISTIC,pool-4-thread-316,3847321400000,3849376963700,false,Hết hàng! Sản phẩm Flash Sale 'FSI-00167': yêu cầu 1; còn lại 0
TXN-OPTIMISTIC-00215,REQ-SIM-00215,-,CUS-00215,FSI-00167,1,OPTIMISTIC,pool-4-thread-215,3847320273400,3849377237100,false,Hết hàng! Sản phẩm Flash Sale 'FSI-00167': yêu cầu 1; còn lại 0
TXN-OPTIMISTIC-00289,REQ-SIM-00289,-,CUS-00289,FSI-00167,1,OPTIMISTIC,pool-4-thread-289,3847321099200,3849377612400,false,Hết hàng! Sản phẩm Flash Sale 'FSI-00167': yêu cầu 1; còn lại 0
TXN-OPTIMISTIC-00087,REQ-SIM-00087,-,CUS-00087,FSI-00167,1,OPTIMISTIC,pool-4-thread-87,3847318841100,3849377894500,false,Hết hàng! Sản phẩm Flash Sale 'FSI-00167': yêu cầu 1; còn lại 0
TXN-OPTIMISTIC-00066,REQ-SIM-00066,-,CUS-00066,FSI-00167,1,OPTIMISTIC,pool-4-thread-66,3847318953900,3849378190500,false,Hết hàng! Sản phẩm Flash Sale 'FSI-00167': yêu cầu 1; còn lại 0
TXN-OPTIMISTIC-00269,REQ-SIM-00269,-,CUS-00269,FSI-00167,1,OPTIMISTIC,pool-4-thread-269,3847320869400,3849378580600,false,Hết hàng! Sản phẩm Flash Sale 'FSI-00167': yêu cầu 1; còn lại 0
TXN-OPTIMISTIC-00252,REQ-SIM-00252,-,CUS-00252,FSI-00167,1,OPTIMISTIC,pool-4-thread-252,3847320569000,3849378897300,false,Hết hàng! Sản phẩm Flash Sale 'FSI-00167': yêu cầu 1; còn lại 0
TXN-OPTIMISTIC-00783,REQ-SIM-00783,-,CUS-00783,FSI-00167,1,OPTIMISTIC,pool-4-thread-783,3847327040500,3849379180000,false,Hết hàng! Sản phẩm Flash Sale 'FSI-00167': yêu cầu 1; còn lại 0
TXN-OPTIMISTIC-00220,REQ-SIM-00220,-,CUS-00220,FSI-00167,1,OPTIMISTIC,pool-4-thread-220,3847320325900,3849379659800,false,Hết hàng! Sản phẩm Flash Sale 'FSI-00167': yêu cầu 1; còn lại 0
TXN-OPTIMISTIC-00442,REQ-SIM-00442,-,CUS-00442,FSI-00167,1,OPTIMISTIC,pool-4-thread-442,3847322910000,3849379994300,false,Hết hàng! Sản phẩm Flash Sale 'FSI-00167': yêu cầu 1; còn lại 0
TXN-OPTIMISTIC-00270,REQ-SIM-00270,-,CUS-00270,FSI-00167,1,OPTIMISTIC,pool-4-thread-270,3847320881300,3849380274100,false,Hết hàng! Sản phẩm Flash Sale 'FSI-00167': yêu cầu 1; còn lại 0
TXN-OPTIMISTIC-00122,REQ-SIM-00122,-,CUS-00122,FSI-00167,1,OPTIMISTIC,pool-4-thread-122,3847319259300,3849380619600,false,Hết hàng! Sản phẩm Flash Sale 'FSI-00167': yêu cầu 1; còn lại 0
TXN-OPTIMISTIC-00067,REQ-SIM-00067,-,CUS-00067,FSI-00167,1,OPTIMISTIC,pool-4-thread-67,3847318611000,3849380965600,false,Hết hàng! Sản phẩm Flash Sale 'FSI-00167': yêu cầu 1; còn lại 0
TXN-OPTIMISTIC-00239,REQ-SIM-00239,-,CUS-00239,FSI-00167,1,OPTIMISTIC,pool-4-thread-239,3847320528600,3849381244700,false,Hết hàng! Sản phẩm Flash Sale 'FSI-00167': yêu cầu 1; còn lại 0
TXN-OPTIMISTIC-00835,REQ-SIM-00835,-,CUS-00835,FSI-00167,1,OPTIMISTIC,pool-4-thread-835,3847327668000,3849381545900,false,Hết hàng! Sản phẩm Flash Sale 'FSI-00167': yêu cầu 1; còn lại 0
TXN-OPTIMISTIC-00701,REQ-SIM-00701,-,CUS-00701,FSI-00167,1,OPTIMISTIC,pool-4-thread-701,3847326148000,3849381836100,false,Hết hàng! Sản phẩm Flash Sale 'FSI-00167': yêu cầu 1; còn lại 0
TXN-OPTIMISTIC-00082,REQ-SIM-00082,-,CUS-00082,FSI-00167,1,OPTIMISTIC,pool-4-thread-82,3847318783600,3849382184200,false,Hết hàng! Sản phẩm Flash Sale 'FSI-00167': yêu cầu 1; còn lại 0
TXN-OPTIMISTIC-00224,REQ-SIM-00224,-,CUS-00224,FSI-00167,1,OPTIMISTIC,pool-4-thread-224,3847320254300,3849382614000,false,Hết hàng! Sản phẩm Flash Sale 'FSI-00167': yêu cầu 1; còn lại 0
TXN-OPTIMISTIC-00195,REQ-SIM-00195,-,CUS-00195,FSI-00167,1,OPTIMISTIC,pool-4-thread-195,3847320056000,3849382934600,false,Hết hàng! Sản phẩm Flash Sale 'FSI-00167': yêu cầu 1; còn lại 0
TXN-OPTIMISTIC-00091,REQ-SIM-00091,-,CUS-00091,FSI-00167,1,OPTIMISTIC,pool-4-thread-91,3847318892600,3849383238100,false,Hết hàng! Sản phẩm Flash Sale 'FSI-00167': yêu cầu 1; còn lại 0
TXN-OPTIMISTIC-00171,REQ-SIM-00171,-,CUS-00171,FSI-00167,1,OPTIMISTIC,pool-4-thread-171,3847319595500,3849383674000,false,Hết hàng! Sản phẩm Flash Sale 'FSI-00167': yêu cầu 1; còn lại 0
TXN-OPTIMISTIC-00041,REQ-SIM-00041,-,CUS-00041,FSI-00167,1,OPTIMISTIC,pool-4-thread-41,3847318407900,3849383967900,false,Hết hàng! Sản phẩm Flash Sale 'FSI-00167': yêu cầu 1; còn lại 0
TXN-OPTIMISTIC-00250,REQ-SIM-00250,-,CUS-00250,FSI-00167,1,OPTIMISTIC,pool-4-thread-250,3847320644700,3849384304000,false,Hết hàng! Sản phẩm Flash Sale 'FSI-00167': yêu cầu 1; còn lại 0
TXN-OPTIMISTIC-00645,REQ-SIM-00645,-,CUS-00645,FSI-00167,1,OPTIMISTIC,pool-4-thread-645,3847325471500,3849384533400,false,Hết hàng! Sản phẩm Flash Sale 'FSI-00167': yêu cầu 1; còn lại 0
TXN-OPTIMISTIC-00063,REQ-SIM-00063,-,CUS-00063,FSI-00167,1,OPTIMISTIC,pool-4-thread-63,3847318561300,3849384862100,false,Hết hàng! Sản phẩm Flash Sale 'FSI-00167': yêu cầu 1; còn lại 0
TXN-OPTIMISTIC-00253,REQ-SIM-00253,-,CUS-00253,FSI-00167,1,OPTIMISTIC,pool-4-thread-253,3847320579700,3849385186700,false,Hết hàng! Sản phẩm Flash Sale 'FSI-00167': yêu cầu 1; còn lại 0
TXN-OPTIMISTIC-00115,REQ-SIM-00115,-,CUS-00115,FSI-00167,1,OPTIMISTIC,pool-4-thread-115,3847319179800,3849385634700,false,Hết hàng! Sản phẩm Flash Sale 'FSI-00167': yêu cầu 1; còn lại 0
TXN-OPTIMISTIC-00134,REQ-SIM-00134,-,CUS-00134,FSI-00167,1,OPTIMISTIC,pool-4-thread-134,3847319392700,3849385941500,false,Hết hàng! Sản phẩm Flash Sale 'FSI-00167': yêu cầu 1; còn lại 0
TXN-OPTIMISTIC-00347,REQ-SIM-00347,-,CUS-00347,FSI-00167,1,OPTIMISTIC,pool-4-thread-347,3847321766000,3849386216500,false,Hết hàng! Sản phẩm Flash Sale 'FSI-00167': yêu cầu 1; còn lại 0
TXN-OPTIMISTIC-00212,REQ-SIM-00212,-,CUS-00212,FSI-00167,1,OPTIMISTIC,pool-4-thread-212,3847320240900,3849386539500,false,Hết hàng! Sản phẩm Flash Sale 'FSI-00167': yêu cầu 1; còn lại 0
TXN-OPTIMISTIC-00118,REQ-SIM-00118,-,CUS-00118,FSI-00167,1,OPTIMISTIC,pool-4-thread-118,3847319212900,3849386821600,false,Hết hàng! Sản phẩm Flash Sale 'FSI-00167': yêu cầu 1; còn lại 0
TXN-OPTIMISTIC-00090,REQ-SIM-00090,-,CUS-00090,FSI-00167,1,OPTIMISTIC,pool-4-thread-90,3847318880000,3849387180100,false,Hết hàng! Sản phẩm Flash Sale 'FSI-00167': yêu cầu 1; còn lại 0
TXN-OPTIMISTIC-00167,REQ-SIM-00167,-,CUS-00167,FSI-00167,1,OPTIMISTIC,pool-4-thread-167,3847319743300,3849387438400,false,Hết hàng! Sản phẩm Flash Sale 'FSI-00167': yêu cầu 1; còn lại 0
TXN-OPTIMISTIC-00177,REQ-SIM-00177,-,CUS-00177,FSI-00167,1,OPTIMISTIC,pool-4-thread-177,3847319668000,3849387741100,false,Hết hàng! Sản phẩm Flash Sale 'FSI-00167': yêu cầu 1; còn lại 0
TXN-OPTIMISTIC-00024,REQ-SIM-00024,-,CUS-00024,FSI-00167,1,OPTIMISTIC,pool-4-thread-24,3847318083000,3849388039500,false,Hết hàng! Sản phẩm Flash Sale 'FSI-00167': yêu cầu 1; còn lại 0
TXN-OPTIMISTIC-00117,REQ-SIM-00117,-,CUS-00117,FSI-00167,1,OPTIMISTIC,pool-4-thread-117,3847319201700,3849388319500,false,Hết hàng! Sản phẩm Flash Sale 'FSI-00167': yêu cầu 1; còn lại 0
TXN-OPTIMISTIC-00240,REQ-SIM-00240,-,CUS-00240,FSI-00167,1,OPTIMISTIC,pool-4-thread-240,3847320540700,3849388610600,false,Hết hàng! Sản phẩm Flash Sale 'FSI-00167': yêu cầu 1; còn lại 0
TXN-OPTIMISTIC-00201,REQ-SIM-00201,-,CUS-00201,FSI-00167,1,OPTIMISTIC,pool-4-thread-201,3847320263900,3849388896700,false,Hết hàng! Sản phẩm Flash Sale 'FSI-00167': yêu cầu 1; còn lại 0
TXN-OPTIMISTIC-00552,REQ-SIM-00552,-,CUS-00552,FSI-00167,1,OPTIMISTIC,pool-4-thread-552,3847324318400,3849389171300,false,Hết hàng! Sản phẩm Flash Sale 'FSI-00167': yêu cầu 1; còn lại 0
TXN-OPTIMISTIC-00251,REQ-SIM-00251,-,CUS-00251,FSI-00167,1,OPTIMISTIC,pool-4-thread-251,3847320654100,3849389478500,false,Hết hàng! Sản phẩm Flash Sale 'FSI-00167': yêu cầu 1; còn lại 0
TXN-OPTIMISTIC-00203,REQ-SIM-00203,-,CUS-00203,FSI-00167,1,OPTIMISTIC,pool-4-thread-203,3847320142100,3849389770600,false,Hết hàng! Sản phẩm Flash Sale 'FSI-00167': yêu cầu 1; còn lại 0
TXN-OPTIMISTIC-00317,REQ-SIM-00317,-,CUS-00317,FSI-00167,1,OPTIMISTIC,pool-4-thread-317,3847321412400,3849390095700,false,Hết hàng! Sản phẩm Flash Sale 'FSI-00167': yêu cầu 1; còn lại 0
TXN-OPTIMISTIC-00194,REQ-SIM-00194,-,CUS-00194,FSI-00167,1,OPTIMISTIC,pool-4-thread-194,3847320046500,3849390362100,false,Hết hàng! Sản phẩm Flash Sale 'FSI-00167': yêu cầu 1; còn lại 0
TXN-OPTIMISTIC-00069,REQ-SIM-00069,-,CUS-00069,FSI-00167,1,OPTIMISTIC,pool-4-thread-69,3847318477900,3849390665300,false,Hết hàng! Sản phẩm Flash Sale 'FSI-00167': yêu cầu 1; còn lại 0
TXN-OPTIMISTIC-00228,REQ-SIM-00228,-,CUS-00228,FSI-00167,1,OPTIMISTIC,pool-4-thread-228,3847320405200,3849390990400,false,Hết hàng! Sản phẩm Flash Sale 'FSI-00167': yêu cầu 1; còn lại 0
TXN-OPTIMISTIC-00140,REQ-SIM-00140,-,CUS-00140,FSI-00167,1,OPTIMISTIC,pool-4-thread-140,3847319459700,3849391309300,false,Hết hàng! Sản phẩm Flash Sale 'FSI-00167': yêu cầu 1; còn lại 0
TXN-OPTIMISTIC-00293,REQ-SIM-00293,-,CUS-00293,FSI-00167,1,OPTIMISTIC,pool-4-thread-293,3847321142300,3849391571400,false,Hết hàng! Sản phẩm Flash Sale 'FSI-00167': yêu cầu 1; còn lại 0
TXN-OPTIMISTIC-00305,REQ-SIM-00305,-,CUS-00305,FSI-00167,1,OPTIMISTIC,pool-4-thread-305,3847321279200,3849391874300,false,Hết hàng! Sản phẩm Flash Sale 'FSI-00167': yêu cầu 1; còn lại 0
TXN-OPTIMISTIC-00241,REQ-SIM-00241,-,CUS-00241,FSI-00167,1,OPTIMISTIC,pool-4-thread-241,3847320550600,3849392176900,false,Hết hàng! Sản phẩm Flash Sale 'FSI-00167': yêu cầu 1; còn lại 0
TXN-OPTIMISTIC-00068,REQ-SIM-00068,-,CUS-00068,FSI-00167,1,OPTIMISTIC,pool-4-thread-68,3847318622900,3849392529300,false,Hết hàng! Sản phẩm Flash Sale 'FSI-00167': yêu cầu 1; còn lại 0
TXN-OPTIMISTIC-00100,REQ-SIM-00100,-,CUS-00100,FSI-00167,1,OPTIMISTIC,pool-4-thread-100,3847319002500,3849392775000,false,Hết hàng! Sản phẩm Flash Sale 'FSI-00167': yêu cầu 1; còn lại 0
TXN-OPTIMISTIC-00040,REQ-SIM-00040,-,CUS-00040,FSI-00167,1,OPTIMISTIC,pool-4-thread-40,3847318262800,3849393101100,false,Hết hàng! Sản phẩm Flash Sale 'FSI-00167': yêu cầu 1; còn lại 0
TXN-OPTIMISTIC-00151,REQ-SIM-00151,-,CUS-00151,FSI-00167,1,OPTIMISTIC,pool-4-thread-151,3847319575400,3849393342600,false,Hết hàng! Sản phẩm Flash Sale 'FSI-00167': yêu cầu 1; còn lại 0
TXN-OPTIMISTIC-00056,REQ-SIM-00056,-,CUS-00056,FSI-00167,1,OPTIMISTIC,pool-4-thread-56,3847318633300,3849393672200,false,Hết hàng! Sản phẩm Flash Sale 'FSI-00167': yêu cầu 1; còn lại 0
TXN-OPTIMISTIC-00075,REQ-SIM-00075,-,CUS-00075,FSI-00167,1,OPTIMISTIC,pool-4-thread-75,3847318702400,3849393918700,false,Hết hàng! Sản phẩm Flash Sale 'FSI-00167': yêu cầu 1; còn lại 0
TXN-OPTIMISTIC-00051,REQ-SIM-00051,-,CUS-00051,FSI-00167,1,OPTIMISTIC,pool-4-thread-51,3847318252000,3849394259100,false,Hết hàng! Sản phẩm Flash Sale 'FSI-00167': yêu cầu 1; còn lại 0
TXN-OPTIMISTIC-00754,REQ-SIM-00754,-,CUS-00754,FSI-00167,1,OPTIMISTIC,pool-4-thread-754,3847326724200,3849394553600,false,Hết hàng! Sản phẩm Flash Sale 'FSI-00167': yêu cầu 1; còn lại 0
TXN-OPTIMISTIC-00162,REQ-SIM-00162,-,CUS-00162,FSI-00167,1,OPTIMISTIC,pool-4-thread-162,3847319690300,3849394802800,false,Hết hàng! Sản phẩm Flash Sale 'FSI-00167': yêu cầu 1; còn lại 0
TXN-OPTIMISTIC-00093,REQ-SIM-00093,-,CUS-00093,FSI-00167,1,OPTIMISTIC,pool-4-thread-93,3847318915100,3849395133600,false,Hết hàng! Sản phẩm Flash Sale 'FSI-00167': yêu cầu 1; còn lại 0
TXN-OPTIMISTIC-00322,REQ-SIM-00322,-,CUS-00322,FSI-00167,1,OPTIMISTIC,pool-4-thread-322,3847321472200,3849395424600,false,Hết hàng! Sản phẩm Flash Sale 'FSI-00167': yêu cầu 1; còn lại 0
TXN-OPTIMISTIC-00077,REQ-SIM-00077,-,CUS-00077,FSI-00167,1,OPTIMISTIC,pool-4-thread-77,3847318722500,3849395742100,false,Hết hàng! Sản phẩm Flash Sale 'FSI-00167': yêu cầu 1; còn lại 0
TXN-OPTIMISTIC-00044,REQ-SIM-00044,-,CUS-00044,FSI-00167,1,OPTIMISTIC,pool-4-thread-44,3847318308000,3849396043700,false,Hết hàng! Sản phẩm Flash Sale 'FSI-00167': yêu cầu 1; còn lại 0
TXN-OPTIMISTIC-00234,REQ-SIM-00234,-,CUS-00234,FSI-00167,1,OPTIMISTIC,pool-4-thread-234,3847320474700,3849396341500,false,Hết hàng! Sản phẩm Flash Sale 'FSI-00167': yêu cầu 1; còn lại 0
TXN-OPTIMISTIC-00141,REQ-SIM-00141,-,CUS-00141,FSI-00167,1,OPTIMISTIC,pool-4-thread-141,3847319248400,3849396659300,false,Hết hàng! Sản phẩm Flash Sale 'FSI-00167': yêu cầu 1; còn lại 0
TXN-OPTIMISTIC-00074,REQ-SIM-00074,-,CUS-00074,FSI-00167,1,OPTIMISTIC,pool-4-thread-74,3847318689600,3849397022900,false,Hết hàng! Sản phẩm Flash Sale 'FSI-00167': yêu cầu 1; còn lại 0
TXN-OPTIMISTIC-00311,REQ-SIM-00311,-,CUS-00311,FSI-00167,1,OPTIMISTIC,pool-4-thread-311,3847321381300,3849397310400,false,Hết hàng! Sản phẩm Flash Sale 'FSI-00167': yêu cầu 1; còn lại 0
TXN-OPTIMISTIC-00310,REQ-SIM-00310,-,CUS-00310,FSI-00167,1,OPTIMISTIC,pool-4-thread-310,3847321336500,3849397562300,false,Hết hàng! Sản phẩm Flash Sale 'FSI-00167': yêu cầu 1; còn lại 0
TXN-OPTIMISTIC-00307,REQ-SIM-00307,-,CUS-00307,FSI-00167,1,OPTIMISTIC,pool-4-thread-307,3847321300300,3849397907200,false,Hết hàng! Sản phẩm Flash Sale 'FSI-00167': yêu cầu 1; còn lại 0
TXN-OPTIMISTIC-00172,REQ-SIM-00172,-,CUS-00172,FSI-00167,1,OPTIMISTIC,pool-4-thread-172,3847319807900,3849398189900,false,Hết hàng! Sản phẩm Flash Sale 'FSI-00167': yêu cầu 1; còn lại 0
TXN-OPTIMISTIC-00081,REQ-SIM-00081,-,CUS-00081,FSI-00167,1,OPTIMISTIC,pool-4-thread-81,3847318767200,3849398457400,false,Hết hàng! Sản phẩm Flash Sale 'FSI-00167': yêu cầu 1; còn lại 0
TXN-OPTIMISTIC-00062,REQ-SIM-00062,-,CUS-00062,FSI-00167,1,OPTIMISTIC,pool-4-thread-62,3847318548100,3849398804000,false,Hết hàng! Sản phẩm Flash Sale 'FSI-00167': yêu cầu 1; còn lại 0
TXN-OPTIMISTIC-00342,REQ-SIM-00342,-,CUS-00342,FSI-00167,1,OPTIMISTIC,pool-4-thread-342,3847321702200,3849399088200,false,Hết hàng! Sản phẩm Flash Sale 'FSI-00167': yêu cầu 1; còn lại 0
TXN-OPTIMISTIC-00009,REQ-SIM-00009,-,CUS-00009,FSI-00167,1,OPTIMISTIC,pool-4-thread-9,3847317803600,3849399563200,false,Hết hàng! Sản phẩm Flash Sale 'FSI-00167': yêu cầu 1; còn lại 0
TXN-OPTIMISTIC-00330,REQ-SIM-00330,-,CUS-00330,FSI-00167,1,OPTIMISTIC,pool-4-thread-330,3847321569000,3849399693000,false,Hết hàng! Sản phẩm Flash Sale 'FSI-00167': yêu cầu 1; còn lại 0
TXN-OPTIMISTIC-00047,REQ-SIM-00047,-,CUS-00047,FSI-00167,1,OPTIMISTIC,pool-4-thread-47,3847318505900,3849399966300,false,Hết hàng! Sản phẩm Flash Sale 'FSI-00167': yêu cầu 1; còn lại 0
TXN-OPTIMISTIC-00101,REQ-SIM-00101,-,CUS-00101,FSI-00167,1,OPTIMISTIC,pool-4-thread-101,3847319014100,3849400309000,false,Hết hàng! Sản phẩm Flash Sale 'FSI-00167': yêu cầu 1; còn lại 0
TXN-OPTIMISTIC-00015,REQ-SIM-00015,-,CUS-00015,FSI-00167,1,OPTIMISTIC,pool-4-thread-15,3847317989900,3849400599900,false,Hết hàng! Sản phẩm Flash Sale 'FSI-00167': yêu cầu 1; còn lại 0
TXN-OPTIMISTIC-00679,REQ-SIM-00679,-,CUS-00679,FSI-00167,1,OPTIMISTIC,pool-4-thread-679,3847325854300,3849400861600,false,Hết hàng! Sản phẩm Flash Sale 'FSI-00167': yêu cầu 1; còn lại 0
TXN-OPTIMISTIC-00256,REQ-SIM-00256,-,CUS-00256,FSI-00167,1,OPTIMISTIC,pool-4-thread-256,3847320706400,3849401158900,false,Hết hàng! Sản phẩm Flash Sale 'FSI-00167': yêu cầu 1; còn lại 0
TXN-OPTIMISTIC-00152,REQ-SIM-00152,-,CUS-00152,FSI-00167,1,OPTIMISTIC,pool-4-thread-152,3847319585600,3849401454800,false,Hết hàng! Sản phẩm Flash Sale 'FSI-00167': yêu cầu 1; còn lại 0
TXN-OPTIMISTIC-00967,REQ-SIM-00967,-,CUS-00967,FSI-00167,1,OPTIMISTIC,pool-4-thread-967,3847329199600,3849401766700,false,Hết hàng! Sản phẩm Flash Sale 'FSI-00167': yêu cầu 1; còn lại 0
TXN-OPTIMISTIC-00110,REQ-SIM-00110,-,CUS-00110,FSI-00167,1,OPTIMISTIC,pool-4-thread-110,3847319118900,3849402066700,false,Hết hàng! Sản phẩm Flash Sale 'FSI-00167': yêu cầu 1; còn lại 0
TXN-OPTIMISTIC-00373,REQ-SIM-00373,-,CUS-00373,FSI-00167,1,OPTIMISTIC,pool-4-thread-373,3847322055200,3849402346100,false,Hết hàng! Sản phẩm Flash Sale 'FSI-00167': yêu cầu 1; còn lại 0
TXN-OPTIMISTIC-00098,REQ-SIM-00098,-,CUS-00098,FSI-00167,1,OPTIMISTIC,pool-4-thread-98,3847318978400,3849402657000,false,Hết hàng! Sản phẩm Flash Sale 'FSI-00167': yêu cầu 1; còn lại 0
TXN-OPTIMISTIC-00787,REQ-SIM-00787,-,CUS-00787,FSI-00167,1,OPTIMISTIC,pool-4-thread-787,3847327082400,3849402983200,false,Hết hàng! Sản phẩm Flash Sale 'FSI-00167': yêu cầu 1; còn lại 0
TXN-OPTIMISTIC-00173,REQ-SIM-00173,-,CUS-00173,FSI-00167,1,OPTIMISTIC,pool-4-thread-173,3847319821800,3849403261500,false,Hết hàng! Sản phẩm Flash Sale 'FSI-00167': yêu cầu 1; còn lại 0
TXN-OPTIMISTIC-00076,REQ-SIM-00076,-,CUS-00076,FSI-00167,1,OPTIMISTIC,pool-4-thread-76,3847318713600,3849403546900,false,Hết hàng! Sản phẩm Flash Sale 'FSI-00167': yêu cầu 1; còn lại 0
TXN-OPTIMISTIC-00065,REQ-SIM-00065,-,CUS-00065,FSI-00167,1,OPTIMISTIC,pool-4-thread-65,3847318587800,3849403831300,false,Hết hàng! Sản phẩm Flash Sale 'FSI-00167': yêu cầu 1; còn lại 0
TXN-OPTIMISTIC-00237,REQ-SIM-00237,-,CUS-00237,FSI-00167,1,OPTIMISTIC,pool-4-thread-237,3847320602500,3849404142500,false,Hết hàng! Sản phẩm Flash Sale 'FSI-00167': yêu cầu 1; còn lại 0
TXN-OPTIMISTIC-00799,REQ-SIM-00799,-,CUS-00799,FSI-00167,1,OPTIMISTIC,pool-4-thread-799,3847327205500,3849404388700,false,Hết hàng! Sản phẩm Flash Sale 'FSI-00167': yêu cầu 1; còn lại 0
TXN-OPTIMISTIC-00008,REQ-SIM-00008,-,CUS-00008,FSI-00167,1,OPTIMISTIC,pool-4-thread-8,3847317791900,3849404718600,false,Hết hàng! Sản phẩm Flash Sale 'FSI-00167': yêu cầu 1; còn lại 0
TXN-OPTIMISTIC-00059,REQ-SIM-00059,-,CUS-00059,FSI-00167,1,OPTIMISTIC,pool-4-thread-59,3847318667700,3849405061700,false,Hết hàng! Sản phẩm Flash Sale 'FSI-00167': yêu cầu 1; còn lại 0
TXN-OPTIMISTIC-00655,REQ-SIM-00655,-,CUS-00655,FSI-00167,1,OPTIMISTIC,pool-4-thread-655,3847325594000,3849405428300,false,Hết hàng! Sản phẩm Flash Sale 'FSI-00167': yêu cầu 1; còn lại 0
TXN-OPTIMISTIC-00125,REQ-SIM-00125,-,CUS-00125,FSI-00167,1,OPTIMISTIC,pool-4-thread-125,3847319289400,3849405837800,false,Hết hàng! Sản phẩm Flash Sale 'FSI-00167': yêu cầu 1; còn lại 0
TXN-OPTIMISTIC-00775,REQ-SIM-00775,-,CUS-00775,FSI-00167,1,OPTIMISTIC,pool-4-thread-775,3847326952500,3849406140500,false,Hết hàng! Sản phẩm Flash Sale 'FSI-00167': yêu cầu 1; còn lại 0
TXN-OPTIMISTIC-00974,REQ-SIM-00974,-,CUS-00974,FSI-00167,1,OPTIMISTIC,pool-4-thread-974,3847329268700,3849406550800,false,Hết hàng! Sản phẩm Flash Sale 'FSI-00167': yêu cầu 1; còn lại 0
TXN-OPTIMISTIC-00781,REQ-SIM-00781,-,CUS-00781,FSI-00167,1,OPTIMISTIC,pool-4-thread-781,3847327021800,3849406858700,false,Hết hàng! Sản phẩm Flash Sale 'FSI-00167': yêu cầu 1; còn lại 0
TXN-OPTIMISTIC-00261,REQ-SIM-00261,-,CUS-00261,FSI-00167,1,OPTIMISTIC,pool-4-thread-261,3847320767700,3849407159500,false,Hết hàng! Sản phẩm Flash Sale 'FSI-00167': yêu cầu 1; còn lại 0
TXN-OPTIMISTIC-00987,REQ-SIM-00987,-,CUS-00987,FSI-00167,1,OPTIMISTIC,pool-4-thread-987,3847329406800,3849407489700,false,Hết hàng! Sản phẩm Flash Sale 'FSI-00167': yêu cầu 1; còn lại 0
TXN-OPTIMISTIC-00709,REQ-SIM-00709,-,CUS-00709,FSI-00167,1,OPTIMISTIC,pool-4-thread-709,3847326235600,3849407807800,false,Hết hàng! Sản phẩm Flash Sale 'FSI-00167': yêu cầu 1; còn lại 0
TXN-OPTIMISTIC-00780,REQ-SIM-00780,-,CUS-00780,FSI-00167,1,OPTIMISTIC,pool-4-thread-780,3847327009700,3849408230400,false,Hết hàng! Sản phẩm Flash Sale 'FSI-00167': yêu cầu 1; còn lại 0
TXN-OPTIMISTIC-00720,REQ-SIM-00720,-,CUS-00720,FSI-00167,1,OPTIMISTIC,pool-4-thread-720,3847326354400,3849408548800,false,Hết hàng! Sản phẩm Flash Sale 'FSI-00167': yêu cầu 1; còn lại 0
TXN-OPTIMISTIC-00085,REQ-SIM-00085,-,CUS-00085,FSI-00167,1,OPTIMISTIC,pool-4-thread-85,3847318816400,3849409224800,false,Hết hàng! Sản phẩm Flash Sale 'FSI-00167': yêu cầu 1; còn lại 0
TXN-OPTIMISTIC-00614,REQ-SIM-00614,-,CUS-00614,FSI-00167,1,OPTIMISTIC,pool-4-thread-614,3847325137900,3849409298600,false,Hết hàng! Sản phẩm Flash Sale 'FSI-00167': yêu cầu 1; còn lại 0
TXN-OPTIMISTIC-00631,REQ-SIM-00631,-,CUS-00631,FSI-00167,1,OPTIMISTIC,pool-4-thread-631,3847325322600,3849409556700,false,Hết hàng! Sản phẩm Flash Sale 'FSI-00167': yêu cầu 1; còn lại 0
TXN-OPTIMISTIC-00309,REQ-SIM-00309,-,CUS-00309,FSI-00167,1,OPTIMISTIC,pool-4-thread-309,3847321326700,3849409906700,false,Hết hàng! Sản phẩm Flash Sale 'FSI-00167': yêu cầu 1; còn lại 0
TXN-OPTIMISTIC-00211,REQ-SIM-00211,-,CUS-00211,FSI-00167,1,OPTIMISTIC,pool-4-thread-211,3847320229100,3849410344300,false,Hết hàng! Sản phẩm Flash Sale 'FSI-00167': yêu cầu 1; còn lại 0
TXN-OPTIMISTIC-00217,REQ-SIM-00217,-,CUS-00217,FSI-00167,1,OPTIMISTIC,pool-4-thread-217,3847320296400,3849410656400,false,Hết hàng! Sản phẩm Flash Sale 'FSI-00167': yêu cầu 1; còn lại 0
TXN-OPTIMISTIC-00729,REQ-SIM-00729,-,CUS-00729,FSI-00167,1,OPTIMISTIC,pool-4-thread-729,3847326454200,3849410885700,false,Hết hàng! Sản phẩm Flash Sale 'FSI-00167': yêu cầu 1; còn lại 0
TXN-OPTIMISTIC-00198,REQ-SIM-00198,-,CUS-00198,FSI-00167,1,OPTIMISTIC,pool-4-thread-198,3847320087500,3849411256000,false,Hết hàng! Sản phẩm Flash Sale 'FSI-00167': yêu cầu 1; còn lại 0
TXN-OPTIMISTIC-00332,REQ-SIM-00332,-,CUS-00332,FSI-00167,1,OPTIMISTIC,pool-4-thread-332,3847321594100,3849411529100,false,Hết hàng! Sản phẩm Flash Sale 'FSI-00167': yêu cầu 1; còn lại 0
TXN-OPTIMISTIC-00627,REQ-SIM-00627,-,CUS-00627,FSI-00167,1,OPTIMISTIC,pool-4-thread-627,3847325280800,3849411836400,false,Hết hàng! Sản phẩm Flash Sale 'FSI-00167': yêu cầu 1; còn lại 0
TXN-OPTIMISTIC-00414,REQ-SIM-00414,-,CUS-00414,FSI-00167,1,OPTIMISTIC,pool-4-thread-414,3847322631300,3849412155800,false,Hết hàng! Sản phẩm Flash Sale 'FSI-00167': yêu cầu 1; còn lại 0
TXN-OPTIMISTIC-00266,REQ-SIM-00266,-,CUS-00266,FSI-00167,1,OPTIMISTIC,pool-4-thread-266,3847320836700,3849412462800,false,Hết hàng! Sản phẩm Flash Sale 'FSI-00167': yêu cầu 1; còn lại 0
TXN-OPTIMISTIC-00199,REQ-SIM-00199,-,CUS-00199,FSI-00167,1,OPTIMISTIC,pool-4-thread-199,3847320100900,3849412771400,false,Hết hàng! Sản phẩm Flash Sale 'FSI-00167': yêu cầu 1; còn lại 0
TXN-OPTIMISTIC-00183,REQ-SIM-00183,-,CUS-00183,FSI-00167,1,OPTIMISTIC,pool-4-thread-183,3847319925400,3849413117000,false,Hết hàng! Sản phẩm Flash Sale 'FSI-00167': yêu cầu 1; còn lại 0
TXN-OPTIMISTIC-00204,REQ-SIM-00204,-,CUS-00204,FSI-00167,1,OPTIMISTIC,pool-4-thread-204,3847320153900,3849413420400,false,Hết hàng! Sản phẩm Flash Sale 'FSI-00167': yêu cầu 1; còn lại 0
TXN-OPTIMISTIC-00344,REQ-SIM-00344,-,CUS-00344,FSI-00167,1,OPTIMISTIC,pool-4-thread-344,3847321730600,3849413728100,false,Hết hàng! Sản phẩm Flash Sale 'FSI-00167': yêu cầu 1; còn lại 0
TXN-OPTIMISTIC-00175,REQ-SIM-00175,-,CUS-00175,FSI-00167,1,OPTIMISTIC,pool-4-thread-175,3847320000800,3849414042000,false,Hết hàng! Sản phẩm Flash Sale 'FSI-00167': yêu cầu 1; còn lại 0
TXN-OPTIMISTIC-00864,REQ-SIM-00864,-,CUS-00864,FSI-00167,1,OPTIMISTIC,pool-4-thread-864,3847327969400,3849414276900,false,Hết hàng! Sản phẩm Flash Sale 'FSI-00167': yêu cầu 1; còn lại 0
TXN-OPTIMISTIC-00290,REQ-SIM-00290,-,CUS-00290,FSI-00167,1,OPTIMISTIC,pool-4-thread-290,3847321109100,3849414586500,false,Hết hàng! Sản phẩm Flash Sale 'FSI-00167': yêu cầu 1; còn lại 0
TXN-OPTIMISTIC-00602,REQ-SIM-00602,-,CUS-00602,FSI-00167,1,OPTIMISTIC,pool-4-thread-602,3847325015100,3849414902100,false,Hết hàng! Sản phẩm Flash Sale 'FSI-00167': yêu cầu 1; còn lại 0
TXN-OPTIMISTIC-00955,REQ-SIM-00955,-,CUS-00955,FSI-00167,1,OPTIMISTIC,pool-4-thread-955,3847329069800,3849415204600,false,Hết hàng! Sản phẩm Flash Sale 'FSI-00167': yêu cầu 1; còn lại 0
TXN-OPTIMISTIC-00133,REQ-SIM-00133,-,CUS-00133,FSI-00167,1,OPTIMISTIC,pool-4-thread-133,3847319616800,3849415489200,false,Hết hàng! Sản phẩm Flash Sale 'FSI-00167': yêu cầu 1; còn lại 0
TXN-OPTIMISTIC-00321,REQ-SIM-00321,-,CUS-00321,FSI-00167,1,OPTIMISTIC,pool-4-thread-321,3847321458100,3849415834400,false,Hết hàng! Sản phẩm Flash Sale 'FSI-00167': yêu cầu 1; còn lại 0
TXN-OPTIMISTIC-00192,REQ-SIM-00192,-,CUS-00192,FSI-00167,1,OPTIMISTIC,pool-4-thread-192,3847320020500,3849416143600,false,Hết hàng! Sản phẩm Flash Sale 'FSI-00167': yêu cầu 1; còn lại 0
TXN-OPTIMISTIC-00313,REQ-SIM-00313,-,CUS-00313,FSI-00167,1,OPTIMISTIC,pool-4-thread-313,3847321370500,3849416438700,false,Hết hàng! Sản phẩm Flash Sale 'FSI-00167': yêu cầu 1; còn lại 0
TXN-OPTIMISTIC-00180,REQ-SIM-00180,-,CUS-00180,FSI-00167,1,OPTIMISTIC,pool-4-thread-180,3847319712700,3849416724600,false,Hết hàng! Sản phẩm Flash Sale 'FSI-00167': yêu cầu 1; còn lại 0
TXN-OPTIMISTIC-00163,REQ-SIM-00163,-,CUS-00163,FSI-00167,1,OPTIMISTIC,pool-4-thread-163,3847319701500,3849417156500,false,Hết hàng! Sản phẩm Flash Sale 'FSI-00167': yêu cầu 1; còn lại 0
TXN-OPTIMISTIC-00272,REQ-SIM-00272,-,CUS-00272,FSI-00167,1,OPTIMISTIC,pool-4-thread-272,3847320904700,3849417296400,false,Hết hàng! Sản phẩm Flash Sale 'FSI-00167': yêu cầu 1; còn lại 0
TXN-OPTIMISTIC-00164,REQ-SIM-00164,-,CUS-00164,FSI-00167,1,OPTIMISTIC,pool-4-thread-164,3847319896900,3849417639400,false,Hết hàng! Sản phẩm Flash Sale 'FSI-00167': yêu cầu 1; còn lại 0
TXN-OPTIMISTIC-00531,REQ-SIM-00531,-,CUS-00531,FSI-00167,1,OPTIMISTIC,pool-4-thread-531,3847324002800,3849417898800,false,Hết hàng! Sản phẩm Flash Sale 'FSI-00167': yêu cầu 1; còn lại 0
TXN-OPTIMISTIC-00121,REQ-SIM-00121,-,CUS-00121,FSI-00167,1,OPTIMISTIC,pool-4-thread-121,3847319034100,3849418228700,false,Hết hàng! Sản phẩm Flash Sale 'FSI-00167': yêu cầu 1; còn lại 0
TXN-OPTIMISTIC-00777,REQ-SIM-00777,-,CUS-00777,FSI-00167,1,OPTIMISTIC,pool-4-thread-777,3847326975700,3849418610600,false,Hết hàng! Sản phẩm Flash Sale 'FSI-00167': yêu cầu 1; còn lại 0
TXN-OPTIMISTIC-00891,REQ-SIM-00891,-,CUS-00891,FSI-00167,1,OPTIMISTIC,pool-4-thread-891,3847328390500,3849418733200,false,Hết hàng! Sản phẩm Flash Sale 'FSI-00167': yêu cầu 1; còn lại 0
TXN-OPTIMISTIC-00049,REQ-SIM-00049,-,CUS-00049,FSI-00167,1,OPTIMISTIC,pool-4-thread-49,3847318527800,3849419017200,false,Hết hàng! Sản phẩm Flash Sale 'FSI-00167': yêu cầu 1; còn lại 0
TXN-OPTIMISTIC-00452,REQ-SIM-00452,-,CUS-00452,FSI-00167,1,OPTIMISTIC,pool-4-thread-452,3847323127700,3849419328500,false,Hết hàng! Sản phẩm Flash Sale 'FSI-00167': yêu cầu 1; còn lại 0
TXN-OPTIMISTIC-00296,REQ-SIM-00296,-,CUS-00296,FSI-00167,1,OPTIMISTIC,pool-4-thread-296,3847321236900,3849419651300,false,Hết hàng! Sản phẩm Flash Sale 'FSI-00167': yêu cầu 1; còn lại 0
TXN-OPTIMISTIC-00423,REQ-SIM-00423,-,CUS-00423,FSI-00167,1,OPTIMISTIC,pool-4-thread-423,3847322733600,3849419936300,false,Hết hàng! Sản phẩm Flash Sale 'FSI-00167': yêu cầu 1; còn lại 0
TXN-OPTIMISTIC-00157,REQ-SIM-00157,-,CUS-00157,FSI-00167,1,OPTIMISTIC,pool-4-thread-157,3847319402800,3849420286400,false,Hết hàng! Sản phẩm Flash Sale 'FSI-00167': yêu cầu 1; còn lại 0
TXN-OPTIMISTIC-00369,REQ-SIM-00369,-,CUS-00369,FSI-00167,1,OPTIMISTIC,pool-4-thread-369,3847322013400,3849420563600,false,Hết hàng! Sản phẩm Flash Sale 'FSI-00167': yêu cầu 1; còn lại 0
TXN-OPTIMISTIC-00108,REQ-SIM-00108,-,CUS-00108,FSI-00167,1,OPTIMISTIC,pool-4-thread-108,3847319096400,3849420899500,false,Hết hàng! Sản phẩm Flash Sale 'FSI-00167': yêu cầu 1; còn lại 0
TXN-OPTIMISTIC-00596,REQ-SIM-00596,-,CUS-00596,FSI-00167,1,OPTIMISTIC,pool-4-thread-596,3847324952200,3849421179400,false,Hết hàng! Sản phẩm Flash Sale 'FSI-00167': yêu cầu 1; còn lại 0
TXN-OPTIMISTIC-00036,REQ-SIM-00036,-,CUS-00036,FSI-00167,1,OPTIMISTIC,pool-4-thread-36,3847318220100,3849421450400,false,Hết hàng! Sản phẩm Flash Sale 'FSI-00167': yêu cầu 1; còn lại 0
TXN-OPTIMISTIC-00097,REQ-SIM-00097,-,CUS-00097,FSI-00167,1,OPTIMISTIC,pool-4-thread-97,3847318965700,3849421763700,false,Hết hàng! Sản phẩm Flash Sale 'FSI-00167': yêu cầu 1; còn lại 0
TXN-OPTIMISTIC-00139,REQ-SIM-00139,-,CUS-00139,FSI-00167,1,OPTIMISTIC,pool-4-thread-139,3847319448400,3849422041900,false,Hết hàng! Sản phẩm Flash Sale 'FSI-00167': yêu cầu 1; còn lại 0
TXN-OPTIMISTIC-00723,REQ-SIM-00723,-,CUS-00723,FSI-00167,1,OPTIMISTIC,pool-4-thread-723,3847326386200,3849422362600,false,Hết hàng! Sản phẩm Flash Sale 'FSI-00167': yêu cầu 1; còn lại 0
TXN-OPTIMISTIC-00687,REQ-SIM-00687,-,CUS-00687,FSI-00167,1,OPTIMISTIC,pool-4-thread-687,3847325996400,3849422614900,false,Hết hàng! Sản phẩm Flash Sale 'FSI-00167': yêu cầu 1; còn lại 0
TXN-OPTIMISTIC-00399,REQ-SIM-00399,-,CUS-00399,FSI-00167,1,OPTIMISTIC,pool-4-thread-399,3847322465000,3849422948200,false,Hết hàng! Sản phẩm Flash Sale 'FSI-00167': yêu cầu 1; còn lại 0
TXN-OPTIMISTIC-00102,REQ-SIM-00102,-,CUS-00102,FSI-00167,1,OPTIMISTIC,pool-4-thread-102,3847319024300,3849423208800,false,Hết hàng! Sản phẩm Flash Sale 'FSI-00167': yêu cầu 1; còn lại 0
TXN-OPTIMISTIC-00381,REQ-SIM-00381,-,CUS-00381,FSI-00167,1,OPTIMISTIC,pool-4-thread-381,3847322250000,3849423561800,false,Hết hàng! Sản phẩm Flash Sale 'FSI-00167': yêu cầu 1; còn lại 0
TXN-OPTIMISTIC-00351,REQ-SIM-00351,-,CUS-00351,FSI-00167,1,OPTIMISTIC,pool-4-thread-351,3847321812400,3849423829200,false,Hết hàng! Sản phẩm Flash Sale 'FSI-00167': yêu cầu 1; còn lại 0
TXN-OPTIMISTIC-00837,REQ-SIM-00837,-,CUS-00837,FSI-00167,1,OPTIMISTIC,pool-4-thread-837,3847327687800,3849424065300,false,Hết hàng! Sản phẩm Flash Sale 'FSI-00167': yêu cầu 1; còn lại 0
TXN-OPTIMISTIC-00776,REQ-SIM-00776,-,CUS-00776,FSI-00167,1,OPTIMISTIC,pool-4-thread-776,3847326966300,3849424381400,false,Hết hàng! Sản phẩm Flash Sale 'FSI-00167': yêu cầu 1; còn lại 0
TXN-OPTIMISTIC-00078,REQ-SIM-00078,-,CUS-00078,FSI-00167,1,OPTIMISTIC,pool-4-thread-78,3847318572400,3849424714300,false,Hết hàng! Sản phẩm Flash Sale 'FSI-00167': yêu cầu 1; còn lại 0
TXN-OPTIMISTIC-00357,REQ-SIM-00357,-,CUS-00357,FSI-00167,1,OPTIMISTIC,pool-4-thread-357,3847321877300,3849425003700,false,Hết hàng! Sản phẩm Flash Sale 'FSI-00167': yêu cầu 1; còn lại 0
TXN-OPTIMISTIC-00806,REQ-SIM-00806,-,CUS-00806,FSI-00167,1,OPTIMISTIC,pool-4-thread-806,3847327276500,3849425318600,false,Hết hàng! Sản phẩm Flash Sale 'FSI-00167': yêu cầu 1; còn lại 0
TXN-OPTIMISTIC-00291,REQ-SIM-00291,-,CUS-00291,FSI-00167,1,OPTIMISTIC,pool-4-thread-291,3847321119900,3849425735600,false,Hết hàng! Sản phẩm Flash Sale 'FSI-00167': yêu cầu 1; còn lại 0
TXN-OPTIMISTIC-00073,REQ-SIM-00073,-,CUS-00073,FSI-00167,1,OPTIMISTIC,pool-4-thread-73,3847318676800,3849426099900,false,Hết hàng! Sản phẩm Flash Sale 'FSI-00167': yêu cầu 1; còn lại 0
TXN-OPTIMISTIC-00902,REQ-SIM-00902,-,CUS-00902,FSI-00167,1,OPTIMISTIC,pool-4-thread-902,3847328501900,3849426511700,false,Hết hàng! Sản phẩm Flash Sale 'FSI-00167': yêu cầu 1; còn lại 0
TXN-OPTIMISTIC-00079,REQ-SIM-00079,-,CUS-00079,FSI-00167,1,OPTIMISTIC,pool-4-thread-79,3847318942900,3849426621900,false,Hết hàng! Sản phẩm Flash Sale 'FSI-00167': yêu cầu 1; còn lại 0
TXN-OPTIMISTIC-00072,REQ-SIM-00072,-,CUS-00072,FSI-00167,1,OPTIMISTIC,pool-4-thread-72,3847318516800,3849426970600,false,Hết hàng! Sản phẩm Flash Sale 'FSI-00167': yêu cầu 1; còn lại 0
TXN-OPTIMISTIC-00084,REQ-SIM-00084,-,CUS-00084,FSI-00167,1,OPTIMISTIC,pool-4-thread-84,3847318806700,3849427251700,false,Hết hàng! Sản phẩm Flash Sale 'FSI-00167': yêu cầu 1; còn lại 0
TXN-OPTIMISTIC-00969,REQ-SIM-00969,-,CUS-00969,FSI-00167,1,OPTIMISTIC,pool-4-thread-969,3847329221800,3849427504400,false,Hết hàng! Sản phẩm Flash Sale 'FSI-00167': yêu cầu 1; còn lại 0
TXN-OPTIMISTIC-00374,REQ-SIM-00374,-,CUS-00374,FSI-00167,1,OPTIMISTIC,pool-4-thread-374,3847322064800,3849427856300,false,Hết hàng! Sản phẩm Flash Sale 'FSI-00167': yêu cầu 1; còn lại 0
TXN-OPTIMISTIC-00116,REQ-SIM-00116,-,CUS-00116,FSI-00167,1,OPTIMISTIC,pool-4-thread-116,3847318989800,3849428149100,false,Hết hàng! Sản phẩm Flash Sale 'FSI-00167': yêu cầu 1; còn lại 0
TXN-OPTIMISTIC-00404,REQ-SIM-00404,-,CUS-00404,FSI-00167,1,OPTIMISTIC,pool-4-thread-404,3847322523500,3849428466300,false,Hết hàng! Sản phẩm Flash Sale 'FSI-00167': yêu cầu 1; còn lại 0
TXN-OPTIMISTIC-00386,REQ-SIM-00386,-,CUS-00386,FSI-00167,1,OPTIMISTIC,pool-4-thread-386,3847322325500,3849428841000,false,Hết hàng! Sản phẩm Flash Sale 'FSI-00167': yêu cầu 1; còn lại 0
TXN-OPTIMISTIC-00921,REQ-SIM-00921,-,CUS-00921,FSI-00167,1,OPTIMISTIC,pool-4-thread-921,3847328702200,3849429068900,false,Hết hàng! Sản phẩm Flash Sale 'FSI-00167': yêu cầu 1; còn lại 0
TXN-OPTIMISTIC-00218,REQ-SIM-00218,-,CUS-00218,FSI-00167,1,OPTIMISTIC,pool-4-thread-218,3847320307000,3849429331700,false,Hết hàng! Sản phẩm Flash Sale 'FSI-00167': yêu cầu 1; còn lại 0
TXN-OPTIMISTIC-00999,REQ-SIM-00999,-,CUS-00999,FSI-00167,1,OPTIMISTIC,pool-4-thread-999,3847329570900,3849429628100,false,Hết hàng! Sản phẩm Flash Sale 'FSI-00167': yêu cầu 1; còn lại 0
TXN-OPTIMISTIC-00031,REQ-SIM-00031,-,CUS-00031,FSI-00167,1,OPTIMISTIC,pool-4-thread-31,3847318163000,3849429944600,false,Hết hàng! Sản phẩm Flash Sale 'FSI-00167': yêu cầu 1; còn lại 0
TXN-OPTIMISTIC-00441,REQ-SIM-00441,-,CUS-00441,FSI-00167,1,OPTIMISTIC,pool-4-thread-441,3847322935600,3849430205900,false,Hết hàng! Sản phẩm Flash Sale 'FSI-00167': yêu cầu 1; còn lại 0
TXN-OPTIMISTIC-00392,REQ-SIM-00392,-,CUS-00392,FSI-00167,1,OPTIMISTIC,pool-4-thread-392,3847322386100,3849430513200,false,Hết hàng! Sản phẩm Flash Sale 'FSI-00167': yêu cầu 1; còn lại 0
TXN-OPTIMISTIC-00019,REQ-SIM-00019,-,CUS-00019,FSI-00167,1,OPTIMISTIC,pool-4-thread-19,3847318037500,3849430975300,false,Hết hàng! Sản phẩm Flash Sale 'FSI-00167': yêu cầu 1; còn lại 0
TXN-OPTIMISTIC-00368,REQ-SIM-00368,-,CUS-00368,FSI-00167,1,OPTIMISTIC,pool-4-thread-368,3847322000300,3849431257600,false,Hết hàng! Sản phẩm Flash Sale 'FSI-00167': yêu cầu 1; còn lại 0
TXN-OPTIMISTIC-00030,REQ-SIM-00030,-,CUS-00030,FSI-00167,1,OPTIMISTIC,pool-4-thread-30,3847318152400,3849431835500,false,Hết hàng! Sản phẩm Flash Sale 'FSI-00167': yêu cầu 1; còn lại 0
TXN-OPTIMISTIC-00416,REQ-SIM-00416,-,CUS-00416,FSI-00167,1,OPTIMISTIC,pool-4-thread-416,3847322652500,3849432086600,false,Hết hàng! Sản phẩm Flash Sale 'FSI-00167': yêu cầu 1; còn lại 0
TXN-OPTIMISTIC-00470,REQ-SIM-00470,-,CUS-00470,FSI-00167,1,OPTIMISTIC,pool-4-thread-470,3847323293600,3849432406300,false,Hết hàng! Sản phẩm Flash Sale 'FSI-00167': yêu cầu 1; còn lại 0
TXN-OPTIMISTIC-00025,REQ-SIM-00025,-,CUS-00025,FSI-00167,1,OPTIMISTIC,pool-4-thread-25,3847318094700,3849432750600,false,Hết hàng! Sản phẩm Flash Sale 'FSI-00167': yêu cầu 1; còn lại 0
TXN-OPTIMISTIC-00013,REQ-SIM-00013,-,CUS-00013,FSI-00167,1,OPTIMISTIC,pool-4-thread-13,3847317966400,3849432949700,false,Hết hàng! Sản phẩm Flash Sale 'FSI-00167': yêu cầu 1; còn lại 0
TXN-OPTIMISTIC-00254,REQ-SIM-00254,-,CUS-00254,FSI-00167,1,OPTIMISTIC,pool-4-thread-254,3847320590400,3849433271600,false,Hết hàng! Sản phẩm Flash Sale 'FSI-00167': yêu cầu 1; còn lại 0
TXN-OPTIMISTIC-00992,REQ-SIM-00992,-,CUS-00992,FSI-00167,1,OPTIMISTIC,pool-4-thread-992,3847329487400,3849433522800,false,Hết hàng! Sản phẩm Flash Sale 'FSI-00167': yêu cầu 1; còn lại 0
TXN-OPTIMISTIC-00354,REQ-SIM-00354,-,CUS-00354,FSI-00167,1,OPTIMISTIC,pool-4-thread-354,3847321842500,3849433854600,false,Hết hàng! Sản phẩm Flash Sale 'FSI-00167': yêu cầu 1; còn lại 0
TXN-OPTIMISTIC-00584,REQ-SIM-00584,-,CUS-00584,FSI-00167,1,OPTIMISTIC,pool-4-thread-584,3847324823600,3849434116500,false,Hết hàng! Sản phẩm Flash Sale 'FSI-00167': yêu cầu 1; còn lại 0
TXN-OPTIMISTIC-00355,REQ-SIM-00355,-,CUS-00355,FSI-00167,1,OPTIMISTIC,pool-4-thread-355,3847321852000,3849434444500,false,Hết hàng! Sản phẩm Flash Sale 'FSI-00167': yêu cầu 1; còn lại 0
TXN-OPTIMISTIC-00375,REQ-SIM-00375,-,CUS-00375,FSI-00167,1,OPTIMISTIC,pool-4-thread-375,3847322076600,3849434726400,false,Hết hàng! Sản phẩm Flash Sale 'FSI-00167': yêu cầu 1; còn lại 0
TXN-OPTIMISTIC-00542,REQ-SIM-00542,-,CUS-00542,FSI-00167,1,OPTIMISTIC,pool-4-thread-542,3847324201300,3849434995300,false,Hết hàng! Sản phẩm Flash Sale 'FSI-00167': yêu cầu 1; còn lại 0
TXN-OPTIMISTIC-00265,REQ-SIM-00265,-,CUS-00265,FSI-00167,1,OPTIMISTIC,pool-4-thread-265,3847320717500,3849435336800,false,Hết hàng! Sản phẩm Flash Sale 'FSI-00167': yêu cầu 1; còn lại 0
TXN-OPTIMISTIC-00168,REQ-SIM-00168,-,CUS-00168,FSI-00167,1,OPTIMISTIC,pool-4-thread-168,3847319753600,3849435565800,false,Hết hàng! Sản phẩm Flash Sale 'FSI-00167': yêu cầu 1; còn lại 0
TXN-OPTIMISTIC-00560,REQ-SIM-00560,-,CUS-00560,FSI-00167,1,OPTIMISTIC,pool-4-thread-560,3847324424000,3849435828600,false,Hết hàng! Sản phẩm Flash Sale 'FSI-00167': yêu cầu 1; còn lại 0
TXN-OPTIMISTIC-00548,REQ-SIM-00548,-,CUS-00548,FSI-00167,1,OPTIMISTIC,pool-4-thread-548,3847324268600,3849436130900,false,Hết hàng! Sản phẩm Flash Sale 'FSI-00167': yêu cầu 1; còn lại 0
TXN-OPTIMISTIC-00255,REQ-SIM-00255,-,CUS-00255,FSI-00167,1,OPTIMISTIC,pool-4-thread-255,3847320612300,3849436424100,false,Hết hàng! Sản phẩm Flash Sale 'FSI-00167': yêu cầu 1; còn lại 0
TXN-OPTIMISTIC-00187,REQ-SIM-00187,-,CUS-00187,FSI-00167,1,OPTIMISTIC,pool-4-thread-187,3847319969100,3849436763900,false,Hết hàng! Sản phẩm Flash Sale 'FSI-00167': yêu cầu 1; còn lại 0
TXN-OPTIMISTIC-00927,REQ-SIM-00927,-,CUS-00927,FSI-00167,1,OPTIMISTIC,pool-4-thread-927,3847328768000,3849437054600,false,Hết hàng! Sản phẩm Flash Sale 'FSI-00167': yêu cầu 1; còn lại 0
TXN-OPTIMISTIC-00258,REQ-SIM-00258,-,CUS-00258,FSI-00167,1,OPTIMISTIC,pool-4-thread-258,3847320731000,3849437325800,false,Hết hàng! Sản phẩm Flash Sale 'FSI-00167': yêu cầu 1; còn lại 0
TXN-OPTIMISTIC-00349,REQ-SIM-00349,-,CUS-00349,FSI-00167,1,OPTIMISTIC,pool-4-thread-349,3847321788600,3849437610700,false,Hết hàng! Sản phẩm Flash Sale 'FSI-00167': yêu cầu 1; còn lại 0
TXN-OPTIMISTIC-00813,REQ-SIM-00813,-,CUS-00813,FSI-00167,1,OPTIMISTIC,pool-4-thread-813,3847327353800,3849437913600,false,Hết hàng! Sản phẩm Flash Sale 'FSI-00167': yêu cầu 1; còn lại 0
TXN-OPTIMISTIC-00585,REQ-SIM-00585,-,CUS-00585,FSI-00167,1,OPTIMISTIC,pool-4-thread-585,3847324832300,3849438182700,false,Hết hàng! Sản phẩm Flash Sale 'FSI-00167': yêu cầu 1; còn lại 0
TXN-OPTIMISTIC-00042,REQ-SIM-00042,-,CUS-00042,FSI-00167,1,OPTIMISTIC,pool-4-thread-42,3847318285600,3849438480600,false,Hết hàng! Sản phẩm Flash Sale 'FSI-00167': yêu cầu 1; còn lại 0
TXN-OPTIMISTIC-00114,REQ-SIM-00114,-,CUS-00114,FSI-00167,1,OPTIMISTIC,pool-4-thread-114,3847319168500,3849438813400,false,Hết hàng! Sản phẩm Flash Sale 'FSI-00167': yêu cầu 1; còn lại 0
TXN-OPTIMISTIC-00530,REQ-SIM-00530,-,CUS-00530,FSI-00167,1,OPTIMISTIC,pool-4-thread-530,3847323992800,3849439031200,false,Hết hàng! Sản phẩm Flash Sale 'FSI-00167': yêu cầu 1; còn lại 0
TXN-OPTIMISTIC-00006,REQ-SIM-00006,-,CUS-00006,FSI-00167,1,OPTIMISTIC,pool-4-thread-6,3847317899300,3849439339200,false,Hết hàng! Sản phẩm Flash Sale 'FSI-00167': yêu cầu 1; còn lại 0
TXN-OPTIMISTIC-00264,REQ-SIM-00264,-,CUS-00264,FSI-00167,1,OPTIMISTIC,pool-4-thread-264,3847320798500,3849439621600,false,Hết hàng! Sản phẩm Flash Sale 'FSI-00167': yêu cầu 1; còn lại 0
TXN-OPTIMISTIC-00537,REQ-SIM-00537,-,CUS-00537,FSI-00167,1,OPTIMISTIC,pool-4-thread-537,3847324150000,3849440047600,false,Hết hàng! Sản phẩm Flash Sale 'FSI-00167': yêu cầu 1; còn lại 0
TXN-OPTIMISTIC-00138,REQ-SIM-00138,-,CUS-00138,FSI-00167,1,OPTIMISTIC,pool-4-thread-138,3847319439100,3849440341400,false,Hết hàng! Sản phẩm Flash Sale 'FSI-00167': yêu cầu 1; còn lại 0
TXN-OPTIMISTIC-00735,REQ-SIM-00735,-,CUS-00735,FSI-00167,1,OPTIMISTIC,pool-4-thread-735,3847326519100,3849440618000,false,Hết hàng! Sản phẩm Flash Sale 'FSI-00167': yêu cầu 1; còn lại 0
TXN-OPTIMISTIC-00524,REQ-SIM-00524,-,CUS-00524,FSI-00167,1,OPTIMISTIC,pool-4-thread-524,3847324013300,3849440901400,false,Hết hàng! Sản phẩm Flash Sale 'FSI-00167': yêu cầu 1; còn lại 0
TXN-OPTIMISTIC-00001,REQ-SIM-00001,-,CUS-00001,FSI-00167,1,OPTIMISTIC,pool-4-thread-1,3847317778800,3849441221500,false,Hết hàng! Sản phẩm Flash Sale 'FSI-00167': yêu cầu 1; còn lại 0
TXN-OPTIMISTIC-00174,REQ-SIM-00174,-,CUS-00174,FSI-00167,1,OPTIMISTIC,pool-4-thread-174,3847319833800,3849441538400,false,Hết hàng! Sản phẩm Flash Sale 'FSI-00167': yêu cầu 1; còn lại 0
TXN-OPTIMISTIC-00501,REQ-SIM-00501,-,CUS-00501,FSI-00167,1,OPTIMISTIC,pool-4-thread-501,3847323766500,3849441823700,false,Hết hàng! Sản phẩm Flash Sale 'FSI-00167': yêu cầu 1; còn lại 0
TXN-OPTIMISTIC-00312,REQ-SIM-00312,-,CUS-00312,FSI-00167,1,OPTIMISTIC,pool-4-thread-312,3847321356300,3849442134300,false,Hết hàng! Sản phẩm Flash Sale 'FSI-00167': yêu cầu 1; còn lại 0
TXN-OPTIMISTIC-00579,REQ-SIM-00579,-,CUS-00579,FSI-00167,1,OPTIMISTIC,pool-4-thread-579,3847324767300,3849442452700,false,Hết hàng! Sản phẩm Flash Sale 'FSI-00167': yêu cầu 1; còn lại 0
TXN-OPTIMISTIC-00615,REQ-SIM-00615,-,CUS-00615,FSI-00167,1,OPTIMISTIC,pool-4-thread-615,3847325148900,3849442699600,false,Hết hàng! Sản phẩm Flash Sale 'FSI-00167': yêu cầu 1; còn lại 0
TXN-OPTIMISTIC-00348,REQ-SIM-00348,-,CUS-00348,FSI-00167,1,OPTIMISTIC,pool-4-thread-348,3847321779200,3849442980100,false,Hết hàng! Sản phẩm Flash Sale 'FSI-00167': yêu cầu 1; còn lại 0
TXN-OPTIMISTIC-00055,REQ-SIM-00055,-,CUS-00055,FSI-00167,1,OPTIMISTIC,pool-4-thread-55,3847318464500,3849443265200,false,Hết hàng! Sản phẩm Flash Sale 'FSI-00167': yêu cầu 1; còn lại 0
TXN-OPTIMISTIC-00018,REQ-SIM-00018,-,CUS-00018,FSI-00167,1,OPTIMISTIC,pool-4-thread-18,3847318025200,3849447669800,false,Hết hàng! Sản phẩm Flash Sale 'FSI-00167': yêu cầu 1; còn lại 0
TXN-OPTIMISTIC-00632,REQ-SIM-00632,-,CUS-00632,FSI-00167,1,OPTIMISTIC,pool-4-thread-632,3847325334300,3849448025800,false,Hết hàng! Sản phẩm Flash Sale 'FSI-00167': yêu cầu 1; còn lại 0
TXN-OPTIMISTIC-00626,REQ-SIM-00626,-,CUS-00626,FSI-00167,1,OPTIMISTIC,pool-4-thread-626,3847325271600,3849448319600,false,Hết hàng! Sản phẩm Flash Sale 'FSI-00167': yêu cầu 1; còn lại 0
TXN-OPTIMISTIC-00205,REQ-SIM-00205,-,CUS-00205,FSI-00167,1,OPTIMISTIC,pool-4-thread-205,3847320166000,3849448645300,false,Hết hàng! Sản phẩm Flash Sale 'FSI-00167': yêu cầu 1; còn lại 0
TXN-OPTIMISTIC-00764,REQ-SIM-00764,-,CUS-00764,FSI-00167,1,OPTIMISTIC,pool-4-thread-764,3847326828100,3849449052600,false,Hết hàng! Sản phẩm Flash Sale 'FSI-00167': yêu cầu 1; còn lại 0
TXN-OPTIMISTIC-00588,REQ-SIM-00588,-,CUS-00588,FSI-00167,1,OPTIMISTIC,pool-4-thread-588,3847324865100,3849449378700,false,Hết hàng! Sản phẩm Flash Sale 'FSI-00167': yêu cầu 1; còn lại 0
TXN-OPTIMISTIC-00222,REQ-SIM-00222,-,CUS-00222,FSI-00167,1,OPTIMISTIC,pool-4-thread-222,3847320346000,3849449680600,false,Hết hàng! Sản phẩm Flash Sale 'FSI-00167': yêu cầu 1; còn lại 0
TXN-OPTIMISTIC-00591,REQ-SIM-00591,-,CUS-00591,FSI-00167,1,OPTIMISTIC,pool-4-thread-591,3847324898700,3849449989100,false,Hết hàng! Sản phẩm Flash Sale 'FSI-00167': yêu cầu 1; còn lại 0
TXN-OPTIMISTIC-00398,REQ-SIM-00398,-,CUS-00398,FSI-00167,1,OPTIMISTIC,pool-4-thread-398,3847322453400,3849450284600,false,Hết hàng! Sản phẩm Flash Sale 'FSI-00167': yêu cầu 1; còn lại 0
TXN-OPTIMISTIC-00942,REQ-SIM-00942,-,CUS-00942,FSI-00167,1,OPTIMISTIC,pool-4-thread-942,3847328926600,3849450586400,false,Hết hàng! Sản phẩm Flash Sale 'FSI-00167': yêu cầu 1; còn lại 0
TXN-OPTIMISTIC-00378,REQ-SIM-00378,-,CUS-00378,FSI-00167,1,OPTIMISTIC,pool-4-thread-378,3847322107800,3849450863500,false,Hết hàng! Sản phẩm Flash Sale 'FSI-00167': yêu cầu 1; còn lại 0
TXN-OPTIMISTIC-00339,REQ-SIM-00339,-,CUS-00339,FSI-00167,1,OPTIMISTIC,pool-4-thread-339,3847321665300,3849451289700,false,Hết hàng! Sản phẩm Flash Sale 'FSI-00167': yêu cầu 1; còn lại 0
TXN-OPTIMISTIC-00438,REQ-SIM-00438,-,CUS-00438,FSI-00167,1,OPTIMISTIC,pool-4-thread-438,3847322900900,3849451637500,false,Hết hàng! Sản phẩm Flash Sale 'FSI-00167': yêu cầu 1; còn lại 0
TXN-OPTIMISTIC-00397,REQ-SIM-00397,-,CUS-00397,FSI-00167,1,OPTIMISTIC,pool-4-thread-397,3847322442000,3849451891400,false,Hết hàng! Sản phẩm Flash Sale 'FSI-00167': yêu cầu 1; còn lại 0
TXN-OPTIMISTIC-00367,REQ-SIM-00367,-,CUS-00367,FSI-00167,1,OPTIMISTIC,pool-4-thread-367,3847321989000,3849452147400,false,Hết hàng! Sản phẩm Flash Sale 'FSI-00167': yêu cầu 1; còn lại 0
TXN-OPTIMISTIC-00350,REQ-SIM-00350,-,CUS-00350,FSI-00167,1,OPTIMISTIC,pool-4-thread-350,3847321802800,3849452484600,false,Hết hàng! Sản phẩm Flash Sale 'FSI-00167': yêu cầu 1; còn lại 0
TXN-OPTIMISTIC-00434,REQ-SIM-00434,-,CUS-00434,FSI-00167,1,OPTIMISTIC,pool-4-thread-434,3847322856700,3849452792100,false,Hết hàng! Sản phẩm Flash Sale 'FSI-00167': yêu cầu 1; còn lại 0
TXN-OPTIMISTIC-00380,REQ-SIM-00380,-,CUS-00380,FSI-00167,1,OPTIMISTIC,pool-4-thread-380,3847322131400,3849453087200,false,Hết hàng! Sản phẩm Flash Sale 'FSI-00167': yêu cầu 1; còn lại 0
TXN-OPTIMISTIC-00338,REQ-SIM-00338,-,CUS-00338,FSI-00167,1,OPTIMISTIC,pool-4-thread-338,3847321655700,3849453433700,false,Hết hàng! Sản phẩm Flash Sale 'FSI-00167': yêu cầu 1; còn lại 0
TXN-OPTIMISTIC-00582,REQ-SIM-00582,-,CUS-00582,FSI-00167,1,OPTIMISTIC,pool-4-thread-582,3847324854200,3849453712700,false,Hết hàng! Sản phẩm Flash Sale 'FSI-00167': yêu cầu 1; còn lại 0
TXN-OPTIMISTIC-00619,REQ-SIM-00619,-,CUS-00619,FSI-00167,1,OPTIMISTIC,pool-4-thread-619,3847325193700,3849454021200,false,Hết hàng! Sản phẩm Flash Sale 'FSI-00167': yêu cầu 1; còn lại 0
TXN-OPTIMISTIC-00595,REQ-SIM-00595,-,CUS-00595,FSI-00167,1,OPTIMISTIC,pool-4-thread-595,3847324940600,3849454262400,false,Hết hàng! Sản phẩm Flash Sale 'FSI-00167': yêu cầu 1; còn lại 0
TXN-OPTIMISTIC-00495,REQ-SIM-00495,-,CUS-00495,FSI-00167,1,OPTIMISTIC,pool-4-thread-495,3847323629200,3849454553000,false,Hết hàng! Sản phẩm Flash Sale 'FSI-00167': yêu cầu 1; còn lại 0
TXN-OPTIMISTIC-00411,REQ-SIM-00411,-,CUS-00411,FSI-00167,1,OPTIMISTIC,pool-4-thread-411,3847322597400,3849454903500,false,Hết hàng! Sản phẩm Flash Sale 'FSI-00167': yêu cầu 1; còn lại 0
TXN-OPTIMISTIC-00510,REQ-SIM-00510,-,CUS-00510,FSI-00167,1,OPTIMISTIC,pool-4-thread-510,3847323864000,3849455160000,false,Hết hàng! Sản phẩm Flash Sale 'FSI-00167': yêu cầu 1; còn lại 0
TXN-OPTIMISTIC-00903,REQ-SIM-00903,-,CUS-00903,FSI-00167,1,OPTIMISTIC,pool-4-thread-903,3847328513100,3849455471300,false,Hết hàng! Sản phẩm Flash Sale 'FSI-00167': yêu cầu 1; còn lại 0
TXN-OPTIMISTIC-00528,REQ-SIM-00528,-,CUS-00528,FSI-00167,1,OPTIMISTIC,pool-4-thread-528,3847324052700,3849455806100,false,Hết hàng! Sản phẩm Flash Sale 'FSI-00167': yêu cầu 1; còn lại 0
TXN-OPTIMISTIC-00583,REQ-SIM-00583,-,CUS-00583,FSI-00167,1,OPTIMISTIC,pool-4-thread-583,3847324811900,3849456053100,false,Hết hàng! Sản phẩm Flash Sale 'FSI-00167': yêu cầu 1; còn lại 0
TXN-OPTIMISTIC-00314,REQ-SIM-00314,-,CUS-00314,FSI-00167,1,OPTIMISTIC,pool-4-thread-314,3847321345600,3849456385200,false,Hết hàng! Sản phẩm Flash Sale 'FSI-00167': yêu cầu 1; còn lại 0
TXN-OPTIMISTIC-00450,REQ-SIM-00450,-,CUS-00450,FSI-00167,1,OPTIMISTIC,pool-4-thread-450,3847323100900,3849456689000,false,Hết hàng! Sản phẩm Flash Sale 'FSI-00167': yêu cầu 1; còn lại 0
TXN-OPTIMISTIC-00618,REQ-SIM-00618,-,CUS-00618,FSI-00167,1,OPTIMISTIC,pool-4-thread-618,3847325181000,3849456977000,false,Hết hàng! Sản phẩm Flash Sale 'FSI-00167': yêu cầu 1; còn lại 0
TXN-OPTIMISTIC-00945,REQ-SIM-00945,-,CUS-00945,FSI-00167,1,OPTIMISTIC,pool-4-thread-945,3847328959100,3849457269400,false,Hết hàng! Sản phẩm Flash Sale 'FSI-00167': yêu cầu 1; còn lại 0
TXN-OPTIMISTIC-00901,REQ-SIM-00901,-,CUS-00901,FSI-00167,1,OPTIMISTIC,pool-4-thread-901,3847328490100,3849457530500,false,Hết hàng! Sản phẩm Flash Sale 'FSI-00167': yêu cầu 1; còn lại 0
TXN-OPTIMISTIC-00654,REQ-SIM-00654,-,CUS-00654,FSI-00167,1,OPTIMISTIC,pool-4-thread-654,3847325581400,3849457812500,false,Hết hàng! Sản phẩm Flash Sale 'FSI-00167': yêu cầu 1; còn lại 0
TXN-OPTIMISTIC-00668,REQ-SIM-00668,-,CUS-00668,FSI-00167,1,OPTIMISTIC,pool-4-thread-668,3847325733300,3849458142700,false,Hết hàng! Sản phẩm Flash Sale 'FSI-00167': yêu cầu 1; còn lại 0
TXN-OPTIMISTIC-00482,REQ-SIM-00482,-,CUS-00482,FSI-00167,1,OPTIMISTIC,pool-4-thread-482,3847323519300,3849458437900,false,Hết hàng! Sản phẩm Flash Sale 'FSI-00167': yêu cầu 1; còn lại 0
TXN-OPTIMISTIC-00379,REQ-SIM-00379,-,CUS-00379,FSI-00167,1,OPTIMISTIC,pool-4-thread-379,3847322119500,3849458728100,false,Hết hàng! Sản phẩm Flash Sale 'FSI-00167': yêu cầu 1; còn lại 0
TXN-OPTIMISTIC-00600,REQ-SIM-00600,-,CUS-00600,FSI-00167,1,OPTIMISTIC,pool-4-thread-600,3847324990400,3849459016500,false,Hết hàng! Sản phẩm Flash Sale 'FSI-00167': yêu cầu 1; còn lại 0
TXN-OPTIMISTIC-00420,REQ-SIM-00420,-,CUS-00420,FSI-00167,1,OPTIMISTIC,pool-4-thread-420,3847322699800,3849459318700,false,Hết hàng! Sản phẩm Flash Sale 'FSI-00167': yêu cầu 1; còn lại 0
TXN-OPTIMISTIC-00692,REQ-SIM-00692,-,CUS-00692,FSI-00167,1,OPTIMISTIC,pool-4-thread-692,3847326048700,3849459628900,false,Hết hàng! Sản phẩm Flash Sale 'FSI-00167': yêu cầu 1; còn lại 0
TXN-OPTIMISTIC-00511,REQ-SIM-00511,-,CUS-00511,FSI-00167,1,OPTIMISTIC,pool-4-thread-511,3847323872700,3849459924100,false,Hết hàng! Sản phẩm Flash Sale 'FSI-00167': yêu cầu 1; còn lại 0
TXN-OPTIMISTIC-00432,REQ-SIM-00432,-,CUS-00432,FSI-00167,1,OPTIMISTIC,pool-4-thread-432,3847322833300,3849460207500,false,Hết hàng! Sản phẩm Flash Sale 'FSI-00167': yêu cầu 1; còn lại 0
TXN-OPTIMISTIC-00666,REQ-SIM-00666,-,CUS-00666,FSI-00167,1,OPTIMISTIC,pool-4-thread-666,3847325710300,3849460484700,false,Hết hàng! Sản phẩm Flash Sale 'FSI-00167': yêu cầu 1; còn lại 0
TXN-OPTIMISTIC-00648,REQ-SIM-00648,-,CUS-00648,FSI-00167,1,OPTIMISTIC,pool-4-thread-648,3847325507600,3849460788400,false,Hết hàng! Sản phẩm Flash Sale 'FSI-00167': yêu cầu 1; còn lại 0
TXN-OPTIMISTIC-00649,REQ-SIM-00649,-,CUS-00649,FSI-00167,1,OPTIMISTIC,pool-4-thread-649,3847325519200,3849461113300,false,Hết hàng! Sản phẩm Flash Sale 'FSI-00167': yêu cầu 1; còn lại 0
TXN-OPTIMISTIC-00680,REQ-SIM-00680,-,CUS-00680,FSI-00167,1,OPTIMISTIC,pool-4-thread-680,3847325866300,3849461420100,false,Hết hàng! Sản phẩm Flash Sale 'FSI-00167': yêu cầu 1; còn lại 0
TXN-OPTIMISTIC-00660,REQ-SIM-00660,-,CUS-00660,FSI-00167,1,OPTIMISTIC,pool-4-thread-660,3847325647200,3849461689300,false,Hết hàng! Sản phẩm Flash Sale 'FSI-00167': yêu cầu 1; còn lại 0
TXN-OPTIMISTIC-00403,REQ-SIM-00403,-,CUS-00403,FSI-00167,1,OPTIMISTIC,pool-4-thread-403,3847322510400,3849462015400,false,Hết hàng! Sản phẩm Flash Sale 'FSI-00167': yêu cầu 1; còn lại 0
TXN-OPTIMISTIC-00429,REQ-SIM-00429,-,CUS-00429,FSI-00167,1,OPTIMISTIC,pool-4-thread-429,3847322792200,3849462283200,false,Hết hàng! Sản phẩm Flash Sale 'FSI-00167': yêu cầu 1; còn lại 0
TXN-OPTIMISTIC-00384,REQ-SIM-00384,-,CUS-00384,FSI-00167,1,OPTIMISTIC,pool-4-thread-384,3847322299900,3849462655700,false,Hết hàng! Sản phẩm Flash Sale 'FSI-00167': yêu cầu 1; còn lại 0
TXN-OPTIMISTIC-00612,REQ-SIM-00612,-,CUS-00612,FSI-00167,1,OPTIMISTIC,pool-4-thread-612,3847325115900,3849463049400,false,Hết hàng! Sản phẩm Flash Sale 'FSI-00167': yêu cầu 1; còn lại 0
TXN-OPTIMISTIC-00662,REQ-SIM-00662,-,CUS-00662,FSI-00167,1,OPTIMISTIC,pool-4-thread-662,3847325667400,3849463344500,false,Hết hàng! Sản phẩm Flash Sale 'FSI-00167': yêu cầu 1; còn lại 0
TXN-OPTIMISTIC-00505,REQ-SIM-00505,-,CUS-00505,FSI-00167,1,OPTIMISTIC,pool-4-thread-505,3847323809200,3849463679900,false,Hết hàng! Sản phẩm Flash Sale 'FSI-00167': yêu cầu 1; còn lại 0
TXN-OPTIMISTIC-00457,REQ-SIM-00457,-,CUS-00457,FSI-00167,1,OPTIMISTIC,pool-4-thread-457,3847323192400,3849463885600,false,Hết hàng! Sản phẩm Flash Sale 'FSI-00167': yêu cầu 1; còn lại 0
TXN-OPTIMISTIC-00444,REQ-SIM-00444,-,CUS-00444,FSI-00167,1,OPTIMISTIC,pool-4-thread-444,3847323071600,3849464195300,false,Hết hàng! Sản phẩm Flash Sale 'FSI-00167': yêu cầu 1; còn lại 0
TXN-OPTIMISTIC-00475,REQ-SIM-00475,-,CUS-00475,FSI-00167,1,OPTIMISTIC,pool-4-thread-475,3847323415200,3849464419600,false,Hết hàng! Sản phẩm Flash Sale 'FSI-00167': yêu cầu 1; còn lại 0
TXN-OPTIMISTIC-00440,REQ-SIM-00440,-,CUS-00440,FSI-00167,1,OPTIMISTIC,pool-4-thread-440,3847322922600,3849464743800,false,Hết hàng! Sản phẩm Flash Sale 'FSI-00167': yêu cầu 1; còn lại 0
TXN-OPTIMISTIC-00415,REQ-SIM-00415,-,CUS-00415,FSI-00167,1,OPTIMISTIC,pool-4-thread-415,3847322640300,3849465050500,false,Hết hàng! Sản phẩm Flash Sale 'FSI-00167': yêu cầu 1; còn lại 0
TXN-OPTIMISTIC-00739,REQ-SIM-00739,-,CUS-00739,FSI-00167,1,OPTIMISTIC,pool-4-thread-739,3847326564500,3849465344400,false,Hết hàng! Sản phẩm Flash Sale 'FSI-00167': yêu cầu 1; còn lại 0
TXN-OPTIMISTIC-00744,REQ-SIM-00744,-,CUS-00744,FSI-00167,1,OPTIMISTIC,pool-4-thread-744,3847326616600,3849465657500,false,Hết hàng! Sản phẩm Flash Sale 'FSI-00167': yêu cầu 1; còn lại 0
TXN-OPTIMISTIC-00433,REQ-SIM-00433,-,CUS-00433,FSI-00167,1,OPTIMISTIC,pool-4-thread-433,3847322845300,3849465958900,false,Hết hàng! Sản phẩm Flash Sale 'FSI-00167': yêu cầu 1; còn lại 0
TXN-OPTIMISTIC-00782,REQ-SIM-00782,-,CUS-00782,FSI-00167,1,OPTIMISTIC,pool-4-thread-782,3847327031800,3849466325400,false,Hết hàng! Sản phẩm Flash Sale 'FSI-00167': yêu cầu 1; còn lại 0
TXN-OPTIMISTIC-00840,REQ-SIM-00840,-,CUS-00840,FSI-00167,1,OPTIMISTIC,pool-4-thread-840,3847327718900,3849466528300,false,Hết hàng! Sản phẩm Flash Sale 'FSI-00167': yêu cầu 1; còn lại 0
TXN-OPTIMISTIC-00745,REQ-SIM-00745,-,CUS-00745,FSI-00167,1,OPTIMISTIC,pool-4-thread-745,3847326625400,3849466771900,false,Hết hàng! Sản phẩm Flash Sale 'FSI-00167': yêu cầu 1; còn lại 0
TXN-OPTIMISTIC-00752,REQ-SIM-00752,-,CUS-00752,FSI-00167,1,OPTIMISTIC,pool-4-thread-752,3847326705600,3849467061400,false,Hết hàng! Sản phẩm Flash Sale 'FSI-00167': yêu cầu 1; còn lại 0
TXN-OPTIMISTIC-00865,REQ-SIM-00865,-,CUS-00865,FSI-00167,1,OPTIMISTIC,pool-4-thread-865,3847327980000,3849467326200,false,Hết hàng! Sản phẩm Flash Sale 'FSI-00167': yêu cầu 1; còn lại 0
TXN-OPTIMISTIC-00594,REQ-SIM-00594,-,CUS-00594,FSI-00167,1,OPTIMISTIC,pool-4-thread-594,3847324930100,3849467628400,false,Hết hàng! Sản phẩm Flash Sale 'FSI-00167': yêu cầu 1; còn lại 0
TXN-OPTIMISTIC-00427,REQ-SIM-00427,-,CUS-00427,FSI-00167,1,OPTIMISTIC,pool-4-thread-427,3847322767500,3849467920300,false,Hết hàng! Sản phẩm Flash Sale 'FSI-00167': yêu cầu 1; còn lại 0
TXN-OPTIMISTIC-00762,REQ-SIM-00762,-,CUS-00762,FSI-00167,1,OPTIMISTIC,pool-4-thread-762,3847326803100,3849468168800,false,Hết hàng! Sản phẩm Flash Sale 'FSI-00167': yêu cầu 1; còn lại 0
TXN-OPTIMISTIC-00811,REQ-SIM-00811,-,CUS-00811,FSI-00167,1,OPTIMISTIC,pool-4-thread-811,3847327330300,3849468426200,false,Hết hàng! Sản phẩm Flash Sale 'FSI-00167': yêu cầu 1; còn lại 0
TXN-OPTIMISTIC-00426,REQ-SIM-00426,-,CUS-00426,FSI-00167,1,OPTIMISTIC,pool-4-thread-426,3847322802500,3849468865500,false,Hết hàng! Sản phẩm Flash Sale 'FSI-00167': yêu cầu 1; còn lại 0
TXN-OPTIMISTIC-00753,REQ-SIM-00753,-,CUS-00753,FSI-00167,1,OPTIMISTIC,pool-4-thread-753,3847326715200,3849469085400,false,Hết hàng! Sản phẩm Flash Sale 'FSI-00167': yêu cầu 1; còn lại 0
TXN-OPTIMISTIC-00715,REQ-SIM-00715,-,CUS-00715,FSI-00167,1,OPTIMISTIC,pool-4-thread-715,3847326302600,3849469421200,false,Hết hàng! Sản phẩm Flash Sale 'FSI-00167': yêu cầu 1; còn lại 0
TXN-OPTIMISTIC-00757,REQ-SIM-00757,-,CUS-00757,FSI-00167,1,OPTIMISTIC,pool-4-thread-757,3847326754900,3849469682600,false,Hết hàng! Sản phẩm Flash Sale 'FSI-00167': yêu cầu 1; còn lại 0
TXN-OPTIMISTIC-00853,REQ-SIM-00853,-,CUS-00853,FSI-00167,1,OPTIMISTIC,pool-4-thread-853,3847327852500,3849469946300,false,Hết hàng! Sản phẩm Flash Sale 'FSI-00167': yêu cầu 1; còn lại 0
TXN-OPTIMISTIC-00805,REQ-SIM-00805,-,CUS-00805,FSI-00167,1,OPTIMISTIC,pool-4-thread-805,3847327265600,3849470334000,false,Hết hàng! Sản phẩm Flash Sale 'FSI-00167': yêu cầu 1; còn lại 0
TXN-OPTIMISTIC-00894,REQ-SIM-00894,-,CUS-00894,FSI-00167,1,OPTIMISTIC,pool-4-thread-894,3847328421100,3849470550100,false,Hết hàng! Sản phẩm Flash Sale 'FSI-00167': yêu cầu 1; còn lại 0
TXN-OPTIMISTIC-00672,REQ-SIM-00672,-,CUS-00672,FSI-00167,1,OPTIMISTIC,pool-4-thread-672,3847325776500,3849470800700,false,Hết hàng! Sản phẩm Flash Sale 'FSI-00167': yêu cầu 1; còn lại 0
TXN-OPTIMISTIC-00555,REQ-SIM-00555,-,CUS-00555,FSI-00167,1,OPTIMISTIC,pool-4-thread-555,3847324349700,3849471071500,false,Hết hàng! Sản phẩm Flash Sale 'FSI-00167': yêu cầu 1; còn lại 0
TXN-OPTIMISTIC-00858,REQ-SIM-00858,-,CUS-00858,FSI-00167,1,OPTIMISTIC,pool-4-thread-858,3847327906500,3849471327000,false,Hết hàng! Sản phẩm Flash Sale 'FSI-00167': yêu cầu 1; còn lại 0
TXN-OPTIMISTIC-00930,REQ-SIM-00930,-,CUS-00930,FSI-00167,1,OPTIMISTIC,pool-4-thread-930,3847328801100,3849471696300,false,Hết hàng! Sản phẩm Flash Sale 'FSI-00167': yêu cầu 1; còn lại 0
TXN-OPTIMISTIC-00492,REQ-SIM-00492,-,CUS-00492,FSI-00167,1,OPTIMISTIC,pool-4-thread-492,3847323747300,3849471925600,false,Hết hàng! Sản phẩm Flash Sale 'FSI-00167': yêu cầu 1; còn lại 0
TXN-OPTIMISTIC-00876,REQ-SIM-00876,-,CUS-00876,FSI-00167,1,OPTIMISTIC,pool-4-thread-876,3847328231300,3849472190800,false,Hết hàng! Sản phẩm Flash Sale 'FSI-00167': yêu cầu 1; còn lại 0
TXN-OPTIMISTIC-00132,REQ-SIM-00132,-,CUS-00132,FSI-00167,1,OPTIMISTIC,pool-4-thread-132,3847319605300,3849472480200,false,Hết hàng! Sản phẩm Flash Sale 'FSI-00167': yêu cầu 1; còn lại 0
TXN-OPTIMISTIC-00181,REQ-SIM-00181,-,CUS-00181,FSI-00167,1,OPTIMISTIC,pool-4-thread-181,3847319905500,3849472771700,false,Hết hàng! Sản phẩm Flash Sale 'FSI-00167': yêu cầu 1; còn lại 0
TXN-OPTIMISTIC-00674,REQ-SIM-00674,-,CUS-00674,FSI-00167,1,OPTIMISTIC,pool-4-thread-674,3847325795900,3849473039500,false,Hết hàng! Sản phẩm Flash Sale 'FSI-00167': yêu cầu 1; còn lại 0
TXN-OPTIMISTIC-00567,REQ-SIM-00567,-,CUS-00567,FSI-00167,1,OPTIMISTIC,pool-4-thread-567,3847324471500,3849473444400,false,Hết hàng! Sản phẩm Flash Sale 'FSI-00167': yêu cầu 1; còn lại 0
TXN-OPTIMISTIC-00343,REQ-SIM-00343,-,CUS-00343,FSI-00167,1,OPTIMISTIC,pool-4-thread-343,3847321718400,3849473629500,false,Hết hàng! Sản phẩm Flash Sale 'FSI-00167': yêu cầu 1; còn lại 0
TXN-OPTIMISTIC-00643,REQ-SIM-00643,-,CUS-00643,FSI-00167,1,OPTIMISTIC,pool-4-thread-643,3847325448000,3849473888500,false,Hết hàng! Sản phẩm Flash Sale 'FSI-00167': yêu cầu 1; còn lại 0
TXN-OPTIMISTIC-00925,REQ-SIM-00925,-,CUS-00925,FSI-00167,1,OPTIMISTIC,pool-4-thread-925,3847328747100,3849474209700,false,Hết hàng! Sản phẩm Flash Sale 'FSI-00167': yêu cầu 1; còn lại 0
TXN-OPTIMISTIC-00793,REQ-SIM-00793,-,CUS-00793,FSI-00167,1,OPTIMISTIC,pool-4-thread-793,3847327146500,3849474503200,false,Hết hàng! Sản phẩm Flash Sale 'FSI-00167': yêu cầu 1; còn lại 0
TXN-OPTIMISTIC-00331,REQ-SIM-00331,-,CUS-00331,FSI-00167,1,OPTIMISTIC,pool-4-thread-331,3847321580500,3849474897700,false,Hết hàng! Sản phẩm Flash Sale 'FSI-00167': yêu cầu 1; còn lại 0
TXN-OPTIMISTIC-00943,REQ-SIM-00943,-,CUS-00943,FSI-00167,1,OPTIMISTIC,pool-4-thread-943,3847328936400,3849475089700,false,Hết hàng! Sản phẩm Flash Sale 'FSI-00167': yêu cầu 1; còn lại 0
TXN-OPTIMISTIC-00669,REQ-SIM-00669,-,CUS-00669,FSI-00167,1,OPTIMISTIC,pool-4-thread-669,3847325742300,3849475370600,false,Hết hàng! Sản phẩm Flash Sale 'FSI-00167': yêu cầu 1; còn lại 0
TXN-OPTIMISTIC-00259,REQ-SIM-00259,-,CUS-00259,FSI-00167,1,OPTIMISTIC,pool-4-thread-259,3847320745200,3849475680300,false,Hết hàng! Sản phẩm Flash Sale 'FSI-00167': yêu cầu 1; còn lại 0
TXN-OPTIMISTIC-00825,REQ-SIM-00825,-,CUS-00825,FSI-00167,1,OPTIMISTIC,pool-4-thread-825,3847327537200,3849475915300,false,Hết hàng! Sản phẩm Flash Sale 'FSI-00167': yêu cầu 1; còn lại 0
TXN-OPTIMISTIC-00535,REQ-SIM-00535,-,CUS-00535,FSI-00167,1,OPTIMISTIC,pool-4-thread-535,3847324129600,3849476202400,false,Hết hàng! Sản phẩm Flash Sale 'FSI-00167': yêu cầu 1; còn lại 0
TXN-OPTIMISTIC-00223,REQ-SIM-00223,-,CUS-00223,FSI-00167,1,OPTIMISTIC,pool-4-thread-223,3847320357800,3849476491900,false,Hết hàng! Sản phẩm Flash Sale 'FSI-00167': yêu cầu 1; còn lại 0
TXN-OPTIMISTIC-00126,REQ-SIM-00126,-,CUS-00126,FSI-00167,1,OPTIMISTIC,pool-4-thread-126,3847319300600,3849476791400,false,Hết hàng! Sản phẩm Flash Sale 'FSI-00167': yêu cầu 1; còn lại 0
TXN-OPTIMISTIC-00103,REQ-SIM-00103,-,CUS-00103,FSI-00167,1,OPTIMISTIC,pool-4-thread-103,3847319469900,3849477059700,false,Hết hàng! Sản phẩm Flash Sale 'FSI-00167': yêu cầu 1; còn lại 0
TXN-OPTIMISTIC-00301,REQ-SIM-00301,-,CUS-00301,FSI-00167,1,OPTIMISTIC,pool-4-thread-301,3847321176000,3849477347100,false,Hết hàng! Sản phẩm Flash Sale 'FSI-00167': yêu cầu 1; còn lại 0
TXN-OPTIMISTIC-00464,REQ-SIM-00464,-,CUS-00464,FSI-00167,1,OPTIMISTIC,pool-4-thread-464,3847323283900,3849477625900,false,Hết hàng! Sản phẩm Flash Sale 'FSI-00167': yêu cầu 1; còn lại 0
TXN-OPTIMISTIC-00356,REQ-SIM-00356,-,CUS-00356,FSI-00167,1,OPTIMISTIC,pool-4-thread-356,3847321864000,3849477967400,false,Hết hàng! Sản phẩm Flash Sale 'FSI-00167': yêu cầu 1; còn lại 0
TXN-OPTIMISTIC-00080,REQ-SIM-00080,-,CUS-00080,FSI-00167,1,OPTIMISTIC,pool-4-thread-80,3847318598700,3849478238300,false,Hết hàng! Sản phẩm Flash Sale 'FSI-00167': yêu cầu 1; còn lại 0
TXN-OPTIMISTIC-00219,REQ-SIM-00219,-,CUS-00219,FSI-00167,1,OPTIMISTIC,pool-4-thread-219,3847320316000,3849478589000,false,Hết hàng! Sản phẩm Flash Sale 'FSI-00167': yêu cầu 1; còn lại 0
TXN-OPTIMISTIC-00794,REQ-SIM-00794,-,CUS-00794,FSI-00167,1,OPTIMISTIC,pool-4-thread-794,3847327155600,3849478892400,false,Hết hàng! Sản phẩm Flash Sale 'FSI-00167': yêu cầu 1; còn lại 0
TXN-OPTIMISTIC-00176,REQ-SIM-00176,-,CUS-00176,FSI-00167,1,OPTIMISTIC,pool-4-thread-176,3847319855800,3849479147500,false,Hết hàng! Sản phẩm Flash Sale 'FSI-00167': yêu cầu 1; còn lại 0
TXN-OPTIMISTIC-00807,REQ-SIM-00807,-,CUS-00807,FSI-00167,1,OPTIMISTIC,pool-4-thread-807,3847327287400,3849479428000,false,Hết hàng! Sản phẩm Flash Sale 'FSI-00167': yêu cầu 1; còn lại 0
TXN-OPTIMISTIC-00021,REQ-SIM-00021,-,CUS-00021,FSI-00167,1,OPTIMISTIC,pool-4-thread-21,3847318196700,3849479737600,false,Hết hàng! Sản phẩm Flash Sale 'FSI-00167': yêu cầu 1; còn lại 0
TXN-OPTIMISTIC-00014,REQ-SIM-00014,-,CUS-00014,FSI-00167,1,OPTIMISTIC,pool-4-thread-14,3847317980700,3849480010900,false,Hết hàng! Sản phẩm Flash Sale 'FSI-00167': yêu cầu 1; còn lại 0
TXN-OPTIMISTIC-00032,REQ-SIM-00032,-,CUS-00032,FSI-00167,1,OPTIMISTIC,pool-4-thread-32,3847318176000,3849480304500,false,Hết hàng! Sản phẩm Flash Sale 'FSI-00167': yêu cầu 1; còn lại 0
TXN-OPTIMISTIC-00483,REQ-SIM-00483,-,CUS-00483,FSI-00167,1,OPTIMISTIC,pool-4-thread-483,3847323557900,3849480587200,false,Hết hàng! Sản phẩm Flash Sale 'FSI-00167': yêu cầu 1; còn lại 0
TXN-OPTIMISTIC-00284,REQ-SIM-00284,-,CUS-00284,FSI-00167,1,OPTIMISTIC,pool-4-thread-284,3847321041800,3849480860000,false,Hết hàng! Sản phẩm Flash Sale 'FSI-00167': yêu cầu 1; còn lại 0
TXN-OPTIMISTIC-00048,REQ-SIM-00048,-,CUS-00048,FSI-00167,1,OPTIMISTIC,pool-4-thread-48,3847318356100,3849481170900,false,Hết hàng! Sản phẩm Flash Sale 'FSI-00167': yêu cầu 1; còn lại 0
TXN-OPTIMISTIC-00410,REQ-SIM-00410,-,CUS-00410,FSI-00167,1,OPTIMISTIC,pool-4-thread-410,3847322588400,3849481435100,false,Hết hàng! Sản phẩm Flash Sale 'FSI-00167': yêu cầu 1; còn lại 0
TXN-OPTIMISTIC-00043,REQ-SIM-00043,-,CUS-00043,FSI-00167,1,OPTIMISTIC,pool-4-thread-43,3847318296000,3849481746200,false,Hết hàng! Sản phẩm Flash Sale 'FSI-00167': yêu cầu 1; còn lại 0
TXN-OPTIMISTIC-00471,REQ-SIM-00471,-,CUS-00471,FSI-00167,1,OPTIMISTIC,pool-4-thread-471,3847323367300,3849481980700,false,Hết hàng! Sản phẩm Flash Sale 'FSI-00167': yêu cầu 1; còn lại 0
TXN-OPTIMISTIC-00273,REQ-SIM-00273,-,CUS-00273,FSI-00167,1,OPTIMISTIC,pool-4-thread-273,3847320996000,3849482274300,false,Hết hàng! Sản phẩm Flash Sale 'FSI-00167': yêu cầu 1; còn lại 0
TXN-OPTIMISTIC-00363,REQ-SIM-00363,-,CUS-00363,FSI-00167,1,OPTIMISTIC,pool-4-thread-363,3847321947600,3849482566800,false,Hết hàng! Sản phẩm Flash Sale 'FSI-00167': yêu cầu 1; còn lại 0
TXN-OPTIMISTIC-00405,REQ-SIM-00405,-,CUS-00405,FSI-00167,1,OPTIMISTIC,pool-4-thread-405,3847322532600,3849482878300,false,Hết hàng! Sản phẩm Flash Sale 'FSI-00167': yêu cầu 1; còn lại 0
TXN-OPTIMISTIC-00144,REQ-SIM-00144,-,CUS-00144,FSI-00167,1,OPTIMISTIC,pool-4-thread-144,3847319499900,3849483136600,false,Hết hàng! Sản phẩm Flash Sale 'FSI-00167': yêu cầu 1; còn lại 0
TXN-OPTIMISTIC-00120,REQ-SIM-00120,-,CUS-00120,FSI-00167,1,OPTIMISTIC,pool-4-thread-120,3847319236600,3849483415900,false,Hết hàng! Sản phẩm Flash Sale 'FSI-00167': yêu cầu 1; còn lại 0
TXN-OPTIMISTIC-00561,REQ-SIM-00561,-,CUS-00561,FSI-00167,1,OPTIMISTIC,pool-4-thread-561,3847324410700,3849483697500,false,Hết hàng! Sản phẩm Flash Sale 'FSI-00167': yêu cầu 1; còn lại 0
TXN-OPTIMISTIC-00337,REQ-SIM-00337,-,CUS-00337,FSI-00167,1,OPTIMISTIC,pool-4-thread-337,3847321645400,3849484031700,false,Hết hàng! Sản phẩm Flash Sale 'FSI-00167': yêu cầu 1; còn lại 0
TXN-OPTIMISTIC-00417,REQ-SIM-00417,-,CUS-00417,FSI-00167,1,OPTIMISTIC,pool-4-thread-417,3847322663300,3849484265800,false,Hết hàng! Sản phẩm Flash Sale 'FSI-00167': yêu cầu 1; còn lại 0
TXN-OPTIMISTIC-00037,REQ-SIM-00037,-,CUS-00037,FSI-00167,1,OPTIMISTIC,pool-4-thread-37,3847318380700,3849484541000,false,Hết hàng! Sản phẩm Flash Sale 'FSI-00167': yêu cầu 1; còn lại 0
TXN-OPTIMISTIC-00603,REQ-SIM-00603,-,CUS-00603,FSI-00167,1,OPTIMISTIC,pool-4-thread-603,3847325026800,3849484814300,false,Hết hàng! Sản phẩm Flash Sale 'FSI-00167': yêu cầu 1; còn lại 0
TXN-OPTIMISTIC-00608,REQ-SIM-00608,-,CUS-00608,FSI-00167,1,OPTIMISTIC,pool-4-thread-608,3847325076200,3849485131900,false,Hết hàng! Sản phẩm Flash Sale 'FSI-00167': yêu cầu 1; còn lại 0
TXN-OPTIMISTIC-00054,REQ-SIM-00054,-,CUS-00054,FSI-00167,1,OPTIMISTIC,pool-4-thread-54,3847318451200,3849485387500,false,Hết hàng! Sản phẩm Flash Sale 'FSI-00167': yêu cầu 1; còn lại 0
TXN-OPTIMISTIC-00465,REQ-SIM-00465,-,CUS-00465,FSI-00167,1,OPTIMISTIC,pool-4-thread-465,3847323355200,3849485658300,false,Hết hàng! Sản phẩm Flash Sale 'FSI-00167': yêu cầu 1; còn lại 0
TXN-OPTIMISTIC-00127,REQ-SIM-00127,-,CUS-00127,FSI-00167,1,OPTIMISTIC,pool-4-thread-127,3847319541700,3849485974000,false,Hết hàng! Sản phẩm Flash Sale 'FSI-00167': yêu cầu 1; còn lại 0
TXN-OPTIMISTIC-00012,REQ-SIM-00012,-,CUS-00012,FSI-00167,1,OPTIMISTIC,pool-4-thread-12,3847317954000,3849486242100,false,Hết hàng! Sản phẩm Flash Sale 'FSI-00167': yêu cầu 1; còn lại 0
TXN-OPTIMISTIC-00136,REQ-SIM-00136,-,CUS-00136,FSI-00167,1,OPTIMISTIC,pool-4-thread-136,3847319414200,3849486534900,false,Hết hàng! Sản phẩm Flash Sale 'FSI-00167': yêu cầu 1; còn lại 0
TXN-OPTIMISTIC-00360,REQ-SIM-00360,-,CUS-00360,FSI-00167,1,OPTIMISTIC,pool-4-thread-360,3847321910500,3849486792100,false,Hết hàng! Sản phẩm Flash Sale 'FSI-00167': yêu cầu 1; còn lại 0
TXN-OPTIMISTIC-00507,REQ-SIM-00507,-,CUS-00507,FSI-00167,1,OPTIMISTIC,pool-4-thread-507,3847323831000,3849487033400,false,Hết hàng! Sản phẩm Flash Sale 'FSI-00167': yêu cầu 1; còn lại 0
TXN-OPTIMISTIC-00741,REQ-SIM-00741,-,CUS-00741,FSI-00167,1,OPTIMISTIC,pool-4-thread-741,3847326585700,3849487302800,false,Hết hàng! Sản phẩm Flash Sale 'FSI-00167': yêu cầu 1; còn lại 0
TXN-OPTIMISTIC-00759,REQ-SIM-00759,-,CUS-00759,FSI-00167,1,OPTIMISTIC,pool-4-thread-759,3847326773500,3849487581700,false,Hết hàng! Sản phẩm Flash Sale 'FSI-00167': yêu cầu 1; còn lại 0
TXN-OPTIMISTIC-00278,REQ-SIM-00278,-,CUS-00278,FSI-00167,1,OPTIMISTIC,pool-4-thread-278,3847320972900,3849487871100,false,Hết hàng! Sản phẩm Flash Sale 'FSI-00167': yêu cầu 1; còn lại 0
TXN-OPTIMISTIC-00675,REQ-SIM-00675,-,CUS-00675,FSI-00167,1,OPTIMISTIC,pool-4-thread-675,3847325806800,3849488114400,false,Hết hàng! Sản phẩm Flash Sale 'FSI-00167': yêu cầu 1; còn lại 0
