customerId,name,email,passwordHash,passwordSalt,tier,registeredDate
CUS-00001,Nguyễn Văn Thảo,thao.nguyen1@email.com,rkTOlEJsbnvMQqDl7g7bd3nj2h9PRhElIf1s5y4Xjjs=,qGhtJn9wh7YcXS/w/5pXRQ==,REGULAR,2025-10-21
CUS-00002,Nguyễn Ngọc Minh,minh.nguyen2@email.com,R7fMgQsywIP34jBUunhoAGliA4VEYdKozOtoYq5hXkc=,4mCEWofct5yo9wJHizQjtQ==,REGULAR,2024-10-24
CUS-00003,Bùi Ngọc Mai,mai.bui3@email.com,2Gv3AQDxp67/p7JXrQsyWICwecp+BnvUkz58tE74Ka4=,v60JdAFxblQAYrCDW8+c0g==,REGULAR,2025-10-28
CUS-00004,Bùi Minh Trung,trung.bui4@email.com,kEE4J8/UMJgM7vYTFkuH9gOQnZ14loAHyi7gIGR2OZo=,kEBSGbhlBpCLktm/t+eF8A==,VIP,2025-03-14
CUS-00005,Đỗ Văn Nam,nam.do5@email.com,LC04u29YCubUPDOjhhpEDFE0wGSTM5KJoV44jWEy/o4=,wthumDYXRreAYfcAv4HfaQ==,PREMIUM,2024-07-25
CUS-00006,Hồ Ngọc Yến,yen.ho6@email.com,jkLJY12iZaGLYrEHL8g5Mw+J3+ilamP9OXaMCfEIzRc=,aZ8cQ3/SHi0GDkJoJtsTQw==,PREMIUM,2024-10-14
CUS-00007,Võ Thị Phúc,phuc.vo7@email.com,HCMXWWRV6Ryiq7Q81tJSAbVzJGR1iuiMJpZl0ibg0Lg=,6KvOgiLCT7wyWx5kESQgpQ==,REGULAR,2025-12-11
CUS-00008,Vũ Hữu Trung,trung.vu8@email.com,bJB9ANfC3+iKMl0lnD4qVSRWHGSK3lqflFyHqkJAsIM=,qf0GRNSUwlrpSpBcYBC/qw==,PREMIUM,2024-01-08
CUS-00009,Ngô Hữu Sơn,son.ngo9@email.com,9+RKzXP/wkKw3nK3s+klFqyWbEEVLgB4mzOa9Md1I1k=,Boe89bc9X7yuAZQJV8Mw4A==,REGULAR,2025-04-26
CUS-00010,Nguyễn Đức Bình,binh.nguyen10@email.com,2VQ7aroWxcivqRUBWd2MCsMr2tMwQKhdcKztKZPnGmc=,3Dv6MUypf0aVV507sYolfA==,REGULAR,2025-08-13
CUS-00011,Phạm Thanh Hải,hai.pham11@email.com,6FFfaLS01xXdveap3Fmgy6X6MfG/Dvlxo9CgB59LLMY=,8UdJGgCppTm3b+PdPBN95w==,REGULAR,2024-08-29
CUS-00012,Phạm Hữu Tú,tu.pham12@email.com,Q7Ek2VZKS6JfMJxTe3W5IxLyizeDPiabwEn15d2tP1c=,ezJ+bppL1c44Gzzbpnc1Sg==,PREMIUM,2024-06-12
CUS-00013,Lý Anh Dũng,dung.ly13@email.com,AvbXoKH2TAFcenYiMxi1kHCEjliDHsWtV9FPq5BV3fI=,fIq76F4QJKLfY2ELoni68w==,REGULAR,2024-10-24
CUS-00014,Bùi Thị Lan,lan.bui14@email.com,sQmw+TmbZlmTFVv8gv7QUSB5+VRSChmcG6+JbXEWz4M=,lxJ3eTTGqaXYZA6CXxR6/w==,REGULAR,2024-09-10
CUS-00015,Đỗ Anh Phúc,phuc.do15@email.com,jdjvfUfiaJ2J1vziPf5a78rWRScXC6ybEtGA13M+t8Y=,PY8okmD2sz44R0uze+9tVg==,REGULAR,2024-07-24
CUS-00016,Trần Bảo Quân,quan.tran16@email.com,RMBhF5Rn94PQOO1Z+6wktgRtNtea6LdLZ37ubppQIOQ=,M+8Ao64mRJrVYX4omq5lmQ==,REGULAR,2024-03-20
CUS-00017,Đặng Đức Chi,chi.dang17@email.com,0qBHXoT/ivNGJt+/HgPvfRt2J4bgp0ptOWQWkD3ncGM=,B+gjkyP65QypbpipytZfhg==,REGULAR,2024-08-08
CUS-00018,Võ Phương Trung,trung.vo18@email.com,ergzaNTaH5MpF3MYkXft5/qIvDPYzjlKj5lO3vXb1cA=,MxZ0vOLmT3+GriBXipvQrw==,PREMIUM,2024-05-09
CUS-00019,Đỗ Ngọc Dũng,dung.do19@email.com,iWlb9HzsGJ/Xy3n06ywB0muKc+eoxirekbd+2cAffR4=,qCCap1+mg+FCpdkw56JC8Q==,PREMIUM,2025-07-06
CUS-00020,Phạm Bảo Tuấn,tuan.pham20@email.com,vd2taOATijZXSruLokbzURfeux4mo3RWZvNA20uSTII=,izAmThnUFFj/BA3attctEA==,REGULAR,2025-09-16
CUS-00021,Hoàng Hữu Tâm,tam.hoang21@email.com,6vKyxDGUyQyUHrZpw/JKLFYOyQvPO8K+3pb1U9qa8Dk=,93wOM3dEXIgQvF+gkZYWRg==,PREMIUM,2024-04-01
CUS-00022,Lê Văn Trung,trung.le22@email.com,EXVphWq40ydz9kdTZfjtP8HE5tSm6myVccTiAH0x04Y=,OBq7m5XnjHkamP+mhvshog==,REGULAR,2024-08-31
CUS-00023,Trần Anh Dũng,dung.tran23@email.com,llwwEdU6PMAELid+JEu55RldQ8Zp+0qZvbRpuZJa2OI=,0mSfW7Bbcv3JgZdlo2aeFg==,PREMIUM,2024-01-06
CUS-00024,Huỳnh Hoàng Linh,linh.huynh24@email.com,9Hn4EeUrTVYiXv37qu9y403aJaGljI89/c3yCcgr5Ew=,sm+iv4hGAKVjvMF+XsL/Tw==,REGULAR,2025-10-16
CUS-00025,Huỳnh Thu An,an.huynh25@email.com,yFiLD9KIKve40vOcG2zWNIw+Ttmhc7xsbeC40n5tp0s=,TFTM1mf+U34eVCBUk/OpKw==,REGULAR,2024-12-10
CUS-00026,Hồ Hoàng Hải,hai.ho26@email.com,tw0pJzfgCAAbZxY1beO9+V4deqWzUZJ88evPwURwtyU=,8yZsMgXZQVvMW3f9a/16OA==,REGULAR,2025-05-09
CUS-00027,Vũ Minh Mai,mai.vu27@email.com,xAis+DNlesDTLk0B9qi63kQLLKjEWD8arhrtYDaCxc0=,x/2lmEw+xs4VLuwCh+6G+g==,REGULAR,2024-09-01
CUS-00028,Phan Minh Phúc,phuc.phan28@email.com,GqPRRueEPC/Wd4/EygLa6b+x2B8tkTeWjM7cnikQaso=,93zUGAfjJouO92n+GVfc0w==,REGULAR,2024-11-07
CUS-00029,Lê Hữu Chi,chi.le29@email.com,lx46WIKTF5d0r//kF5VYK/txg/HWQC15P4MjgcxGQL4=,HgXAB0Gm+d3tWWUgT4GcDQ==,REGULAR,2025-02-06
CUS-00030,Ngô Minh Linh,linh.ngo30@email.com,cjmaoDJZPRPSGmM81+CocZqKIyyw3Hvt9lhQ7/DbCaA=,iVb7rQdcOOneQpi2qKyGXQ==,REGULAR,2025-08-11
CUS-00031,Bùi Đức Vy,vy.bui31@email.com,ifMujJqMY9dBKxnPeY40eqwkbnUkyogcT4K1tLzP7IQ=,J+xzhRCuVCduK8jc0BpwNA==,PREMIUM,2024-02-22
CUS-00032,Lê Minh Thảo,thao.le32@email.com,YaJlpq/L7OcGpAixQXLaysb3nLU+CUpVTZRU7P/hTp0=,fajka0t1lhhHF4mYktV1cA==,REGULAR,2024-11-13
CUS-00033,Vũ Quốc Bình,binh.vu33@email.com,3ex9HYZB5UYNpEAY/kCZjOZSEqM7Ns2bDZ93TOmViuQ=,HwPoU7NROdQc26sNZdq5Ow==,REGULAR,2024-08-06
CUS-00034,Hoàng Thị Dũng,dung.hoang34@email.com,vW9HSDpoVdsvh+uBKIQdfGG7i9JjlG6H3Z9GP4CudHI=,msCAw6LPNBhzNmfLDKuwOw==,REGULAR,2024-10-31
CUS-00035,Trần Xuân An,an.tran35@email.com,HMlKzg+OemAWLXXFmpTYKLDKkEMeI22tfLjFmH8q/z0=,PURucjuOBB0DnAJyXbRPIQ==,REGULAR,2024-12-01
CUS-00036,Nguyễn Phương Phúc,phuc.nguyen36@email.com,1wuj9Uvtn6bYc2AMn3Dj7cifViJDZWfPukNKLA4G1rU=,Cx31XcI2Bz3Gla+gw8J/Vw==,REGULAR,2025-07-24
CUS-00037,Dương Thị Minh,minh.duong37@email.com,u1TyKEpOBpvL6oljeJyujdX5zlrepJ8I5QT3xKXZBwk=,2zF5rQkrKcC2ZT3qW93uYQ==,REGULAR,2025-09-02
CUS-00038,Lý Đức Vy,vy.ly38@email.com,nJuIzYT1Si4oR/hcIDf2lQaKgO+rCN0ZJyd7M3mQ+AA=,sLzvbvcuhkhRleKMpMe2Jw==,REGULAR,2024-02-04
CUS-00039,Võ Xuân Chi,chi.vo39@email.com,lAcUt7CCFkHD2SArY9G/NMSlhWBY+xIB94P90rMrqLE=,QD+0bwnMjnpKivKTBClxIA==,REGULAR,2024-07-11
CUS-00040,Hồ Thu Hải,hai.ho40@email.com,TtWrckqEY4ll2bxnmau8wZt4MHxQJGC21IulNLksUDQ=,RyegGrRWH8ZcMHGH0OAOqA==,PREMIUM,2025-09-02
CUS-00041,Lê Anh Tuấn,tuan.le41@email.com,OEz5LML01c2ehivDMRVrAafJhBCLHTT48SMAz+uFptA=,qd4+MAciKRKWAt4LC/nVXA==,VIP,2024-02-17
CUS-00042,Lý Hoàng Chi,chi.ly42@email.com,hdIxIl70HZWpZKeukyfcRg/FujhfrhAWAhQaL69pE34=,BbDtQW7D/oDRTeI0XqURSQ==,REGULAR,2025-08-26
CUS-00043,Lý Bảo Chi,chi.ly43@email.com,ue417BXP20ZcgvqrMN/k+voCQdExxd3N+YCXhLp3euw=,WDXme3szNo3UJzZMXTK8LQ==,REGULAR,2024-09-10
CUS-00044,Đặng Phương Chi,chi.dang44@email.com,F/j5lqi7sSee8L+8dGs0b7pGgy9fNo6pXzz/eq4w0tU=,qQyMMIgMGavQvO3yN0MIZg==,REGULAR,2025-11-16
CUS-00045,Đặng Văn Tâm,tam.dang45@email.com,65JfBFmejjIpG8GGGd7r31zIsV+qfWL9Oj4rWsSKHTw=,7+OB2/2P5w0uC40iXDO8uw==,REGULAR,2024-06-04
CUS-00046,Ngô Ngọc Yến,yen.ngo46@email.com,zXu8ECZ4qt4hzp85wLz/PnC6L7efn09P5Fptc3EW35E=,SazH74T1iKGhCu87aQpVAQ==,REGULAR,2025-03-22
CUS-00047,Đỗ Quốc Trung,trung.do47@email.com,7z+AvyS6Uhu1sr9LLFFTdMmvIkGKy2AxDAYgoFQS9JE=,n9MweaS/UQ651mHxp3BDPQ==,REGULAR,2024-01-15
CUS-00048,Lý Thu Hùng,hung.ly48@email.com,7h1cXIDyBePFmzpHgJujPZv4vZSaHL7p3GA4CbudkO0=,2WVMc60C1Vef7ssVn0M77Q==,REGULAR,2024-03-20
CUS-00049,Huỳnh Gia Sơn,son.huynh49@email.com,YWEk3IETgVuVvDiN21L5QLvNRb1j4vHd1llfn1OBekk=,meu523GcDhW/rgQwLHmKfg==,REGULAR,2024-02-17
CUS-00050,Lê Thu Minh,minh.le50@email.com,aZZ6CWqH7i049v1BLA0FpDi42pmLJ47s4wo0y85rolo=,V/eAEZ8eVDs6CNc8UwGZyw==,REGULAR,2024-04-21
CUS-00051,Võ Quốc Chi,chi.vo51@email.com,DdFTjfrmQqYvEqAx7mcwxJLfuSxsj99yAPZs+afpWbk=,48+NH2gd4OwxgzJ6ymKQ9Q==,REGULAR,2024-08-05
CUS-00052,Phạm Minh Mai,mai.pham52@email.com,sRfCP8akbcLzOySKRMNo3Vf7q+xAN2ueadPdM0/oPw0=,lC7Z9DTaw5eAcemTfwZADw==,REGULAR,2025-07-26
CUS-00053,Huỳnh Bảo An,an.huynh53@email.com,0VusM0QX9DUli3zx8DZuciYkKJ3lu/LbaMs5n/ddRcA=,ryqV0Ds+9bMK6jxd23cMkA==,REGULAR,2024-12-30
CUS-00054,Lý Phương Nam,nam.ly54@email.com,vdcdFGEPcmb5fniGtgcK87ZPL6mmP1WzSu/Bjq+MAqo=,tAa48ZHlRFctCpdqgaynbQ==,REGULAR,2024-11-08
CUS-00055,Võ Thanh Linh,linh.vo55@email.com,h9DSsguoV01GrYMRb+FbWcctZncSOFxdRSflrN4AWqI=,PH8+BZOnK/LEJoj96Y22xA==,REGULAR,2025-03-22
CUS-00056,Lý Quốc An,an.ly56@email.com,uS03K4YagDhphcKdhmZi5Av6g8mpq8+KV0K1FWl80bM=,Ysfri+R8Sj1K8ZsQO6EL0Q==,REGULAR,2025-08-14
CUS-00057,Ngô Minh An,an.ngo57@email.com,AGWeQhwQpLNPxsRqII985evrinqurH8HAVapJKwpBb4=,mIHx9mAKMyXhJGNZeaFjAg==,REGULAR,2024-08-12
CUS-00058,Phan Thị Quân,quan.phan58@email.com,L0z0yVi2cGZdxdAf4zW8rIl3G9wy/Wv9Z2OoZuhBMpM=,P/54VO9eFY7UxQOOOdPvvw==,REGULAR,2025-11-25
CUS-00059,Bùi Hoàng Tâm,tam.bui59@email.com,qNeXp1SYLdMYXV73tpCtV9qpjsqRXo9aU/8198VTPDM=,RVsqwlNdM7Tz5cIwExbphw==,PREMIUM,2025-12-19
CUS-00060,Phan Quốc Minh,minh.phan60@email.com,pRFcOKVAC+HWlmwACwsSINLnGH+v1jf4mpcRXlI3bDo=,4lyDWZuYJl1IYr2ElkqHmg==,PREMIUM,2024-12-28
CUS-00061,Hoàng Gia Sơn,son.hoang61@email.com,2jzvbeKOIyYoY1DFDOt8vsR5fs30txtTyTykrOWVfsg=,mOLaWBEvTPk1Br4LW7iO0A==,REGULAR,2025-11-09
CUS-00062,Bùi Quốc Lan,lan.bui62@email.com,yvUJGbkgPnD1mM4/EaXR2CEv1w1UvR3KVOHjyMMf010=,sO0bPUygpROYZAEvxOhiRQ==,REGULAR,2025-04-25
CUS-00063,Lý Thị Yến,yen.ly63@email.com,ryXpe4tSvQepum1jsGFgwIczjFYcaEMHBKKcK3ptz9o=,a3W/UFqnvi72ZdjrrBQ3gw==,REGULAR,2025-11-16
CUS-00064,Ngô Đức Hải,hai.ngo64@email.com,ScC/BZff3j5FOhD3GYEK1Z11iKW/cN3+ZjLQo9we4IA=,mL7XDPVvbbRH83A/OAr0jA==,VIP,2024-07-09
CUS-00065,Phạm Phương Long,long.pham65@email.com,1bqE+2tFEkrIT5G2vbGFokEEKM3kdMR4zu2bUYH8IE0=,C/jbfz2NDh7v2NKi8l029g==,REGULAR,2024-09-21
CUS-00066,Đặng Hoàng Hải,hai.dang66@email.com,lqIvVtnPTKxHDdU04pARtM4h7IBqbW7lWDz7VKyQ3i4=,nfvaBkRE5929KlDEMtDxdw==,PREMIUM,2025-10-19
CUS-00067,Dương Quốc Yến,yen.duong67@email.com,abSv008KtTRnzzmwcFP4UxMCmM+LbkR1QMsxoJaK57k=,rb4YUhR7qBR4lfB0QTic7w==,REGULAR,2024-07-02
CUS-00068,Võ Bảo Bình,binh.vo68@email.com,3TqSKUV+spUVHtlE+QTLvjqkhtJIBYk9GdBjkNFFnV4=,r6UJn4gvqtPwud1r6QMknA==,REGULAR,2025-01-16
CUS-00069,Huỳnh Anh Minh,minh.huynh69@email.com,/hpWoqwY9d3G5br+HI+qoHlzIiG1h+dpb/JIJdvmRBw=,GRLEnzleE7M4XcZwC4ZNng==,REGULAR,2024-06-03
CUS-00070,Võ Bảo Sơn,son.vo70@email.com,0UIM8qNAmK2QTtPcNvu4JmnplaZ9o+xuMsXdu+0vz38=,hLH7fccJz+uax4wxX5pFAQ==,REGULAR,2024-08-23
CUS-00071,Trần Văn Sơn,son.tran71@email.com,GJkaKUTWxGJkQ+s5lopLrev+rSLaEBGY2pX+failybc=,+UVcnivi7onqg4XtXw/bsQ==,VIP,2024-10-13
CUS-00072,Võ Hoàng An,an.vo72@email.com,apEP8VTbCBvx2T9YVftii36l3N+9mSNq4a4Vq004CSs=,Z1XuBY7D1z4w9ynwKuLWog==,PREMIUM,2025-01-01
CUS-00073,Dương Xuân Lan,lan.duong73@email.com,AjXF6R98Vd1fRSm1nla9OoMt4zVptEH2V1UwtZRb3nA=,xZCyvS9dRdUT9WKaP9L+zQ==,REGULAR,2025-01-27
CUS-00074,Lý Văn Lan,lan.ly74@email.com,PIV/+MYJr0Mglo4OxG9+cTatAwlFsrLj/T+Oze0gQGA=,svu+QkDwSLcaN+dc6elZHw==,REGULAR,2025-12-30
CUS-00075,Võ Anh Minh,minh.vo75@email.com,vOsIYr1bjxh5UxdIy7o5o//giMHD5iSZ8A7bljm8B2s=,1wqZYNqznA4n+sFRCBoqsQ==,PREMIUM,2024-01-27
CUS-00076,Phan Văn Trung,trung.phan76@email.com,4riYCb7fkgCy3DhXfx1wd3di68B9EGgsp6zNKadVRsU=,INkW2n/roZpoUSCyslsccQ==,REGULAR,2024-03-20
CUS-00077,Đặng Xuân Phúc,phuc.dang77@email.com,COxAtoUznDiFzDNcMw2+zQmIVRUBujfZ/nWXU+eMYaQ=,cVv4GNBoaS8mQ7n9ceFIJg==,REGULAR,2024-06-12
CUS-00078,Ngô Thị Nam,nam.ngo78@email.com,U1nLGqbNdcHwxN6F779az2XmPFs1MJKiRb6KhrcVkjs=,nfadK2hYBPVvfddvNYk5hw==,REGULAR,2024-10-20
CUS-00079,Hồ Quốc Phúc,phuc.ho79@email.com,UKW6IszI1RVbyTXqDbgmfyf/39750Trh5ZUhMSMUeeQ=,EvYZCqhA+eZ9uN+V5FkMMQ==,REGULAR,2024-05-07
CUS-00080,Phạm Ngọc Dũng,dung.pham80@email.com,x4USw8UPXSi4x9KmpZZmID2rorpWtfOnZCryIxwn2PY=,StX14L7vGPT2aWuXjW+lFg==,REGULAR,2024-06-28
CUS-00081,Huỳnh Thị Yến,yen.huynh81@email.com,ZH7wtTS0CMAPjZ69KJvQKHweXOdWxwUzyLG/7V7yy2k=,Pp+go9Ehh3KSl9aHcVWJkg==,VIP,2025-10-04
CUS-00082,Phan Thị Vy,vy.phan82@email.com,S5SHlqWh3tfChT4qtH0MifhHrSoedLB2KW9CBk2Rvi0=,gEomiUzhf8bqI8WWkNp49w==,REGULAR,2025-08-29
CUS-00083,Lý Văn Yến,yen.ly83@email.com,AwHYxKSSFE0u+PfcSAckwA9RnxV9Zk5/GY1bhA1KA7E=,XQN0Z56FI0UIMTJte5vL1g==,REGULAR,2024-11-04
CUS-00084,Huỳnh Xuân Linh,linh.huynh84@email.com,LT3Cl6BkHe6HHsmMu8d4v0S7l/nPwz0B68qF1JznwkI=,hEBrC5ybIjGpgdz+EAKG0g==,PREMIUM,2024-05-08
CUS-00085,Phan Gia Nam,nam.phan85@email.com,FalSjmb1xFKm36rVBVUgZI1N3ZOKKfRFNlAQZBjiZ+I=,MRgHXrqpiwHOEr0wXhirvA==,REGULAR,2025-07-19
CUS-00086,Hoàng Thị Tú,tu.hoang86@email.com,HUU80Gjp53dG89zpfnxKZTZUWO1dhCKoyzpwXJn7hR8=,YNeD48YYhVtzh5HfHuccJQ==,REGULAR,2025-11-03
CUS-00087,Hoàng Bảo Nam,nam.hoang87@email.com,e3YuL9yyjAQQOdlok1aowHPp33XMgso60VBN5UsQF4A=,quauUuuvyWczq9Y/O5WnBQ==,REGULAR,2024-07-20
CUS-00088,Hoàng Gia Minh,minh.hoang88@email.com,kg+LTh9IybV+InfHO3ZpiyopHx7l/ZEkWv87GjlqsjQ=,FFW2+d9yAg1tdZGKj5hsZA==,VIP,2024-01-27
CUS-00089,Nguyễn Hoàng Phúc,phuc.nguyen89@email.com,GSRruau1alI27iDJkadB9D3nN5leIVHYmRYJZUGZUH0=,pMpWOaP+LbaeBrxWNMjj4A==,REGULAR,2024-05-01
CUS-00090,Phan Anh Bình,binh.phan90@email.com,vgCUfGAotwQWAVS3oS1FpVyTUGn5VziFCxuNLuw9/c0=,UMOALapTrCSpTQcfPy44jg==,PREMIUM,2025-04-20
CUS-00091,Hoàng Minh Hùng,hung.hoang91@email.com,GG4XtwX+o0OCW/CPviorCfNQDPnTj416nci75/Gk0cs=,pFXqtOcq78FjXhMBNbtSiA==,VIP,2025-04-26
CUS-00092,Đỗ Thị Dũng,dung.do92@email.com,EFtFo9/1X588StidmvoI6lXNJaPIfwdgC7g97aBq7yk=,OKtgr45Tjun2HTEKWG+ZmA==,REGULAR,2025-10-31
CUS-00093,Lê Minh Sơn,son.le93@email.com,w9e+vG5UnwI/rTfwRbTYYYIxcpgE1sJkiOetUhXJqGI=,0qScEelpVFSGZ2UIJj/spA==,REGULAR,2025-05-18
CUS-00094,Nguyễn Đức Yến,yen.nguyen94@email.com,30fBTrwrkH7NgTgshsPoEmIUV9LouHiIaDoKJ3qh5ok=,wrKrlfjrCoVQEeNGoECgtA==,REGULAR,2024-04-30
CUS-00095,Huỳnh Ngọc Đạt,dat.huynh95@email.com,znBwhuGECkX3o+D5FP3rdBzeeVSB+WWindb3+Nfqozs=,P1vDj7fNm4NIT9wiRvjEOg==,REGULAR,2025-11-16
CUS-00096,Đặng Thu Dũng,dung.dang96@email.com,Ox3G2i8ZfHMjJMkiQbfUTO135YAGBUEAtT5+z7xkMwk=,xz6cUvHfVAUaH/Gudvgk6g==,REGULAR,2025-11-04
CUS-00097,Huỳnh Bảo Nam,nam.huynh97@email.com,RoP1Y6WyiU4Drra3ZWCWa44c974YRZV/sfPyTcNbfxM=,MDMGtd8eQ3x3tmyAii8W+g==,PREMIUM,2025-08-09
CUS-00098,Võ Hữu Sơn,son.vo98@email.com,EcuLTfRsjZ8nOnUyf+gWIVDN7MeBjc46Ejwnwu9ONks=,9KjsfIvmM+4dGdGDIU06lQ==,REGULAR,2025-10-06
CUS-00099,Võ Thu Nam,nam.vo99@email.com,graod9soA+i33VdsEXJffuquDCrn+EHvBz7cC+c2vgc=,M11uo4p0InE6YcxG/ZOU6Q==,REGULAR,2024-05-23
CUS-00100,Ngô Hữu An,an.ngo100@email.com,bjDD+yR7030HhoXAvr8bWWhxkTRzovXWiAOq+Tot+B0=,j/0i0/dw7R72Dq9HL0gMEA==,REGULAR,2024-08-24
CUS-00101,Lý Quốc Hùng,hung.ly101@email.com,PlaNHx/mEriEMrrFAYcJaW+fWrz7unvWazqS2PwL7kA=,il1S8p39CQDQ8WFKniq0mA==,REGULAR,2025-08-04
CUS-00102,Lê Đức Hải,hai.le102@email.com,JzTJTJ4Grre5jCEPDLmMgvX84LcQI8eoUiti1rigjJ8=,aZCAMAXDeRM16sSG1b6qcg==,PREMIUM,2024-08-05
CUS-00103,Lê Hữu Mai,mai.le103@email.com,z2TpSmATCT35B7R/J4ZE54mRBtcUXc/Oy/97qUj7NWY=,svAApsnPX6yHMwE71FC2Ug==,REGULAR,2025-08-06
CUS-00104,Lý Hoàng Hải,hai.ly104@email.com,6XqCkLAbsB3eMpoDAG5aGa9ppmxcSh7xCd61JF35Dxk=,tiy+ZJWJOMcZKzY6dSGmNw==,REGULAR,2024-08-30
CUS-00105,Huỳnh Xuân Trung,trung.huynh105@email.com,7qAtF21ltqPuJhLBKLKP6UiPUIOsG19jUNDzt513w88=,AeQGQECxsNCTAvl5zmPtTQ==,PREMIUM,2024-04-04
CUS-00106,Vũ Minh Long,long.vu106@email.com,2hELNLuc7v6sjmuTgiqMZ08bk7598Dzdfyx9HbQtgjE=,1IGpAXu4A9vzpOXI5NyY8A==,REGULAR,2024-09-05
CUS-00107,Phan Thu Quân,quan.phan107@email.com,qtyDQB1AWwYuLtrUmHxXg5V8PD1HBhNJ4gqaUylLZ7c=,D+ebKF6ykcAeHnc973WK7Q==,REGULAR,2024-08-08
CUS-00108,Đỗ Thu Tâm,tam.do108@email.com,bZGFP24yTw94EWyWO0vcG5Oj2wCDIT8YlE/6y0oWhzE=,7JAkVD0mXdPDvnbzihCT9A==,REGULAR,2025-09-08
CUS-00109,Nguyễn Hoàng Bình,binh.nguyen109@email.com,CgE3bIVqBOcNAqYwQ3uvP7JnQpAJZmjplmk3tm63vHk=,Lhd3qnQ4SXIt9la3s8zEZQ==,PREMIUM,2025-11-30
CUS-00110,Võ Xuân Hà,ha.vo110@email.com,sI8k3mp79EhiKXMuxuw4/DSNcwUfguLyD3tAjCO0YIs=,e4HdHCb++7zv8rm+qtluJw==,VIP,2025-01-25
CUS-00111,Vũ Ngọc Nam,nam.vu111@email.com,shgNwRdBBSzAU+IM9qM3hq8NptOdE4QbLI0vhCqjcT8=,W8JxR6fhfoqGiZO6frFB9g==,REGULAR,2025-06-10
CUS-00112,Hồ Thanh Chi,chi.ho112@email.com,C8Y5OQj4A5ZgqaPRqZa3nxAD/17qeP4asxsuU2yT+JE=,yAbjFuW17Zod+yXvqEqZhQ==,REGULAR,2024-06-17
CUS-00113,Bùi Bảo Hùng,hung.bui113@email.com,AnbXRhi1NgkQy/NOwhYcUpSFo24EzxLZxD+uuLO9eXw=,qhnci9kCG2I+A7+Te/wbHw==,PREMIUM,2024-05-28
CUS-00114,Phan Đức Tú,tu.phan114@email.com,0ApgPNIXKOV6JvgOou39Ud6WZ7M7cwAMBRHNYKkndW8=,6Qg6JabwIUsOd4dcvECecQ==,REGULAR,2025-10-30
CUS-00115,Dương Anh Nam,nam.duong115@email.com,hLitJVLxmkoPvRiceMYxks1uqP6Z+BphF8kl+nLyX5k=,FRKgT1iCCwpbnJ0B8SW4ZA==,REGULAR,2024-11-14
CUS-00116,Hồ Thị Vy,vy.ho116@email.com,V831kVGK4K3xICcZqk9ggLEAcFb/2avqHapaZ952FsQ=,s3mnRW88GVz4q6Sa75mC1g==,REGULAR,2024-04-15
CUS-00117,Trần Thanh Nam,nam.tran117@email.com,vTvE983Z5iow4np00Qqjy4cBeB+tr1vyBjGl7aY5Trw=,8qmSQN/llW51Yji4WZNFAA==,REGULAR,2024-01-17
CUS-00118,Nguyễn Quốc Lan,lan.nguyen118@email.com,ZK9jWMzMrOqVhhlvIoXOMrzMAYAZdQnlUXsFCAU++wo=,vtRsdKSi52P4P+YkXwIOog==,PREMIUM,2024-09-16
CUS-00119,Bùi Ngọc Bình,binh.bui119@email.com,o366DANjUEikrm/1fHpXkqVNSO00exqRJrhzR1LIAZk=,S1bw1Z+WPHC++3E0vQMJCA==,PREMIUM,2025-12-10
CUS-00120,Hồ Hữu An,an.ho120@email.com,KHSnPcKNZ9oN5XG8nR/IYP7qMXL6iw+rnhMORLe4q5k=,TT6UP/mvjOo/CQlwbpkh4Q==,REGULAR,2024-02-18
CUS-00121,Bùi Hoàng An,an.bui121@email.com,JcmGi5CJNuhvhQb+R56HCMf+5sp5evEx9Ria2UTMK2g=,9kh0NUfwnRJFYRjf+TfjrA==,PREMIUM,2025-01-24
CUS-00122,Trần Ngọc An,an.tran122@email.com,2BqT7G3RnhKdgA+swbwoljI/V77Zc9wxpHwBubcPjvs=,7rHep5rKOI7wPu7YQj1/cQ==,VIP,2024-07-12
CUS-00123,Đặng Xuân Mai,mai.dang123@email.com,Mi4ERUmj6qmmuggSxm5nlK9tHCOQHm2O6MefufKxVrg=,hDlKFO1oei+rr/AMxvd8WA==,REGULAR,2025-12-15
CUS-00124,Hoàng Đức Phúc,phuc.hoang124@email.com,myXJPZkznMXPflMSHRWzKSd3aBqfW4OYtO2Fy+N08O0=,OOmC4WelKLYKmct25Zg/Ew==,REGULAR,2025-06-30
CUS-00125,Dương Thanh Yến,yen.duong125@email.com,i/WmD/v+kaUo5anQLcTAlK95JLVViIZrkpiPk7ewMbw=,jd/jlU3sdkPNj1TWCFdqWg==,REGULAR,2024-05-26
CUS-00126,Lê Thu Mai,mai.le126@email.com,qGZlrbFsSI3yOa6L5ocP/1kUkBRg0kEPda5RZEE8QZg=,xLfd7HSSg5YzRQhMV2I4/Q==,REGULAR,2024-05-09
CUS-00127,Hồ Xuân Quân,quan.ho127@email.com,2sxu9qNiPBg27glLKMVKO70HFFwgkX69il7b47dV4ZA=,8jV8oeyJLviP67duz55K5A==,REGULAR,2025-03-25
CUS-00128,Võ Ngọc Yến,yen.vo128@email.com,+RjTPk7UiZdW73NjNtsoEr5vZZS3ptFHYCABVoYs+q0=,heOvktX2nRRDE93MJNvBFw==,REGULAR,2024-09-10
CUS-00129,Vũ Thanh Phúc,phuc.vu129@email.com,ovqafnpmyX3rWY+/uwSnNx2kGcXP4OQCGSIaYRv9VEI=,YlQhoKuzJpKvu88hPgZs+w==,PREMIUM,2025-05-26
CUS-00130,Trần Thu Mai,mai.tran130@email.com,mPbr8xAzLK4SSCxJkvBcQzuinQDZb80w69A84sIng/Q=,nwXfFkLUm8bqLiQ/6Js5kA==,REGULAR,2024-03-30
CUS-00131,Nguyễn Quốc Hùng,hung.nguyen131@email.com,5u1CjmAuDi/2fthVdDSlsgmiE4LGNBNe2Brp5JOCdJw=,N1Hg9588qJtJtCNwX2j/Gg==,REGULAR,2025-03-21
CUS-00132,Hồ Thị Quân,quan.ho132@email.com,d/hhk+Fyverv+Dnw4JmS06nS17HrNf44XOaLkulIXGc=,NEPhsE06hSzu1BriVXNyfQ==,REGULAR,2025-07-28
CUS-00133,Lê Ngọc Tuấn,tuan.le133@email.com,KX61X9Ke1zneawBgH/JJt7FOp9FZSAtlkUim3OZ4dEA=,KpwEyiZO6T61cKlfRLnlTg==,VIP,2024-01-23
CUS-00134,Đặng Phương Linh,linh.dang134@email.com,TokrB0y2bI2wdzfeuydh+278DKcrYt9NNn2tX33DieE=,TyO0ra+CINvePjrfArvLlQ==,VIP,2024-04-17
CUS-00135,Vũ Thu Phúc,phuc.vu135@email.com,XuP0lbNNcMHS57WAS5DtAzU7pn4nk96PK1L9ZTMQD1E=,vnZZHFy/mOYuPkRhh/8Qgw==,PREMIUM,2025-09-13
CUS-00136,Phan Thị Dũng,dung.phan136@email.com,6YjC42BBEGebblvTCVE1HpXgwlPjnbuZRHvTP6njDyw=,HtSH8TcCDVb5gEwI8K85oQ==,VIP,2024-11-26
CUS-00137,Đặng Anh Long,long.dang137@email.com,cWDjMxh3Z+X0VklrRDSuwd0aX6a2Ka6AwK0Nhwgbfe8=,mUq2XkrxnqIjCZzh0sTpJg==,REGULAR,2025-01-24
CUS-00138,Ngô Gia Mai,mai.ngo138@email.com,jTQ/XA03KHCoWokjfKtyIdZhCpQo3Rm0r/UFdISYaro=,K52TOubFBvSQ6Y/5wEOa5Q==,REGULAR,2025-10-20
CUS-00139,Hồ Minh Minh,minh.ho139@email.com,GNOTN/vZHICIFyvGGCa+bjeGItJtoal/4bMBvCf14no=,Lah7czC76/I7Sy1EE24GEg==,REGULAR,2024-05-25
CUS-00140,Hoàng Quốc Hải,hai.hoang140@email.com,p8Idjeh+bkT8/nAyQ/hG8B0pdpUNWhvPLAP+JgsBOH0=,dVA+/4QjXpIIQIYCP2Gg+g==,REGULAR,2025-07-01
CUS-00141,Huỳnh Hoàng Minh,minh.huynh141@email.com,fKLo9x1pw2WRDROcCE/Do/9EuPxk8Tb4cZ4vG8H81dk=,0v2STGiHu26E1K2Y5CzO0A==,REGULAR,2025-04-29
CUS-00142,Nguyễn Hữu Đạt,dat.nguyen142@email.com,5mKsiPURPO/WVYuBKHYaolgcYPcpK/Cpxmr9a13Biqg=,IZJGlpq7VWsAFDRizpau8A==,PREMIUM,2024-05-18
CUS-00143,Hoàng Gia Tâm,tam.hoang143@email.com,nOIxFWrU+ZsptyBwEUKWQpA+WKrChY7HY0Zxq5CcNmA=,uxblfMOCmSLYL2XPwPuzrg==,REGULAR,2025-06-18
CUS-00144,Phạm Đức Lan,lan.pham144@email.com,fXF/rCkU4aXA6JQgVuGuyEj961WnHNKUOkHHuYEsqLM=,3yismn6Tzzi3lipSD272Rw==,REGULAR,2025-09-18
CUS-00145,Nguyễn Văn Đạt,dat.nguyen145@email.com,ZDNrBcm+EQgSZuECueOFWDsakhKjh3p1kcBHhoZC0rE=,x8DHhJ5ZsKhmuQ92WilcHQ==,VIP,2025-04-04
CUS-00146,Huỳnh Gia Yến,yen.huynh146@email.com,dF+zQsDJi9FiFR9O2FKkR4aYJvc3DQS58vFYUhg8m1k=,Lm97RF+alBcwR/pr3oHd8Q==,REGULAR,2025-10-09
CUS-00147,Đỗ Xuân Minh,minh.do147@email.com,kPap0QPYi1pWyimTDRGAMMHs0t15Ii7sS8AMbPJffAU=,d0kZdCfHPnz9NCsuksztGg==,REGULAR,2024-02-18
CUS-00148,Bùi Xuân Dũng,dung.bui148@email.com,Y2/zk3Hb5UJSmp2EVHA91UCH+2At9Iu3IPVMIKWvdWQ=,lNDBEhbBBMMUA/e4A3DkdQ==,REGULAR,2025-05-26
CUS-00149,Bùi Anh Dũng,dung.bui149@email.com,mQtgeoRP+tX5lUdsxI4tkNpfe1doxBNC/UjgdkVu/HA=,57+z7DpPzPhbJ1J1yKLb9w==,REGULAR,2025-11-12
CUS-00150,Lê Phương Yến,yen.le150@email.com,cJ7oeTm53TGF3zicEAKMQGNGGR+DX/WfTQZYi+G/mEg=,D4I932c2rKBbqHGFRXXg7g==,VIP,2025-06-09
CUS-00151,Lý Xuân Tuấn,tuan.ly151@email.com,e/rZHLZ8D87txvORq+ZUtmGmTOEahIxPJYH8rf5geP8=,Tv61LtCeUl8TepIvRQSWjg==,VIP,2025-06-23
CUS-00152,Hồ Xuân Mai,mai.ho152@email.com,3ufbIhxsd4jOvzbRuQ1PFMGY5WX8dhlkfliZhSEECA8=,y0d8saR4Nmw9cIzeCRDhtw==,REGULAR,2025-08-11
CUS-00153,Huỳnh Hoàng Long,long.huynh153@email.com,kCnY/qDUCuI/sr2fdY1ePMIobZgx6wJSQxH+z1AWpeU=,wGXSYbwpa9EzIAOyVXkI9A==,REGULAR,2024-01-31
CUS-00154,Nguyễn Thu Thảo,thao.nguyen154@email.com,w77duPcKlA3OTJGn0IJx8lI5vvOffc3eqt/mSrdTdu0=,nUdF1FgJuUS5T4wPAi4aaA==,PREMIUM,2024-02-12
CUS-00155,Ngô Xuân Trung,trung.ngo155@email.com,xnPnOHrFoj9VbxUADC5fq/PFoaSIDt2NO/cFmB1mYSQ=,0vayKySVn0pbzHnNfJNZlg==,REGULAR,2024-11-01
CUS-00156,Hoàng Gia Tú,tu.hoang156@email.com,/fSkocNI9FF+KyCQSn7KHYc3vRBbXFje5iNKgBWz4L8=,+6dx+oYm9FKEiucCzyinXQ==,REGULAR,2025-05-30
CUS-00157,Nguyễn Ngọc Tuấn,tuan.nguyen157@email.com,UyXXODvBqJc3kMfFp4mAA4R5go/TSrnuIvvJIu8uwXk=,jNFNoX2GL19FZMkoaUnD5g==,REGULAR,2025-01-17
CUS-00158,Võ Anh Vy,vy.vo158@email.com,AYF+w0+fBLMsk75iOhLXzw+2CjRj1XnnSMt7hactEjY=,QGL8hWu50fiCJ5pKy+tV9Q==,REGULAR,2024-05-09
CUS-00159,Vũ Hữu Tâm,tam.vu159@email.com,41tvSmEkPVygOA66Zv34mYB3dM+S9jwXZGTXGYpe69s=,Irg54onBAJ10k0tDTbT48g==,VIP,2025-05-04
CUS-00160,Ngô Phương Trung,trung.ngo160@email.com,YP/oe3aa1PaeaE/hiKvRljByWU85CV8MGyEN4kqjliw=,orZuBD90q5MPmdKO8gaAPQ==,REGULAR,2024-03-29
CUS-00161,Hồ Quốc Chi,chi.ho161@email.com,JuWiYKEGgmkxuDCIAumi9UPmI4xjFxR2Y7U4yIzsvok=,62Iy1SZGpqgpGyUjIX+3Lw==,REGULAR,2024-06-12
CUS-00162,Trần Bảo An,an.tran162@email.com,A1GOI2ZcD+hnzfvyq3UCx2bn8BdGrf6rA1ucHZ5ho4U=,vQPe35iHo4oTylzFqC8NOA==,REGULAR,2025-09-10
CUS-00163,Ngô Quốc Tuấn,tuan.ngo163@email.com,eCDpcNUwdb5DJMPjJOobC8NWaxfKxh/2VZe22Mm5MEU=,qZu0n8dHY/Ot9w9iOITj8A==,REGULAR,2024-09-19
CUS-00164,Nguyễn Quốc Dũng,dung.nguyen164@email.com,593KdcNpblKjFpR5fjRSDx9HeYDkKj7+qCYjtD3Qa4c=,EjAu6TJPJ73f5FqLPgNsqw==,REGULAR,2025-07-19
CUS-00165,Nguyễn Quốc Nam,nam.nguyen165@email.com,oAGp7hAFjy7+ekYLQsFuDR+SbSxAzadMCO3NZFqd/w8=,guihBOiEhJntuVI2Xt6/Lg==,REGULAR,2024-07-21
CUS-00166,Đặng Minh Hà,ha.dang166@email.com,LzmlzNV0LY4HgzuuZloKgSRMcdKAu0sbpmT4m8Biid0=,DQM/hlQvdX7VNI0cckUv1Q==,PREMIUM,2024-05-09
CUS-00167,Dương Anh Nam,nam.duong167@email.com,szWtIWqrXZYjghOwL7iuHj/xPZnySXJh61SvZ7x8DAY=,5iGS7eoE/ow+AiT5KoWlCQ==,REGULAR,2024-02-21
CUS-00168,Võ Bảo Linh,linh.vo168@email.com,nc2q4SF3D/Mks63B+Qz0rRrsa/huPzUbK+F+hGZg5jY=,PRNMcdDqb5iCBiFn8nKB/w==,REGULAR,2024-01-09
CUS-00169,Phan Bảo Quân,quan.phan169@email.com,B/aIhylgmckTtjavpsukjBIIVS649zkfvpP/2nMgOno=,SLxZfyBZriUZLRBAQly4qw==,REGULAR,2024-02-05
CUS-00170,Huỳnh Thanh Chi,chi.huynh170@email.com,9bqOOBHTnoZF9uKCDN6kNzuUQjvKpOnX6jmdJqsIuQc=,2JXwtCVyLHgEAjHrZanWrw==,REGULAR,2025-08-20
CUS-00171,Phan Hoàng Sơn,son.phan171@email.com,2gzR4EsuBs356K8zv8wBidntIYTkrPg0BXGFsqdAZN0=,TM0rPRILgl8NDU88RhT4+A==,REGULAR,2024-04-30
CUS-00172,Huỳnh Quốc Hà,ha.huynh172@email.com,AhG0wdnY5FLJ+NIu03afAUsqlFhNRH8sD1agtW6Gv8g=,4czbp4jRXGiLz0e0+7ZG6w==,REGULAR,2025-04-24
CUS-00173,Lê Anh Yến,yen.le173@email.com,vrQFXXsAVyccqBUjrhET3mzdWrTLtkXRU8Boa3IVcRA=,J6OANtlA8tQ9b6xmSL70kQ==,VIP,2025-11-04
CUS-00174,Lê Phương Hùng,hung.le174@email.com,wnlnDgMYCu4AnUqjhGNojrb6N8vExpo8CzALvPcHdI8=,kKo8ObOg+F9x4aVhEUNp9g==,PREMIUM,2024-02-16
CUS-00175,Ngô Phương Minh,minh.ngo175@email.com,+XNpL+sFIcm6BlDbg0I+ViA+J6guup5Hzm0xyfzDn5A=,qpVSeZYcPxM/cykWF1E2gg==,REGULAR,2025-03-29
CUS-00176,Trần Ngọc Sơn,son.tran176@email.com,rEyioUwG/hFzmNsnxmIT1ZYJlZi67Nu0rOKnnXPVc3U=,d2IheSW8ZuHIXjomcorE8Q==,REGULAR,2025-03-04
CUS-00177,Đỗ Quốc Dũng,dung.do177@email.com,ulqYTTUbLAqPg2Xw/YY+Z74F2TzoPcfIb8XdS7QfAfU=,XKz11S5WkLgrKLJe29NpQQ==,REGULAR,2025-05-09
CUS-00178,Đỗ Minh Sơn,son.do178@email.com,HNZcZgCnM4wJiaqEJp17IRCv/Srr2g9jNWg1YXhBxS0=,lpB8Tz5Sk+2zuqHiLChKAA==,REGULAR,2025-11-01
CUS-00179,Nguyễn Đức Quân,quan.nguyen179@email.com,y4Ad0sGlyHVAAoCDcq3utcySOjNpCYZDWFvselqLoqs=,lcmQLcruqPQPHcm+R3u6wg==,REGULAR,2025-10-26
CUS-00180,Phạm Văn Bình,binh.pham180@email.com,idTXElRAHNoTrhhOdZqVJEi3abGYJ0KAnJUInxwOKtI=,Gu5KxnOu5g3N6dQ09lh0hA==,REGULAR,2025-01-23
CUS-00181,Võ Hữu Hùng,hung.vo181@email.com,UJs2uG0j4WvhsoBmHpfHkpvKGnk/S1FMcmemaEducU8=,IVkOPobgkYxhr9FEFI30Mw==,PREMIUM,2024-10-12
CUS-00182,Vũ Phương Tú,tu.vu182@email.com,CzOIVnUX0lle3ho6ETXI6M4j8d9NfuKlq3NLBLj/+XU=,dOMRp52TNOJ4Urb5de3IeA==,PREMIUM,2025-09-09
CUS-00183,Vũ Phương Hà,ha.vu183@email.com,/e3zhQpuEVS7gZfancNGWXXSEmn4FamypBC3LS6mt3M=,v14X1TJ2ofLYJvFrG/LtqA==,PREMIUM,2024-04-23
CUS-00184,Phạm Bảo Mai,mai.pham184@email.com,NEYuYcdNl/jlyUMPN1wjGq5l9ngq4nrBgwrBwJ6yNXA=,a+n6XNkOsEvKsqmgLHJq6w==,PREMIUM,2024-09-03
CUS-00185,Lý Hoàng Minh,minh.ly185@email.com,YIphvVdDN5Rxfxj1yO6C2YHrrj8RDdkpBT9+mApELlU=,0H71ni4ocy3d8aBeX2xbZg==,REGULAR,2024-12-14
CUS-00186,Dương Gia Bình,binh.duong186@email.com,8FnCOWwHm6kRJNB7hbAwwl0+S14yCGjb7snBvAVBnxM=,V43WYUgg+T/ud48delbZpw==,REGULAR,2024-09-19
CUS-00187,Lý Anh Long,long.ly187@email.com,OwRczpOngC1Au9JfM34yzNZpbVda7C7/hHtjqv6wpaU=,K2UcmwpMYszQoRqze70JPg==,PREMIUM,2024-01-01
CUS-00188,Trần Phương Trung,trung.tran188@email.com,bZt+CE1BoFHPlgmig02c9wUdHlQqhBZNR8XY3fwCkVk=,19tDui+hg736H5DgbZHxCQ==,REGULAR,2025-06-16
CUS-00189,Trần Hoàng Tú,tu.tran189@email.com,GdjHGMG4RRaqaCBfGBUdYT8hTZsuSaBLpNc7Eet/fPA=,XVV5hhGkYXd9Ja1p9k8Jew==,REGULAR,2024-04-02
CUS-00190,Nguyễn Ngọc Tâm,tam.nguyen190@email.com,TVFRTUvSiz7AHkOcBubBqP8miDyecZAkXrnc0iF6d0c=,bjGKg1KLA1ZexoDJ3Nwb5g==,REGULAR,2025-05-22
CUS-00191,Đỗ Hoàng Vy,vy.do191@email.com,JKu7WgMDJlwSRXyAP2KbvYchZld86GPrmIPMtNh9ZdY=,D3U7QI75PPqgNqDKtD/G2Q==,REGULAR,2025-07-29
CUS-00192,Hoàng Phương An,an.hoang192@email.com,opdEyEp37jkUB4OgYlkDvQa8f/WytA9zkDPu3F0neY0=,QaipAJHK4Hll5/O3dsDttw==,PREMIUM,2025-06-11
CUS-00193,Huỳnh Anh Linh,linh.huynh193@email.com,/FA7ssFVvOSu5OcU4ATk/5gUrEUhnC2trFxQh0Pbj8Y=,unqWrH95w367UrspbfMulw==,REGULAR,2024-08-21
CUS-00194,Huỳnh Hoàng Tuấn,tuan.huynh194@email.com,XckzJWtfMC0IaM+VPunY0a59xO3d4oJwr/PndJBBmjU=,NNiRT7abAGUBg+Nl29BhmQ==,REGULAR,2025-04-11
CUS-00195,Huỳnh Ngọc Yến,yen.huynh195@email.com,WEg3v8IiAO9BCkmoTIvkgTrEHaXxhoa0wk3Fl7jC00Y=,Waydzb+AAs4iLmMRJ3HnSw==,REGULAR,2025-12-24
CUS-00196,Hoàng Hoàng Đạt,dat.hoang196@email.com,lfCiqC2KKPUWTvQBkXa1b1ISOY2xsXJ+u2kkt5PZQ/o=,fPJaSYAQpk9GJfrDwUaJPA==,REGULAR,2024-09-14
CUS-00197,Phan Thị Tú,tu.phan197@email.com,8GzEt2FQW5RZaLOQyO3vRsdYGuSxXi01L2+csuZQ6Eg=,UGU6KmqAiickLE2JjLhQbQ==,REGULAR,2024-10-06
CUS-00198,Nguyễn Văn Bình,binh.nguyen198@email.com,5y+AluRlnJOTG+iZtquZcHED28EqOSvIvUHvyovkFYw=,eh7Je4FPGOqUtRKlrC+Lsg==,REGULAR,2025-10-08
CUS-00199,Võ Hoàng Vy,vy.vo199@email.com,30wyqHYr8FM6oLlsvmX7oYUnqbAKO6Mu5B1IpoRsYK8=,XW9nCbBjq5ww30d7QCxEIw==,PREMIUM,2025-08-09
CUS-00200,Vũ Thanh Tâm,tam.vu200@email.com,NLtsXFK5UsH1mePzi6vYcGOnDKjRMhM34CrUoIkQHC4=,WKe7Mbbo3d9wOwGyoraBKA==,PREMIUM,2024-03-08
CUS-00201,Dương Thị Dũng,dung.duong201@email.com,SUvBfD8tpKkej7paqP1N6f5n2dmuXlY8AZR8XQMWESw=,jYP2IBpJAWumRZF54T+x1A==,REGULAR,2025-09-18
CUS-00202,Huỳnh Bảo Bình,binh.huynh202@email.com,rk59LcDceSSx83T8f7SdbG1GdoLI9PGQRh8FmPV07LM=,vALaJZUHd8p3YfAwBbyS8Q==,REGULAR,2025-07-31
CUS-00203,Đỗ Văn Minh,minh.do203@email.com,B98LLpfKIA9jcktAdSjtV+wPU3zMRFNvbkQOhLUWmCQ=,aWCVo7MpgGQ7qdX809UNBw==,REGULAR,2024-07-09
CUS-00204,Ngô Anh Hùng,hung.ngo204@email.com,yqsh/HbAWs129JUMi8o+vtpngH7mAhrk9sACdyLxXuw=,qS6lUmQ00dU7rjsqlh95kw==,PREMIUM,2025-01-20
CUS-00205,Huỳnh Hoàng Lan,lan.huynh205@email.com,5xqmlX6Usf4bvht05hrJxBXh1ZmCpqULvdtXgg5CVIk=,2qO3yTk6au59B+qoeXK9bQ==,REGULAR,2025-09-11
CUS-00206,Trần Đức Sơn,son.tran206@email.com,t3xoAdCgbCquizBcxSlDQNDey3KY/J2OyrOsmTcTtOA=,MrePwzpBMUWKrfNrPxBuKA==,REGULAR,2024-01-08
CUS-00207,Nguyễn Ngọc Đạt,dat.nguyen207@email.com,ohj1jz2+0zQVe/KQcGtpmOkSdiX03F4asAeVg0o2DAY=,U+ws6R7oHmT+I+0nqrct9Q==,REGULAR,2024-10-20
CUS-00208,Đặng Thu Quân,quan.dang208@email.com,r8HfN44Zgo88SUyMgfW30dRjAN1m34JSCw6H52dOxAw=,S7HGobQ3a19ARl9XKJi/kA==,REGULAR,2024-05-15
CUS-00209,Huỳnh Phương Trung,trung.huynh209@email.com,61tRGkRA+1I1V+6+5+bkTEnx9Sk7xFxLIDTMkfJP/vw=,H2HHRpo1n9R+NkK4MQdThw==,REGULAR,2025-04-03
CUS-00210,Nguyễn Quốc Minh,minh.nguyen210@email.com,rOae3DI1HFYwdlVip0d/dtUIeeYyrpst9L1dMuufpZs=,jA2SpmKEnMMvCPPpVHFyaQ==,REGULAR,2025-06-05
CUS-00211,Vũ Quốc Dũng,dung.vu211@email.com,VuG/pqTvz2xN64a3iy4F4rnNN3zE8nwh6jo9dLnYGtg=,iRK5eqldNab36civ6MZsxA==,REGULAR,2025-01-24
CUS-00212,Huỳnh Thu Tuấn,tuan.huynh212@email.com,Cpy12dgsCs0I+IU0Hs3R8Q/ypoFoFQbHnW5Lh9TwDFE=,SRZssKSikI/HL9AiTFxXqQ==,VIP,2025-10-26
CUS-00213,Võ Hoàng Tâm,tam.vo213@email.com,ao4XAoBsFW1lYJDf0AqSxiyLZuTXc2P0BBKbLeJWq5c=,KtTYUvPEXLHsf6byATrC1w==,REGULAR,2025-09-07
CUS-00214,Trần Thu Sơn,son.tran214@email.com,0uVtCzV8/6vU8Z4ySXDnbWPgLx4zVgDyTlsMczHMQgM=,Yf69Ou5bVxgmXVF/Qk/2VQ==,REGULAR,2025-02-04
CUS-00215,Hồ Bảo Lan,lan.ho215@email.com,D2emSfDW9hsagLfJHKijeFLbjp+iwRt8f79+iNn6jNk=,mjcr8pRb9jydSNZt6HhcfA==,REGULAR,2025-06-25
CUS-00216,Hồ Đức Dũng,dung.ho216@email.com,uegqsDTCUQYsmdRFvFYxiGPVuL50XCCBLZVf4ZCIdCc=,EQM0LjHVA6ZznMMKjzTPrw==,PREMIUM,2024-03-13
CUS-00217,Bùi Thanh An,an.bui217@email.com,jCM4eiNTDyUfk/WxdquLd3mhOM1o8u0Usxz5ENtN2nM=,x6c8ckvGaibPvPm3j3DXzg==,PREMIUM,2024-02-29
CUS-00218,Hoàng Đức Quân,quan.hoang218@email.com,89BkevhNIKGwdW44x97e9BVwBBI7ch4zPa/J+nuKCzw=,awTbFBH4quuiLJ0Yjq0P/Q==,PREMIUM,2025-07-24
CUS-00219,Huỳnh Xuân Sơn,son.huynh219@email.com,PKE4+eeRRIKZUBgy6q2/uESuQYDYj26ntorfnqd01ns=,hAFEU25bSXZplmtf8mITrA==,REGULAR,2025-12-21
CUS-00220,Bùi Quốc Yến,yen.bui220@email.com,AkOcHuHZ2kwd/sgISAm72snImgiZ6FKqz6SsDqqRB+k=,p4EJEhPCOfReAK67g5P5tg==,REGULAR,2024-08-26
CUS-00221,Hồ Văn Lan,lan.ho221@email.com,RJFdTyB4Yjsj/sSwk3riwN43KW5Hh97fdmS6hQ3HiDg=,76/LqhqfJcHU4qvwFyMmYw==,VIP,2025-08-13
CUS-00222,Đặng Văn Bình,binh.dang222@email.com,Bk213+YCv/GTUvIPHTuJZAUg8LxLo3CbnTPdVkJ2EDk=,0S5+Ui6t41rh9yKyT2airA==,REGULAR,2025-11-14
CUS-00223,Dương Hoàng An,an.duong223@email.com,KKRI3KwZ8w6uGF7Li38+IkmZJ4XXN/R24Y5mtbPUU1o=,9rxieVGF0QOnfEaPw5ac2w==,REGULAR,2025-07-26
CUS-00224,Trần Hữu Tuấn,tuan.tran224@email.com,stthOhqhSkz0i3YGS3MeYNq1qSjdl04+qNrt9n8jHYs=,E2HalZhXRBL0oqltDs4FfQ==,REGULAR,2024-04-03
CUS-00225,Võ Anh Đạt,dat.vo225@email.com,RLOagJVPDvBpzp/0wdFwXtyn+A1pE37RF9NdUy36ORU=,BX4kBPr5tMXuLGEtbveZLw==,REGULAR,2025-08-28
CUS-00226,Huỳnh Xuân Tú,tu.huynh226@email.com,rONz0dHO90mcUgIv98h0eX/BWuVOtpPKb3SqstnNL7c=,LP0lS1ZvDiqBrBCVQLyk/A==,REGULAR,2024-12-01
CUS-00227,Lê Văn Hà,ha.le227@email.com,/Smk+D/epimwZ9rhn9OIKEKawJAw4oRhEvaQEAqxZHs=,T9/lmbEElm1tcYI+M0ntBg==,REGULAR,2024-11-16
CUS-00228,Ngô Xuân Chi,chi.ngo228@email.com,o0rfIkuXvU1e8qn3E62QfRGSmPewA3hwULRoDbZNr1k=,HNkwj8Z8VGY7xgc24eB3pA==,PREMIUM,2025-05-13
CUS-00229,Ngô Anh Hải,hai.ngo229@email.com,OllEWte7RIPY+t69f3OYQCeYROnXKhIz2yfrgz4sd94=,4WrB2cxreDwnYgXuflfSoA==,REGULAR,2024-12-16
CUS-00230,Nguyễn Xuân An,an.nguyen230@email.com,hCaMY/2UDZ5LswRYk1Sfvl9esK4DRxvUFMNnefTR58Y=,hL0A9IvW5j3XHYgi0DRcNQ==,REGULAR,2024-09-06
CUS-00231,Võ Minh Nam,nam.vo231@email.com,BPiHaI9AajLb3PPOpK/PU8J69ztoOlFPNvbZ+5wSOS0=,LJQ4vlGXwwPuDuE9Y8eldw==,REGULAR,2025-02-04
CUS-00232,Lý Xuân Long,long.ly232@email.com,AOFEzIi1bTAxgemifFUV4eGhvLmom6Yk1NKQg9iJL+w=,JSQG0Y6X3kbRsJBZdWSliw==,REGULAR,2025-12-02
CUS-00233,Đặng Bảo Nam,nam.dang233@email.com,V1fovEdfVZrAM+AVZmGhlaoanVfJNf7Y9wS6OQPCwGQ=,zFVWGiSIgR+hvzuuNZ8vow==,REGULAR,2024-01-29
CUS-00234,Vũ Thu Vy,vy.vu234@email.com,qE9Z2C0Y8/J4M0sR6QjsT/xCuGbgbGmAd0OehQkj7Js=,MzmQNv9N0y4ieDtTnrt6mA==,REGULAR,2024-08-31
CUS-00235,Trần Quốc Quân,quan.tran235@email.com,SpseO23TXPr+GU3L24eN07UQbxOwrA68Yo3jKf4395Q=,xV3dTf8EAR0T0Mvf4sQGdA==,REGULAR,2025-10-07
CUS-00236,Dương Gia Hùng,hung.duong236@email.com,G6NFZ2i7+d6O+VNpR2JLolQjdD9OdwIdKGFmE39Ukog=,4JwkLqEngdDQU4BiK8VBdw==,REGULAR,2025-05-07
CUS-00237,Lê Thanh Yến,yen.le237@email.com,S4fxKtkHpR/sHFY6MxYwmh8XS1eczNc/Xg4k3Tw4Kv8=,4eOPg/dxeZWJBFgqDOjc+A==,PREMIUM,2024-01-12
CUS-00238,Dương Quốc Quân,quan.duong238@email.com,91svui7Z1Ryz8RLMvGNcHbfv/BpaFB0CPAiWjs/NEIs=,RSiYhqm2QLaN3MCQx/iv/g==,VIP,2025-07-20
CUS-00239,Đỗ Minh An,an.do239@email.com,hdza4WIDzZmBor/nd5lIKEZbr4/i7Qk8wB7CZryHXqI=,DJhXiV8LsHz6X8fPHcxkyw==,PREMIUM,2024-07-16
CUS-00240,Phạm Phương Dũng,dung.pham240@email.com,mJlyCayoPZ4xBoWlixqpOxzMeGhiHX6BRnRmkgDaLso=,MAML6SwTBPpAx9OpSHFLGw==,REGULAR,2024-10-24
CUS-00241,Đỗ Quốc Tuấn,tuan.do241@email.com,1sXZyxsLDmmy7EphJaQdkxYyq4HUkQq1AkMQvz1OPX4=,JtgxqYOivaRqbqbLcv6mig==,REGULAR,2024-11-11
CUS-00242,Bùi Hoàng Linh,linh.bui242@email.com,n5OCmjHvSyuIjLKrwFbRFr7UCQ9LG9uKo+PhJZ1/XWs=,1aA+SoQBDhn9XNgKmie52w==,VIP,2025-07-08
CUS-00243,Vũ Bảo An,an.vu243@email.com,CYTLIh3NSh/rpXZxXyk1dv2aQkVChlCd8M29on59LN8=,4IE0WK5fU+bY/au6Je8ooA==,REGULAR,2024-09-24
CUS-00244,Hồ Quốc Minh,minh.ho244@email.com,a5H9TX1oU2r5x4N0GyexwEfv7OYevUNw03O0/JFcw4o=,sG31JpUevPcDERwS9CpxfA==,REGULAR,2025-11-24
CUS-00245,Phạm Gia Minh,minh.pham245@email.com,2L7VDdJJOPl55Gg0lHjaG/kfcLagLZwIjxqQ+15OPow=,/O33s+XvmhoM5FB/Gs4TzQ==,REGULAR,2024-05-06
CUS-00246,Phạm Hoàng Hà,ha.pham246@email.com,gOflF1gRSDitM1PAJOjCFYJbzL8tC0gp7INeSwoqEq4=,zg4Xia4ZFMNSpAMqdG8lGQ==,REGULAR,2025-06-30
CUS-00247,Đỗ Thu Linh,linh.do247@email.com,DDdVAjBrc43jmAF9enJMfhcih8/M7L6t5SS/UlX495o=,1gvIb0obXgKVQHxbI3+YBg==,REGULAR,2024-01-11
CUS-00248,Đỗ Thanh Phúc,phuc.do248@email.com,CAUMfbjuluujUoNxigfjuTb1omQHmc91R6mYMCVtps0=,ahh4gW5m+6BW4Ij60GNtIg==,REGULAR,2024-05-25
CUS-00249,Hoàng Thanh Vy,vy.hoang249@email.com,IhWyXB66eFNopb7AJLnspzyVv15d/VoOe8pgkI9k3qA=,TiG8woN2AMObTTQkYL7HYQ==,REGULAR,2024-05-15
CUS-00250,Lê Thị Hà,ha.le250@email.com,YCtsBjh6S1OFCaAvFCFOx0l+5+ZpOtyXYGEXLxnnQ1s=,KNfk8otKVffLCuXa4oPzdQ==,PREMIUM,2025-12-21
CUS-00251,Trần Thị Tuấn,tuan.tran251@email.com,4UuoOklfIj9VBtGFhiCAiVkKDvyafgBUcQa5j7MDuyw=,+vda2pAOvoEIuOzXA1KE4A==,PREMIUM,2024-02-04
CUS-00252,Huỳnh Đức Hà,ha.huynh252@email.com,lhUMtMJUOhXCSlvxEBoGwGxTn9f/MRCj6YcIfhbPUxM=,UhpOyhss4bUxfIBs3gslwg==,REGULAR,2024-01-17
CUS-00253,Nguyễn Thanh Hà,ha.nguyen253@email.com,3hZzoiwyZB611nHlhALwcj3Z0RX6Outqd9av5DOldW0=,U4OK+cx3ZO/hqJHV8NZTMg==,REGULAR,2024-02-09
CUS-00254,Lý Gia Hùng,hung.ly254@email.com,o9qWvgXHw8kCzDB3jS4Pd/Zkfhf4y9X6ITfiMYPA64k=,6vEWTdmnHPaqUOna9OjSQw==,REGULAR,2025-12-24
CUS-00255,Vũ Minh Tú,tu.vu255@email.com,gIhmwz9QD/FMKEwZ/i8oj/iLdlBY2wdaSoDi71vVDU4=,lLkBc0ISSWpP0NPKu9cUWw==,VIP,2024-03-05
CUS-00256,Lê Anh Trung,trung.le256@email.com,c6Hv085SQ+S/zqSR4NPncQ93GJtI7+RZCBFofpWx10Q=,gvOQfm9ZRA7/mbew+TenQA==,REGULAR,2024-09-12
CUS-00257,Bùi Anh Thảo,thao.bui257@email.com,vC5fxXZJYPxT1iywoDFVR72QmF5fcZkzQHSLACAXaCs=,lLblSPm+opMDArCzn9/0bg==,REGULAR,2025-04-08
CUS-00258,Lê Phương Hải,hai.le258@email.com,IiMcyIYYmvBDplg5WVC4T4qrsD2REkfZnRbt6OxUOrw=,laJggUDz7q+6CNU5ApIy9w==,REGULAR,2024-02-27
CUS-00259,Huỳnh Thu Linh,linh.huynh259@email.com,r60TbtZTjJo2NqAhm9aeJp10sAwq69cswaGRFQ1+kzQ=,Od7ckGa0Fc3cA2+5jau4lQ==,VIP,2025-12-16
CUS-00260,Hoàng Phương An,an.hoang260@email.com,2PRU6K00mxUtjBvOTxt1kjIDnws67sOttGcqbfIbQyo=,HdfDI3SY/jc9F/ChNT3R6g==,REGULAR,2025-12-08
CUS-00261,Vũ Thanh Hà,ha.vu261@email.com,5W5CxsMSVN7XXlV7IlQdWmfFl0obW8dTQUIv+3Ux2t8=,BvKSLnvhjSTl2LDngaQ/LQ==,REGULAR,2025-10-29
CUS-00262,Dương Phương Lan,lan.duong262@email.com,kKqMczMxqrtHW9rIPppbWgQT8AJ7jlrIWxElKDq9jW0=,P8Qkl2jbX0DMTld0EjF+zw==,PREMIUM,2024-05-13
CUS-00263,Lê Minh Sơn,son.le263@email.com,0RyRkzsm9WDTyGePJGK5ZgP4cK33pU4noAUX/8Fv4X0=,34R5CoGAi4s6P+tutitbGQ==,REGULAR,2025-03-27
CUS-00264,Phan Minh Bình,binh.phan264@email.com,RAWUJacLIU+CM651TbEbNTssOVFg6h7aZTcrKPekB6Q=,KKVXV6AJJ7DSZ2hIghfMww==,REGULAR,2024-07-05
CUS-00265,Đỗ Bảo Tuấn,tuan.do265@email.com,SBnA2g2Z/u+QY043fYs7yc599m+i8R5Wm24knTk2T28=,12IStp0GjeOravm235FtTQ==,REGULAR,2025-04-08
CUS-00266,Nguyễn Thanh Mai,mai.nguyen266@email.com,lTyIiooATkGpa+4WZY05t/VJjV6nFmIP+/up5Hvyhrc=,XTdSOLi/O3ZOfZrs2ouOqw==,PREMIUM,2025-12-28
CUS-00267,Lý Hữu Yến,yen.ly267@email.com,OTVu2lzCiOtvoHtVfH0fez2g7Kidp9TwjIV64GT4Kac=,dVaG3Lnsdvxlai4zk2GV/A==,REGULAR,2025-10-28
CUS-00268,Lý Quốc Long,long.ly268@email.com,o6trlQRrtH6EkF7XFGc0Uqcce1k+8BDkD3Vv5MP1PsQ=,k3qMSeKgjGnL4Xy17VeeLw==,PREMIUM,2025-01-30
CUS-00269,Phạm Minh Yến,yen.pham269@email.com,4sJaujHK9chVN3RGCaZw9SaeBc6rza/jRqzMl7c0E84=,/JQ64mL1UGCSW35aVQE+dw==,PREMIUM,2025-02-22
CUS-00270,Đỗ Văn Sơn,son.do270@email.com,vIz5FDJ2kCYIyNHdU4Pfba+DPYSusUMvuCSaCAIueXg=,/HRGj56XmrqKUscrMdQf+g==,REGULAR,2024-11-17
CUS-00271,Hoàng Thị Hùng,hung.hoang271@email.com,Ur92FsYLeKgCXrMXCNdFAVNiZOQiS9SD9XyCP0t9du0=,3zHbOjgdNWyOFcuTMtK6rw==,REGULAR,2024-05-26
CUS-00272,Phan Thu Hải,hai.phan272@email.com,/c80Vhjz+wVQSjZE+Qk5H9fz+GCBD79GqoNJym/bJgQ=,W9hDSIZAS6P8qvg7uW8zGA==,PREMIUM,2025-03-30
CUS-00273,Trần Đức Long,long.tran273@email.com,5B7vdOn6iW2z170pFuxMxiEFJzURyuEs7CjABPxDMB4=,cYhXBkMCD6G4YgPQt64djQ==,REGULAR,2025-04-17
CUS-00274,Lý Gia Lan,lan.ly274@email.com,EggOYPVI9ZoJP78Ihnk3NV3E0rqORd5C1HiWUX1HhaA=,b3bICKUxEwFjjr3OCHF+mA==,PREMIUM,2024-12-31
CUS-00275,Lê Thị Dũng,dung.le275@email.com,jz2sbnJo6FiitUhzQ7eT3UxA6vhpxlp+a+ykKA2qIcI=,ALhFZLQDzn7bBdMmZ0TAYg==,REGULAR,2024-01-03
CUS-00276,Phạm Ngọc Nam,nam.pham276@email.com,YGyn09CyZH4UwZQRVO0+mUpUTj1AVKH88+afmcUqjg0=,xY/DQgIL4WcLVmv2R99gzw==,REGULAR,2024-11-02
CUS-00277,Đặng Gia Yến,yen.dang277@email.com,ABy4QK75x3E166BkarDKP6b5gyQXQrTZY17dpybxA2w=,3zvbpfcjHs9X3SlVS4EEew==,REGULAR,2024-03-22
CUS-00278,Nguyễn Anh Lan,lan.nguyen278@email.com,PPR1lHCGItWKv+IJU3uBfKDji6AwcX5XFcJWFqzYVb8=,iAX7C05Hnc2MOhAmGaypWA==,REGULAR,2025-06-05
CUS-00279,Vũ Hoàng Linh,linh.vu279@email.com,yQ5AQQpOaBGTmLngmx3vKtfSWLIv7MEh/WSQV6HfSDk=,1QjS4To802PT17+LbtCZtg==,REGULAR,2025-12-23
CUS-00280,Bùi Hữu Hùng,hung.bui280@email.com,Y1DxNJ9D53RfF08RdDC2ZqFGsEABvX4dt+G45icA5y8=,gM1+u/3NbJip2U9jNaZpVQ==,REGULAR,2024-11-29
CUS-00281,Lý Gia Vy,vy.ly281@email.com,/VziBsTtAd8eDWTI8LVVaSIzWrO2ut2JzG4VqPoHoB8=,bn102j7QtBmVCbOZpsXOGQ==,REGULAR,2024-08-06
CUS-00282,Huỳnh Minh Tâm,tam.huynh282@email.com,oSUBhT3+8q/33ZRdbaXp5YvrVCBwGsBUyOhLr4sHy1I=,rK1ab7zVaP0btRxDml+Dnw==,REGULAR,2024-11-07
CUS-00283,Lý Hữu Long,long.ly283@email.com,fYVzCPeAvxW2Am47bH1Dmb+B/2mDNYuuHy9WTqZY3FE=,sq0hv7Wd+8xy6+BZXCJ3ZQ==,PREMIUM,2024-11-19
CUS-00284,Lý Thanh Hải,hai.ly284@email.com,KjyZnLm6zivCKzWRSCdDUG2o0LSjrfTr9fSeDGfVXO8=,ryR9CWENysp1SiG9gYypZA==,REGULAR,2025-05-11
CUS-00285,Phạm Ngọc Chi,chi.pham285@email.com,yNe2ZYk+Yv8QQ+TbaHg98wT48x0HBWnlftVTcVYZTq8=,aAJWwR9ztx6KZksPcO0jpw==,REGULAR,2025-09-29
CUS-00286,Trần Thu Bình,binh.tran286@email.com,QZntxbqMf0Gk6z3w80GLypipya3BBkb8hcZNr1PnUWY=,1Vjqgl1kdBRuxegbPgqn5g==,PREMIUM,2024-12-22
CUS-00287,Đỗ Đức Hải,hai.do287@email.com,ZUp9gLT/xVpvq9cdIuRZVknkbB6Ck9nuKZOziQ0kuQg=,k9tYBlMVqUIDBLyFmYfCrA==,VIP,2025-05-22
CUS-00288,Hồ Hữu Nam,nam.ho288@email.com,L335VccmzQ2yYsyPgP2Tj4GFiGyIEnfEMw+y71eFA9c=,MdrckvIbeLk2Ge2YKNf6pg==,REGULAR,2024-03-06
CUS-00289,Nguyễn Hữu Yến,yen.nguyen289@email.com,Lc5HB2I1Tq9TAorEoTy5oUhIxTx87tDy8zo5ZZuJpSk=,KyoNfvQPQ+T2yyvLN70+qg==,REGULAR,2024-12-13
CUS-00290,Trần Gia An,an.tran290@email.com,56ZULZgsI/bEtYs4OyrM9MLDwLS226DbYpnopoVkdxw=,3SGcShcTe/Va4HAg2FreZQ==,REGULAR,2025-08-15
CUS-00291,Hoàng Thu Hải,hai.hoang291@email.com,vAtyYnFOPwzwd8I605LdIYIapW9/gITiNRj9ykO+4Wg=,BY6PTh14WIqMPgH4X0Z+Cw==,PREMIUM,2024-09-06
CUS-00292,Trần Phương Hùng,hung.tran292@email.com,OPQ5i2pHmSBTOmOBEU+5445JeJ1pAk2tr3T6+rhbmGw=,/h8VttXsTIXObDP4ExkU9Q==,REGULAR,2025-06-12
CUS-00293,Ngô Xuân Linh,linh.ngo293@email.com,UP7rp0UAQ7sAh0dc59Q/SZsiVHG5GmV3o+AjjsoCFmY=,a2laQTA10+eri5XnG+Q4Wg==,PREMIUM,2025-09-29
CUS-00294,Bùi Ngọc Linh,linh.bui294@email.com,O1C/6Ib/UkfDQ4YV4vbn8GbFTR5vj8HZW8Ws1WxNHwY=,7YJflm1ugwBHtmgNdteCnA==,REGULAR,2025-07-15
CUS-00295,Đỗ Hoàng Yến,yen.do295@email.com,vMft3PZ+liIyltsx+XyhCn5L0Sh+WegpqnlvgpvGhGA=,5ABdvVc1dRrKO5tk3Pw/dw==,REGULAR,2025-07-21
CUS-00296,Nguyễn Xuân Bình,binh.nguyen296@email.com,1MX7vWPTSjP9jc06yGmpiJ5R9PMycQkbaZI00V9p894=,70g9yVzTF0MfbaTSYhD+pw==,REGULAR,2024-01-21
CUS-00297,Đặng Quốc Tú,tu.dang297@email.com,bt+qWXEP87Tssi0TtOfTffaidvIyLZ4JKgJGFfbe9Qk=,NYFf58t7HmGo6b2poU8/LA==,REGULAR,2025-03-25
CUS-00298,Huỳnh Hữu Tuấn,tuan.huynh298@email.com,Tdw7ytwqM/ZynuIeJY3lCsNvC4s+MbBztQFAZR3SjbQ=,WZWiWh3AsGVTnF1KvA5Uow==,REGULAR,2024-05-13
CUS-00299,Hoàng Hoàng Sơn,son.hoang299@email.com,6o5PI+CJ+upbH/qR2AEWlnY7yxWwtJdItiTuKR/jrAk=,HfXaGFTkkkNWh8BWij3AcQ==,REGULAR,2025-08-01
CUS-00300,Hồ Phương Linh,linh.ho300@email.com,nKBxYDiC+bNWe/JOgyEjuXc1BLLUv+rbNgLTiB+Oaaw=,aAs27Yf/cBFUgU8sataOpg==,REGULAR,2024-06-16
CUS-00301,Phan Bảo Hải,hai.phan301@email.com,eQ2wFE2U3feLsxDYnwwgLxjthG1+ZNdk2K5sHK4OTP8=,bfNh+XxextmnLv775sfKrA==,REGULAR,2025-07-11
CUS-00302,Đỗ Xuân Hà,ha.do302@email.com,zPETwKDzrR1U7snGgu7yQGL3G3zEKSg6Tw7o4d36+gA=,Xukc2ihvIr1nS5Pwo+cv9A==,REGULAR,2025-01-28
CUS-00303,Đỗ Xuân Dũng,dung.do303@email.com,++cvWWf6E85tbRE8gv9aGWA88bRy+cB+C+3Mdf+PYAY=,ZDgY2zar/mSM8IzZ8aRqBg==,REGULAR,2025-05-27
CUS-00304,Hoàng Ngọc Lan,lan.hoang304@email.com,YZZTyp0n588VGDusDgp/1bn/ONEoQxdSGuXJkEK+5O0=,/aiFw6xrH14R8DFjm1VFmQ==,REGULAR,2024-08-27
CUS-00305,Hồ Thu An,an.ho305@email.com,GaPhAzSGlTRk+D45X2IDu97jcE9PZzrNLHXNt+/ScaE=,H3vS74ln9xjRXYtoIKwgAg==,PREMIUM,2025-09-04
CUS-00306,Bùi Thu Yến,yen.bui306@email.com,ECOR3gXHx7lY4DQb2fF6J51SU5W2/z2r+AhQQqXPZ2M=,xq+n7TBp0Z5Doohlmdhrig==,REGULAR,2025-01-09
CUS-00307,Nguyễn Phương Quân,quan.nguyen307@email.com,y447wQ8lRNgX/kGDvg+n6CozIb2kNhRvhMEdKgDOe/8=,v3J7fR6iBLvCPzIZDed6Zg==,REGULAR,2024-05-10
CUS-00308,Đỗ Thanh Chi,chi.do308@email.com,ATtp52q6P5yHiMqF/B4drct3Wbx1JK1FEqpMEpYVJRg=,AsfieLBzeTikCCXT4dEnnA==,REGULAR,2025-07-29
CUS-00309,Hoàng Thị Đạt,dat.hoang309@email.com,vuIL+sq5KGno/GDK1LtN+S0hYHieoS2nycch7IP82Oo=,DPH3lQcDlQNvl9fFDaUXxw==,REGULAR,2025-08-31
CUS-00310,Lý Anh Tuấn,tuan.ly310@email.com,+jyeiJmjpNCRQjsDlWFT3vPubaEXKlirxZPx88IbabM=,3vH39d6JuBzZvi3Z/oxzYA==,PREMIUM,2025-11-15
CUS-00311,Ngô Thị Hà,ha.ngo311@email.com,KtNU9gZeGchGJo9dsaumCT1cWeA5UK4AlzjLloAdgQU=,gfXOwBdDuR89r9yrV1zGPQ==,PREMIUM,2025-03-06
CUS-00312,Ngô Phương Quân,quan.ngo312@email.com,Bm8KnPDt7kTntiEDdAuApyj11q9MgGwjd/ziOK07PwM=,CG3bIa1xZCj2e0eHCfT9CQ==,REGULAR,2024-12-08
CUS-00313,Hồ Đức Trung,trung.ho313@email.com,dmd1ssFmDzSKy0lxsDWD/ESNdf0Kxb0sN6B//OWGTF8=,/RXW6PW1sPncxC40qbCTjg==,REGULAR,2024-05-06
CUS-00314,Dương Gia Quân,quan.duong314@email.com,RLaGVrWP/hCiKbz99yB1i0JCu9GCpqapbTE5KYMaob8=,bPGF6y7vxlxIJXEBUUqGnw==,REGULAR,2024-03-11
CUS-00315,Ngô Phương Yến,yen.ngo315@email.com,ZfzxGCFLaNn+yGp3d3ZiD/xVeLD8DIQTqKbDtKSw+Qs=,cJme4nU+FI+Pv+Nfxv44PQ==,VIP,2024-05-21
CUS-00316,Đỗ Hoàng Linh,linh.do316@email.com,K9ZANlcUly9xG9joc/ugbdyyjmUqb9YxLk7tuKhVdG4=,pKjpvJhVzH0ouqWNcJzh5Q==,REGULAR,2025-08-19
CUS-00317,Hoàng Bảo Tuấn,tuan.hoang317@email.com,4dHZh82A7YBUAdjniwk7qmvQkHvrylcJ+v8bJ+UkeqY=,GX2P63Dk/5FIwzsxWF6wAw==,VIP,2024-02-18
CUS-00318,Lý Thanh Dũng,dung.ly318@email.com,AFWPWEqXIhTkFZh+LbOdKSYAVgUfwuCXBTJUoNLK9Hg=,rwzlz240lRbtwf1vTkgGKw==,REGULAR,2025-01-28
CUS-00319,Ngô Thu Mai,mai.ngo319@email.com,q2i1LCf4vhH4c0Eiv3g9FU1+V/tFjpk4TMMQr7YJhN4=,vDPfbyl+a8ee3V3cLOmhfg==,REGULAR,2024-05-24
CUS-00320,Huỳnh Thu Minh,minh.huynh320@email.com,R+qhbncfEGgkotGXTq4j+aiPKnnsfwBnPFAlikyA1e0=,COAVOtTEljiz4J6dBWIFvw==,REGULAR,2025-04-02
CUS-00321,Huỳnh Minh Hùng,hung.huynh321@email.com,fxLiQNBuV9bhZRqYOb42+2JMojqfRJM189tbE20Zlmc=,FiGdU59pGLNXYGqpc1Ff0w==,PREMIUM,2024-01-16
CUS-00322,Hồ Minh Chi,chi.ho322@email.com,PXDM6XxHwG8ClikASSjq3t72EmduHI7q3XJqBwoFJYg=,0+QyR/7LqsFqLvHZsND3aA==,REGULAR,2025-07-10
CUS-00323,Võ Hữu Nam,nam.vo323@email.com,cHlJfiSm8A214W5U1r0GYo/L9KLeMx3VMqBSn5AYQNI=,HkvO9LaBMEhjj4a7e5jNyw==,REGULAR,2025-07-31
CUS-00324,Trần Bảo Tuấn,tuan.tran324@email.com,58fYaLqpiuKR9S2NA9nQyAnmAOwP9/9huyNI/N6UvCQ=,n9fuSr6EKSjKA71jq3QznA==,VIP,2024-08-09
CUS-00325,Phan Đức Yến,yen.phan325@email.com,LlnoIdVXfujF49nFJtdFRtGlmMExzRqayuaxUgAHQrw=,5JRR4Vv0PiStFISgntBTpg==,REGULAR,2025-08-23
CUS-00326,Phạm Văn Tâm,tam.pham326@email.com,E/sCLuL66w1JZqkKKoF7avKhM1vh/kMCzEIRw4e6bSU=,3Cx84xHVZF9kB1a3Gia8rg==,VIP,2024-03-21
CUS-00327,Nguyễn Bảo Trung,trung.nguyen327@email.com,7/p5QwmGp/QiGLuA41lozdVzgr5D9XgEJeJJk3Ndc/E=,Hu4nv0u6T107h3oK1a+BuA==,PREMIUM,2025-09-11
CUS-00328,Đỗ Văn Tú,tu.do328@email.com,30axlEP9yJP1qNT1PlTgZTSPfBZbzy6XM+9f5YcFXBo=,khAvv1Nk/+7A0iF7hVPGAw==,REGULAR,2025-02-01
CUS-00329,Phạm Hoàng Tú,tu.pham329@email.com,95MLv0UFjNYJT448Q1qooFdgw8pehBKvP5sYR9CxHho=,t7/Cssh0Ajla7JNehbPa3Q==,REGULAR,2025-09-04
CUS-00330,Hoàng Hữu Linh,linh.hoang330@email.com,08ZhyA8H+1fBMznALfkxt7rYCdne76NBkDRRh7U41uk=,iqycX7mV/xL8+q4oOfyc7A==,REGULAR,2025-01-24
CUS-00331,Hồ Đức Yến,yen.ho331@email.com,qjyVD3aEVCrbvB2SkJP5+OiEZIwm1jre/1ypwKlqE3U=,rerM2Qj0jAwxwz/K34vW9A==,REGULAR,2024-04-27
CUS-00332,Nguyễn Đức Tú,tu.nguyen332@email.com,G+/lhMJO5APGJvER6ZVSxjjWpu+A/0nCy+3AGWAp3Qs=,z+nB82jvUrgHGINvjo7iwQ==,REGULAR,2024-11-22
CUS-00333,Đặng Anh Nam,nam.dang333@email.com,IAh4evke8yjS6US/07UKRg7TXJv1Hn5UbuQ7HiRLlXw=,NnGikT9/DoKeLrWdcQDs4w==,REGULAR,2025-10-13
CUS-00334,Võ Xuân Lan,lan.vo334@email.com,kdfQ+7CJrA7DtAxDtiJFudEv8tSbfHerCRDu8shgl0E=,gSy/dLYR7vioKyGVbxiYCg==,REGULAR,2025-11-04
CUS-00335,Đỗ Hữu Lan,lan.do335@email.com,j2uwjxOLtGSZO8xnVDTt9OqVobGgBMzO5ak5gMOmqyo=,dkJzr9o3pdDQxoPZK5evtg==,REGULAR,2025-12-06
CUS-00336,Đỗ Quốc Nam,nam.do336@email.com,gLZgg6dAllpLalncuF6jUZv2w+QW6SWeG0y1Hcu/X2w=,18jGX5poihbRSE/gT+ogDw==,VIP,2025-06-12
CUS-00337,Nguyễn Thị Tâm,tam.nguyen337@email.com,CIO0RVd4aaNLdqgTlla5mNIcRKKoTuGh95AjMtVBo7Y=,k3IXo5RWyOp32fA0bCxmaA==,REGULAR,2025-01-22
CUS-00338,Vũ Xuân Trung,trung.vu338@email.com,bEvwaabMWkh9zucY6vkRyUNSQI85v5YfgHcRklnxCBA=,llA91LkujiR+Hn5NNabyxA==,REGULAR,2024-07-28
CUS-00339,Huỳnh Anh Nam,nam.huynh339@email.com,95ym+5j8lIr6d6LSxOoFkX3tzXq7UUvJa/5iu4jpl8o=,bXo22aUOMOf/MuzboFaBLQ==,REGULAR,2025-01-10
CUS-00340,Dương Quốc An,an.duong340@email.com,JHsZOjhbT8jot80mpexTkZUHs9oyzU0fA5uf6nNf4nk=,2xybGPwcMGFqkC9vnBTzaQ==,REGULAR,2025-05-09
CUS-00341,Bùi Thu Phúc,phuc.bui341@email.com,uOAsfDt8wU4tvFnZ3L7IbIOp0VuPZeePTSXDN031UIc=,E08fKPCbybL2XanAuKoYjQ==,REGULAR,2025-11-12
CUS-00342,Bùi Thanh Quân,quan.bui342@email.com,Bk8lG0erfpspDXy5f6M9RFinq6uljUDx2Uf5M70tPBI=,c8StqP/kTD8V3JDNL2x8Jg==,PREMIUM,2024-02-15
CUS-00343,Huỳnh Quốc Trung,trung.huynh343@email.com,0KT/Q0EkHU03cdNKOxVd5xZs0ATKEg8nDxlVVjAdMgM=,nIy9UGmhSdgqo3fmYXC/cg==,REGULAR,2024-05-29
CUS-00344,Trần Thị Hùng,hung.tran344@email.com,Q5LLlCO0eOoeb1bPCAPJsic++xsi6uBg9S7Whl8JfDM=,8PA7gIzhGiP0NEECLFCQMw==,REGULAR,2025-08-17
CUS-00345,Phạm Gia Tâm,tam.pham345@email.com,XAQR1rQjKSV40kmOcaU10x9Y4Kc+gsgAj9FzsF/VfUY=,RTsOmnbnf0vgUjDN5q8LYA==,REGULAR,2025-07-25
CUS-00346,Huỳnh Đức Mai,mai.huynh346@email.com,4V83887wNBpEmh476DY/4xUvjzRDrFhhc+H22a9pY3U=,ka/x0lk72YlqWBcz+gvpAA==,REGULAR,2024-01-21
CUS-00347,Hoàng Minh Hải,hai.hoang347@email.com,qc/SrR1n1FHSjE70Fn+CmLJAKlG4OpvY5lj0hJ6av5A=,8ReyNXIGlIjZobiPphGS5g==,PREMIUM,2025-10-22
CUS-00348,Trần Xuân Long,long.tran348@email.com,tzsOCfZQPVHfESi2rUaGPpWcX7uz2mkGRIfgAcjejWI=,/FLFx2vEInBjhOGjxhtTMA==,VIP,2024-06-15
CUS-00349,Bùi Đức Minh,minh.bui349@email.com,GZbIyXoH93YpFDdvX9fAbk51Viu6PH+qC/70eDV+Nho=,xg2ZYyvWa/rOo1nd1+WH7Q==,REGULAR,2024-03-28
CUS-00350,Bùi Thu Lan,lan.bui350@email.com,sJ1JYbkqlUAMP9aKtl7v5g8Xnq/5Kulr7OfjXA4gX2s=,DXeDXzFR2elueoj5SXBBsw==,PREMIUM,2025-06-10
CUS-00351,Bùi Minh Quân,quan.bui351@email.com,Yktp7y44o93CYYyt7Q32o7JwYzndORNfE5SvokSsvVk=,mFo3glO6O7F1989jG4HBOw==,REGULAR,2025-02-06
CUS-00352,Hồ Gia Thảo,thao.ho352@email.com,1Ba4nsMl0Cbbij6ra3vYqigLW2pv/qw7dSTp7Tnjf+Y=,qKHDeht6bunZYcwiWM6BRA==,PREMIUM,2025-01-12
CUS-00353,Ngô Văn Sơn,son.ngo353@email.com,nCKdXtDH6JjC/09U6n7XqFvWdKCWxFwBDwQbv/JlBO4=,pRZiywooz8ngxB26laMLzg==,PREMIUM,2024-08-02
CUS-00354,Vũ Quốc Sơn,son.vu354@email.com,SG8sE8GzlQ2IJhYgTwr3oTr/hJPQCsKgq/vt75/mYg0=,Q5djdJm/9u9anAZZQHeq9g==,VIP,2025-05-17
CUS-00355,Dương Văn Nam,nam.duong355@email.com,rwIF+qGCx0QXfXBEegysohSRDUe7Dfn+PZUZ+cNFc6k=,EPPlgLbK8RorNAzCl/oMWg==,PREMIUM,2024-12-25
CUS-00356,Đỗ Thu Dũng,dung.do356@email.com,UdaFc/b93UA2MUf+5kt/ACb9ptSgeW+WxHzC6Yjycx4=,lVfRNbcPVlzDURAr9eAaog==,REGULAR,2025-10-23
CUS-00357,Vũ Quốc Minh,minh.vu357@email.com,PUj8WpdHSXf0p8Xmh3z/c7mNq13/rJenYzRwhmFFLqM=,KFRNSpgycXLOiSbHDdUJBQ==,REGULAR,2025-01-30
CUS-00358,Võ Ngọc Dũng,dung.vo358@email.com,zjjFgqNQbOpnZV96ZkcsdswjD6DZaqKj8x9bgxDFnsE=,NBOwc0mhvbusNyZVIBF3Ug==,REGULAR,2025-01-22
CUS-00359,Vũ Thị Trung,trung.vu359@email.com,YjX4pGc5J83zDmJC+cVo7MYmNq9t/aLqhAtwx1GoDFU=,EYmDxN+GeV+4/BmQxPYBkQ==,VIP,2025-06-03
CUS-00360,Trần Gia An,an.tran360@email.com,xdejpueiKJUraGy3NkKhCWLWuw3M1SYcWLE8rmf1gHE=,Wd8Xzbyl8V7Bqouekm6OUA==,REGULAR,2025-03-19
CUS-00361,Võ Quốc An,an.vo361@email.com,bQZuoPRGrE32CKEDr07rIOljDbFBIBHQW6+ZWKXZlW4=,/syd0PVSKXnOYb27QT7vHg==,VIP,2024-09-01
CUS-00362,Lê Anh Hùng,hung.le362@email.com,bidWkRNkVCnHc2M75XrzT+JqvEIsVMii1gaiIPUJUa8=,FFuAVSM1xjLKaYewic1ARw==,PREMIUM,2024-02-09
CUS-00363,Đỗ Thu Sơn,son.do363@email.com,D+9kRisWOAvtWbRu/QFMq76Y0N+q1pBi5E4knsxLHM8=,8dJVZadlFUCqOZ040QbmNg==,VIP,2024-03-17
CUS-00364,Võ Ngọc Linh,linh.vo364@email.com,dJwnP6l+GU+K2/ZhTX6Wcdlfq4otr3UF+TS5mnIfVe8=,S6ZTyCxbmXHsfdXtPJ8H7g==,VIP,2025-08-17
CUS-00365,Đỗ Thu Dũng,dung.do365@email.com,wDnnBDb2sXi4VUpuWWNowS9RSEeIrsEZZH6XTGfc3Ws=,uMD884ssmQPeMU5lrXtI1w==,REGULAR,2024-10-10
CUS-00366,Bùi Thanh Trung,trung.bui366@email.com,V2i9TNALdeMrKWVNYNFgkSC+vT6OJrUyuQ48cX0tfEw=,porzDcQF1tXUl52rAIDzyg==,VIP,2025-01-23
CUS-00367,Phạm Hoàng Long,long.pham367@email.com,uAbKuaq8UQZZv9NWSGMJiDJ4zUmTdi+uVoMDfwBFYW0=,zOhn1ZC7waLuixlJHg3oJQ==,PREMIUM,2025-03-04
CUS-00368,Lê Thị Chi,chi.le368@email.com,QTzoZJnZQmQ5SaAXfbGlusSNf9Hux7Tfo8g2iG4zHAg=,VspGcr704KuvAV1j25jqEg==,PREMIUM,2024-03-18
CUS-00369,Huỳnh Hoàng Yến,yen.huynh369@email.com,KxH6jfMJGGHCpaF7riHvK1+JsXyXx9yGpG0MlfRNRh0=,umAF0tsw70FX1+jFwwUS1w==,PREMIUM,2025-02-05
CUS-00370,Ngô Minh Hải,hai.ngo370@email.com,h6Jr14LIc77IDz2TTF25JfsnOABNhSjxjIzFmZJ+5GI=,DNQIJf8xBaud7yLfI0DAfw==,REGULAR,2025-10-11
CUS-00371,Phan Anh Hải,hai.phan371@email.com,JGd+yVDQyWuNVtkWaDOzck3oCeYbDwiuTKpvJcUgGA8=,S/0Loa0ILNb9ww0S3XU9ug==,REGULAR,2025-05-28
CUS-00372,Trần Thu Hải,hai.tran372@email.com,0RurJRAJP2vUYfovRYKU0WQYBlseVxG33RmGa8jLuwQ=,MqJxK8DPdtIHQ/R4a60ztA==,REGULAR,2024-03-27
CUS-00373,Hồ Bảo Tâm,tam.ho373@email.com,6et4ypLG60MfpFTZZm7yVlt/aJTN3GcQMMvrNJLZ+5g=,t4WDk1bZVdw/JAmFmapG8Q==,REGULAR,2024-03-30
CUS-00374,Hoàng Quốc Hà,ha.hoang374@email.com,fa7s9wPNdirejWQYZHRDy6QzpZjYH815oYyotlVS0+k=,yVF4nRQs30Hhyxp2sb2hUw==,REGULAR,2025-07-30
CUS-00375,Lê Thu Nam,nam.le375@email.com,lxkIRMKyhLd13+OL+csJpsx1TuILK9ULN1ABqrvFyHU=,HHtHbWPQc1fYHZEQrx89lg==,REGULAR,2024-01-27
CUS-00376,Ngô Minh Phúc,phuc.ngo376@email.com,NsNX55l2k6exHxw9eePvlScHRpPxqnwUhvrydwvT/WY=,fiDhgq721FvYG0FrN6yr2A==,VIP,2024-09-20
CUS-00377,Huỳnh Đức Hải,hai.huynh377@email.com,ekc4x7NIG86nqLdTBYA6ywVP6CLhmc9LkTenP1gNOgo=,7nbecjoC7y5O0agl7wdmkQ==,REGULAR,2024-05-09
CUS-00378,Vũ Hoàng Dũng,dung.vu378@email.com,ZuR1Su5XR8mhqMRopstfiT1X0TUetk0KqyzjVDlrJQo=,3WnVXenY15CQDb1R/6sZ9g==,REGULAR,2024-11-25
CUS-00379,Nguyễn Đức Chi,chi.nguyen379@email.com,G3qsgP83RRmmsXeecpcdZI1ya3ZJHnWFdR9eEnK2/BQ=,4FhYVzKIzTaLDo2U2OZ42Q==,REGULAR,2025-02-21
CUS-00380,Huỳnh Anh Mai,mai.huynh380@email.com,cZi1zf6CKrlkfl6VYgUv3rkHld4QDdnyTzXI4N1BRzg=,SCnsX+M7EyUfceBqkin/kw==,PREMIUM,2024-05-03
CUS-00381,Phan Anh Mai,mai.phan381@email.com,OcmJ1yx66C8V16DNHryC/m8O+NgjxIVsTIBMuZ3F3L0=,9vDCnNo0EpXkyprZjuK2rA==,REGULAR,2025-02-02
CUS-00382,Trần Xuân Vy,vy.tran382@email.com,LivadKHrUwz4XGdea5yzCF070totgOqHkVAJV7RKwdQ=,xTDQlVibTLs6KLvRqqH1Ag==,REGULAR,2025-11-11
CUS-00383,Phan Đức Phúc,phuc.phan383@email.com,ZezcjgDWuEuJUkjH8qiq09Rm/94/k67sebnsZ1lTje0=,dhiszhjV8m8294sZg5VNIw==,REGULAR,2025-08-10
CUS-00384,Lý Gia Hùng,hung.ly384@email.com,1GdpmcdYzJrxN0W61FdlJk4IFazw5tGiaiQiH9rIw3c=,rke/ZCi4hU1q0Hza0ZOyeQ==,REGULAR,2025-04-15
CUS-00385,Hoàng Thanh Chi,chi.hoang385@email.com,6Ctsxk+D8R5E/UigXRJFyAOsUMUPU4l2yXzu41/9a3M=,ldvzV7KhmSJXlDO5GBnvig==,PREMIUM,2025-02-14
CUS-00386,Vũ Bảo Hà,ha.vu386@email.com,OL9nqQQnfhcvU3JNdX6jk/9NbF8v9BSADwYxd7830MY=,AxiCDla+Uf8wvF96VPzk3g==,PREMIUM,2025-05-19
CUS-00387,Phan Xuân Vy,vy.phan387@email.com,fpqSG1jQzlVu1aOkPFD1Acgn/nbzG2fpFY+51ELWaHg=,eA+iLpqygj6jhTuWl7YK9A==,VIP,2025-06-22
CUS-00388,Phan Hoàng Hà,ha.phan388@email.com,7TQdmEYU/1R296Bv6V6pQZIps2Y8MEchvkFKV8h+7os=,cRBdE7OADF/2yI0szaYWSw==,REGULAR,2025-10-22
CUS-00389,Phạm Xuân Hải,hai.pham389@email.com,PeKYT8s7XTS/Qj3Lus7hlL9M7uyy3Sd7KoxeTJcCqG4=,R7CAO6zW0oL4R0fbmaBeaQ==,PREMIUM,2024-09-10
CUS-00390,Phạm Xuân Nam,nam.pham390@email.com,2fvfTEj6pJ4e1GpRo7h2Irwb8QbMtt/TDrzgCFuJ83I=,26fMhwHyf1i4e4HMXsMMtQ==,PREMIUM,2025-01-19
CUS-00391,Bùi Văn Quân,quan.bui391@email.com,3piGI6Ea5gVQx9c3G70J68tF2hnGao1rTvEQMliZPek=,JWiC+/bLRAv3Js+8gihuMA==,VIP,2025-09-11
CUS-00392,Vũ Gia Lan,lan.vu392@email.com,fyItOdLzJjXzISu9+GIfkQTLIu4Ny9QQBFHOFPT99MQ=,SMWnEJcqzmAMVghpJPMjvA==,REGULAR,2024-03-13
CUS-00393,Trần Phương Hà,ha.tran393@email.com,SBZihfnSoIJYoQAtojEE+dnyESwaAkfTBcxnCB6D8xU=,4qJ82/vy8N30Vdz6DspyqA==,REGULAR,2025-09-07
CUS-00394,Lê Thanh Hải,hai.le394@email.com,6e/T6fVus0/R1UszPZGrV7p32QLO0Hpz9lBBCvxGpfI=,yyPPTlJosPocHS5v2WYvpw==,REGULAR,2024-06-19
CUS-00395,Lý Anh Minh,minh.ly395@email.com,QzdFfhnwRDu7RtdfBq9Wx+ryDqXekyy2lB4OzjDIWbI=,yp82BDbnSbd6P6goAg+fYQ==,VIP,2025-04-02
CUS-00396,Hoàng Bảo Long,long.hoang396@email.com,eyAb4KOYY4775GLmKqtiGctc/Qhu0lbAlbtoGtyBnzg=,tnX3py97sEooLyDm2Pbdvg==,REGULAR,2025-04-09
CUS-00397,Nguyễn Thị Tâm,tam.nguyen397@email.com,CvYM9YF2SUX1ic+lfxd/RNnPpkRCvVnTXOYq4IsHGVU=,ex4tPzDV16lJXXgxSmgATA==,REGULAR,2024-02-07
CUS-00398,Trần Hữu Minh,minh.tran398@email.com,sD+Vo75cMILy0xl8x2jhIIMLCo8VeyuBc12XVXjZDX8=,cUCcWnPxdyuDhGPRlHWOzg==,PREMIUM,2024-09-28
CUS-00399,Hồ Văn An,an.ho399@email.com,9EWMXF7sb9PAMEGp7pEHtUFGAe9hc+9Ho9dMSIDhyKk=,Ve75pkTNwlao4G3w3gItxw==,PREMIUM,2025-09-05
CUS-00400,Hồ Quốc Long,long.ho400@email.com,iami5Bid1xu/2e7PNRsGKgatjjadVn0wqV7R8cwrQng=,SkROQB3V/HFaqeid3Bab6Q==,REGULAR,2025-08-03
CUS-00401,Nguyễn Thị Minh,minh.nguyen401@email.com,Srqx0zEe//50ysvQGVICxWb0WmlM+meKhvLFpWkN1cQ=,R6Vr+NXBvH1kGv76AiJINg==,REGULAR,2025-10-08
CUS-00402,Phạm Thanh Đạt,dat.pham402@email.com,NHHhL7hjDdv80TPTybLqW6lPlGTHKVKqS3VLXAvjOxo=,lcrL7TIfu0tj5ofZDIi5+g==,PREMIUM,2025-08-29
CUS-00403,Hoàng Thanh An,an.hoang403@email.com,dgWTuywVU5fRECCD8ZX8L6YcnUXL0YivDmRhxbVcs2M=,ZYtrnJl4e8nVNp1VMSLdCw==,PREMIUM,2024-01-14
CUS-00404,Huỳnh Bảo Tuấn,tuan.huynh404@email.com,9Eua0hpuBG3LrxD5xxiCg8BXwmfETDzUVUD07EbQ1gU=,YHUyvec0NiXx2sUYRfG8WQ==,REGULAR,2025-10-21
CUS-00405,Trần Xuân Long,long.tran405@email.com,MT/v8aoEebxalsM54tCwtH04JDdhWcbQzJij0vgglK4=,1MRJQihahq3M7UKs0S+2rA==,PREMIUM,2024-11-21
CUS-00406,Phạm Văn Đạt,dat.pham406@email.com,jJwf7Y19LDPs65qnPBV3oA42kVZe9NKfdcMU6X2pams=,eM846VB0OHq1l86q9Q8qew==,REGULAR,2025-11-23
CUS-00407,Đỗ Bảo Đạt,dat.do407@email.com,Mp0HWx8vcfaCHWrGuN3DnzaFn6ztlSd2t4YrHLU51dM=,dZapzIgEuQRptzONcluP4Q==,PREMIUM,2024-11-12
CUS-00408,Lê Thanh Tâm,tam.le408@email.com,YXvMxbVUM1RYPUUktJ+8s0kdhTJ8va+pzzBbmYm6Dl0=,kGNl/Pfn6f33LKs27JxL8A==,REGULAR,2025-12-04
CUS-00409,Ngô Bảo Đạt,dat.ngo409@email.com,VoJvNF4Lwel5VbJHU/oU97tYXzmlOnRYBq7gkwtV7mM=,75hbLVnwFKgXKG+8y6dIRw==,REGULAR,2025-11-15
CUS-00410,Phan Hoàng Thảo,thao.phan410@email.com,OoVRdbdPKQKE0CRWNukhHKubzBt8OYifWfyhNvarIQw=,/Fb5OcrxrksCznUtXZa4zA==,PREMIUM,2024-10-09
CUS-00411,Ngô Bảo Hải,hai.ngo411@email.com,dXlIuZ1/y7tOmYQIaNtqfqS2f99+9iOClwaZYIMnJoY=,0xyQZhcxJdTEe63wbCFRjQ==,REGULAR,2025-07-24
CUS-00412,Đỗ Minh Bình,binh.do412@email.com,NMAGWqvfcq6r0gb6XwdIpxJ8GSqJcfcPabHyCHCEmy0=,5V1kYYgIANCgde2ij4t2aQ==,REGULAR,2024-06-06
CUS-00413,Bùi Thu Tú,tu.bui413@email.com,0xgwJokxNOCNVQByaG89JySoauyXGdaJbfrVrelqEps=,eN5VuZb8RnDRCpP5hlkRSQ==,REGULAR,2024-07-14
CUS-00414,Lý Phương Minh,minh.ly414@email.com,GdZhpzab+gNHx8frWW5+a1mZw0DIzmV26byODwr6hFs=,Qvfs5sFn/eGvKvehsP/J8w==,REGULAR,2025-01-25
CUS-00415,Hồ Hoàng Lan,lan.ho415@email.com,pWI7F5NAO2SAZyuYxz7kAykFlD+gh2G43ga7U3p1cU8=,JZPYvbZL6/zAClLeVbV3iQ==,REGULAR,2025-07-25
CUS-00416,Bùi Quốc Tâm,tam.bui416@email.com,MvpIuL4Lj0lJlMEhmZAO2KN9JLTxHgrA+9tSgZyP4EQ=,nlKw+PF36OVKPoJPWgO2pA==,PREMIUM,2024-07-11
CUS-00417,Trần Phương Phúc,phuc.tran417@email.com,B+23jRhzFvWLCde+gpI1jT2zRmZME3uafdMsmT4QZmU=,d8RM826EV4PeGjAMt27Z+A==,PREMIUM,2024-08-13
CUS-00418,Trần Ngọc Tâm,tam.tran418@email.com,yQOFl/KKqfP5rPXUTRsHCKAz4QETmzkETZDVSFIkXpM=,yWZ+hnArrqJ1zQUeAb4F1Q==,REGULAR,2024-12-06
CUS-00419,Đỗ Thanh Linh,linh.do419@email.com,oswQuFTeiSdH+N/anc5MB7AZFrDHC/INDBHr5lP60iI=,lf84YrNCdqiFsNxQqGG6vQ==,REGULAR,2024-03-28
CUS-00420,Phan Minh Thảo,thao.phan420@email.com,crWoon8hNJqMhivfHQCUZ/0lW/QXDNJ5ueytX42RlCw=,zlXxZQZzOhbz1sp0p52Waw==,PREMIUM,2025-03-06
CUS-00421,Phan Xuân Yến,yen.phan421@email.com,k/2uwQ1cw8bPGT+bWPOZSOY7vy5bZYd3cKldmcQYH1E=,NIR2RzOiaNb4ggKn7GS6SA==,VIP,2025-04-10
CUS-00422,Bùi Quốc Bình,binh.bui422@email.com,6UG5P61gpZb9TeZJ/I/PXACOof/1fsX6bXHhcXtutaQ=,XLMgpI7WlQ1Oa74C046Etg==,PREMIUM,2024-06-03
CUS-00423,Đặng Thị Tú,tu.dang423@email.com,u455/GNV0IyairKZbRu0t4Kgt05ahQ3kcgBnHDRIt0A=,U3lvPryShW5P3MbSTnq6Qw==,VIP,2025-03-17
CUS-00424,Đặng Anh Thảo,thao.dang424@email.com,itupnfSEo7cVrsSN7CLZvYp30xpUDm5H7/CjUJ4ZLUU=,n6okgqUSx1tWIgBLh8NsoQ==,REGULAR,2025-05-23
CUS-00425,Phan Ngọc Hà,ha.phan425@email.com,1r6rca1xo2aFkknKPPEgQL9JL2m9X0wTCQPxzUGu8sY=,4dryciP4gneoEBYmbL6X1A==,REGULAR,2024-03-10
CUS-00426,Đặng Phương Phúc,phuc.dang426@email.com,8hlgAqZKqaDRBYxyno44ixVxzuNHUVHA7WWyL7ZmPwI=,qpWXuWNjsSFkKlWxsH0usA==,REGULAR,2024-02-18
CUS-00427,Lê Thị Chi,chi.le427@email.com,7ODX8YHqMUWh8wHGKTdQcRNMeinJPPZauqXIzXh6v3I=,giJ5NhXwaRklHVsiY3MvtQ==,REGULAR,2025-04-21
CUS-00428,Lê Thanh Tuấn,tuan.le428@email.com,z41isKjh5QOskiQCDO7xhPyI5JM9uwCzG1hyrMK82/k=,31EqhF8hLyIWwfBG1dhiIw==,REGULAR,2025-09-16
CUS-00429,Đặng Đức Lan,lan.dang429@email.com,P0w8xbVTUipu3VglU7odrBtegjxXGKjEFXu6F2mhEww=,Yig8LnrSoflVAJ2p6oTnnw==,REGULAR,2025-12-03
CUS-00430,Trần Minh Lan,lan.tran430@email.com,ZQCBcUdma1RJYV0Sh7uadgJ63r1hU4H6wlfXEhhLiWE=,ZCt6GN22ZktoTXTYnVdS5w==,REGULAR,2024-04-07
CUS-00431,Đỗ Đức Nam,nam.do431@email.com,Ioo0kIvr0DAgXZssIpl1/V/LOV1Sz34tfI3lneuXXDE=,AXzl/H+Kaq3lEVypZBFydw==,PREMIUM,2025-02-23
CUS-00432,Vũ Anh Hải,hai.vu432@email.com,BJ+iZWHb+SLckzsOwQv9zVjS8FIaqtSJw7OpdqNplME=,DJ6da8GaLfKYha3Ny4m2nA==,REGULAR,2025-01-19
CUS-00433,Phạm Bảo Long,long.pham433@email.com,hseTeSumDV5JaWnBS3FyuFAUKMKj8DW6vV4KH6W4uX4=,YDCqvZh1RXLTF1nPRWDpIg==,REGULAR,2024-05-04
CUS-00434,Trần Thanh Minh,minh.tran434@email.com,GGnY5tTd+N7ktZfH36pdl5kRrRM0w09eErX4Z4c9Mc8=,ismkpU4HXASi2wspQ+Kjsw==,REGULAR,2024-08-22
CUS-00435,Phạm Đức Trung,trung.pham435@email.com,/TbjBPuxTMIfWnIxy+NXlslejHC21jX0KSBOdiTY0tg=,+jOdHz/p4Ieof/evSh/zSQ==,PREMIUM,2025-01-21
CUS-00436,Lý Anh Phúc,phuc.ly436@email.com,I75X1w8jCYhpgH9P4x05+GnR35TnJm0xoU+z+x3+Bc0=,iNDe4g8QRLEXm8opr25q3w==,REGULAR,2024-06-09
CUS-00437,Dương Hữu Linh,linh.duong437@email.com,HmqOhdNF4eww7agAy8zgs84wnToa8WvAlHxFA5D2Crc=,nelF0w/J1CDEF37hTvdBeQ==,REGULAR,2025-09-26
CUS-00438,Huỳnh Minh Mai,mai.huynh438@email.com,W7+iSJHJTUUENvvcebadpLl493xMrtfgb/ZLg6ybANQ=,2IeuIHPCdhHErruQQyRXjA==,REGULAR,2024-12-27
CUS-00439,Bùi Minh Tuấn,tuan.bui439@email.com,RR/Tch8MT8zPurPo+22agSuobyqNxkQ/lpol1mnGSEs=,uQOlBtFh6yX9QO4UjJCBvA==,REGULAR,2024-08-08
CUS-00440,Phan Bảo Linh,linh.phan440@email.com,A3SAOn5kcSVK6v7LnGd44Omig2JwxCGBkjDIFpCXBmI=,GuF9MB84mS1l3jrNHxUeeA==,REGULAR,2025-03-26
CUS-00441,Lý Thu Thảo,thao.ly441@email.com,DWGpnGivnQZdhPMLZ2BgYyfvdbygLCygSCdSr1S+FSQ=,4y7DlnHGQSqWEspJ9mOxJg==,PREMIUM,2024-08-04
CUS-00442,Võ Thị Mai,mai.vo442@email.com,Fz92s491mEcn+/2ndaqw79sw1Ma3ESxXpcOarS0/zhE=,rjJ5yDSdEihe5KfMOyOd5A==,PREMIUM,2024-07-26
CUS-00443,Hồ Anh Tú,tu.ho443@email.com,0i0S550ZyYKSIJ6caKno4TihF9lxdcirYM6sDqDLqr4=,b/PG1i8vxSFCcNkRwO92Qg==,VIP,2025-06-26
CUS-00444,Đỗ Văn Mai,mai.do444@email.com,vr+1xTojWDvBx6JCAnE0tVU/3qYs4CDcIRlM0Xy32tY=,CYophqbOFins+eLxhIrjRg==,REGULAR,2025-08-11
CUS-00445,Nguyễn Minh Nam,nam.nguyen445@email.com,5OqSyz82X9Aze8hQDDZQF2lWydz4HuOu/oAWGz8naHQ=,bdnk9VKdOlhmG+R9pQhXsA==,REGULAR,2024-03-30
CUS-00446,Huỳnh Minh Vy,vy.huynh446@email.com,uTRa5BO+bKem2JONNbF+BE7VJWVJO/0qGZyIBYK+e2k=,kuwX8gLF0mGhoNdgxaaC8Q==,REGULAR,2024-10-08
CUS-00447,Phan Văn Lan,lan.phan447@email.com,I0GcSPYUtR1dm9bqem9b9K/LHonli4uDG0sH1JkdUoo=,GG3iKXVUTeH2A5zK/KVbHw==,REGULAR,2025-07-29
CUS-00448,Ngô Bảo Tuấn,tuan.ngo448@email.com,SvZlv9fgE6c9PrE9sRr5wpoBJINOuGJsCm7HGu1V6J0=,h8FhS3RmrtLkhxIixDVRoA==,PREMIUM,2024-10-26
CUS-00449,Lê Thị Quân,quan.le449@email.com,Sep889v+lugPl4n3LrDaLt1SdbF+pcM8QQt9OGKyD2U=,4VnI2jMSUdJ7/iEksBZubA==,REGULAR,2024-07-06
CUS-00450,Phan Anh Hà,ha.phan450@email.com,kCMjzAtg3UUWbL6+6LSQiw564sN/J6O6T5ix/I1/BF8=,7gnXcyoy6acNcImml7f7Ng==,REGULAR,2025-08-19
CUS-00451,Phan Minh Bình,binh.phan451@email.com,WxHshpDd9YwyyTa3D10UiazQ06zAi5QZesxJyWV0VQM=,wTNmTUYObhvTF3/R2iaVUQ==,PREMIUM,2024-08-26
CUS-00452,Huỳnh Xuân Nam,nam.huynh452@email.com,tNbkMFK9BJOb5Xk7Vre9IWbRKomqQZ3PLI4wfvYMjeU=,ggo2A+iXE9iP/Xsh0Pva9w==,REGULAR,2025-11-03
CUS-00453,Võ Bảo Vy,vy.vo453@email.com,rPd54Eue9DPCaZOMstNOajVuGvo3tWl/X4De87J5PxI=,ysDlj+LfGfUyHSICxvgMmw==,REGULAR,2024-03-15
CUS-00454,Ngô Gia Yến,yen.ngo454@email.com,IeJa5j8IJrsRgO8lkfLAlbUlddJ8lNE8ABwqteyk5W4=,E4VCIdEDL+tDURV01JVKag==,PREMIUM,2024-03-11
CUS-00455,Bùi Thu An,an.bui455@email.com,TjEAYrCMRzP+7s/JZNHit/jphkJbCFK0TMrg4SnVXvY=,zGIlo6kuoQLcflhJoKRY2A==,REGULAR,2025-01-14
CUS-00456,Võ Thu Linh,linh.vo456@email.com,unrj2rzY1gcP7FBKg8Tk2ryqlt3RKDOZeF1vpMY/m4M=,D7jMhQmgeC79rBwA3G0YBg==,REGULAR,2024-06-14
CUS-00457,Lý Đức Tâm,tam.ly457@email.com,7bLsAcqKMdbsisPmTk4w2E1S78fMQKOUh+sL3dbbna0=,hjuSRcY565RcRu8NKZGvJw==,REGULAR,2024-10-27
CUS-00458,Bùi Hữu Linh,linh.bui458@email.com,7KbRRW5Ijs78yyfAK5u+o4thGktj1JBkjGyQPM+0tfI=,vx5LQu8eMKuRWpGXzQ0TqQ==,REGULAR,2024-04-29
CUS-00459,Trần Quốc Đạt,dat.tran459@email.com,B6acIwaqOq/jGfFxsnEuqGoGdOxDECUGQ0W73QKG2uo=,doOSxTTwdq1bkP593zYEzg==,REGULAR,2025-01-04
CUS-00460,Phạm Thanh Tuấn,tuan.pham460@email.com,pYP4m9fI9DWrL+NeNBL/NDGMkxoluRxfT0y2byh6K5s=,h+P3fg55ICaHQ0K8POgJiQ==,REGULAR,2025-02-09
CUS-00461,Bùi Đức Đạt,dat.bui461@email.com,Guz57pCQ818BCyA4cfPAei8e7l2pizEWAFpI9DbSkkA=,Jx/PgRz9222/mNo4knHZdw==,VIP,2024-11-14
CUS-00462,Hoàng Ngọc Hùng,hung.hoang462@email.com,BqYjpS0ivuuHHF7Hg76q0R3zW3dXaBRqAdDu7K6se0Y=,gVe5QC3PGHr3qFLNi0wndQ==,PREMIUM,2025-08-17
CUS-00463,Lý Gia Tú,tu.ly463@email.com,7z1GZMnmUm3SUWSp4yFnOKxKJuPoKAjdeoUFb/mjInQ=,iQaSgtq00/Cu5c1vBKhZ8w==,REGULAR,2024-10-29
CUS-00464,Lê Đức Trung,trung.le464@email.com,sfJxQhKs+jvKGPf8z7z4DZ41yRHO/QCZOm7vaEI8pPM=,RXufqUdZ1J5hKHT0c+9JBQ==,PREMIUM,2024-06-05
CUS-00465,Trần Đức Yến,yen.tran465@email.com,GbPKMOHbXgYGPjN25EzcCDfRu2qsSGpZcf0cAiiuSGM=,DRJWvAQ8g75B6qEhBtrlnw==,REGULAR,2025-12-20
CUS-00466,Ngô Hữu Quân,quan.ngo466@email.com,CSXlZVrMipgpjl59z6fzBiAjvOvwipoZfX9yMSa61ak=,5yBHsBIyXlap3771fnTLQg==,REGULAR,2024-05-05
CUS-00467,Lý Thanh Hùng,hung.ly467@email.com,OOmZh5SjCcfUK/jq9ktfQtzMg8DYSjyBdVA79ZV0hnU=,9hc+73rOaIg59ovVoyuHNw==,REGULAR,2025-09-15
CUS-00468,Phạm Bảo Trung,trung.pham468@email.com,HnhqiYy6CvKAaZwo+JZCAznfEg/3JK0n29gU/vNK7i8=,w1RVIfVDNI1GbufkyxTXxA==,REGULAR,2024-08-17
CUS-00469,Trần Quốc Tú,tu.tran469@email.com,iZh98F4e0gxtZ5D9+IS+ctnJlZ2zRDW8cpaBU/wXyew=,4MpBdb2+uKcUcEWde8D4DQ==,REGULAR,2025-09-10
CUS-00470,Lý Hoàng Hùng,hung.ly470@email.com,ers/jqTb+vwIR92ZKnMSz7ALJLJjGnZFrI63Be1JLbs=,1mUnIVVf+R4L+Xh6bPssJQ==,REGULAR,2025-04-27
CUS-00471,Ngô Hoàng Bình,binh.ngo471@email.com,vXXQ4D/Ezqtzdfvh1PVBqPp/uJmJANwPFwwFnEPCUkY=,nyYa9ghvWqSHuS5mIC7WYA==,REGULAR,2024-09-27
CUS-00472,Bùi Thu Vy,vy.bui472@email.com,RU/dOCIvQ/WuNIqhW+1zN1FUof5ItYp9SkPWsUqpmH4=,cs9TaxD+clCjcDigVz2+tQ==,REGULAR,2025-05-31
CUS-00473,Dương Văn Tâm,tam.duong473@email.com,WzH3T1hYj0L3IItSUbue8gGI9E7r3hSFhQ0txYM3ND8=,nV/4c4N+UdhjAsD7XLT+Tg==,PREMIUM,2024-07-19
CUS-00474,Bùi Anh Linh,linh.bui474@email.com,cMiKLd9PaMMrGxEijUoE47cmf0YOOqi47QusHS4n7fQ=,nMyN245yXKLOd/EFh4qFnw==,REGULAR,2024-11-27
CUS-00475,Lý Quốc Đạt,dat.ly475@email.com,hfFL9VjiUSR5AKxiQryqqFGfMpL2avHYyQHK1cXPVD4=,5nRqpdQ43nmcZNh1oXEolg==,REGULAR,2025-06-28
CUS-00476,Bùi Văn Phúc,phuc.bui476@email.com,pm3rAlLhiXE+SyMkyCdVUbPN47Nm2UFfqdmOOD0tBW8=,eyVo1vIEJD9uJ8VSeHthMA==,PREMIUM,2025-12-02
CUS-00477,Nguyễn Thu Tuấn,tuan.nguyen477@email.com,zgzkb/A0ixdKcbyIxxQyveMi6/Y4aFiWnjl569qBo1s=,97Esr0qAwDUb8pjM7tpwtQ==,PREMIUM,2024-06-06
CUS-00478,Vũ Anh Linh,linh.vu478@email.com,+zlKPVYImvxNvHXS9nYjjSBBlBdsGyFXb+KPM1YO+eM=,T/4Hl1nWsZrbHWmnC++B1g==,PREMIUM,2025-07-18
CUS-00479,Dương Văn Hà,ha.duong479@email.com,5FetsTMTUjVXNlYBkGa7P7evb1AYFN5LPApmVgMwzKU=,0zqVSWygsUFp/Yph/91njQ==,VIP,2024-04-15
CUS-00480,Phạm Anh Trung,trung.pham480@email.com,jpnS0Hr/j9L1tM+2MTgNzpLB7Rd1V9Qtl2FA9cyR26A=,8LGZk2FdoBONkPf8jCzIGQ==,PREMIUM,2025-11-19
CUS-00481,Ngô Gia Sơn,son.ngo481@email.com,g+oaBQ7/JRuTGM5loTA736QXZkiPYTEtFl9HLhZm8HI=,y879H/g/KqG7ebjeXxwr0w==,REGULAR,2024-12-15
CUS-00482,Hồ Văn Quân,quan.ho482@email.com,FTyv5slPXFQ9ZtK/WJ59LqZXY30+za3M108S+oNZfAA=,0bfhEPXKcpkzAzTmsrwn0A==,PREMIUM,2024-02-26
CUS-00483,Hoàng Hoàng Mai,mai.hoang483@email.com,pW6KHS/wMKBtPF4NpM1wEzxLk29N/ylwO/ir1m0UL6w=,GG/4o6k/qf/SPG6dlJV5fg==,REGULAR,2025-06-09
CUS-00484,Võ Thu Sơn,son.vo484@email.com,Gx4j7M63F+HS6UO8OQ1PwLaxiGVteUlcb18eDDudw6U=,AlzS0GLiqnSCssHtLVHqkw==,VIP,2025-08-09
CUS-00485,Lý Anh Tâm,tam.ly485@email.com,EMSWnj3LNamuekIEZtLHR4WJ3ZzMVGZrjzgULRw/ohU=,Yjd83slEWmnY2tGVS5iGQQ==,REGULAR,2025-11-14
CUS-00486,Đặng Thị Yến,yen.dang486@email.com,jbaZOnf9J9HWotmGuBgZMipLs24dNIg1Q65lXqY1Sz4=,Q1usST84bVXYBHV8lv2o8A==,REGULAR,2024-02-07
CUS-00487,Dương Văn Lan,lan.duong487@email.com,adgpcIJILgWDGnpjoLSk/0Eqjq12AH6n4cKO27sBhe8=,vQYNzjUgsVDHgIsOwTmhWA==,REGULAR,2025-08-30
CUS-00488,Võ Bảo Tú,tu.vo488@email.com,pM8BSOo1eBic5Q7lMiEa6RueFbx253DY5oOGfoD0lWs=,8fd0G/+VphZvIGZvBffUNg==,REGULAR,2024-07-24
CUS-00489,Phạm Văn Vy,vy.pham489@email.com,C//yFAR1rbMF6eLZsE+LjHQAHPufdYoab3VxZc+DfTo=,fCuguj8N68zFx2vZ3+S7JA==,VIP,2025-12-18
CUS-00490,Hồ Văn Minh,minh.ho490@email.com,PwPQMXnNklzotVZ7JcTvIbb+vJ/BG+D/YMY62EcMJm8=,K2Lzn9R0P9NAC9b3Ou8lTA==,REGULAR,2024-09-18
CUS-00491,Vũ Minh Dũng,dung.vu491@email.com,s6eURPpHukauItNa7GW6+OoM4bEt1cUKnirKgJfPz8A=,TNTKRaRrEJbhQdk0ozpmIQ==,REGULAR,2024-09-01
CUS-00492,Bùi Quốc Tâm,tam.bui492@email.com,yo0byZw1mvY2Nc49wc3+pLjWBpJSIVoertGJuK6mCh8=,SOwz5x+FTia48uShRyxGFQ==,PREMIUM,2025-07-19
CUS-00493,Dương Quốc Sơn,son.duong493@email.com,bdZWnx6To+ImlhTzkx9sTbq1Qgdd7WShqQWil1Yq7Xo=,i+o5InZ9pyFa9clZMM5O4A==,REGULAR,2025-10-16
CUS-00494,Ngô Bảo Vy,vy.ngo494@email.com,VWSWpM2YyGA+/uVK8k60WTZk2qXAIMQB/DIrOTV4c9Y=,apVsxEqiOXjNn4L+JTv9vw==,PREMIUM,2025-10-07
CUS-00495,Đặng Phương Quân,quan.dang495@email.com,lahKMhf1jbMzlUGRcpShd8gizUeXmv6t9+oixm5bk8A=,tGw/qaqj+nou7DMAWwsGzg==,REGULAR,2024-09-11
CUS-00496,Nguyễn Đức Đạt,dat.nguyen496@email.com,eC5MKFhd3A55TgDgDw8gPq5SkAnkxOA3AOh9YuFit+E=,90NQBMHVv7rDjGat0ZEfBw==,PREMIUM,2024-05-03
CUS-00497,Vũ Thu Lan,lan.vu497@email.com,dDJJSJ5d4e/KZcsRKIZ/44jb+WaIOzOVBJUF4x/cwbg=,4TFpm+dvCPZ5BQCX98DShg==,REGULAR,2024-12-13
CUS-00498,Huỳnh Thu Hùng,hung.huynh498@email.com,ICT1O9XEak5upo/gNekDDuExNlh4dokfv/H5M2f0nMQ=,ivRxnAcC5lAGQui7miJfSA==,REGULAR,2024-05-05
CUS-00499,Nguyễn Minh Quân,quan.nguyen499@email.com,MuWY3Jo+5wc88/w3DqgJ5lNauALjj9f/dv0sNOV80CM=,FkkNk596TzpnKSTo+nb1UQ==,REGULAR,2024-09-21
CUS-00500,Bùi Thị Yến,yen.bui500@email.com,H5UOiwVkSGxEmkq+MDlbWFO7iYlTikIIpioolLUd32c=,wCEjeSluzhVHHnttTPBRnw==,REGULAR,2025-04-29
CUS-00501,Hồ Phương Thảo,thao.ho501@email.com,mJQVFTYq+KMiW0HtIBjTINvGFkizNGPG4fTSfoEzMLw=,h4BcSLWF+2tncVhFMxEmkg==,REGULAR,2024-04-28
CUS-00502,Hồ Xuân Hải,hai.ho502@email.com,DfEawVynqf7w0rMNeM+y27zhntAXi3ZUqr6yjXdvIa4=,0qW1x/qiXJQGPQuR0pk52g==,REGULAR,2025-10-17
CUS-00503,Trần Minh Hùng,hung.tran503@email.com,fgCzJV/gH0KjtVGPWhlKuUbNf18SMUaKT4eLBrK7zJQ=,U/UnT86ICdH8nA4L+kMzSQ==,REGULAR,2024-10-05
CUS-00504,Bùi Hoàng An,an.bui504@email.com,DJmr0xxalQoEnGyelHyIG2p2ry/eYUNJWLLlask/dh4=,DX38NxaIymzFgkZel/+26A==,REGULAR,2024-06-22
CUS-00505,Lê Minh Yến,yen.le505@email.com,M+qujcFMbTU4unXR6/Si8zB/HtXXbpQlAdD312xqMtU=,txo6Zs0vShk0JggWQA6nMg==,REGULAR,2025-08-07
CUS-00506,Lý Minh Hà,ha.ly506@email.com,mjoozfEdsk6+E9DjWAgrEf+cNpIXd6EmxygUmCz7loI=,3ZLJB8q1lwA/nIKJekJMvQ==,REGULAR,2024-06-16
CUS-00507,Lý Bảo Long,long.ly507@email.com,i6NGjVu6iCDFE1MWW5TBPxm+8O28gzUay6tIh9mHR+k=,vBfj7kI/RFZTksDaGje4AA==,PREMIUM,2024-07-07
CUS-00508,Vũ Thanh Vy,vy.vu508@email.com,9FgTCW5LPhwuwBQeJPXPfwK4FD23K/2rUDPdnuRet/0=,xXKvB1KbvfH6AfPnJk55Bg==,VIP,2024-11-16
CUS-00509,Lý Đức Thảo,thao.ly509@email.com,qTwWb+RWinm2IJPk830/rQ87b0EI8mZV5Ja6s+5TMm4=,GXH8VKs7H0JPFYC3Ha7UHQ==,PREMIUM,2025-03-08
CUS-00510,Nguyễn Minh Chi,chi.nguyen510@email.com,JDS2wXPDyl9P6qSyjfwyMj1pUPgpyFER+qkiIZ4pYrQ=,Svs3ikG0oxovdKa+nMR5vA==,REGULAR,2025-12-25
CUS-00511,Phạm Phương Linh,linh.pham511@email.com,N8tgSfGmDL17uMuLbxozLut4I+ocg6MWJFLbPuPa6vw=,XkqEQ9r6ByTtQBXIOH9g5w==,REGULAR,2024-06-17
CUS-00512,Dương Bảo Tú,tu.duong512@email.com,0c+HpjK0qZ9bdx5sdcgZIa3r9BkLHEFmUvMGthaVIpI=,IdDyEK6cFIAtkgn2mF4WEg==,REGULAR,2025-06-20
CUS-00513,Hoàng Đức Tú,tu.hoang513@email.com,tgeF2Mm8XBmr7M1D/whmIJR7/EUtt4Ra3Rj270uQCcw=,GufwUM/l0G2AKBanMa1xGA==,REGULAR,2025-11-02
CUS-00514,Hồ Văn Sơn,son.ho514@email.com,dsyLKQYoSOJdLFO+DiMb2x8rae3Ehwrp9QuuDnGioCk=,ezSP+7z93poiMWNj8l8XZw==,REGULAR,2025-05-31
CUS-00515,Phạm Anh Đạt,dat.pham515@email.com,iSGWPLYyWf5P8EzDFPxKh3+B2yfZ13hFIgwPsZy24ME=,+Ftb+hyZ3VmmPoXhD5sSrw==,REGULAR,2024-03-18
CUS-00516,Vũ Quốc Yến,yen.vu516@email.com,nSWNOiojevJi3HECgPkWaRY8aA1QgC2f6+KCq3g9UW8=,MhKA+fP5YdxEW6pj6QXKiA==,REGULAR,2024-01-03
CUS-00517,Nguyễn Thanh Phúc,phuc.nguyen517@email.com,Han711m2zSbH/bKM7biiQIsE3gPeWTPAiGZPkEsilgE=,txtytKgnIBmWN9iXiY5Iyw==,REGULAR,2024-03-12
CUS-00518,Phạm Thu Vy,vy.pham518@email.com,4vX/3QzjP//OkdwD55mi8hwaaBM9UhzjUjFeMGKO5dE=,P97OVibri0ggiLgArROR8g==,REGULAR,2024-11-14
CUS-00519,Lê Văn Thảo,thao.le519@email.com,QxfZ4CJf5YQYnVs8e4AvE8Th8u68MaO4yLkGw87z19w=,7IWFSSQhyeSD9hIeM4s8Gg==,VIP,2024-09-09
CUS-00520,Đỗ Gia Long,long.do520@email.com,V7nXF1EyTJXgMg+BOxYz7GUiyi2RBZNcW94MdmCoda4=,lnVu1rB6WwezXq/2izOOcw==,REGULAR,2025-01-31
CUS-00521,Nguyễn Đức Bình,binh.nguyen521@email.com,VIo+zKV8qaGZbtL2P9P0yY/3zAMfPBdjrB92LCuszgQ=,+qbF47XrpXKTIFDoV5UQcQ==,PREMIUM,2025-06-12
CUS-00522,Võ Thanh Thảo,thao.vo522@email.com,h3tDcDp1pMlZB78CHjWe7fw//wG++CAfF2BomA26Qkc=,G2W3JmkL+44sq0l/7Ku6QQ==,PREMIUM,2025-09-20
CUS-00523,Phạm Phương Hải,hai.pham523@email.com,9x+PsFBS9P9n8L39mJEaeb8uEiQleLo5th3wLDzsjFI=,hfap60YR1GxJQ/fjJ01l8A==,REGULAR,2025-04-24
CUS-00524,Hồ Thanh Yến,yen.ho524@email.com,rY6unveTMwpAwg4ZlRlJM0m7Ozx47MfQItzy50wec6I=,MB+HI9I4aqqpR+8dE4IHtw==,REGULAR,2025-11-17
CUS-00525,Dương Minh Hà,ha.duong525@email.com,tebo/P4UEZjhKMWFR5/iYIRubQwCV3IljUqzOjE3hvE=,O5d6/dzjFF7hdtXnRKM0ag==,REGULAR,2024-04-16
CUS-00526,Hồ Xuân Yến,yen.ho526@email.com,RwWxEZU0yahLbd1qpbDrDlviaYnBNa7sPgLT5sy+kVI=,q0dnAygvoF3GN7I8J6UfXg==,PREMIUM,2025-10-19
CUS-00527,Nguyễn Hữu Hà,ha.nguyen527@email.com,YrtJpSpVtfgKRRjdSi2C/U+miVPR9ksj4xh3sSmFtFc=,wvm8E12ZjuOi0uPwI4D9nw==,REGULAR,2024-04-30
CUS-00528,Lê Bảo Nam,nam.le528@email.com,4CrvNjv8e4KlcIHuYoDaAmlghG07KMngRdlIFoxEuyw=,++2K/7rSYw3U1FkDhYOgfA==,REGULAR,2025-01-30
CUS-00529,Ngô Thị Quân,quan.ngo529@email.com,yuAyFdxtw6xWgRtiGmvauawbMuRo+FPyRI5RL3kGSF4=,OrVGcuA9bC2wJajSMyR5ig==,REGULAR,2024-09-26
CUS-00530,Lý Thanh Dũng,dung.ly530@email.com,9ZTQGr4uodAohUaWUShgCcLltTKUE6r7L8RQVru6epg=,jg+M8yTkK5c4LF6C1gnz9g==,PREMIUM,2024-11-13
CUS-00531,Huỳnh Hoàng Hùng,hung.huynh531@email.com,O87xJXIqWc3sa0ITHpDSNF2b3Wy/7BR0ByOD1H1+NUw=,cg9hGxKXEednxBa/PUNvWA==,REGULAR,2024-01-10
CUS-00532,Hoàng Ngọc Minh,minh.hoang532@email.com,3Gaq+UgJZK52cgDF9M2dcC6o0YQYTp4fFWQrd4d6ZCU=,RbTh10nM/AqC6/ChxOYzkQ==,REGULAR,2025-11-29
CUS-00533,Hồ Quốc Mai,mai.ho533@email.com,80K1TlwOsWEQwMCuJT08hHqQLQAm+4jYN1qcmD8FF3Y=,/vW5NYdIfN6+iUduB6aV6w==,VIP,2025-09-12
CUS-00534,Huỳnh Thị Dũng,dung.huynh534@email.com,WRjZ4D0sLr39KC3o4cLdg8y611g4s6mH7iOy/Fx4YK8=,stEgY2cSATNQ/2TKMKzo3g==,REGULAR,2025-06-29
CUS-00535,Ngô Đức Quân,quan.ngo535@email.com,WG6g/WEXiZqcbQR3aAkZ6XgVHu7dbJu1yKCtadl5BwY=,zKlVWehntawRlqAH2xicxg==,VIP,2024-04-16
CUS-00536,Ngô Xuân Yến,yen.ngo536@email.com,lWEHxUcNzrmwA+UMcMLxNRaAc8SdvAYKCWnYki7MEVE=,K7avBlxGUOcanU9qHzyjKw==,REGULAR,2025-07-13
CUS-00537,Trần Thu Tú,tu.tran537@email.com,3J25NcijYEvNyiaQ4S2XRHEVnMXbf58F7lx09t1omqM=,eOOsaPq5bV8ZuBX26+A/iw==,PREMIUM,2025-07-01
CUS-00538,Phạm Thị An,an.pham538@email.com,Zkoj+dZoRi0sPu+Lx4sE1+d22kOIoI7Bicwc1eR9h9M=,v79roKthQAyjQuZTXD+RKg==,REGULAR,2024-05-15
CUS-00539,Bùi Phương Mai,mai.bui539@email.com,ua42rPbM2Q0xsY/MdZFIo9Q4M92wLji9XMfo2CQ6Lzk=,lf2gKEKBLVVzg49O7kqeQg==,REGULAR,2024-11-25
CUS-00540,Phạm Đức Phúc,phuc.pham540@email.com,eIPZCBXzJhVe60AXsGmUWVfJ7u/FvczI69unaBZLslw=,AGNTprqSwwOhqNHuYj+fYw==,REGULAR,2025-03-11
CUS-00541,Hoàng Đức Hùng,hung.hoang541@email.com,7xjUojH4OCsgN50iolp/1PaErfyTZbawgGyBnBh6DcU=,3R/Q7i8hSe54DH/jged54w==,REGULAR,2024-02-29
CUS-00542,Lê Thanh Hải,hai.le542@email.com,N3zpw+4Kw00z2daE1TcAQtrcMv1MPap/ThFhDLXk9k8=,ytOsu0lFwegi2vKPsRuqNg==,REGULAR,2024-12-29
CUS-00543,Đỗ Thị Hùng,hung.do543@email.com,j+uMsV92vCvnIIeuQxPksdMyX9VhL9hIb44fm4hKreQ=,FgdeyJHHVlidvUMtxGQJpw==,REGULAR,2024-08-17
CUS-00544,Trần Phương Tú,tu.tran544@email.com,9x5JQ9b4iAB8UtZkE7jheMK1KiL9fp0TtWGNvwQG9AY=,UBeRvuwGLshFolINYq1chg==,REGULAR,2024-06-11
CUS-00545,Ngô Gia Minh,minh.ngo545@email.com,PPZ+SU7TF/1eUB5NgCP1g3Jw7aB5xJQkAARIhnbtYlY=,oMlbwMwhkaLmdUvsmY0Jlw==,REGULAR,2025-09-09
CUS-00546,Lý Hữu An,an.ly546@email.com,799k2gATBiYAzxMJNplMqYKTBygH6xScYNBHQ4cM9x4=,/fHTvikQ1sfeex8zWCSvaA==,PREMIUM,2024-01-02
CUS-00547,Ngô Phương Quân,quan.ngo547@email.com,Yd61Fka7aDAi+MsuX51dXVzuUtjFpcHOGiTqtJ8L6Xc=,OankVR9+DGUf7hNruMqxLw==,REGULAR,2024-08-03
CUS-00548,Đỗ Văn Tâm,tam.do548@email.com,mWGygVBoD/b/GsJr90FOfpf0F1RA+RfI3N3DQJgZ6UE=,Z8owQSOycx6GbAmrRbaYKA==,REGULAR,2025-09-09
CUS-00549,Hoàng Quốc Hùng,hung.hoang549@email.com,kQ6NTE/hzXdRN4T1Jg4FEQ+ik84vJ66tnIkwbjUokZk=,hACAS+I8ERPJ7b4ZY13yPQ==,REGULAR,2025-01-04
CUS-00550,Phạm Anh Yến,yen.pham550@email.com,KnKvqPPGoOwlPS5tCbXKOGd+5f99p8ZzauTMEfFyvUE=,VmLjgJ4FGAgjq+4IRaBdkw==,REGULAR,2025-12-26
CUS-00551,Ngô Đức Hùng,hung.ngo551@email.com,6CKBrgvstn6Ee2sC0Fcnm7rXjpVDke6U+RsctLPsdPM=,iZpkybQK0jU7sVgNZeK1vg==,REGULAR,2025-08-23
CUS-00552,Hồ Quốc Tuấn,tuan.ho552@email.com,ZxxuLWLrtH0cZ/bnz7VlbtSZ9ksPNDGtE3hIa0LC16U=,JWnDN16zsvfPe9AZvJEOIw==,PREMIUM,2024-02-10
CUS-00553,Ngô Gia Yến,yen.ngo553@email.com,s8jQDgq844rhnyv+WFUxrMTALJyNAVFqn66KCPDpdMw=,c9ozmabqwpJVtQ/7sPVWMg==,REGULAR,2025-01-09
CUS-00554,Huỳnh Hoàng Nam,nam.huynh554@email.com,7yP/OXNMW7htodTC664UdP1KznktWekBTxdkyTd2B00=,+p3/uGCQEzf9DnEQzUh9MQ==,REGULAR,2024-11-20
CUS-00555,Đỗ Hữu Trung,trung.do555@email.com,3WLFqLtwrR0IckuWTcpLjGoKqKD0HlAO6A8cCAz2wk8=,IjiLXyYTsJ2VsplD0pLAeg==,PREMIUM,2024-08-19
CUS-00556,Phạm Thị Chi,chi.pham556@email.com,041Pn7ZxU2WkzQBmOhSmmhzYWRmHawG5UJIwvBWpwpI=,5vaSrgH5FEn/CHxlgf5Tjw==,REGULAR,2024-06-23
CUS-00557,Hồ Bảo Nam,nam.ho557@email.com,5cf9+TfGrWzMj90Y2iQbuwZf9W9CV2V8HlzIIUN+R0w=,IqYGgBzH7Se1yvGMTJJ6HA==,REGULAR,2025-10-13
CUS-00558,Phan Bảo Trung,trung.phan558@email.com,ExTsNPARZGTPcy2Tm/4wMde78lgOF9Shnkkw2C4CSHU=,DL9UtqCeTQDn7eCZW55zvQ==,PREMIUM,2024-05-05
CUS-00559,Lý Thanh Mai,mai.ly559@email.com,MCjKswcQv5R1eLgNh5pd4Rmp7BE3xZDRzYThKw7wEAY=,llRh1ByrZIm8l7XPS9TSYA==,REGULAR,2025-03-09
CUS-00560,Vũ Phương Phúc,phuc.vu560@email.com,4ds1q+tSG+KFygWwL9TKbLMI1QBD+7vKLo+U6oaWVZI=,TqdcE+k4h1L3RFaWXxtGzw==,PREMIUM,2024-03-16
CUS-00561,Vũ Bảo Đạt,dat.vu561@email.com,73WIw19KqAfIoOUc9GHfXvX/wnHGjUTb3SV3XdWqtzo=,+Vp9o4X6tisdcPrVh9lgGg==,VIP,2025-03-20
CUS-00562,Trần Đức Long,long.tran562@email.com,+RxIgtUPx8aRaOAVgNamLwwWyGb1H7aJTsx37YbEX3U=,aSs7ATmypOz7Z+jxnqGtnQ==,REGULAR,2025-04-22
CUS-00563,Dương Gia Hà,ha.duong563@email.com,zxFijEIgpO7x+xcelokHLmnbuk1N7eFqJ5UxymMKPnQ=,zWODZAdxeMQcPverZY8rVQ==,REGULAR,2025-10-21
CUS-00564,Hoàng Hoàng Yến,yen.hoang564@email.com,vJPqkMAw3XcgL8ADdft4ThAHFvaKMaGcfqPKnMzojPo=,MggEKtqLIUIxBL3+Yj5FDg==,REGULAR,2024-02-09
CUS-00565,Lê Phương Nam,nam.le565@email.com,YJd7G1Z5icsg0z2UebimGNkNiPkmMpnx8CZR39zitjE=,KquFAzwWmd3n0CtWj7n+HA==,REGULAR,2025-03-19
CUS-00566,Ngô Hoàng Sơn,son.ngo566@email.com,loOMIM/HiZA5VKuYw5UfOPUeQv5PdBw1IE1wKz5+CxU=,DAK0/ZA70pNTQhx2FMPgiw==,REGULAR,2024-03-30
CUS-00567,Đỗ Xuân Tuấn,tuan.do567@email.com,YddAU077i1o9LAE94y+8b+avuSNvET6nEmaiLl6LfZU=,efLx37ZPKbMhWUjcQ7B95w==,REGULAR,2025-11-13
CUS-00568,Võ Quốc Minh,minh.vo568@email.com,U9/Z8zGRTxCZvtvjcFY/surVnKN6XwbOOn3nUAZmbvE=,Tn3rFDDuLicXxyyOz1sUkg==,REGULAR,2025-03-22
CUS-00569,Đỗ Đức Phúc,phuc.do569@email.com,oCCEMrtfBtfkATIS0u4MjTVJgNvo9Wa8nsEaE69YE7c=,stqvX42V1EK3M4X+4BYwtA==,REGULAR,2025-03-03
CUS-00570,Lý Thị Hùng,hung.ly570@email.com,rEpo3Jmxo7m/Sp/k85aU6ahgAHWdfTCccPBJy3zJ2Sc=,t8h72rX1vsCN45IsrQMczw==,VIP,2024-06-27
CUS-00571,Lê Hoàng Thảo,thao.le571@email.com,mcnXuEI1HPVCh/DdmsBLX7azVGp73P2GZ9LKCmFgabI=,I7cu4mReE6EyrCcwwPTIhw==,VIP,2025-02-09
CUS-00572,Ngô Bảo Vy,vy.ngo572@email.com,di05ua2B+Oc9OXLe+SLukA1+SZz3OXupONFefKHZe0k=,IutnGENzVRETlhrDduiuyQ==,REGULAR,2025-11-13
CUS-00573,Đặng Phương Bình,binh.dang573@email.com,fQ38qDoq7oXhBAPRbQx3g4LFblsC25UNe7DODpWG0hE=,bnz0x+JFWeaawz32uzrd5w==,REGULAR,2024-05-17
CUS-00574,Huỳnh Bảo Tâm,tam.huynh574@email.com,eRtTcj7oE8XDct+qIRFIDIqv5SZH9dFr80hYW5znJKk=,g2O9pUA2ofbk5EAmVbLvpw==,PREMIUM,2024-10-09
CUS-00575,Võ Phương Vy,vy.vo575@email.com,6UDvEvpMONPtz0lhMMWHDgzR0uBrMR55LS+GzstZBOA=,WMYcPv9jBx3I+zmUgJTvug==,REGULAR,2025-08-18
CUS-00576,Hoàng Anh Đạt,dat.hoang576@email.com,ERhS1zWDfHj+sZlskK0TAXDiQF72pIm0g/k89JEJG5E=,RIQDK3vbcr46DIo+79DzDw==,REGULAR,2025-09-21
CUS-00577,Lê Minh Tuấn,tuan.le577@email.com,Ps10HIlRO0W85h1LsAU8R6TQi2ylFcjGfQt8sCqLlTk=,J8tE1POhCeB8B+66U7iaug==,REGULAR,2025-07-11
CUS-00578,Phạm Gia Minh,minh.pham578@email.com,63jlUt3dU9opx99gWZ7BAPv/nwWnW4oFgqfvnobnWLE=,9c7AwIP8abbw5fyh84Zbsg==,REGULAR,2024-10-16
CUS-00579,Trần Hữu Chi,chi.tran579@email.com,IiLaWsAlJBPdEdeMHLeBw5PEH+R5NrBfE9umuf/zl90=,USmnDl0raA/n4Nvjt2iFsw==,PREMIUM,2024-03-28
CUS-00580,Phan Phương Bình,binh.phan580@email.com,ZcFN0J//BOBdAi/BHyM0otS7ZLPjg+UGDtgGBXS8bxc=,i/ABUnQ0KKRbJSLu9FaqBQ==,REGULAR,2025-12-12
CUS-00581,Bùi Quốc Sơn,son.bui581@email.com,0oPFydicOfq5AkuaMW575pxZY/htL6U3MFuCI1XFUjM=,0D4+YALl0V/9CRU0Lji14g==,REGULAR,2024-03-31
CUS-00582,Dương Bảo Mai,mai.duong582@email.com,CYgOuIVkd4EzUGskHsV24QweQpngElmeEslGe4V/Sr8=,Er+OWGis+vIzkZpU9b3EkA==,PREMIUM,2025-07-09
CUS-00583,Đỗ Bảo Mai,mai.do583@email.com,25AuCufDwW9RvWINw30mHhcFPz1aEHRmz2RfrteuRZs=,SP9e2KuNiS4DmGvfiZSlgA==,REGULAR,2024-08-09
CUS-00584,Đặng Gia Tâm,tam.dang584@email.com,QRTv0fT2PM313wuc/CnueDqz5zuWeTeZce8kC5YWwgE=,GHivyAFcSGojvM2v2UaVjA==,REGULAR,2025-09-27
CUS-00585,Đặng Đức Linh,linh.dang585@email.com,x5vUgKGLQs++njX/GKd4ZVz6HZkjADWU1n7v1QFBx/U=,FZFRSjnfpZ28mqK1YXK8sA==,REGULAR,2025-10-09
CUS-00586,Đặng Gia Yến,yen.dang586@email.com,+btijtrZfWNLhIDVAWXnS4yxO6CZKd9FxqTaecoYUPI=,60obSnaz+bRR51xTsN6TQw==,REGULAR,2024-12-22
CUS-00587,Phan Thu Nam,nam.phan587@email.com,l85QGXe9WCN4OnDLgRGob/VLvxMdnzJHl/czBQqLnaU=,+r7UFuh8/9LWkAlxILqXpA==,PREMIUM,2024-09-14
CUS-00588,Ngô Gia Bình,binh.ngo588@email.com,rybbTELsuXvbaEgpreofk3Bwc4bR7En4DkqS/G4qpBw=,Lren4FzaJB5Tw3De+l3GeA==,REGULAR,2025-08-18
CUS-00589,Hoàng Hoàng Sơn,son.hoang589@email.com,DVnQBvs905DQ1EQ5dc/B8/SpW5RIuDaEvDFzYZFni+U=,KHOs+PhjM9pkRC0l11ydTw==,REGULAR,2025-10-05
CUS-00590,Lê Ngọc Vy,vy.le590@email.com,Oa+gdLCuGkhf0Mzwg23d8Vgvy+7g252txtjywyDjVLo=,KqPCMawRuuBgYImche9mUg==,REGULAR,2024-02-16
CUS-00591,Võ Xuân Hùng,hung.vo591@email.com,BQ6Xb6rvT3s9JjssQcgE6cwlLxnMSwRo9NeJQhyYu/U=,bGYihDUxVRYsQRw9uALz7Q==,REGULAR,2024-06-16
CUS-00592,Đỗ Phương Mai,mai.do592@email.com,g5572wiICDUUxn8OdgYfTbHvZuKlJWAbRAr+c/EwrM8=,BEE8NTLVLnClxu4te8hoFw==,REGULAR,2025-04-11
CUS-00593,Huỳnh Quốc Nam,nam.huynh593@email.com,WZLTGJP0uWRDeVqnSRL1jdNPsAbVDDh3QWeHTxV9avI=,+FC1GotIsN8v3P25Xdot+Q==,REGULAR,2024-03-13
CUS-00594,Hoàng Hữu Dũng,dung.hoang594@email.com,VpbjpPXGbiImGyZA5kvFle/Kyu7UtIr4c7TEqUWJ8+I=,f/2THVJj/bWpxIEWxLzuNg==,PREMIUM,2024-04-11
CUS-00595,Bùi Đức Quân,quan.bui595@email.com,c+v5q4GaaRDg2sxdB89IPBhvGc+/VFvUZ/Lz+fz4wTo=,IiqlmPvFfj+SxOCxSyxWxQ==,PREMIUM,2025-02-12
CUS-00596,Phạm Phương Hùng,hung.pham596@email.com,S2ZnNyNQG/AOk2VspxhGhhTqw+Xd9I1jbaq6pO8AuqQ=,ime5SwK5X61+uI4rgVwdfw==,REGULAR,2025-03-23
CUS-00597,Trần Thị Hùng,hung.tran597@email.com,gmXx04ku3kMdAqgd/34rpbHMuj3LkC4edTCTU8mp5z0=,evW3kQfA5bditLJwZ25uaA==,REGULAR,2024-01-14
CUS-00598,Trần Đức Quân,quan.tran598@email.com,pv1R8ToXTeeaJdEJ4sn57PTjioiw8s4i2NVAV+7HCO4=,6zt0fyjhseR8Wr17MKFPbQ==,REGULAR,2024-10-10
CUS-00599,Lý Hoàng Hải,hai.ly599@email.com,nV974S0pYchdGZiNCSlHY0NzSnqTiMevoR+QzTJMi3I=,qqUigq+aqb5mdtkW3hKMTg==,REGULAR,2025-03-10
CUS-00600,Phan Văn Hùng,hung.phan600@email.com,0O1vZbfoFezxu4XrPoNMUa12K03IXwG0obdA4ZvGyNQ=,V5ZwivCpGIYseEUbnmfCkg==,REGULAR,2024-01-12
CUS-00601,Phạm Hoàng Yến,yen.pham601@email.com,q8UoDJSNuRZNvlO+YSHhrh0oP8nwXho7zX1j7mezz5s=,AoZt61cOFa4ch5jX7rNy6Q==,REGULAR,2024-09-12
CUS-00602,Võ Hoàng Mai,mai.vo602@email.com,+PRDj18z90vja+fp8zpk6piqek1oF1ywdRfiIomXNZM=,1+A3LHpC+bKg/B/KITL/sQ==,VIP,2025-09-03
CUS-00603,Hoàng Xuân Vy,vy.hoang603@email.com,B7BLkiHdBu7Bd2WuH6/0gxvzNt1koebkqeh72UlQz/Y=,AB3v0cXVOv9LJ+Wn06ryRw==,REGULAR,2024-05-19
CUS-00604,Phan Gia An,an.phan604@email.com,p9mU7us029fPYbqG9bvJ1uxyTyIxHlW0tkVLx4QNfFg=,VT3MrTRlKB9bI9IOPn5UlA==,PREMIUM,2024-01-01
CUS-00605,Lý Văn Mai,mai.ly605@email.com,aiUxEwy4CAnwOpdrighi01dtTW/jRHdfjO6VwGsBruM=,SGrux/CwMkVCrMrZdWXm4w==,REGULAR,2024-07-16
CUS-00606,Trần Đức Minh,minh.tran606@email.com,qAEo1+JD4MnhbBa8F4lzbdaqIhE8aTbqTHXIwR3ymL4=,K59X3349iuMwooMsP+3xGA==,REGULAR,2024-10-21
CUS-00607,Vũ Bảo Minh,minh.vu607@email.com,R493ZovdihXrWMdvG2Xc+tK5QInxmnaJiLXPefXkGjY=,FvvmXlBZOV/FsA9IC3hZZg==,REGULAR,2025-07-27
CUS-00608,Phạm Gia Nam,nam.pham608@email.com,0xlAtPwh/TEaqUxrRB9rI151UUPQNEMJjiu/rNNcSRg=,UQk4cu2mauaiLkVnAk1jhg==,VIP,2025-07-17
CUS-00609,Vũ Minh Đạt,dat.vu609@email.com,Fnm02YV4rqUHslkG0qZGRHoiuhyqaiuRa6wtt41Z8u0=,IxuCsCRdrykW4+00meIqlg==,REGULAR,2025-10-19
CUS-00610,Ngô Anh Hà,ha.ngo610@email.com,ch5JTuX4x5uB6+iK1xq/kC4haFnORtLkK+CbiQM+vDk=,IFcPYBCkbAuRIbfMAsLsXw==,REGULAR,2025-06-08
CUS-00611,Huỳnh Hữu Trung,trung.huynh611@email.com,6wu6XhDxFl5GnU/WWWWTUUnqE1YCZu0LTPecA2SKbdI=,3ftfDtJqLqKdbGoejXbS4Q==,REGULAR,2024-07-31
CUS-00612,Dương Đức Đạt,dat.duong612@email.com,St4gQ2etyAeg1rXHz5VH9sKXE59T6iGB2kWQcH6DvD0=,HPNMp3jz6vcaWMPKeev+Nw==,PREMIUM,2024-05-02
CUS-00613,Nguyễn Hữu Thảo,thao.nguyen613@email.com,ZS4z6jgjs2RI20l+GmodQAiW4UnRTkmt/2RoIpUzsPw=,bRQh8OEBFj2gQ7fw7fKzxw==,REGULAR,2025-07-25
CUS-00614,Nguyễn Anh Minh,minh.nguyen614@email.com,dnqZlzpn3D3LffsxYnbs+uw18iB75kkEjiJedieR/7g=,SEvku1i3yp47jNxueshzsg==,REGULAR,2024-05-23
CUS-00615,Phan Đức Sơn,son.phan615@email.com,Gr9a0MQNq16Qf8nbhXRpY/MwRctsOETufh66qEfd/XU=,fwqcS//ahg87l5DWM9KJWQ==,REGULAR,2024-08-04
CUS-00616,Dương Minh Phúc,phuc.duong616@email.com,E9MmQAOoYcowlH1cM/LLt/WT4HG6uxiEdC2LLyqnuu4=,GOAL8ZpCuhRynVoTB7JgzQ==,REGULAR,2025-09-25
CUS-00617,Lý Quốc Hải,hai.ly617@email.com,gcSBPiq8RyO6rAeqbjV0WAEKfe1ZpNFrXDYGP9SItlc=,EtCw7ppD2VpOxKDMQLXDVg==,REGULAR,2025-08-09
CUS-00618,Bùi Đức Thảo,thao.bui618@email.com,5dHVO+NFvunol0UvG8ofWB6M7x6IJX0ohrY2Ar7RvQQ=,h9/EWZVW3jr4ktAYnie6/Q==,PREMIUM,2024-01-09
CUS-00619,Bùi Bảo Tuấn,tuan.bui619@email.com,rHGUF5T9BLOOAcSQSF/ZZhCeGnI4cXrMP2XLucUflPw=,KRmrz43/N1+o36LpQU3D0Q==,PREMIUM,2024-03-26
CUS-00620,Trần Minh Nam,nam.tran620@email.com,UDOLOfXwfli2u54u1AEr+YeK+lEnQqJBN6LNiIUhJME=,wDoKpaOUumsV1/ofilxIDQ==,REGULAR,2024-11-18
CUS-00621,Đỗ Quốc Yến,yen.do621@email.com,VPG9KcZlz0o+NFgQWSVbs1XpOQFzEe1aRnQKruBiAhk=,2+V9/8JGNzbJIGxtotyTqg==,REGULAR,2024-01-09
CUS-00622,Phan Gia Tuấn,tuan.phan622@email.com,qd0XvOqkPkQYiz1soeN7dOsFpLRL8hSu6UEuNqSFGyk=,pIvltL/ORSFTuvI5x9S2OQ==,REGULAR,2025-01-07
CUS-00623,Dương Thu Tuấn,tuan.duong623@email.com,xLSlJR7LhzfPme+9hQHK+vzmTjOhjhThrSNTm9nPNYE=,ru3IyXxBP4gTRW4ysE1xCg==,REGULAR,2024-11-08
CUS-00624,Lý Thanh Trung,trung.ly624@email.com,NpERcJVYY5RJnH8fwVUxzud3oH9IM6K9xQDFybFC1P4=,/HrX7T9iGaxMp9MM6vzI4g==,REGULAR,2024-01-19
CUS-00625,Ngô Minh Sơn,son.ngo625@email.com,G0xzt2N9LFYQtqPkF5oKw7jf/dg34rgQr9S0qMqizPU=,9CSJVemipZ65aKGEbD0S+g==,REGULAR,2024-05-22
CUS-00626,Hoàng Quốc Hà,ha.hoang626@email.com,BqDnlRoAS/PU39IP0oV/fhIBruq7lMAfaRSprnL668U=,dbb3x8YPiZat6l3hbmFkKg==,REGULAR,2025-01-18
CUS-00627,Lý Quốc Trung,trung.ly627@email.com,GltQaRZdZ1jyqFZqNef6CTDHk6GYJRUKvEITM/Y+LOc=,WX8L0FF7UJpYviV9dkr1Fw==,PREMIUM,2025-05-16
CUS-00628,Huỳnh Anh Tuấn,tuan.huynh628@email.com,OyrdFS4GXEv3PdmVx8alBzb1/OVpOY4Zi4PvF0Zni/g=,NTgSoJxyIdmfsM8BpWrYMA==,REGULAR,2025-07-28
CUS-00629,Ngô Thu Bình,binh.ngo629@email.com,der7opJSHlelxfH+tERElMjZXNmJNtn1CPNLFSrf11g=,D0gA4YFrEbuwx6c6eGKG5A==,REGULAR,2024-08-15
CUS-00630,Đỗ Thị Linh,linh.do630@email.com,Q4Dbz1HvoW4x6wjwPSs8XevnEb2t0c1egcMB+DoKw8I=,YsN4LNY8SAgidpskprnLNg==,PREMIUM,2024-07-07
CUS-00631,Huỳnh Phương Chi,chi.huynh631@email.com,D77oAYbFrA/NS1xbNLsA35pTFTv6p/7jrvdRjruzzCI=,T8/0vNWJnXcG5xrxNvW+jw==,REGULAR,2025-07-04
CUS-00632,Trần Phương Hà,ha.tran632@email.com,vEr2JfRuFaL2t6TTSL1vFFKtgKFwGlmIYD7QS1AKx/Y=,jilYHHsioyA/NtmRv7FVFA==,REGULAR,2025-06-16
CUS-00633,Lý Ngọc Sơn,son.ly633@email.com,HrSJbHeNpPSReBDtHgQFBHVW8HGPyZRqyULQVF1bao0=,HPSKc6rUGUQoqKu93unNqQ==,PREMIUM,2024-10-22
CUS-00634,Nguyễn Minh Nam,nam.nguyen634@email.com,fUCIjmGpIe+JOlfJndi5tY4y5O71TZTXrVJszxnncos=,zhQikwOpUYc8PCpc9W73lw==,REGULAR,2025-09-18
CUS-00635,Lý Xuân Nam,nam.ly635@email.com,l0zAUSCBJ663zfomC58mY2Us9hka/eIRvhhusjRv7HE=,uqMAE0Yh0z1lNLiQm7k83Q==,PREMIUM,2024-05-25
CUS-00636,Hồ Phương Hùng,hung.ho636@email.com,mDSF+Ds+jHxQniDI/CkdTkwZbF2fusW2u/5IkwMBJ5c=,3qHWdQsZGQTH4umFq6HdOw==,PREMIUM,2024-03-19
CUS-00637,Võ Hữu Đạt,dat.vo637@email.com,2r+mUudUvD6w7l4BH+7Ax5sjZiiN0DQOZlK/bBa13TQ=,W9JT6/wG9NEhZ45gfh4AZw==,REGULAR,2024-09-06
CUS-00638,Nguyễn Minh Nam,nam.nguyen638@email.com,YUHw3Pd3JHUyBOyEaXiPHvKCxzGgWwohmeHLmX0gRrA=,MQgeZFWKwxH8VQAi2KtCFw==,REGULAR,2025-04-13
CUS-00639,Hoàng Thanh Quân,quan.hoang639@email.com,zPo6NKdSV6FR6T+k+xevhnMIDQdMMrO5HPB6RGBL9FM=,sx2sW08xPDngrOZDgoSp/A==,REGULAR,2025-03-30
CUS-00640,Phạm Minh Thảo,thao.pham640@email.com,UBK3GMoly2jfh/+oG5aZPBRUvMy9hD9loNLRSOh/Dkk=,ZzwUM2OAFZpTGFclWo5MIg==,PREMIUM,2024-10-05
CUS-00641,Ngô Hữu Tú,tu.ngo641@email.com,ZrdJjHsgf6wMKlhN9C5BGcY3oYKeA7ddikDzmEU6Cfs=,x/e0IAiVDbjlsQkgUbARCQ==,REGULAR,2025-05-07
CUS-00642,Trần Gia Dũng,dung.tran642@email.com,UXqM9xZ73Up1xnC1i+XgIu7Cny3IAXTZ4KFPh4wuRxc=,jO6PLkvXlLGY47KyeR86QA==,REGULAR,2025-10-13
CUS-00643,Đỗ Hoàng Phúc,phuc.do643@email.com,Dzn3F8NQiebcxbp1L9zCiJKrfSsic8qbTOtThmYnbtI=,WMGcnC4KAFgLksQfDQ3i5w==,VIP,2025-08-15
CUS-00644,Lý Thị Hải,hai.ly644@email.com,EQR6HOA8Y9jx+HlaAjLzSMSiJgK3XN3PJK8oD3edWTg=,zI8I42OFT2i1GiHlDEQgGw==,REGULAR,2024-03-11
CUS-00645,Đặng Gia Đạt,dat.dang645@email.com,6qLpq7DiLKug03AJJ7Y3EyqetQrBl2JCRx2+RPLCRMw=,vMEiqwLMi0GyZ2eTqnSNag==,REGULAR,2025-05-04
CUS-00646,Đỗ Gia Vy,vy.do646@email.com,agGrq4Ea5As1uGS/zdgp7KlmstQ+ikv//rPoGG0Eags=,m0tMEh51ixO9M/eoJ4Tybg==,PREMIUM,2025-02-14
CUS-00647,Trần Hữu Mai,mai.tran647@email.com,DrTXlmiN0RoGTb/yFDjiW1B/QB6eB4TQoizyT7R/vas=,Evk84twejBe7bnB3fpwqIA==,PREMIUM,2025-08-30
CUS-00648,Dương Quốc Dũng,dung.duong648@email.com,TQXn90gJj4X8BVoH+e9c1vTwTbyR3ADf1cv8+MMKIgk=,gCtTgnEWTDkK7o1Bb+3tIw==,REGULAR,2024-09-26
CUS-00649,Bùi Thanh Long,long.bui649@email.com,BY3R6+HgsqNVl4wpf8qtwScCPHCl8jVi1v6HrvwEUMg=,xXCdIgQt88mB4mMPbodHWg==,PREMIUM,2025-03-13
CUS-00650,Trần Hữu Thảo,thao.tran650@email.com,MwjUyvY7pnCb5RxpKpqFyH4m3GV4qiy4NWlaKM7jSX8=,nHmr2+PN8HHewNnTCJNoOQ==,PREMIUM,2025-07-06
CUS-00651,Lý Đức Bình,binh.ly651@email.com,qpldlO/hPGbatNCGu9yH2CmbIqkSNDDdY2OVzD6F1fs=,pWdpY5NblISz0rynKcd8aA==,REGULAR,2025-06-19
CUS-00652,Lý Hữu Tâm,tam.ly652@email.com,EIg4mC5Vf4iZU1Ar/HXywzYKN4uKpOpVzAU5Z/KiYp8=,A3pUXba4+okwdnks6OCzaQ==,VIP,2025-04-05
CUS-00653,Nguyễn Ngọc Quân,quan.nguyen653@email.com,aiqO1COWd2Iwc5e91dhYXaTCCW0rIgfI8b3OocIKB6Q=,T5xZRwr1Bd7xoowQ9qaeZg==,PREMIUM,2024-11-01
CUS-00654,Võ Văn Quân,quan.vo654@email.com,oZCEQD821vdHuJ3n8hNFSkXbMAoIVv5bI0RuDEq3PHQ=,RGUrvsnx7bgoiUex6zXVuw==,REGULAR,2025-12-11
CUS-00655,Phan Gia Nam,nam.phan655@email.com,C1JQzF4nM+XpOPvOF7INvCozlv5vo6yu3QDGCZWVVHc=,/pCYgaWd8dw1avJEw66oQg==,REGULAR,2025-11-18
CUS-00656,Hoàng Đức Linh,linh.hoang656@email.com,RKhSpI9wKG0nq3O/lDGpu17o3a7qsZErrR6mxOp/ShI=,wVGrtgQeRO/MrXsDt2sLTQ==,REGULAR,2025-12-19
CUS-00657,Trần Anh Phúc,phuc.tran657@email.com,tfofABmkFifsS2SIGRD+5kXEu+UriADiBYcCJsT1dn4=,ppgvzUDhdULwQX5M5tno1A==,REGULAR,2024-04-26
CUS-00658,Lý Phương Long,long.ly658@email.com,1v/kJXyz81zEtjykNSFtdxfS1DhSNCiHOEhWnyUVQ6g=,4Qc5NPTJj9ZKfgAA+uoDFA==,REGULAR,2024-10-30
CUS-00659,Đỗ Minh Dũng,dung.do659@email.com,HaKINZio5mLN7+JAQ5adjpIstC1txAPl+KqqVM7LPHA=,fI1/uoLnMWdJzZTXVm4FVA==,REGULAR,2025-08-06
CUS-00660,Trần Thu Đạt,dat.tran660@email.com,jNOHLxLvwVVtoC89xkKoz3eo6ckRps1J/hi/Pu7MrL4=,cGXnOHUxJpeT7v+BPf8Agg==,PREMIUM,2025-01-25
CUS-00661,Ngô Văn Bình,binh.ngo661@email.com,zPLvjwin9o6vKxhUuNRbqzIQOdbGFLuZZcbRh1IO5/I=,pQKNpQGZrct/m5XThqacZw==,REGULAR,2024-07-17
CUS-00662,Dương Minh Phúc,phuc.duong662@email.com,LnzOb/fpsLTphenyepqV//gq+r19mpwO8MI6mzUfxW8=,wMJhXMrwbOhVDHhVsHISqw==,PREMIUM,2025-10-17
CUS-00663,Vũ Gia Linh,linh.vu663@email.com,yQOKcQYNnpiMfsu3KIkfpwkfJ31AL5BN3FEyZbv/P24=,k3ZomZTTkDSdQNcuRMFNxg==,REGULAR,2024-07-08
CUS-00664,Hoàng Đức Bình,binh.hoang664@email.com,r8T28hefuYQ48W6LrjqNuyvmXyEfUmwENgn8P/kkwDc=,sVDHpHHriYAtNKZMYRzjrA==,VIP,2024-09-14
CUS-00665,Hồ Thanh Hải,hai.ho665@email.com,jQMUU7tEtPiJ/SpRQcqEnzRu7sJNfbIu1RW7guFATt0=,h1gb5qI9yk9FHwcf+p7MfQ==,REGULAR,2025-10-20
CUS-00666,Hoàng Thu Đạt,dat.hoang666@email.com,DKFVAU5mTxSM6DSR8u4GPr56rmU/umPQOEiF5zm6aa8=,Bb+ywfqqUkrHrWCfrFWIUw==,PREMIUM,2024-01-16
CUS-00667,Ngô Bảo Vy,vy.ngo667@email.com,B13I+S2ftyVDEs4f4Z4oCjQJJIFyG7TtxxN9VVP6+CQ=,cg4CnKY4YUY9f02UrKGyHg==,REGULAR,2025-01-11
CUS-00668,Ngô Phương Minh,minh.ngo668@email.com,tb47giSPhdVyHUAtEPqEEz3HOaSxdKYu5xDEKnp0tGw=,Rdv/lta7oBOxOCpu9BaHPA==,REGULAR,2024-11-11
CUS-00669,Đỗ Văn Nam,nam.do669@email.com,wp9LHOdU4l3Xhj4Z6Xo5VsgcJj2YmCMFckGszEx7l48=,JnTPRWBFPkVKYrINcxnmNw==,REGULAR,2025-10-08
CUS-00670,Huỳnh Hoàng Quân,quan.huynh670@email.com,2mS4bBLWiMlfAxPJuSYGIkDLXK+5tpk8DexN7LP5+JM=,WZt5UC2rf28feCVgA4hs/A==,REGULAR,2024-04-13
CUS-00671,Bùi Thanh Dũng,dung.bui671@email.com,nMWYMVHlFvOPHM3QztZmH7/IV6O/DvuhVY+/yPS/ST8=,9xBSYIOAeJ/sSwIN2EHRAw==,REGULAR,2024-01-29
CUS-00672,Đỗ Thu Linh,linh.do672@email.com,1+IOENVjIRKD/0p4fhT2BvfR5vW1pvj8Qaw7G6XuNEs=,G8U/wXncXC8ZhhPUJAUyng==,REGULAR,2025-04-22
CUS-00673,Ngô Bảo Chi,chi.ngo673@email.com,UvqaaD6arGFHPelPCtIdYbEL6IpvrScEPXZaXoib7DU=,f2NvIZmF4D0KEhsYxdiI2w==,REGULAR,2024-03-07
CUS-00674,Hồ Hữu Nam,nam.ho674@email.com,9VGhVyISwrkbTt8UpjFXFt3+6EIMxNjfvThuxDElNVA=,DWEGrWIM0F0mPOXshZH1pw==,PREMIUM,2025-10-21
CUS-00675,Đỗ Anh Nam,nam.do675@email.com,zTYYw1xrMnTmciXV2HMrl3N3pKkWQc7TI+Ds5vNqTac=,7J0twXvYeb2+HSUOKl9Sgw==,VIP,2025-01-06
CUS-00676,Phan Bảo Minh,minh.phan676@email.com,Ek0a0DQlnUFLZARqOMvlscMTOqnHndkrKFyUPp7NMeo=,pXF2Et2QVrC6n5U+92do+A==,REGULAR,2024-08-08
CUS-00677,Trần Hoàng An,an.tran677@email.com,jlvopp0sRoJhUalJlBwo9cqI25gvH5MkfTSd8OWnxcw=,cvHGUSAhlXs3rZkSUN4YQA==,REGULAR,2025-08-27
CUS-00678,Trần Hoàng Đạt,dat.tran678@email.com,1XrTc3+aK6bmMZtm9LwGXA+boi1LnJkaV/Y7Poa72T8=,ukhMRXyJU0dzN3heRdHNbA==,REGULAR,2025-06-05
CUS-00679,Phạm Bảo Linh,linh.pham679@email.com,Zdq3u2uA6q7Oos2DMWecM62MJO0GBSDCm2ojkAOQvI4=,KimWK3SnJIS2ms7pkQz9Nw==,PREMIUM,2025-08-01
CUS-00680,Ngô Hoàng Thảo,thao.ngo680@email.com,4He+jUEgV+cZA9609vj33brWAI5zbDM087+eZ4GweAQ=,Km1tRCAYwky+nVtC/3CDqQ==,REGULAR,2024-10-14
CUS-00681,Võ Văn Đạt,dat.vo681@email.com,26ZJWyD/e54qfqYM+OV0br/Xa0GqWC/6nXUf7g3816c=,YwGpfYflgLi63vRCZpgFDQ==,VIP,2025-03-14
CUS-00682,Ngô Minh Quân,quan.ngo682@email.com,0ag6pGH/gyadu+Tn86NeUA8vrkoiYNETnSmzfRs4puE=,iVfhua0NO5gPZH1yEyiXgw==,REGULAR,2024-10-07
CUS-00683,Nguyễn Hoàng Hà,ha.nguyen683@email.com,bDAJlUOg6gSI+NmLECUxVqqCkNOetX9TVU3w4JVM2tU=,1BptL+pYSNaPNj9ZgRR5GQ==,REGULAR,2024-12-25
CUS-00684,Phạm Gia Vy,vy.pham684@email.com,FmzU8ErRmhgp2HtwEVCPjUketQVL3AW/h9dnkZt8P/A=,PGalg2DZO+FOcX4fMBbV4w==,REGULAR,2024-08-01
CUS-00685,Đỗ Phương Minh,minh.do685@email.com,J0R1oag1bD00rqG4CPaGVAELZ0x4qqyyXY4sXmjL86k=,boegx25QJPAQ/VD/I4a2wg==,REGULAR,2024-08-08
CUS-00686,Lê Thu Chi,chi.le686@email.com,GvJ94o2v2FO9aO9VSaw4wrtdQ2lnpPYRMQuAFibll94=,lluuIBsxbhzkcr8aEPUL1A==,REGULAR,2025-04-10
CUS-00687,Bùi Bảo Hà,ha.bui687@email.com,0OfyjlV6nbqOe3TagJQ33J2cUE4i5uUmpPTOxSOcXeM=,0RlGBr/ZDB2aSY6sqQkvgA==,REGULAR,2024-08-14
CUS-00688,Võ Gia Nam,nam.vo688@email.com,7bLbX7bjTsZO3rb8GwsWvnVEREqnmyZv4XIlzwGuED4=,8jdhOrvjt8JlghUVECK7Tw==,PREMIUM,2024-04-25
CUS-00689,Bùi Hoàng Bình,binh.bui689@email.com,H5TII7Xo/Dh+0V7VWzp7RzZArtDA2rI5rL1Q8xz95XE=,rc+8xQ2UFVqtx+nzra3YRg==,REGULAR,2025-08-02
CUS-00690,Huỳnh Thanh Lan,lan.huynh690@email.com,XRe5ydxoh8DgjU6zV/gf2Odi4t4QIquh8YrqEb+EYcQ=,5DtVjw1YNubQuXLBSJiRiw==,VIP,2025-10-16
CUS-00691,Đặng Thu Lan,lan.dang691@email.com,XWev8sbqCphvjG5yAQhbUsEE/1o3oJwYQkS/hfbtGWQ=,mOu/IUU0ezqD9UjG6tLkXg==,VIP,2024-04-30
CUS-00692,Huỳnh Phương Hà,ha.huynh692@email.com,ATFmXSWTqtIcqBOwC4K9I8kuPWHg4uPdvMZHPvJMf9I=,vv4YJ6mRK1Lzh3D/dOOTKw==,REGULAR,2024-10-03
CUS-00693,Dương Thu Đạt,dat.duong693@email.com,RGZUjq8LUAqscXpSufXZEJEiF/RuEk6MnLLYMyAsTgA=,yRebxd2W9HaRC8haqTot5w==,PREMIUM,2025-11-04
CUS-00694,Hoàng Thị Bình,binh.hoang694@email.com,5qxz4SO3ghz5BCvHHz1kHT0Hp1i99cjUkAhUlfL/XMQ=,lTJe/Xe668FmPzbO/JzVRg==,REGULAR,2025-07-15
CUS-00695,Vũ Hữu Tú,tu.vu695@email.com,RVIGk80oA03qB9YWgEtlGbXgvLsVSQhWIX/tZqJxXgQ=,GvCoixJ9sGH02jb2ISQ1fA==,REGULAR,2025-03-09
CUS-00696,Vũ Thị Minh,minh.vu696@email.com,/DJv+qIX1t2wT6ANxokHKOYeLbIRcDDkgLpVoNBelnc=,jB7t/luTr6/NmpXBrE8abQ==,REGULAR,2024-09-18
CUS-00697,Hồ Phương Dũng,dung.ho697@email.com,qCs0EYiOKixf4fVz0BDKxI1RrZ+TLxTVdMYlRrHxwBI=,gX2lOp0eUENuofxzg5KPlw==,REGULAR,2025-11-26
CUS-00698,Phan Văn Lan,lan.phan698@email.com,3VlciKGSaLoHwUipQ5APPPlHDNB/frarAnr6W/7Ma3M=,rMYHtifXwMYptlSMBhnV1Q==,REGULAR,2024-11-28
CUS-00699,Nguyễn Hữu Thảo,thao.nguyen699@email.com,Rt5UJ94hQbAVtExTwRCZQ2MVWXypOTefMQKmOCd1g4E=,6VndtjQLZJKZrqepZE+HuQ==,REGULAR,2025-01-16
CUS-00700,Lý Hữu Tuấn,tuan.ly700@email.com,NTdV+16OBCGmcdXxYuFdG8YU9R7+0Zf3a29mvTFBXxs=,Y03pCV42lLTqVWCRI+YDmg==,REGULAR,2025-12-20
CUS-00701,Hồ Thị Mai,mai.ho701@email.com,9nOp18bcuhdZD1mVh1kjNHf/YA7tJ8TpAY6C6Adc+3c=,cOuihJG4Mi6xtaid35UgWg==,REGULAR,2024-11-02
CUS-00702,Võ Quốc Sơn,son.vo702@email.com,iZ3syTKhO8r5b+3WwHO9WSsnYNQw0nGskNgRQicMBNc=,h7XtOYzQuPWdAqjsF21HMA==,REGULAR,2024-09-05
CUS-00703,Vũ Minh An,an.vu703@email.com,yfqwVoVYTZH00/TxDNmIaEOX/v4yD+EmIDOl1Ux+3ps=,6KuYDrVuwsLJBSMPiwAG9w==,REGULAR,2024-08-23
CUS-00704,Lý Gia Quân,quan.ly704@email.com,YzRLnvUtf1WGnWr5T4EWx1nXe8GFie/oXBAvVdUMuJc=,D2dtg32uYxhmus+KyIi3SQ==,REGULAR,2025-11-16
CUS-00705,Dương Đức Phúc,phuc.duong705@email.com,qrAPOdXh4q53ZiIUoLq7oNjoJI546uV60D6M/lZGbZg=,Jn+7osuSjm4ugWMatFMpRg==,REGULAR,2024-04-14
CUS-00706,Ngô Thị Vy,vy.ngo706@email.com,fVNHSX2GclMCSX+rjtRczKWyjJoS/OyyTqgy9TzpvoE=,h/RCOUkTTvstHAh7pJ5eiw==,REGULAR,2025-11-09
CUS-00707,Nguyễn Bảo Tuấn,tuan.nguyen707@email.com,9hoQAWGxIQa8lEBCeJLi7jKIOnBFj2Lh3p5BQkCSxQ0=,1gTYb6YuvFiIJIsgGCA0Gw==,VIP,2024-11-07
CUS-00708,Đỗ Ngọc Quân,quan.do708@email.com,VSoS0cvMrSd+hT3/GuxtCNt8dE+a0EMd4tUJJSW9kp0=,kQeperXFj73o3Tmau/tcMw==,PREMIUM,2024-02-15
CUS-00709,Ngô Thu Sơn,son.ngo709@email.com,rCVjSpzETSv6kMfHNMfjQZ78ZD761R9A2pYElzCyxNw=,uW0hBSH8o+JI1+TuVXk9SA==,REGULAR,2024-04-16
CUS-00710,Vũ Ngọc Yến,yen.vu710@email.com,KbEHOPGUXfOZme2KoSu0rsI/Hf0E+XdCWHa/9A8gQAM=,zhV+0Ca5PnhCcfyONKZqLw==,VIP,2024-04-18
CUS-00711,Đặng Đức Tuấn,tuan.dang711@email.com,XvZJh57cOjbk7PetX/DDwSS0sLrmOVwcO0yzv5RDr38=,UbYiFX4CTiMM+NWrw+iQmQ==,REGULAR,2025-05-24
CUS-00712,Lê Gia An,an.le712@email.com,sow/UrDlqYPFaXsL5wncJyxSGnYTvPAWcigyP0XuJGQ=,a4WKyJFrYggt7pwhboSykQ==,REGULAR,2025-12-10
CUS-00713,Ngô Anh Linh,linh.ngo713@email.com,w5qf/Bo3x/r2RST8CW9zmAs34jOKHePVKHjj9l35nvE=,xUl75hGgarS4+1f6BfaXNg==,REGULAR,2024-01-20
CUS-00714,Ngô Đức Dũng,dung.ngo714@email.com,Q1U0jslsZn7jkGK03wdIb8inkzxWOOxYLUevoFdadn8=,Q1nxsZUCPXMLaq/beFgHmw==,REGULAR,2024-04-06
CUS-00715,Võ Hoàng Chi,chi.vo715@email.com,8UW2/6YkL10eIV8hXQywocJP7iUVj7+kNvsP19qfUIU=,hVW6vScpPOGtsUgVG3vtuA==,REGULAR,2024-05-21
CUS-00716,Vũ Đức Tú,tu.vu716@email.com,19YrUEyYGoB3Dw7yr1vJEGWBO6UWXPXXwI2PVpDYhAY=,wa8x7r2KmzDua/W49TYVVg==,REGULAR,2024-01-28
CUS-00717,Trần Hoàng Chi,chi.tran717@email.com,QGeheUm0kPAcZeNWlxFHAgwQaEOpmLQw3jSJURje2WI=,dRGLyuT9i7f3W4IQQ/UW2g==,REGULAR,2025-09-23
CUS-00718,Võ Thị Quân,quan.vo718@email.com,Bk42ReIfrk5DqvNB2bTT8wCkoEA9MMYWpPsX2uXSQUI=,urroctJFexI2eEuNFE7NiA==,PREMIUM,2025-07-06
CUS-00719,Đặng Minh Hùng,hung.dang719@email.com,Xo08kWZtsj9MoFIbwLECXSkoTfN8R1xJx40Fu/+NDD0=,Mf0J379hJdaHCU/b5NDEbw==,REGULAR,2025-01-06
CUS-00720,Trần Hữu Đạt,dat.tran720@email.com,r3e4OgthfNIYLoTSHbhUT8unZZB+STmzfpHeC/wNgCk=,utlJjnoNGgBy7HihpJRt0Q==,PREMIUM,2025-09-10
CUS-00721,Hồ Phương Hùng,hung.ho721@email.com,4PjCbb+n1M4BUHKUtnEy2jTeiG1M/IyWE6ujUfeN3iM=,TH9LRCLX4rCm2YWKEt+tEw==,REGULAR,2025-11-02
CUS-00722,Huỳnh Phương Vy,vy.huynh722@email.com,4qSZJc77LYC4yPkZWbH9p/FFPTsWbldRrys5ESC1aQY=,XqxTRRvgcpRh6Zyq1MoXyQ==,PREMIUM,2025-04-07
CUS-00723,Võ Xuân Hải,hai.vo723@email.com,hyajB5qIawI5PLAZHTvCuRTxVLSe1tzeDUtx38iPFPM=,7spXJ2EY5hUJxvfVPb2CgA==,REGULAR,2025-04-06
CUS-00724,Hoàng Hữu Tú,tu.hoang724@email.com,zPTkTC6QyWSqUKf7+3Z9/I6zx7D4um6uYwMBm36KKXU=,WOo5sIimWcktYA+G77d2YA==,REGULAR,2025-10-01
CUS-00725,Bùi Thanh Long,long.bui725@email.com,HzBtO0/WeDeo0hGc5c76e0gbV7vThjgOiAnYjkQ1oSo=,v0FeHYJ3TFj+xfP3g5z54A==,REGULAR,2024-04-29
CUS-00726,Trần Thanh Long,long.tran726@email.com,/ESRseVA//CQ2lOs3RGdbeG03Okm5cirIbb+5vXDfIQ=,7ATbLl4vpKYPqCiZb+v1hg==,PREMIUM,2025-07-11
CUS-00727,Lý Phương Yến,yen.ly727@email.com,Gvk1g9UR+QUi747iGHGhUySew3lBDvwae4pV3Nq2aq4=,oBax1M5RBRIzuCTH07O7TA==,REGULAR,2025-02-10
CUS-00728,Phan Gia Tâm,tam.phan728@email.com,AfLVGejEH0ABeENI8lGZ2OjMxb+MEXACestD2e7P5Z8=,+BXtW2hh5SG/TIiu/Wfuzg==,PREMIUM,2025-02-13
CUS-00729,Dương Xuân Minh,minh.duong729@email.com,iXIlIiekIIosJyrdFUGtmg0PtYQESVqGL7XVKSk7NsQ=,6FJqgiv5IF73ScYTzA4v/Q==,PREMIUM,2025-09-28
CUS-00730,Hoàng Gia Quân,quan.hoang730@email.com,kvEQuPRcIlK6+LuccawhFsqB+vvbtTj9H6WRPfksnEQ=,S1N/TwPOVvTMSbe+Slca9Q==,VIP,2025-07-29
CUS-00731,Lý Quốc Lan,lan.ly731@email.com,7FG0Itaf17H/k1Z0DY/Ap5jeXcLWeWmXnx4VwRDWYaM=,4W6VZ70qlHP9WC0AYz3RZA==,PREMIUM,2024-10-27
CUS-00732,Dương Phương Vy,vy.duong732@email.com,2N3fPIN2eKyeJuEygIrcruNvJ+VuutCWMchH/a6YiK8=,RomXK5ooYIjATj66AY6/gw==,REGULAR,2024-10-24
CUS-00733,Nguyễn Đức Hà,ha.nguyen733@email.com,NG1dBY+DagbpRsibc6E43B+b7eTD2QXEWz+XyMTeK0M=,7lJ/4sbYsnDCi+y/saC86Q==,REGULAR,2025-05-17
CUS-00734,Lý Quốc Tâm,tam.ly734@email.com,yBIabdeELj/033iFvAYXtmUCqXp3UpPW9afaZCbKk60=,9+ta6tKP/CzMd7N9mJMOjQ==,VIP,2025-12-24
CUS-00735,Phan Xuân Sơn,son.phan735@email.com,av6AHitYzMPWey6gWqZNy8X0RyW/0Sva46ZJAfKMmnU=,NxVjaegwqc7dEobXNsdq/A==,VIP,2025-05-22
CUS-00736,Đặng Anh Hà,ha.dang736@email.com,kYzShG4vEHi4PV08qmtZ2FwEujHK8L5My5CMpZR5bl8=,xp2IhXqOlMg+UN8EO5jAnw==,REGULAR,2025-05-26
CUS-00737,Lê Thu Nam,nam.le737@email.com,LemAjHmMxoSE+Hmijbw+jSMPLt1nwG9jaDA3P7aoLcw=,dMF7CyXj+L7KsBiBtCAarQ==,REGULAR,2024-04-07
CUS-00738,Phan Đức Bình,binh.phan738@email.com,KmqFFF+9fUrIOFnOHwAPjGdmuc5tqvlpr/nQ3y6VubE=,ftTOje6HhKoGNAzQlmuUqA==,REGULAR,2024-10-18
CUS-00739,Hồ Văn Phúc,phuc.ho739@email.com,9EXOxGNUyNvmR/mmahv5BG2UfaZSplK0fxllD7I0S5A=,YnNLD0cnCEA9FpvzPFgFzQ==,PREMIUM,2025-08-05
CUS-00740,Ngô Hữu Tâm,tam.ngo740@email.com,88YPNhdU2JHD3fnZe8Poj7NP3UUapitGVow3NI/QQXs=,9hrhq2clrGdkAxNGG20qkA==,REGULAR,2025-08-03
CUS-00741,Ngô Thu Bình,binh.ngo741@email.com,d5YdKpGR5OlkGq5AhZU8h4n5AhW0IeibEIA8GV07dh4=,T86lu0Oet6PkVkGmfm5MeQ==,REGULAR,2024-10-11
CUS-00742,Lý Đức An,an.ly742@email.com,1yVElDKR+JKQcSg4zDEuCV9Dc2pvLcSJ0HTiMngEZE8=,r/MYiwYHcWPM4mux3bfVHg==,PREMIUM,2025-01-19
CUS-00743,Lý Hoàng Lan,lan.ly743@email.com,1aI0/MFbmk7PKlb/967PgBItmAuS68XRadQwYGxk2U0=,P6WmFi9Mh03SCSF/bqMDKA==,REGULAR,2025-12-27
CUS-00744,Vũ Thu Hà,ha.vu744@email.com,Ih7bgYRLLPx4TzpUzQ52Gg335me8+rNXEOoIHX2hhkU=,YrR8np1IzeG2AmYI85cLvA==,REGULAR,2025-04-03
CUS-00745,Dương Minh Vy,vy.duong745@email.com,l9xIkZoPCNbrjuzkpbi5R+gry1RqH+lOzGYBO/ji4fg=,fHfMXtvHUJ92zCHQavbIAg==,REGULAR,2024-04-04
CUS-00746,Hoàng Thu Dũng,dung.hoang746@email.com,eB5w90NNoBfMr+/wdHCm9MZDSpjh9+aLYU6vHBRdOMM=,uxmE2DIC9FD5VV6KwNugtw==,VIP,2024-02-11
CUS-00747,Trần Ngọc Hùng,hung.tran747@email.com,H4SD2x6GsvfnqmQViOncHA+NPtXbe2zpj/hGcPEJeXY=,LT+zqus3DAukbzbFbjlKxg==,REGULAR,2025-02-19
CUS-00748,Đặng Gia Hà,ha.dang748@email.com,ej39lHpHs094f84lMu4KWdBbortVDkFg7+hUA0J/eDY=,iL3PF8genpdpx7E2WHsGNw==,PREMIUM,2025-06-30
CUS-00749,Huỳnh Hoàng An,an.huynh749@email.com,lIQ8XmjMnt2uexjZcCcVwvWrBOG3m4boK+iWgrBTWOc=,PRwLX4trKGMlFxescS/0uA==,REGULAR,2024-10-22
CUS-00750,Trần Thị Hùng,hung.tran750@email.com,VcWmJIzis2j6gQ+obyQIJCP3NrJCS/VFrs5BDK4YZ64=,mvKQ3RCzR8vOnqql8gT8Xg==,REGULAR,2024-03-27
CUS-00751,Võ Đức Lan,lan.vo751@email.com,79KZRhtBl2bgRBFjbr0lwCw2S8qYYVJzzcssZ5IsoAM=,ujyyXVu4qlNWUNoPZ+Ex4g==,REGULAR,2024-03-14
CUS-00752,Lê Gia Vy,vy.le752@email.com,kmesITGEY5ThxwRdNx3DB+UQdgyX8dMzME7YzH1sg30=,F69m3zfDvzRrwe69Dv7/Og==,REGULAR,2025-03-19
CUS-00753,Nguyễn Hữu Trung,trung.nguyen753@email.com,7RsEXuiD71+sS1svRFBew0WtAYxCoMihrzy8uMjqlCY=,twFnrAIwxIirqxcNg97+mw==,REGULAR,2024-05-15
CUS-00754,Phạm Minh Mai,mai.pham754@email.com,s/gP0FEwkXTzXID3VK21V3kLnXxwh/utcyqU1s8HtmM=,TV4Dgjd1lxcGQKKI+U6hMQ==,REGULAR,2025-03-21
CUS-00755,Trần Phương Hùng,hung.tran755@email.com,MHdPmkeX93JKWBOX1Nnt3baEHbNpUKP/kWQvcblqHa0=,L72kF6pEv8kfJNsulU+e2A==,REGULAR,2025-07-06
CUS-00756,Phan Đức An,an.phan756@email.com,i0XuDQBEeyx1UhqB3B3ANZcmCLJEMkYO2nj9uvQcnFo=,3K8u32VABjxj2paXgGDp4A==,REGULAR,2024-08-26
CUS-00757,Lê Văn Dũng,dung.le757@email.com,nlt4dKLIzYpAzAJ43+QnMgY9qetKn+Eo+YXzndkFAvk=,QzvJJyD8AsLOVPuzHprr3g==,REGULAR,2025-09-25
CUS-00758,Đỗ Hoàng Linh,linh.do758@email.com,UdPQQE+5UECGUwTgT3ROsHINLMi01zKNx7/PAv18wWY=,lR8K1q2SG2YWxM68Y1JQWw==,REGULAR,2024-09-09
CUS-00759,Vũ Thanh Đạt,dat.vu759@email.com,RL3InKWmjZmnbeBThKZTHGGQEehbQQU+HQeh6RfpneM=,Wu+Bb3WfB5kFzSk83ZGp0A==,REGULAR,2025-02-26
CUS-00760,Bùi Ngọc Hải,hai.bui760@email.com,HH41ygFHSN3Nwd3I+wnicpHrqMElYdw9C5CefMruEK0=,v9G01pP4waVJuQ/BJWm9Yg==,REGULAR,2025-07-23
CUS-00761,Hoàng Ngọc Quân,quan.hoang761@email.com,Igs6G0mjxzeDNBNjCRM4CfMfXjReWjXz5m7I0wJaNxk=,1kYT5PMoJ5mFtGpNzd2Ukg==,REGULAR,2025-09-01
CUS-00762,Nguyễn Thị Vy,vy.nguyen762@email.com,ndFMkwMk+WfnqIxIw8aij3pMnQ8QhRmAeTmXe2+zJXI=,F4Ubk+Oa+9BtmfFpwY41Og==,REGULAR,2024-06-04
CUS-00763,Đỗ Hữu An,an.do763@email.com,1vP+Wbk8vWrsKRLuYeLA3nYnzESmZ+/c7Ls1DIdkCDk=,B2QXVbxIqpW1khOsluhEfg==,REGULAR,2024-02-22
CUS-00764,Bùi Thị Quân,quan.bui764@email.com,DhfHq2ouOECSwzmeERcZnqr4cGqPHZnseOuVr0tyhLs=,gZuNHS8oRJpV+m7dJEK5lA==,REGULAR,2025-02-10
CUS-00765,Phan Hữu Lan,lan.phan765@email.com,23maJPI6kaZSWveW5TbSA2V7pAYaAiXGF1wTc8QeNL8=,IJVX88CBymK9z1/UzhWOcA==,PREMIUM,2025-12-11
CUS-00766,Hoàng Gia Bình,binh.hoang766@email.com,jlklASkvoMC1rMusudYR+jZbbBKQkp3LABpYsNH3qj0=,JCY9wODZaV7QJIA11PSdXg==,REGULAR,2025-11-22
CUS-00767,Phan Phương Yến,yen.phan767@email.com,C/8Ek8p9LTUlFZfGVThr4J3O1nrWZxea6qdPAHEZj+M=,WOz5T+mRM8e93GrK60hkDg==,PREMIUM,2025-04-18
CUS-00768,Hồ Hoàng Phúc,phuc.ho768@email.com,vLi6sbkfV4AXbX6Rdz8eeUYGxbbj9xrto59Ae260nSE=,0EQpZaWB3+XhXx9mmUuWCw==,PREMIUM,2025-11-23
CUS-00769,Đặng Minh Bình,binh.dang769@email.com,+7tZ9jFnAZKAoP9qYdR94DDyDb572SYKEd3g+TAkWvQ=,MMWtudpABbvStCbYMaQIGA==,REGULAR,2024-11-27
CUS-00770,Ngô Hữu Yến,yen.ngo770@email.com,ZbzjA7IL8Huo8GitbCsFVlgPUUzABgX9N+IAuGycbRU=,Rkkvz/Ul1t5ttZXY42oJow==,REGULAR,2025-08-29
CUS-00771,Ngô Xuân Tâm,tam.ngo771@email.com,xmdhDyLD+sN4ohrqeLUheiHoBWGHlY1y/h4AD6nhBhs=,8LWExBwFFx8gvFQztG1rgw==,REGULAR,2025-12-05
CUS-00772,Huỳnh Ngọc Đạt,dat.huynh772@email.com,Y3hJOp++BSplg5uA2vqA3ADdHnqizo1LNXbJ0tU91/w=,LmYIbXQvv9xX60Fqa3+CCA==,REGULAR,2024-05-27
CUS-00773,Lý Quốc Bình,binh.ly773@email.com,nYwPDhPfVEFEfPOgMILdU/UjmXrjvYfJw8FHgfpexGI=,kinx76574BqiHkftk9ioIQ==,REGULAR,2025-09-16
CUS-00774,Đặng Ngọc Nam,nam.dang774@email.com,Z22L4dCHUmLEdjUMeAvgxIX6E5e+8hmNeueeTyYArrc=,pQD/s/O/6t8qJnCo4WToaw==,PREMIUM,2025-05-19
CUS-00775,Bùi Thị Nam,nam.bui775@email.com,SR5R4EN9L15IFfNnyt6weEf3tBrQrUk8JhF6FcBuR/U=,uKOUFZh2DOyqFTeIvKmsKg==,REGULAR,2024-07-30
CUS-00776,Vũ Văn Dũng,dung.vu776@email.com,rnA5gaY1OVxMb75UA2GaoXUsD9AHghGg/oJQ+G7wqPY=,YLCr0YNEZVC0O+DuXdCScQ==,PREMIUM,2025-03-23
CUS-00777,Lê Xuân Minh,minh.le777@email.com,1SmIU+LHX9U0wkyRYotc2F1Pf/E6mthmw9mre0cTwYw=,E10/nEtXRD0pLA/e+TrqyA==,REGULAR,2025-05-06
CUS-00778,Bùi Văn Hùng,hung.bui778@email.com,tc7CCKsM1nR+HQuOnKX/RG+kgWvH8aDeWw08gljeZDo=,9I/mhYxPz61gt2Yfpx+ePg==,REGULAR,2025-01-30
CUS-00779,Đỗ Hữu Tâm,tam.do779@email.com,nyO8/c4g8cNdSWjpjRPyxyKh75PRQCLrBVWdRtEV2R0=,RpojO2ygAUKKoM0slGB3CA==,REGULAR,2024-02-02
CUS-00780,Đỗ Văn Mai,mai.do780@email.com,gRRFbLaoE20wi5jrS+SRe8VIsWNaiA4jbNdEPiU0QkI=,5tzfSD0JDs6qiXAWj/+GXw==,VIP,2024-04-08
CUS-00781,Huỳnh Phương Trung,trung.huynh781@email.com,b7gXKfiMS8cIZ+kdPjPNNMx3MlVSbJ47IPXhnwNymsU=,swTJ8vnUve6QgbDRy/SnJA==,REGULAR,2024-06-16
CUS-00782,Hoàng Thanh Minh,minh.hoang782@email.com,ynj7794GXbZFG3qQ+hmDgWCjr7MW9VPqZlCZUwKbiek=,d0FVcfIw0TW7JkM2r/SCyg==,REGULAR,2025-11-06
CUS-00783,Phan Thị Hà,ha.phan783@email.com,yi7pm0oiwD3wmTR7UrBQOKqbKTF8SWJbzXv9ZwY1tJk=,VSKOSvJW3odAn5uxY+JeGw==,REGULAR,2025-07-03
CUS-00784,Vũ Ngọc Chi,chi.vu784@email.com,aeERVZxXjy/k4LTFTUWE+qZ37tNtWm8FeD1AOQU7Bpg=,rBeiKnDYwFmDD3tfCnJqdA==,REGULAR,2025-02-06
CUS-00785,Võ Xuân Hùng,hung.vo785@email.com,OenK+JycSkJRr64muRcGCaq3aYWDGexaEKsZswaNhuM=,ZP/DV3dffhmwCKQwU2Irbg==,REGULAR,2024-08-23
CUS-00786,Ngô Hoàng Chi,chi.ngo786@email.com,l/yeqE5TlfxErBhk0HGFseCbRQW/vyQi1p1c7ylV2Ac=,YoW1waLZGx+QZIeRMnH6sA==,REGULAR,2025-09-01
CUS-00787,Đỗ Ngọc Chi,chi.do787@email.com,g8s2Kq868OcIVavmI8AUWkXLAAavXPakNv0aQi/MDlE=,yzynLFv6ZsAK9smaxAb4fA==,REGULAR,2024-03-11
CUS-00788,Lê Xuân Đạt,dat.le788@email.com,+l6SEvxgmniGDOifazESEKskOEaLmJI2EBlAmrs7yPU=,ZmLXo6CRlBqK3umClSg+ag==,REGULAR,2025-03-31
CUS-00789,Phan Quốc Đạt,dat.phan789@email.com,5sR/kWXNmUN7OJDa/rn6ieYAsXddsUVhoHMqTxYf+Fc=,NZp3M41OElNXr4Dg3JOKog==,REGULAR,2024-11-22
CUS-00790,Đặng Đức Chi,chi.dang790@email.com,6/X3Hk6HZV/agZoZqRtshRSMIcqf3xncyzZR2ZGuOIs=,3iGUZxD2qcPoBSYcG5EsHQ==,REGULAR,2025-01-12
CUS-00791,Dương Văn Nam,nam.duong791@email.com,IHfQwki9alFMRUishC7bDeaHPRfTUeV4ILjQl2iGdv4=,Bpj83SCrp7wAGs6EqQUEmQ==,REGULAR,2025-03-18
CUS-00792,Lê Bảo Quân,quan.le792@email.com,tQnjEtVwWINVuGbEhm1NTWcpMiaZLxVv3d4KLxsx6UQ=,vCXV1oAQ2kFXdUoB45P+qw==,REGULAR,2025-08-11
CUS-00793,Hồ Thị Minh,minh.ho793@email.com,lubaYKo95xv1p4mshzj5yl9BX1uXrkdIlaXLa2XX5dg=,q81GbBQ60Ghnyw50fSaaLw==,REGULAR,2025-09-16
CUS-00794,Phạm Ngọc Nam,nam.pham794@email.com,de6d32khagfmfCcaH3uz+VKg43m+JBE9tVo+pmw0eYo=,re3Pk3WMmeCScFMDdE1M+w==,REGULAR,2025-07-30
CUS-00795,Ngô Gia Lan,lan.ngo795@email.com,A63mz+Q4ww0GeW5zWK71x4WSZ574PL6pxB7h3MlNgS8=,nu9ZrKHoiq4EjLqVOpD/Tg==,REGULAR,2025-08-20
CUS-00796,Hồ Bảo Hà,ha.ho796@email.com,QJB4JmXK53Crt/GddMdNH456Q8igSWuSkKI4gMZ7beA=,wmE1XB1EZlqwArcYPDTOpg==,REGULAR,2025-09-20
CUS-00797,Dương Gia Long,long.duong797@email.com,bjcNe1vZONw+Q3afYWQPlznFKbXdiT8+grTklYlutA4=,t4Kb21N0DNSVv/sYbfhj4g==,PREMIUM,2025-03-27
CUS-00798,Ngô Văn An,an.ngo798@email.com,JNZzHhF89LEyLON2Y+KPK2DhcBhwNJnseHnMSwYkNXI=,LF+acbS/FDrIKra5MZFgGg==,REGULAR,2025-04-30
CUS-00799,Phan Đức Tâm,tam.phan799@email.com,mr1o8awk/KdyoP2l9PpsQu4HO886itgwyCLjMrG4tqc=,EoEdIq9+DGvUiDEwrTCEmg==,PREMIUM,2024-04-30
CUS-00800,Vũ Hữu Thảo,thao.vu800@email.com,fJEl+rKyc0W8ZVbORkQ0Qe/Nrs+K7XUibKNUmHvhVQs=,P9bCK9a7mQFQvKZzx38yBQ==,VIP,2024-05-02
CUS-00801,Ngô Phương Long,long.ngo801@email.com,toXQvtbB3yoE7Yvh9SE9cf5e9c0P8Zy6wKNDEnTCBkk=,c0e57ioRz1AbTd5ZhisRCg==,REGULAR,2025-02-25
CUS-00802,Hồ Bảo Quân,quan.ho802@email.com,5JIz2gWkv+oEfCKIxTl+JgRS/uqRU3T0seWQY+xru5Q=,ytLtZx5qbEOmBi/nj7Qi4w==,REGULAR,2024-08-23
CUS-00803,Ngô Xuân Mai,mai.ngo803@email.com,50lAi9gL3V1R7QjOQowHKPCff/+Kw1B4Q6p4jV/auYU=,Q2OwnvvzZ2ob70tbgVLUdA==,PREMIUM,2024-08-24
CUS-00804,Phạm Thu Dũng,dung.pham804@email.com,U6tzjqjEB0bhyI/cNsxi6nFPjDzWutC1xFJiCWGA214=,ONTeIZuK2qD7f5RSGDe5Bg==,REGULAR,2025-08-20
CUS-00805,Hoàng Văn Minh,minh.hoang805@email.com,sKhWoZW/8M29oWoDND88WtWlzV19XPz66AFD8N25Ie8=,iMf1PSa/O+AfG3VT3cuY2Q==,REGULAR,2025-04-16
CUS-00806,Phạm Gia Quân,quan.pham806@email.com,K6REPn8klpqUQIU4yDVsyyzcfavySQ86XSpebShHwUU=,3xLhaGLWqj+xBIVM4SXJOQ==,REGULAR,2025-02-05
CUS-00807,Nguyễn Gia Tú,tu.nguyen807@email.com,I1gfb9lqpvBbQ1/Gku6iNZ7DrYxqia0cFEbDscU7WK0=,2o5Ym48lKmh7Yw60OCppmQ==,REGULAR,2024-12-17
CUS-00808,Bùi Bảo Quân,quan.bui808@email.com,Ku9lP6FH0Uald6uaVlPXrgIzwflpu5mYGUxjtShDzMM=,vXrrGxOTD4RhyvwPXysJOw==,REGULAR,2025-07-14
CUS-00809,Bùi Phương Tuấn,tuan.bui809@email.com,enMg8gtx28SLqDGsRwiK703KVxBkwD7tddK5vqvqm3s=,06lqoG4837k7GSM8qefgqg==,REGULAR,2024-01-19
CUS-00810,Nguyễn Hoàng Mai,mai.nguyen810@email.com,E5iUM0I8WSlIZhAg/SK+YN2DAGwuErvqk5QQtEI7Yp0=,w2FMFDS/iu7a/caJdjKdIg==,REGULAR,2024-11-02
CUS-00811,Dương Thu Vy,vy.duong811@email.com,mtARPtwIIAy3Gsxy1k7PtWb99yk1h+8MmauuoLuXrE4=,6hrA0nEGkv3yanXym0vX7w==,REGULAR,2024-02-13
CUS-00812,Võ Hữu Long,long.vo812@email.com,sAiX66AuP0C8E1SM+lazhJ/yxEBNHl1KlOE/DQJK5bk=,cLR0bL1ISIr251raM85g2w==,REGULAR,2024-10-05
CUS-00813,Lê Xuân Quân,quan.le813@email.com,fzQ+kyIY248n8tQcgBvQwUAPwPaeOLsqxzzlT64ZoK8=,qvRrea7JFSgdg21QsWcEzA==,PREMIUM,2024-08-30
CUS-00814,Phan Thanh Thảo,thao.phan814@email.com,D8ycjq+2gdqYIzAWebJYBqsdW6sKE/6uUKfeFkRahYo=,HXOiSz5eWFl2W/GxvrJ8vg==,VIP,2025-04-17
CUS-00815,Võ Bảo Chi,chi.vo815@email.com,Ogqfr7m06p00ZTdFUrY8Ja1SULOF062CeZomSuDTCuU=,hKVtxgAVsJpwQfqI2tGRNg==,REGULAR,2024-11-27
CUS-00816,Vũ Ngọc Lan,lan.vu816@email.com,v6lvzs+QX5YsPDjvsXxcwlkAmFE8hEmGUx0Rxm6yV9w=,jKz4RsvEV8v8doGFPLiUTQ==,REGULAR,2024-02-03
CUS-00817,Ngô Xuân An,an.ngo817@email.com,Qvgrx93SFMcEtnVad30smYDA5bEgDLe9sQ2PCA6jLU4=,0wl7fOjaTr9Kihwou4d5Rw==,REGULAR,2025-07-11
CUS-00818,Phan Thanh Hùng,hung.phan818@email.com,Hinzlh5a5bPbAw0qxBiX4YKsf9/xpE8H0X5eJuwFMaY=,XgC7+YU6nSV0nBZGNWYoEQ==,PREMIUM,2025-09-04
CUS-00819,Vũ Bảo Bình,binh.vu819@email.com,EMGeQnRaGVwyy3nTuo+2vcfZEAkumz5G+Flmudu6qZk=,KwDcGNBqQGgRrA7SBn7b2Q==,REGULAR,2025-02-17
CUS-00820,Huỳnh Hữu Minh,minh.huynh820@email.com,xxgGmo7IpB2nG10XNjMfISafRNAMYjwYyM/VQdty3yo=,4oUFk8Tph7ZZ+9Ngpgpflg==,REGULAR,2025-12-03
CUS-00821,Võ Phương Dũng,dung.vo821@email.com,W2+a9M2hA0PGnKFH9BePwFRKjNtMLoz/5n2uOLRaym4=,o6K7ixmZ0CYmt3K8BQVtkw==,REGULAR,2024-07-04
CUS-00822,Nguyễn Thanh Quân,quan.nguyen822@email.com,PbZbqy58/dMs+GVMWXv6iwX8RK5zE60Omp9JZBIAFmc=,6E/DAqJgqDEewFPMwxTW+A==,PREMIUM,2024-07-05
CUS-00823,Ngô Xuân Đạt,dat.ngo823@email.com,8xHmqb5c2CKbX9NnvUPHtFhT430Obh7Dd3oJtHqL6Gk=,zpqzNe8pqi60T9qVj+hOmw==,REGULAR,2025-11-14
CUS-00824,Trần Minh Vy,vy.tran824@email.com,buj6dwuk2oKWRTYHpJUD75TGWXZ/aPo9QpP8G9thgx0=,7LOfQL6sBZllqT+r/0qDKg==,REGULAR,2025-09-25
CUS-00825,Đặng Thu Bình,binh.dang825@email.com,WzmBRlW6mLMHLogtGY5P4EzJhmCFFbf25q9+nNjmURM=,hA40j+3pT7/h4p69+uPqwQ==,REGULAR,2025-10-31
CUS-00826,Phạm Bảo Bình,binh.pham826@email.com,pXPuuvRmFxkVI7uFcfiYR01y2iNjiKwjNV2rHIkALnA=,F1MejpQmhQWAjke0qoJrZQ==,REGULAR,2024-06-17
CUS-00827,Huỳnh Đức Hà,ha.huynh827@email.com,rsCPKFqDTI/ck3m6z+b75JvBkqudZ5Jh/Cf4QTZvQjQ=,GMa9glw3aE5pBGtaldu28Q==,VIP,2025-01-06
CUS-00828,Ngô Thị Nam,nam.ngo828@email.com,09nhTLBsX5ZObkeRyxgt1ChhS1ZGqSOUSCJvMS6SRSE=,O7j++j72MZ025UdIDQ3CnA==,PREMIUM,2024-01-30
CUS-00829,Đặng Quốc An,an.dang829@email.com,EujbS/2vO6k+DmN/712t7TgK3/i1IFiZh5OOMSVnhUE=,u5hA5mcLVIg3t9HeU4GPOQ==,REGULAR,2024-04-17
CUS-00830,Lê Thu Tuấn,tuan.le830@email.com,mRG7fq3z8QOfgIIVHM36I96iuOjzM3vkYS+oNMtf4VY=,c3pdu75FweLC+ZSrT5Orgg==,REGULAR,2025-04-04
CUS-00831,Hoàng Đức Bình,binh.hoang831@email.com,d6NBnZWDp4KPfBhvQcnEM7Ku+fpivfu0ybS7D68Th48=,pQi79+dn8nh499fFyiK0Tg==,REGULAR,2025-09-19
CUS-00832,Phan Đức Chi,chi.phan832@email.com,hKPURWmcbQuBusF7//gaTUy31M1VfAE3kfLr2lUlNv4=,A9NPE58/6wMnqnX0uqnNqA==,REGULAR,2024-09-23
CUS-00833,Ngô Xuân Hà,ha.ngo833@email.com,pKul3J7+JXGtpkEQ5Qr9iAtdsYrCqtPMBopcCskA/Eg=,TMglBX+JZSrlwTeVg220Ng==,REGULAR,2025-06-04
CUS-00834,Võ Xuân Lan,lan.vo834@email.com,hYN6cIX3pvSszEGAaTuD7tDA+BcL9DTAUdadhXDLe+Y=,iFRUwpASVJiMhW706DRzzA==,REGULAR,2025-04-08
CUS-00835,Đỗ Minh Yến,yen.do835@email.com,Hv+CFUGgLGtTSuHUUtoLA0z8sLCtneBMAzpHeA2ROaA=,1f69MXj4u9X4L8VfdhIaSw==,REGULAR,2025-08-08
CUS-00836,Đặng Thanh Phúc,phuc.dang836@email.com,N0IejdoVTfyjPIgf3kBTz6S6PnbArQ1uGyzbWb2bT4E=,d2v7kFV5M7ygmCS24lYezw==,REGULAR,2025-09-13
CUS-00837,Nguyễn Thanh Mai,mai.nguyen837@email.com,d1x9aCcQ1gzU2TUBvtLXOJGdBxm39oWFeiZq5tV/ZYU=,swz8InRNLAAaXAfivs7WYw==,REGULAR,2025-09-10
CUS-00838,Lý Xuân Sơn,son.ly838@email.com,b9EpTtFqq3dmYBpiwKo/RqQYe/ytS6mYHMhDGr+lbQ8=,jdcFAFVsQ1E+fcvem0gcZQ==,REGULAR,2024-07-29
CUS-00839,Vũ Thị Quân,quan.vu839@email.com,W5TcFyaE0ttAaZ/tj9CI0bZurYaAEjWoiYoFLo0ESO8=,+dNmXHafr79Xrvc56s/n1A==,PREMIUM,2024-04-20
CUS-00840,Phan Quốc Tuấn,tuan.phan840@email.com,uI7cmMo8juBoO51FjIE3BGmfgHvo0iBO/KBvrGSPUXw=,YjgDmRHXZsgg2yGfQm8+hA==,REGULAR,2024-10-19
CUS-00841,Ngô Hoàng Nam,nam.ngo841@email.com,Hjn8TpobD6B/skzDJctQStRQ9J/+Lla/eDjWXOj6GeE=,9tOOSIhGYFQCLlCtDu65GQ==,REGULAR,2024-08-21
CUS-00842,Huỳnh Phương Chi,chi.huynh842@email.com,YyCrCl3SXHZMJmAYUWMk7o4xrcF/Jz/L11B5qLIf0fo=,iQ8/nYywR8vSeleZNWe7Ow==,REGULAR,2025-08-07
CUS-00843,Đỗ Ngọc Tuấn,tuan.do843@email.com,svBsZlUKB44eYnqSt2X/auMDxt+oRtn/6bK6ln+8Fcg=,bCvUXOUGkBBJieKovZrkHQ==,REGULAR,2024-03-19
CUS-00844,Đặng Hữu Đạt,dat.dang844@email.com,b3NgAS33ixgiNBVRt/M3i6mdUhnogNQXWXwjodGPbwc=,A+DbBn7DGDBDfc7LPbbzEQ==,REGULAR,2025-02-22
CUS-00845,Phạm Thanh Vy,vy.pham845@email.com,1Rg/S8iNeaismrP9yDe7Woo7GD2N89VWbE7mkchP8pQ=,N7e1/UjTCBFS7f0AvytWUg==,REGULAR,2024-11-09
CUS-00846,Đỗ Đức An,an.do846@email.com,AM0ZT6f9QlaQxE402StoKnaQHZ94j1I137H3u+Sr6yw=,8PoV2PZDFS04KauiGjHWIQ==,PREMIUM,2024-11-11
CUS-00847,Lý Văn Linh,linh.ly847@email.com,OhI57TRYFpTfayoNleV5Xl+5OKAOi/3GhzK6ZAjvmQk=,CeJZ6fGSUqc9YE6yrQnXwg==,REGULAR,2024-08-19
CUS-00848,Hồ Văn Vy,vy.ho848@email.com,/Eoo4cHclZplgPsAMFQetd3n2EclcuIOkUXhMEKcW9Y=,C1OkIpkwMyjxm+EAznZ8jQ==,PREMIUM,2024-01-08
CUS-00849,Trần Quốc Đạt,dat.tran849@email.com,pYg3sLGTUD9pEKpyT5iHy+n2wLD40MMDeRWTe9uPJdQ=,0PxBoTbyOMRlA2SiKglK+A==,VIP,2025-06-07
CUS-00850,Hoàng Phương Hà,ha.hoang850@email.com,iATjFbHWKb0nTAL5DoMKbogQyUX5OdFak+7zxIy5oNA=,k1yHIQiGIPypdhWHeikJVA==,PREMIUM,2025-10-03
CUS-00851,Phạm Anh Đạt,dat.pham851@email.com,QczotijJD04BZfWgr0T+rZ7OoqWHhAqsf949GQWvz6I=,7A77Fxec/4rb7+KtJoUWxQ==,REGULAR,2025-03-30
CUS-00852,Huỳnh Hữu Tuấn,tuan.huynh852@email.com,+CxzfKNi4WWY5zCqaf2bVu5W4nKGDGyf+IWoRWJEFHE=,465D0U2WbN81sdeyGNF+UA==,REGULAR,2025-07-29
CUS-00853,Hoàng Xuân Sơn,son.hoang853@email.com,f51WxL039wz375avJwDmM8PGBD2M6+Y4ZdEE8zmk0pM=,atDO1ck6rArRV6NvRq05xw==,REGULAR,2024-08-03
CUS-00854,Lê Văn Tâm,tam.le854@email.com,db9VAg4+Nd+/G3nD5yUEGGCOvmaLbUyGCrjTpbTexDU=,vAxXM5DdkOVGwV6oiXF7cg==,REGULAR,2025-11-17
CUS-00855,Bùi Thanh Đạt,dat.bui855@email.com,piErvqAhGfsB5c2EyTY4hOPTkXs0isUitLLHtiYtuY4=,0bcvn5H95ThtIpw2tucKJw==,REGULAR,2024-08-11
CUS-00856,Lê Ngọc Đạt,dat.le856@email.com,QqgxwoGTQ7NPuihopTqyesCT2NoAaLtgqSvSXybDMlY=,iPLvMM/mLT0viZC2CCTR1A==,REGULAR,2024-04-13
CUS-00857,Phan Bảo Linh,linh.phan857@email.com,xD58yiNsGaSZA9VYIrGPOqqmdtBduM245y7mGbWUfaI=,iyr2iA+BUB5hXV1GXImp6w==,REGULAR,2024-11-07
CUS-00858,Bùi Minh Hải,hai.bui858@email.com,j+TbrpMzHAWhMe8ofQUiJpsZuE9eKPWXmfQX2/WMR5Y=,LyQhOQpodB7MLcwDT6o+BA==,PREMIUM,2024-03-18
CUS-00859,Đỗ Minh Lan,lan.do859@email.com,ZcUIAsaIyGzH99L19Ot74yAAehBcG4aLO0vQGGnfzHs=,hBlI2YsZjjvm7BZse70dgQ==,PREMIUM,2024-02-17
CUS-00860,Đỗ Bảo Chi,chi.do860@email.com,7Xa+B0c75Ws+LMYwhuRZ1AoJCDzkNicEaBLiPfHQTQ4=,Gva2c8OLJorUzWb6rH3Pmw==,PREMIUM,2024-02-22
CUS-00861,Nguyễn Thu Đạt,dat.nguyen861@email.com,QLhCmxzy2XSK3IOHZV4aqVFZ13q7hrfgmANMlTmdOqw=,IEoVqdl3+mlJ34/MG5bHMg==,REGULAR,2025-01-28
CUS-00862,Ngô Ngọc Long,long.ngo862@email.com,prsMOnfrvSKdQnzmpjD+jtwNcp23UDO9HrArxv8WcIY=,54E9NcNiKgXHC0mJyzqFww==,REGULAR,2024-01-24
CUS-00863,Dương Đức Vy,vy.duong863@email.com,mba4lDG0KbCugX3nET4SNUuHEvgmXvvxMpHb8YPJvKE=,oAnsKKyE944Kr5m8DDNMPQ==,REGULAR,2024-11-15
CUS-00864,Hồ Gia Mai,mai.ho864@email.com,r27aXoXkY2/FFBkY3s3RtSLNI0PPyHwDZP//oD/o0gw=,P2nVua4z2cnUVLS4mYCnaw==,REGULAR,2024-12-11
CUS-00865,Ngô Thị Linh,linh.ngo865@email.com,Zm+hrn7/js6WxDufujYsVyCyBuT076Ckwceuu/rfGpw=,UbD11VbGowsEVsm9d2fnhg==,PREMIUM,2025-10-28
CUS-00866,Lý Ngọc Phúc,phuc.ly866@email.com,5typujEnV7mv8Zs2cWtUHN5foH4aMOWi8sWC3PxBcEo=,gnZisrF1SMY4+Rj4ocreYg==,REGULAR,2025-12-09
CUS-00867,Đỗ Quốc Hải,hai.do867@email.com,Z5grp6Pn+rFHXsjwp6GrWdenp0Tommy7tMgDt5TWxUo=,5QLTVsRFtgJpe72pb5o5Tg==,REGULAR,2024-09-23
CUS-00868,Võ Gia Lan,lan.vo868@email.com,CDit+TlZ7PXowm7/+vl9FOY1UUe+8hR364siLb6gz54=,EGes+sKrlTLItTyqy8c8Ig==,REGULAR,2025-02-25
CUS-00869,Đỗ Văn Sơn,son.do869@email.com,ogp7MhL4SXmMhdrlokSj2WLSLm8nnrHjUyDi2RgMveo=,p3+etuLIX8S+Qgia3O/Tkw==,REGULAR,2024-08-17
CUS-00870,Đỗ Anh Tú,tu.do870@email.com,Z4kAgoXBdDiGTYGFv7m9JOymdlHSRUanaQM232GIj+g=,Kf9ZwM2r5ft+OVEobOPMMQ==,REGULAR,2024-05-13
CUS-00871,Lê Hoàng Trung,trung.le871@email.com,fVqflO0Bf9EfyzFxGLfhRvhouK3jsd5N3sLs2GYhI7s=,OO7eKTzdL0MhZiD9f8UDKg==,REGULAR,2024-03-17
CUS-00872,Phan Đức Tú,tu.phan872@email.com,9UJVMbv30a72+kQySgFPbSYrbL3t61QrLN/YMq3BZbQ=,uSTO2TPOl1reGTQN/hRakQ==,REGULAR,2025-08-13
CUS-00873,Hồ Xuân Phúc,phuc.ho873@email.com,lyUTYXTqrqYSYb021gXCsBH9m31JhLVvI9cisRLhLUE=,dXrwLc/Xyy5dUt7zuK/mww==,REGULAR,2025-08-15
CUS-00874,Trần Thu Hà,ha.tran874@email.com,vzcDCZ8e1+XPUVJmStnx7lHNWSVXmNafAwtAoFl//8o=,M+ti1S4d+5Lncdse27GTiA==,REGULAR,2025-07-15
CUS-00875,Đặng Thị Đạt,dat.dang875@email.com,0avN+gy/NfrvvU8co21ld3Ti40vfXTDSCSLppaqJeJA=,NcNbprWI0IeRrhrPj5yicw==,REGULAR,2024-10-02
CUS-00876,Vũ Văn Linh,linh.vu876@email.com,GqBC2ggGoRGR3FUzO7ZKQdtjQQxZ0qx98pUktuQ4+Ok=,D0bnSvdAyU8YOpPx5k8q9g==,REGULAR,2025-04-18
CUS-00877,Trần Xuân Hùng,hung.tran877@email.com,L7earVu8q2Y6/giqVfzYf6Vu+kVHl/XuyfVZ5EP+gF8=,Tqn6df3pbuNf+qB7Ac15DA==,REGULAR,2024-05-10
CUS-00878,Dương Thu Hải,hai.duong878@email.com,y/8+QWzXfWbhpol/7+uf/gstqEIMDyjstHvkcVt/h5Q=,T9L2rGuaaOzm60oPWD+c1A==,REGULAR,2024-09-03
CUS-00879,Ngô Anh Phúc,phuc.ngo879@email.com,y4b4Nrdq8OItRBCMT6dhrAR43cBUti67mFgMYIt1WL0=,X44kat5BB7nHYtKqkbvkxw==,REGULAR,2025-12-14
CUS-00880,Dương Thanh Yến,yen.duong880@email.com,6C+lWHCUgiQoCnpbFtFKTdhldrVQ7ZPqY+MS6DJbxLg=,zWZj9ypgcSeL261cBuTQJw==,REGULAR,2024-07-23
CUS-00881,Bùi Quốc Hải,hai.bui881@email.com,r2xO+4trfoH8yPAVC3yuCPtSRTC4nMe15BQDvNlVkjg=,x1M/v7uuMU2FEe0ZgOhudw==,REGULAR,2025-11-02
CUS-00882,Huỳnh Minh Trung,trung.huynh882@email.com,267nNcTjJAiMnet4RWwcYDaT+Dzf0VuI4+FQsDo5MkQ=,75VNOheZu2dGGy/kohmrFQ==,REGULAR,2025-07-22
CUS-00883,Lê Anh Nam,nam.le883@email.com,uf/ryLQIghKhrHwIklq/k8dAJR5vDQziMs6f6JLBwmA=,bR+eM72UZIx/5vWZXsQ0bw==,REGULAR,2025-08-07
CUS-00884,Huỳnh Minh Chi,chi.huynh884@email.com,Wr0HqSFifbsyTNh2YqyRWrass8ME5Ohx7clRQ4P1B5E=,2BgM78KCoUkezWreGEFk9A==,REGULAR,2024-08-17
CUS-00885,Đỗ Gia Bình,binh.do885@email.com,9BNdYJFGEnEuWvY73T3Zt4hVnMVIWcJ0uFKYfcURzfI=,3b8xgWp3iYOCPrpK458hjQ==,PREMIUM,2025-11-14
CUS-00886,Lý Gia Nam,nam.ly886@email.com,Ni+D059Oq/LjcpS/AZ2ZhzLVPWJqBXk1GuXOyKQh35I=,lQcfb7LTf/uu2xwlpIfECg==,REGULAR,2025-10-04
CUS-00887,Phan Quốc Tú,tu.phan887@email.com,0bemc/3Mo/8Kn31OdZyWzl22XZ5uLZjIW56NmWChQT4=,2AQFE9m0T6dSifia8X7h2w==,VIP,2025-11-08
CUS-00888,Đỗ Văn Chi,chi.do888@email.com,IMirhcjBE7qYFfbvvssje6jUFmEoiUozZW4wtU44TWE=,AKJw2z22576py4x60QWPAw==,REGULAR,2024-02-29
CUS-00889,Ngô Thị Vy,vy.ngo889@email.com,hkibvfUTfUD7r/Qjctni1tEWog5y4JFDdJlLTaVWFzw=,0aG8u+WQTq6+Diu1Oau3xQ==,PREMIUM,2024-02-27
CUS-00890,Lý Xuân Yến,yen.ly890@email.com,PeD9rmzXL/yX5cMbvOXcr/crmcGuDwdgSVcEw4l4SJ4=,P7hXtkeYo863Hp1QC+1vQg==,VIP,2024-12-02
CUS-00891,Dương Văn An,an.duong891@email.com,WdiGgzDPXI/ecWk4n7YxuWfBIroQAYwXk1iqBWn4bfg=,DyBerRJ9oLGt/F19bEKsKw==,REGULAR,2025-12-03
CUS-00892,Dương Quốc Vy,vy.duong892@email.com,p7wN17z77oxH+J7+y4M8ZnIuG11FqPmZKa0Wx+rk03Y=,u0CnWExNLqlEejUv8k42Tg==,REGULAR,2024-12-02
CUS-00893,Hồ Gia Chi,chi.ho893@email.com,6aGkI7jxBbEMUIrwnw7fmDzlHzD4ahhS6o4fWSdAfQw=,iN4fiL+OM+q2+AQlRizb3g==,REGULAR,2025-12-20
CUS-00894,Lê Quốc Thảo,thao.le894@email.com,fRiNhzQWko5194OBxWEp4tfioxuOQKuh5MQfCVnV68w=,TwVIiSnyvJKCEbMoQDFjkQ==,REGULAR,2025-03-28
CUS-00895,Ngô Phương Hùng,hung.ngo895@email.com,6kiAZuZ/NAKw5M70E/1tA772O8TZCdBIn4Bf0fashks=,kmCwq5jsUosgsbYX9/EAYA==,REGULAR,2024-06-06
CUS-00896,Lý Ngọc Linh,linh.ly896@email.com,H8kILKF4Fdk6RtLAJN+WZ1BH7wnLw/6Snj7j5Scomp0=,B8/zx+K8OMC+IAG1KaqArQ==,REGULAR,2025-07-01
CUS-00897,Nguyễn Ngọc Sơn,son.nguyen897@email.com,L1rBnerOC3oW8ijUCgOCtOT0T+vXWwtEqg+929oOmDY=,WNAGY3B7cvvDZ84PFAINpQ==,REGULAR,2025-04-30
CUS-00898,Võ Thanh Tú,tu.vo898@email.com,p3bHTU2X7iv4ZFsLsQW7VEk5sMdVEY0A3Cv4oPqJVZo=,MLjr23+YPeZQJgF9RRPTWg==,PREMIUM,2024-11-19
CUS-00899,Huỳnh Thanh Vy,vy.huynh899@email.com,G50FwSLvRzAsAi2KdmdY3UY6aOq0tJN0N0J0hnaA12s=,pUnBvq7tI5+ladSMYAXkTA==,REGULAR,2024-08-19
CUS-00900,Võ Xuân Vy,vy.vo900@email.com,mVeVTHMZHhyenZOiYQzZ6p1reB6j5s11yFkM2otJdok=,lj0mQ+vSOMtTgHU4VcnIXw==,PREMIUM,2024-05-15
CUS-00901,Đỗ Ngọc Nam,nam.do901@email.com,mnXxNA1yoyqN9WlHwpqcK3xA9LQccmkm2tNe0OR+rUM=,KD2SvXLFt61N4+Ofm7G+EQ==,REGULAR,2024-03-16
CUS-00902,Trần Phương Linh,linh.tran902@email.com,0c36GuzIAxZ7SUsoEqlS1F1Qp94w1H2gdj+bab3EiaY=,HY4PdCWZCr3eypPLpX6mSg==,PREMIUM,2025-10-23
CUS-00903,Nguyễn Thanh Tâm,tam.nguyen903@email.com,rUh2gRBbiUlOU8wRgA4t3b/OqUkkXOw7ScpdUSbJZXY=,I8Pj2Lifnu/llvnwp9KPuw==,REGULAR,2024-05-11
CUS-00904,Hồ Gia Quân,quan.ho904@email.com,XT+9RfDrzgBLL0ypsBMrUzDKeCuBTm0nTK5pigznvmk=,g7gOHwEk1no7Lp+JC7swHQ==,REGULAR,2025-08-06
CUS-00905,Đặng Hữu Phúc,phuc.dang905@email.com,XRwv74MDI9rt3e3LL6w8wMzytMBGF5Sa8b4PIzBMW/Y=,PhPBeQLDLjz57TDnU9WU4w==,VIP,2025-12-24
CUS-00906,Võ Thị Bình,binh.vo906@email.com,wheqkyN5xVjrRYSe+FUoWJvsHPQKSNlki7C3cqhLHqM=,ENJ2R/j/1RbcTBlWr20lTg==,REGULAR,2025-11-21
CUS-00907,Vũ Thu Tú,tu.vu907@email.com,vewiSsUU/L8/DmFIypQ9ZQIeOOlANYf5ZPGSEdDx/F0=,FErmoXxZwTlRlzOjK9/Phg==,VIP,2024-12-21
CUS-00908,Hoàng Ngọc Hải,hai.hoang908@email.com,VItIqgWRug0oG6sebV2QqWZm08FkHAqUWM9t+Kqrfg4=,Ke0qsD1rLqGr0UkmhUMlcA==,VIP,2025-02-25
CUS-00909,Phạm Quốc Sơn,son.pham909@email.com,GhtKCb5iPodw3a5u/ck3XAlwFTCMftOOzVY3oMh5kUM=,lbVCvFX50MJBQcKVDDQ6mA==,REGULAR,2025-08-07
CUS-00910,Hoàng Đức Lan,lan.hoang910@email.com,w6lH42ujVhHmVF2dCbxK9kKyHmZhcdEuwHM1NjIEw8Y=,MuZVlnAM8H0POy/9c0R3ZQ==,PREMIUM,2024-09-02
CUS-00911,Hoàng Thu Phúc,phuc.hoang911@email.com,aoI/ehllvVGJNSZquoJKKpjCxZljh9Pm5Ev7sgWw/Y4=,iQQmIcw2vGFtsJLnP1JRvA==,REGULAR,2025-10-06
CUS-00912,Hoàng Xuân Hà,ha.hoang912@email.com,/pH8ewlHFOszEZ+lbkmb2duD1SRwso6bm+qk3R1soWI=,TvSnHqZAABPSp8jvKF2R5Q==,REGULAR,2025-10-16
CUS-00913,Đặng Minh Hùng,hung.dang913@email.com,IFcCAvL1M2z04Tw8xN8VDQuz91i40tL81wYV4UEr8wM=,6QAF0K4M3/qUwLlbgwXHTg==,REGULAR,2025-07-25
CUS-00914,Trần Thu Hùng,hung.tran914@email.com,vvgUmPQXxuHujRvJhSd9ZLPqSt4+aOOsKML3u6EpuCc=,MGchUoSVOHYFEwUYOL1OKA==,VIP,2025-07-21
CUS-00915,Đỗ Thị Nam,nam.do915@email.com,7iCi7gW1wSD2pJucdK17ofbCTiLlC4PG/Knz/BUBXPo=,1sjFQmGLakJz1SY1UAPHrg==,REGULAR,2025-05-06
CUS-00916,Trần Đức Hùng,hung.tran916@email.com,13lJgZl3YuCBYSfAtG48a8kPmgx9dFd6NRyo43C/1MY=,Dgv3u+jEkvL76eDL0+MKVQ==,REGULAR,2024-02-09
CUS-00917,Hoàng Gia Sơn,son.hoang917@email.com,XzW1OY4cwdsbR2nadshTQhZDmh/ixFCLKN6aKbsr/gU=,7Np2vtABk1IdIEU4EuBF3Q==,REGULAR,2024-02-26
CUS-00918,Lý Bảo Hùng,hung.ly918@email.com,wOlTiJSLS1BOAwVhzYqZtm90bYrelFbCjPNZSzA7v0g=,Q+5Wxti6awopjHRxYtU3Jw==,REGULAR,2025-07-18
CUS-00919,Lý Thu Thảo,thao.ly919@email.com,hEV/t+ZA8MrKKJJ1MTCszfY6jJymvAO/XLDGeQIZlZc=,kUd+rXEW9hGZDPKVJXfwcg==,REGULAR,2024-09-28
CUS-00920,Đặng Xuân Sơn,son.dang920@email.com,Lj+QfHz5Bd57885+/0gU/Jg2WJQrsPql/o/rzwaaNZY=,kVLopzTwa2byKAEDckiVPw==,PREMIUM,2024-03-14
CUS-00921,Nguyễn Đức Sơn,son.nguyen921@email.com,mMli4vYw49k+J0Dq6simp5tcfETGm9AB8BT3mtT2Xb8=,xvPghyj/dBEIPYm9gjGmbQ==,REGULAR,2025-01-22
CUS-00922,Vũ Anh Trung,trung.vu922@email.com,026iDHtQwJ7tI8UYPVdM73IgDqo/Y8Ld8cmjaqEoKCg=,We6RmebORkWCXM6xsVQXfg==,PREMIUM,2025-01-02
CUS-00923,Hoàng Văn Mai,mai.hoang923@email.com,C270ZtZeufFaRu3ZOy6usomxGZF++bo0lVv+eDkMpMM=,uffbetoNZQnVU/UWUe7Vqg==,VIP,2025-06-01
CUS-00924,Bùi Thu An,an.bui924@email.com,y1QrfcYdAUgKsl/oobscOBRodZHweqbXfq8ahy6wHgc=,vQJ6vb93kmdPReTIlx7vHg==,PREMIUM,2024-12-02
CUS-00925,Ngô Gia Vy,vy.ngo925@email.com,8m1lTaqJoGXKT1RKswR/ikoOjG1MgYZVlfXmgIxdnak=,AdNdE9vsAi0R+k3nSCsoQQ==,REGULAR,2024-02-26
CUS-00926,Lý Thị Nam,nam.ly926@email.com,mm/3iFlBcPkWkuSjkG/MJ1jymjMpWRARcStw/14SlB0=,Rjb+mFjqfwsKNE6GVSPnGA==,REGULAR,2024-01-17
CUS-00927,Hoàng Văn Dũng,dung.hoang927@email.com,bkwZJgxk3BVEyu2v65Aqs5MM8BKYF+ChHrfuMpS/fho=,95QfO3qqGeQDnaRbBMtS0Q==,REGULAR,2025-12-19
CUS-00928,Dương Thị Chi,chi.duong928@email.com,wSZzAJi0gEJ+XP4CT3YtzYUPM1ZnE8SbWgc1htGWyUk=,eHz7WL49J7QSmnJnRBVJVQ==,PREMIUM,2025-07-03
CUS-00929,Võ Anh Linh,linh.vo929@email.com,pA/iO7c49LkkZ4dpnr+qHUJwgbFmRe9P/spq+dinxAo=,ZKcOxCcr8ltCVpUhVPDlwg==,REGULAR,2025-10-29
CUS-00930,Đặng Phương Vy,vy.dang930@email.com,E5UUJboTKg4IL+ilHJK4ZxWvXkDwe686evTf3Z9NK/8=,hzRe9ZIe5PzgjsK5TywZrA==,REGULAR,2024-08-05
CUS-00931,Võ Ngọc Linh,linh.vo931@email.com,fckc4Ljl4k+HMXIfc3KX0AC8czm/V4BD/4fCc4CHv0I=,5Lxc9CR4SRGV93Sq+zmDgg==,REGULAR,2024-02-12
CUS-00932,Đỗ Thu Tuấn,tuan.do932@email.com,qV/JJjlAMUHQkpgW/2PvTsAzyJMpbVWJ4TRi3R89b9I=,RtXrtjkZhKpsLS1Hd2+QOA==,REGULAR,2024-11-17
CUS-00933,Võ Gia Tâm,tam.vo933@email.com,QMN7PmqdbYk76yxhDGIJ4VOtydivsoVV4cywNi8QcF0=,qAbPsLQHN1GvdOni+jewwQ==,VIP,2024-09-07
CUS-00934,Ngô Minh Nam,nam.ngo934@email.com,H3p8K6JInxKdp3fNJjyH/Sdyv8Eq3HutdsAXGYF9ETk=,qXL0a38M+Hmzh5GT0bWHpg==,REGULAR,2024-03-20
CUS-00935,Ngô Ngọc Mai,mai.ngo935@email.com,sp1GZesDwzBi3I2H6p2uyoABOVBjO+Ji56CSrrYLZ9M=,eFyC4nyK3dEi64Nn5iXp+w==,REGULAR,2024-07-03
CUS-00936,Huỳnh Thu Mai,mai.huynh936@email.com,xNvKXMZMqlg4B9+D7wIiY0v8VbDklHfq69vXtAPNFhI=,3NEfHoJZEA08/JXSeKvUhg==,REGULAR,2024-05-06
CUS-00937,Đặng Minh Tú,tu.dang937@email.com,gVvhe0HMpWNwO7wczT9VvMpndpun7qFuyGxuwN3Zrug=,gscMtprSNE6LDhWTBoQA4A==,REGULAR,2025-01-09
CUS-00938,Lý Thị Hùng,hung.ly938@email.com,JeMIOgV+jinzQ34M256C6PMGuezqoECuxA2zuYbiSt0=,Z+Cyzrk9pyV1JJZABggaJQ==,VIP,2025-04-26
CUS-00939,Hoàng Minh Bình,binh.hoang939@email.com,lva6/N0yO0esj45BiLIlGO2Y3DnekQEQy6S1X+9ZvIc=,N9yuk/wWMlk4q04fJy6Pig==,PREMIUM,2024-05-09
CUS-00940,Đặng Thu Sơn,son.dang940@email.com,FZkiEFutQfXXAscBYVo+0fNJfRNpkKGhX/kP3dg0Z3I=,m11JZI1IL9hol/gHdJgv5g==,REGULAR,2025-07-20
CUS-00941,Hồ Hữu Phúc,phuc.ho941@email.com,Ops+dj3go1swwLdx64ur5n4dmZVl9GTs3pIXskxzY+M=,cJ92i5Z4rz2ELsHp4dHcTA==,REGULAR,2024-07-14
CUS-00942,Võ Bảo Hải,hai.vo942@email.com,5f5vr2bUQovwStakF0J38a2HqHNdbKJBcVWWwezDT7g=,UO7aNlpNqEIcESCXhf2EPQ==,VIP,2025-07-12
CUS-00943,Lý Hữu Phúc,phuc.ly943@email.com,k7VUzqzYp8TS+PzhzdvxeHSv7fdY/6tZPDECFVULEuw=,9n8Obzxmu+4nGa4yA17ifw==,PREMIUM,2025-08-28
CUS-00944,Lê Đức Quân,quan.le944@email.com,aNqdP2Upn0j99z+4Z9Rmy7ZbTZHE+uXt5aqwAA6Vd+Q=,+dFYpKdvUCNAcuGTyG3GQg==,REGULAR,2024-04-18
CUS-00945,Phạm Xuân Tâm,tam.pham945@email.com,fNjoOnZZ2w2sAOdlznDu28OIdxT6wIBnXykRfj/Adu0=,z2PSovCthJ0JubWT2EgdTA==,VIP,2024-09-06
CUS-00946,Bùi Hữu Minh,minh.bui946@email.com,XT48MzA3sWCzlHJL0P1G2Gqxe5DHrqfmgsoY0+fMsZY=,e+2eMmqwyePWMLxbBg4fNQ==,REGULAR,2025-11-13
CUS-00947,Đỗ Phương Thảo,thao.do947@email.com,QnLuYlcoqlN9hkD1N0nYDYxXCjCQcCQKw/7P3vD74fY=,CxJMpbTz5UaaJRiEj/2FLQ==,PREMIUM,2025-03-02
CUS-00948,Đỗ Hữu Long,long.do948@email.com,ZY3cJdAm2EfdaVau1P0takYRB78wCiL3DwG/OfHTY6U=,W2/snAHdmsnoCxXL4yx8Sw==,REGULAR,2025-12-03
CUS-00949,Lý Minh Trung,trung.ly949@email.com,G4W6krqVu7ZhkwF5dnzepMLLYkgk2t3o4jKirQeHxU4=,HnzbYLhVkYmukb+7vxUjgQ==,REGULAR,2024-12-12
CUS-00950,Trần Quốc Mai,mai.tran950@email.com,NUviPEES4psPfVxc4i7fZIkcSi0BIxDcuYge0P7A40g=,1ADuQhqH5OvtKhmQPkeq2g==,REGULAR,2025-12-02
CUS-00951,Hoàng Phương Bình,binh.hoang951@email.com,MVGqpAW8KxR/x+llUtyT9jRdOybApzjgmdW6MAQekfA=,keXjCy+ZEbOEBWllHHVv8g==,PREMIUM,2024-09-30
CUS-00952,Hoàng Bảo Dũng,dung.hoang952@email.com,CqdjldpQ1NTjfVxVUwU39x6DW+DlsYcg3Wfbm+RBbPs=,pOsu6AWZF/xZk7zL72Tqmw==,REGULAR,2025-03-15
CUS-00953,Võ Xuân Dũng,dung.vo953@email.com,0nYU404C5WeNjhEPzyL9bWbVECPX9FauO2qBlSkzEcI=,SLaYwoGY7vbAQ7Tb/fnD3Q==,REGULAR,2025-06-15
CUS-00954,Võ Thanh Nam,nam.vo954@email.com,by6xqtNpAvHj0snRBCQ7LOEakSyEOz3nuHFERCirSeM=,u05Nc442GWC1/x/Closu9g==,REGULAR,2024-02-06
CUS-00955,Vũ Bảo Thảo,thao.vu955@email.com,kVQpqo0v3B7WKdiGJCzaQOnmu1KTDoQPNkSXREIbpCU=,nszdS6Zx7EwFc5Fjomks0A==,REGULAR,2025-12-11
CUS-00956,Nguyễn Quốc Trung,trung.nguyen956@email.com,JWr6d7Wm0Mxccg7T7s2UUDVXV/tZGFlOVvD0wdReTHs=,yIS2Od6WvhU3eZGNGah8Qg==,REGULAR,2025-02-19
CUS-00957,Trần Minh Vy,vy.tran957@email.com,9OrwAyM6oFxOoFK4HSjVzN6eMYY3SbBNjM3dIc4rO54=,GRI7IR6B59dSK1ebQyW3NQ==,REGULAR,2024-02-09
CUS-00958,Đỗ Đức Nam,nam.do958@email.com,qf62WU/9TiziFTXwVjKUGd2SQsych3ciniQJIhXjqGs=,I0sVncJMZZXZ6sqfSx+/GQ==,REGULAR,2024-09-11
CUS-00959,Lê Minh Trung,trung.le959@email.com,ux5FnnbzTuWrvTx/Pxox0ogQP7pyZaEpVR24GKwxo5A=,vqrM0hHAYw4lC05NJcD50g==,REGULAR,2025-04-14
CUS-00960,Võ Thanh Phúc,phuc.vo960@email.com,Utq4CQ20E+p4ljGDbdvCjbDWPQWcrvSq0Mp7xF0DDRs=,DXCsaaaRBFMwEkl/zjDICA==,REGULAR,2024-07-07
CUS-00961,Ngô Bảo Trung,trung.ngo961@email.com,riqFwUBX8gfWv6wFII3nOWzALBH+AJvMGnqUFhta4hA=,ltVVGn8hPzlTGD4XtCfMvQ==,REGULAR,2025-04-03
CUS-00962,Lê Phương Bình,binh.le962@email.com,3aDRZsw2spOu3JputujVZCRA5MTwmZz1MnAztTc3K/w=,jHeP7C5XtHoMS3PyVvcFbA==,REGULAR,2025-04-05
CUS-00963,Ngô Thị Chi,chi.ngo963@email.com,69n7m8KbL8Z/UNB2KD6Q4rNFiRvFRy3s81RvalfTUeI=,puHM387qiTL5AN8k0zhJBQ==,REGULAR,2025-08-29
CUS-00964,Bùi Thanh Mai,mai.bui964@email.com,MAtcgwx4U54zDe+liOgMabkci4ouHBMghc0z6nqe9Gk=,qqiOjgeoSewRnOhZZqqrMQ==,REGULAR,2025-11-24
CUS-00965,Ngô Đức Minh,minh.ngo965@email.com,Pfl/Sy0ucqJc+U6sobxWkaperpeLt40S/UkkMuaMEIU=,Rdo1Ym74FcapczkUlomkuw==,REGULAR,2024-09-04
CUS-00966,Hồ Bảo Nam,nam.ho966@email.com,zkYI2vSd58+aST5ykneVENWKkm5YAjf2YXJ+qNzZCeE=,1DCq2oXh8MSyKDwqd5qA2g==,REGULAR,2024-06-23
CUS-00967,Phan Hữu Sơn,son.phan967@email.com,0ekGhnMm9+e1XA7Yn9s5J5gPBRjYf4qjLJY662rESFQ=,B1cvDtAdg2CJ0CBh3TllEA==,REGULAR,2024-10-31
CUS-00968,Đặng Phương Mai,mai.dang968@email.com,I2Z5aKSC8FU74X+Ivg3Q4hKFMj2Ce3+WjT4BpPHZdIM=,1BTSXjA07STdir2SkhB/4Q==,REGULAR,2025-03-03
CUS-00969,Võ Xuân Hải,hai.vo969@email.com,Eca4XE0zOumdfCJNKRYRcsptvIx9o3M6m4wVpAvC+WI=,RuxABXcjHyD4rfy2JiWZsA==,REGULAR,2025-11-25
CUS-00970,Lý Phương Tâm,tam.ly970@email.com,t/TOcfiM1eaDwnHPm7HlWQLpzrNC/FUQyPI0gmz54Hw=,9NTJ0s7rxVfBEn4xjUee6g==,REGULAR,2025-07-12
CUS-00971,Ngô Minh Mai,mai.ngo971@email.com,krZidnPSDkyqlqXJnNktGeHT3qXG2uYP9aWmSS9CYTI=,qkp/jxcRbHOIsqdgT1QmvA==,REGULAR,2024-12-16
CUS-00972,Hoàng Đức An,an.hoang972@email.com,zV4a4SqrOFio7euG2vWuB6qSTVvb7POSRi7TWDj5uhU=,4m1D9M5oG1Cm5MwISzfg3Q==,REGULAR,2024-04-23
CUS-00973,Lê Anh Minh,minh.le973@email.com,F66YHrlheTB7tkGQjuW4UEDsg6hEQoh+6HAjtGOTubI=,6lUmiqYvskWElJfM2CrTgg==,PREMIUM,2024-02-04
CUS-00974,Bùi Thanh Phúc,phuc.bui974@email.com,WTPGpKx3ZRuAu/uzI2KJ/rO6vpH8zDD3QxfPMynVD50=,47vh+ADvoHx3JswwrwX76w==,REGULAR,2025-08-17
CUS-00975,Đỗ Văn Yến,yen.do975@email.com,ZsBYPwCkvun49ZXDWBqCntmA4tDFiy6TjTyjuS1zpqQ=,CBcIGKNvXm2P+NOGHViBLw==,REGULAR,2024-08-18
CUS-00976,Vũ Ngọc Thảo,thao.vu976@email.com,DTATQL1bU2nSaZsjnR0ufvJrqkSpfB5bEMnUpRPmmcU=,eacsWKi7Mr23eHBeODV3oA==,PREMIUM,2025-05-24
CUS-00977,Phan Đức Lan,lan.phan977@email.com,4tUW/p+iPDU/3kyjpEhzpBvmSZ1FiSW4Qydnl6UyLq4=,yktHRzZIGi1WSelRq/bUxw==,REGULAR,2025-04-04
CUS-00978,Trần Hoàng Hùng,hung.tran978@email.com,+yFs2BmKncPxQ3iKs8dx1BJ3iTojTJou0ntESQ8NJhw=,EJppBaClAF1ySlO1lUTlWw==,REGULAR,2025-01-14
CUS-00979,Lê Anh Lan,lan.le979@email.com,Ya16K/vecAJ84ZAoYiZuvYYFPfgRFw5xMGmznX11cT0=,Ppl7zjx0ZH8L9iahSn15VQ==,REGULAR,2024-06-02
CUS-00980,Phạm Thanh Bình,binh.pham980@email.com,Ml0GO2GG8mec+U0Ljx8kOxhpZ31bFtHXY2jTDVOEido=,6aFL26fxF9Xrh3mFqwBUlQ==,REGULAR,2025-08-19
CUS-00981,Huỳnh Hữu An,an.huynh981@email.com,ATBXD74LxdY1WJmaNK/IVwuhDcCV+gShp5oY4H2iqQ8=,4MuVeWvh86kaHYHoDSB1dA==,REGULAR,2025-04-09
CUS-00982,Vũ Hoàng Yến,yen.vu982@email.com,R0jIYKsmYl3LPlRkny8u5RIlh2t/aWU2nCaClvzsR/k=,rrOvN148LsUlyM35wrd5pA==,REGULAR,2025-02-09
CUS-00983,Phạm Phương Yến,yen.pham983@email.com,9c272cjX9WNLl6FlTiwfEhCAnujSG1EHAVJfIvqURoI=,BLy7UlFYKdEToFKnDvFpwA==,REGULAR,2025-11-11
CUS-00984,Vũ Anh Chi,chi.vu984@email.com,pgjFzO/GkhG8q8FUjjHAJImdvbizFr93EjDtGzPfJy0=,36cZDlfaxxO+2BU3u4d5AA==,REGULAR,2025-09-02
CUS-00985,Đặng Ngọc Mai,mai.dang985@email.com,gP5FChIZiE7lguhoMWWy+wy3UZ1WjupRo98sM4hPfKE=,jsXdVx7dX0/msylE8oeRGQ==,REGULAR,2024-01-10
CUS-00986,Huỳnh Ngọc Long,long.huynh986@email.com,8UDuZyx63fXg1Y/vSEyNv2p5Br0wLnG724rH8og+3fY=,Zar5bAspBNBI78auQob24w==,VIP,2025-10-17
CUS-00987,Bùi Thị Lan,lan.bui987@email.com,py0XfI1gpug5F9PkAJaxXkAd4/NfXObW9pdDJpRRHMs=,uwpxfCVrS/OJj5y2Fe9rOQ==,REGULAR,2024-05-09
CUS-00988,Hoàng Hữu Linh,linh.hoang988@email.com,AE4zv0wNiHFQqmdoTiOykNWlqXEfE6iv7Ud5OmRHGTc=,QuEP9IWXyzG2QjJHMTXNZg==,PREMIUM,2024-04-20
CUS-00989,Võ Đức Vy,vy.vo989@email.com,iq9Pgttq+g8noDQjrrmaD+UvdlUtkcV/b0iuZ05FKdM=,/2hY6pXhRN6EBLY48Z2Hkg==,REGULAR,2024-12-11
CUS-00990,Võ Đức Tâm,tam.vo990@email.com,0onltfhaWeA7NPavEubGto2L2P5l0lWTA69jyvj/xTs=,/At9eBHByd1HNI/Rl0GGgA==,REGULAR,2025-08-30
CUS-00991,Huỳnh Xuân Chi,chi.huynh991@email.com,wBW+KkiWHEw6TaXdnsb/+NbThuXtiqcysKzQjLX1Cks=,PV6+xJMFA1TKXHneyjaXQQ==,REGULAR,2024-07-30
CUS-00992,Đỗ Ngọc Minh,minh.do992@email.com,WgcUAzNtg7KVyuxsIddkBDqCsJiIG2dgZrOj8tTEpag=,NRHQCNdk3QMT4/hAWDzR1Q==,PREMIUM,2025-05-25
CUS-00993,Phan Gia Đạt,dat.phan993@email.com,P0qHFx7D6O5upg3WfMXR8XlcZVuyaqynBYj1F5VLQWM=,hiKtzrPI80NL5SsV0SKtPg==,REGULAR,2025-01-27
CUS-00994,Phạm Thu Sơn,son.pham994@email.com,GqKa4j8Xw3gfHVz99+4V6tsQUN7qcT/BFYcYu1aApBE=,+1A2zh0T6QyF2GlQ9Gla4w==,VIP,2024-08-08
CUS-00995,Ngô Bảo Yến,yen.ngo995@email.com,fKsk5uOW6kEPWiNpl6VcTooRXktdCYwdKT9ABwpxBas=,aRPLMjYENRqou8NzEWBugA==,REGULAR,2025-12-21
CUS-00996,Phạm Hoàng Yến,yen.pham996@email.com,UHmJ1hbE5Nj6MfwUS1ge1SrsqbpPJeyAwYULC+hWRPw=,GgkisdQEmfwb8X3WZyy5Bw==,REGULAR,2024-03-13
CUS-00997,Võ Bảo Nam,nam.vo997@email.com,SZa7Flzrw4WZPdNlUn359SoqxZ+u82tFViDfvBiTHN8=,B13L8ihYyTWWagRIHF6+YQ==,REGULAR,2024-10-10
CUS-00998,Dương Minh Tâm,tam.duong998@email.com,hi9bQ0rTU8Yh4n/8FNzlgMLoKH2EbCXkcoHf6HRW/M8=,ssCI66qjXR3SjdnKWNcpbA==,REGULAR,2025-10-17
CUS-00999,Bùi Xuân Nam,nam.bui999@email.com,Eb3p4CtlS1+RvHhpT1eFaYmqEMOqAvsCntSYczuoDko=,cSsBcjj16d+V9hZhtawkNQ==,REGULAR,2025-09-29
CUS-01000,Hoàng Hoàng Hùng,hung.hoang1000@email.com,Kq1ZQUwcosgGWmFBngdki6aMRJN/nxYTH53EKw4vW2M=,TDnolxPHnRRgWw0GtPV5rA==,REGULAR,2024-10-25
CUS-01001,Phan Ngọc Hải,hai.phan1001@email.com,cY7ZxVxP48MVNt/zRmwdMgHPC8ySXGxgv/mKD9+ka4A=,XO5958cYgxyaIBIAXr0Ifg==,REGULAR,2024-11-26
CUS-01002,Hồ Hoàng Hải,hai.ho1002@email.com,7eXqbiaTlZa+45yUr8vhPUNCUHP8l0Zi2VT9Lm+pubE=,Stp8tgECP8K3B2vV+glUxw==,REGULAR,2024-11-21
CUS-01003,Phan Xuân Quân,quan.phan1003@email.com,etiGxJi6UYBAlCoZUx1Db610i50CnjeVvKOwgde32KY=,IO0xTO1bPm2aVC5X4Fwlug==,REGULAR,2025-05-13
CUS-01004,Phan Ngọc Lan,lan.phan1004@email.com,/AKTytNE367ZLR+dy17rnlRcqSqIGaC28LTj56RfJds=,+/JmgWytC7+KMZnSfPBYiA==,REGULAR,2024-04-12
CUS-01005,Nguyễn Thị Minh,minh.nguyen1005@email.com,UlDcl/CyM4D5J73Ht/sM7fSaPJd4RN4xpiFMyIjmiRQ=,0TUmmSDmBuI3/GoDbFgJ4A==,REGULAR,2025-03-19
CUS-01006,Bùi Ngọc Tú,tu.bui1006@email.com,SE+QqDiC2/q2qkZPxTxE8OFT68WJbsFJh6fJqN0KL4k=,oCFlkAGBXUhCjcJ5xYzQLw==,REGULAR,2024-01-30
CUS-01007,Vũ Anh Tuấn,tuan.vu1007@email.com,vyev47GXU5c1l+ExA8Nt4Cx4FvrYH3I6ct9CX885GSU=,8QuyH7TTQILWPoPKMHznWw==,REGULAR,2025-11-17
CUS-01008,Hoàng Phương Mai,mai.hoang1008@email.com,sK6KMbyeC3slWid9fBM5zkLW1SJ8mSf7rU4gLnZbpF4=,aj3ux9ZltqH4ck1GPG+BCw==,REGULAR,2024-11-24
CUS-01009,Vũ Xuân Bình,binh.vu1009@email.com,c7HzzEz2OTTyX0f+PqBtDY/RXGQX1PBwPeCtDnACus8=,ugraZNSzcUEfVXx21glpBQ==,REGULAR,2024-05-13
CUS-01010,Hoàng Thu Chi,chi.hoang1010@email.com,jyoSUuejp2a4O561LoROOF0z6P6lBE3Ob2ZNgw31PyM=,L3nSv5IChC0mdBPaJH/OxQ==,PREMIUM,2024-01-17
CUS-01011,Lý Hữu Tâm,tam.ly1011@email.com,yyk4ZbsdOa+5zLnLDixy1QgPTQlF4YsGY5a/UCph78A=,ohtVredKulvvG5eRfJPySA==,PREMIUM,2024-06-17
CUS-01012,Hồ Ngọc Dũng,dung.ho1012@email.com,C9hvUFIHQYBEME66L1lKPcGJDVgVrOhGp9zPhO/Eg4c=,vgnBVtD0EBdJWjGxfAdxkQ==,REGULAR,2024-09-28
CUS-01013,Huỳnh Văn Tâm,tam.huynh1013@email.com,t6BvgNJzAuH11DAam9JuOAbIZ8yWSYZoa2vCmGowhJQ=,I1dyHSsgCz7rWPBdxG4nSA==,PREMIUM,2025-02-16
CUS-01014,Hoàng Văn Linh,linh.hoang1014@email.com,ucJap6FTpjT4/SnuzzQ9rj6MDYsxhC0jr/oZLqYuNyw=,QhDc6vfF0ghwEK6+cBKGSw==,REGULAR,2025-03-25
CUS-01015,Đặng Thị Dũng,dung.dang1015@email.com,TmyQKQlXxEWO+CL9zjdfOick3jIAEAm8reZXPQLOl9E=,cDHFEelK1WA2LO4y97c1UQ==,REGULAR,2024-12-11
CUS-01016,Ngô Minh Quân,quan.ngo1016@email.com,t+Cs0TiZ8+sz8TagK8cj0Mc0CfgzNCsHs2F3mWqbHQs=,Y+f4RmTA5Bk6KixFpsl2fg==,REGULAR,2024-06-06
CUS-01017,Dương Đức Minh,minh.duong1017@email.com,ho9yXRteUi/b55Rp5gXhtQrFFBrWlD7mHqhS1Mn/hUs=,Yt9T99zdjGJ9mqZzykuW+A==,PREMIUM,2024-10-13
CUS-01018,Ngô Bảo Sơn,son.ngo1018@email.com,Yoq5inCaqjbtDz5UESC1gTbb3boy44f/cir75DWANtg=,VhmWp/a20EAPiEXMxkqtFQ==,REGULAR,2024-05-02
CUS-01019,Trần Hoàng Nam,nam.tran1019@email.com,tJv0OhAud6ibxoxE/7tdjk+T8jHfcj0sfFhoMRoROsQ=,SVbEwDrYgNY+NlShvu5/gQ==,REGULAR,2025-01-21
CUS-01020,Vũ Thu Nam,nam.vu1020@email.com,7kW6o6QXSq0a9m4yssjjNK1DJGsPgjp1aC3kb63C8yA=,itr0TMAzjh6KWYtYMd5pXw==,PREMIUM,2024-01-23
CUS-01021,Ngô Xuân Trung,trung.ngo1021@email.com,+u5iPjx5Sj1mVSuXWQlovV6XwCQlLmK/sAIoHyIpOCw=,/lIbEur3NXz5QOpE/c65Sg==,REGULAR,2024-03-18
CUS-01022,Ngô Hoàng Quân,quan.ngo1022@email.com,VCLI4SVqjoqhpvsHzP30ykrHIDsC6tC4fpLk01gZRpE=,CdJZ8bdxZNIyUOoVdwfmLg==,REGULAR,2025-03-15
CUS-01023,Lê Gia Dũng,dung.le1023@email.com,NUON+jbMzlZhUDdYtrEvFCwUr+Ez9MNhVsVSM9d+7U0=,iX6Njz44D/8Cey0/1REYsw==,REGULAR,2024-03-16
CUS-01024,Võ Thị Đạt,dat.vo1024@email.com,K0kEX3ge4aWhuf79Ors4tIWoCu37NhP+ujcXHv2kj6U=,3h9xzfI0btBY3T/k6RJO7w==,REGULAR,2024-06-19
CUS-01025,Hoàng Đức Minh,minh.hoang1025@email.com,G736+hvfev9UqLUSPtwWswrjelosgvIXOGuZYC8Lz/w=,uUsBG3OED3yaRDnc/V6N4Q==,REGULAR,2024-04-13
CUS-01026,Đặng Đức Tú,tu.dang1026@email.com,Ctd9+XQA9mC8WiBf9uYMf6FFi4sfSfM7tDTiCXE3kYQ=,1r9p7572HF1RiVcSD1Ihng==,REGULAR,2025-01-17
CUS-01027,Đỗ Bảo Long,long.do1027@email.com,klyWKdlnq9du+9uET7sPOM97Qj/tqUyYJuTxxMrDiok=,UcLpa7zEjDR6ir7DITS7dw==,REGULAR,2025-09-30
CUS-01028,Ngô Thị Sơn,son.ngo1028@email.com,cbmh3uup93HdUDMoAk5OZIlTROi87ZWBW3NfngId6OI=,mM/mFahgI4K5wvnZ8X3fTg==,REGULAR,2025-04-04
CUS-01029,Trần Thanh Trung,trung.tran1029@email.com,TGi89fIYkQRoUbysEq7SMKDdgdbQ2Q8dcE9mV8bcnJY=,bIjHTPw5PXimVuCJ3eOiIA==,REGULAR,2024-10-14
CUS-01030,Đặng Thị Tuấn,tuan.dang1030@email.com,wIwnhS7vTSuFiH5GMGzy6PuelRZYd3hao+mvHpHULrU=,uMKDP+vJsNPiOUpnPszS2Q==,REGULAR,2025-03-06
CUS-01031,Phạm Thanh Lan,lan.pham1031@email.com,TmAgOlXiHatzsrYfFoLFNHAjHCvNkQO8cGRcCk8sFOQ=,/chowNmNG8bN0SAqSdZuxQ==,VIP,2024-07-05
CUS-01032,Đặng Quốc Minh,minh.dang1032@email.com,CUUPVKYmJTPFY+nNXr6X11D01CIHy0g5Kv5FEhj6TKo=,SdgcjDSZBE+DhlWhPBULZA==,REGULAR,2024-10-19
CUS-01033,Hoàng Thị Yến,yen.hoang1033@email.com,E5eMbzw2D0Dt/uatdVikwaLnpk/ImKWB4kcaoEZ6EhY=,+Hu3pb6fwBQiYmenMdE3DA==,REGULAR,2024-08-06
CUS-01034,Trần Ngọc An,an.tran1034@email.com,NgmxFtZLlnNRiNpUoHLBLKLAf40svaiYAiwTN3LoWVI=,OVMMTQu29onGwsIueY6vxg==,REGULAR,2024-05-16
CUS-01035,Phạm Minh Hải,hai.pham1035@email.com,196ymkjGR+TJmx4NY2iBXCuvnQlXnrDLnGnmzwkhiOY=,kLrIcVh4R8mLcEUQRL7AqQ==,REGULAR,2024-04-07
CUS-01036,Ngô Quốc Nam,nam.ngo1036@email.com,yXzHno0hCJ23jDetjrMiFGFHbCewXb0Msvzv8gjoqaQ=,uURKee+Ho7P/jh1B59CgYg==,REGULAR,2025-03-13
CUS-01037,Trần Gia Hùng,hung.tran1037@email.com,3CGK2abqY8ekwz7E1gMJjoHiUVO6aGV3nuUA3rOH1Gw=,ZiX90UjSaFuX3vRdc1IlWA==,PREMIUM,2024-10-12
CUS-01038,Lý Văn Nam,nam.ly1038@email.com,STVFFwC/nogb96oOPuzA7cHNvzIxWkNS5HyWtYKcqbE=,0ZrgE4YsoFiM9Qt6dUwQLw==,REGULAR,2024-09-07
CUS-01039,Trần Minh Mai,mai.tran1039@email.com,qFA3/aWXO8pjcaDaX0nnEKPfmcYOYE0i2tYAo6jggks=,z+vXOaZmmUfSqLI0CBT45Q==,PREMIUM,2025-05-10
CUS-01040,Phan Đức Tú,tu.phan1040@email.com,OhEI5RRvNEUxkdPG3bhAZG8KNuUIccBTMnH5xNKXEEs=,WcFHKsC2hpv0eUCe3HRAJw==,VIP,2024-03-08
CUS-01041,Hoàng Phương Chi,chi.hoang1041@email.com,XSnk8v9DxhXFJRRZvbo7A26G0m3weHgCRVdfa6L/2g4=,UGMnVexW+Tlc1EqFLF1Wsg==,PREMIUM,2025-04-26
CUS-01042,Phan Thu Trung,trung.phan1042@email.com,skGV4xyR2SZHkga5e4k88GLXopZl0MOQobcz4R+E8kI=,nmrG/66Cx6CVjDuDfSmzPw==,VIP,2024-08-09
CUS-01043,Đặng Hoàng Nam,nam.dang1043@email.com,oxXkVFHZChA63C1RBu+AKhUBV0fX+B2r51usQEPS/80=,n9WcA46H1CHxMFIUwH/1xQ==,REGULAR,2025-04-23
CUS-01044,Bùi Gia Bình,binh.bui1044@email.com,reTgCeGql+jJzq3JDYa/q18D70H/gW2bpfGUIFRdMbg=,GMH39OZ7jmdF2PjHWq501g==,PREMIUM,2024-09-26
CUS-01045,Đặng Quốc Sơn,son.dang1045@email.com,5siioGoHDw9ZYhCxwV/gteEhYtZsffn2zkJJbJ8NENU=,aDryFG/JM5/Sl074qrnBeg==,REGULAR,2025-03-01
CUS-01046,Nguyễn Thu Tâm,tam.nguyen1046@email.com,rLa4R5Yr8a+gq+TMhCDJlW6/nzVXBbtpLTiqCn9Av5I=,pWVAwjLSjiHbHTc2QQWN/A==,PREMIUM,2024-10-02
CUS-01047,Dương Quốc An,an.duong1047@email.com,s811iaCKjsxbOPQYLU7Megvq6NebrJszXzAldaxDFMg=,DEHlXNJwOBQL/Nbe5WxdZA==,PREMIUM,2025-10-10
CUS-01048,Phan Phương Nam,nam.phan1048@email.com,tXEelGI2CsrNSjj2REZn/46r+qdlTK4usYlJl00exOk=,+JnVs9XCVdiukPdkyHrjnA==,REGULAR,2024-05-15
CUS-01049,Lý Bảo Sơn,son.ly1049@email.com,+ISIHWD2TJmVwYdl/4CnebThpYqSS5r+wYir33fJgb0=,I2r+l6nUc5DfAPHy5btg0w==,REGULAR,2025-08-09
CUS-01050,Bùi Hoàng Phúc,phuc.bui1050@email.com,8baG0i+FCQAhmm/omitRSSU+yAgrny72VPqkzHsMoLc=,xaLDFjWN40NoQjpLJTmGvA==,REGULAR,2024-03-05
CUS-01051,Phan Phương Minh,minh.phan1051@email.com,mnFyb+haW8BuU1B4Tx5HToxovY41dEq1FSGpGG2z4x0=,Uw+OWeUptWOrJ7WOXRDu+Q==,REGULAR,2024-08-03
CUS-01052,Võ Anh Long,long.vo1052@email.com,qSdK8uOxxOTMENvkubTUhmjtdtUKMlsNWupsHYmyr4Y=,DGNQlHHcUpyShiIy9JFiwQ==,PREMIUM,2025-03-15
CUS-01053,Phạm Đức Yến,yen.pham1053@email.com,l1tHipUQE8pbbDGL6wkE0Y9qRz+ZTGEUONnPkp3xjrI=,DHNOAFBRqAmeZLJuFF7RbQ==,REGULAR,2024-05-28
CUS-01054,Võ Xuân Chi,chi.vo1054@email.com,XXlLOiqADExzT2BxDc3iBjhxQanugZjl9WD8lzUoBJU=,oUof0K0xq9uF4AGCgXDzig==,REGULAR,2025-11-06
CUS-01055,Phan Xuân Trung,trung.phan1055@email.com,eUzGctoKx7LDt5vJsh4lom00GSKCIeVyqjNb4RXEkrQ=,cUkNXQYrjZhiGM9RO9n8Vw==,REGULAR,2024-04-01
CUS-01056,Võ Văn Mai,mai.vo1056@email.com,7FY3YmjrHNP3ocgpmTogFBUDHgLqNZT/6zUgwRae8sQ=,XrLY3HfrtE3Ab336XtE7RQ==,REGULAR,2024-11-13
CUS-01057,Vũ Quốc Tú,tu.vu1057@email.com,Dq2aDNsNbaZCEDftmvA0eSp5766M0W6TPxT9hX5tTyo=,vEP9dZ73NVsSX3XNq8wujw==,REGULAR,2024-02-14
CUS-01058,Lý Quốc Tú,tu.ly1058@email.com,cHGyfC4mTqORFJvJ4sv+CFIYMRFUzkUBW+vdXxRq7qY=,65crssvwGMedTV2636GDVQ==,PREMIUM,2024-11-16
CUS-01059,Đỗ Phương Linh,linh.do1059@email.com,TPQe223LSVrKxq+gM47Z6R+9DXJXiOU8736BaymGv4A=,RCdTQ3VCTH8Sv81lXFQ0Zw==,PREMIUM,2025-08-23
CUS-01060,Võ Minh Linh,linh.vo1060@email.com,1Gj/RbVPlXkXrZT7EfBmlOL5duK7j2Fz5Hm8p01VM1k=,xrEbFLYY5TPO2550UawCkg==,PREMIUM,2024-09-29
CUS-01061,Hồ Văn Dũng,dung.ho1061@email.com,usJX1G7qHQvp0rgtqn22C4z8vzmOLck847onScnuxrc=,oaLD+AZbsjEkjJi0LMJCoQ==,PREMIUM,2024-10-17
CUS-01062,Hoàng Thu Hải,hai.hoang1062@email.com,j2VqA0AtRx3+nkMljmSwgvh/THd+feDlvJbyvoHR2CM=,p+3oBf8l1Ks2ghxW9tno4A==,REGULAR,2025-06-30
CUS-01063,Đỗ Hoàng Nam,nam.do1063@email.com,qQKkCbOLevWgqkRwD9TDM1oOGU3ToWsUGTii4OPL/po=,b9d6oJ2kB5lTdx00mYCH+Q==,REGULAR,2024-09-24
CUS-01064,Hoàng Anh Long,long.hoang1064@email.com,bWfxW8bM8Jf8+NBzJa1DLQytUH79z2VrgN/josuzXV0=,tHkWWnElWPLyvR8tYZPzlQ==,REGULAR,2025-07-01
CUS-01065,Lê Quốc Chi,chi.le1065@email.com,7SHv/qPmWFpKkKzweU7ZGTqrXE9M7KzfcRQLfEwHw54=,9IK2dt45Heq068HJLg1ckw==,REGULAR,2025-08-16
CUS-01066,Hoàng Ngọc Mai,mai.hoang1066@email.com,jqYYKSKS7geffdZkeUZbe3ZLAjJwB95uRre9exNIup0=,3B6KJOwE3DO2ft+R5Fz5Vg==,PREMIUM,2024-11-02
CUS-01067,Bùi Ngọc Hà,ha.bui1067@email.com,6haYxEbioMl+k42if6aHjeun7ZGooNnpcf4/njZpYk8=,EsxvhphEtOz3KN2iNhMPGA==,REGULAR,2024-08-22
CUS-01068,Võ Quốc Quân,quan.vo1068@email.com,VFs9LCU+P8/BYhiXc6t/6BKL2KrwErsTQRD9zQGMbm0=,GMN9Y/RfgO8o5B3SxFaAhQ==,REGULAR,2024-02-02
CUS-01069,Ngô Thu Tú,tu.ngo1069@email.com,tsaOnKHL5bN/KGrlqbNS4KVo3qGo0Ytyo08X8Vjv53c=,dxIBVAA/Kn2Wc36GKzwVEw==,REGULAR,2025-09-26
CUS-01070,Bùi Gia Minh,minh.bui1070@email.com,zoBV4AWoC06KjUi5wQlyDN1vJGmKlIYfKkmqxcG+8lk=,dxHyn8OtpOSRfZDlDhV5/w==,REGULAR,2024-03-27
CUS-01071,Lý Minh Phúc,phuc.ly1071@email.com,VwFlf8dq8GlJ6HCDPL5ACqZ1KdYeQJJ8qHZB8I6dG7c=,k2OUnr8bSNNbr+/DJWpeZQ==,VIP,2025-02-11
CUS-01072,Vũ Đức Hùng,hung.vu1072@email.com,hdkvUc4DeOGv5aOu5SM+GBKRtwUzcOtmDlfC4uK4+08=,wxlWN8wmBrG6hDwYy5g6Fg==,REGULAR,2024-02-13
CUS-01073,Trần Bảo Dũng,dung.tran1073@email.com,0LYNwJPgB/zyxfiaI/vp5i1wiqqo1mf6hXmD/MCFe40=,A3f3ciWrgpraCGWYV0W11Q==,VIP,2024-10-30
CUS-01074,Hoàng Anh Tuấn,tuan.hoang1074@email.com,7Rv7LokFqvrZSbhio6pmdk8mKxAgiuarH05pogVGu0M=,9D2qFxAtk0FGRAgRvNLkpQ==,PREMIUM,2024-10-28
CUS-01075,Đỗ Phương Yến,yen.do1075@email.com,x4sUTwQN2rRvyRAysM/aMsXv2y2NNQLePtQW2sNyTo4=,Nk+n/PZu5GJLLsIfBTZhZw==,REGULAR,2025-04-09
CUS-01076,Đỗ Thanh Phúc,phuc.do1076@email.com,blyDBFl+VkcoNc1ghbpOsezLbu0yRaNhCU4OY1A9JPc=,WXSdGKiZM8w2ShrOBIrHCQ==,REGULAR,2025-04-14
CUS-01077,Lý Minh An,an.ly1077@email.com,WTLlsFqhUdKieMMVYkdeX41OphX3gZCiXUgc8Pjaxdg=,4C4NjkZbYNLwYQD/pkysCA==,REGULAR,2024-09-28
CUS-01078,Trần Quốc Hà,ha.tran1078@email.com,of94efDqdxVS5gJc4nXKjv2PnXb8WnURalkQGPdU6co=,j090rwFFHzjoMu4v3+zxrw==,REGULAR,2025-12-24
CUS-01079,Đỗ Ngọc Trung,trung.do1079@email.com,HvRBywtqyxKqObXd0Iwmu359f/NsCfIWl1zVek6c/5Y=,6+56nEpFn2uvbStsvFQveQ==,VIP,2024-11-15
CUS-01080,Hoàng Anh Minh,minh.hoang1080@email.com,OU4iZZYkzCZulYnKfcgCqY0pcT57Pxucs5qP51YkhNM=,1nLl7KJ4VaRRiNWL9lt32A==,REGULAR,2025-02-09
CUS-01081,Dương Anh Sơn,son.duong1081@email.com,/MdkScbWklOblxtXYvE4xDZlvmR1KD3I2h2lDUZ7/TU=,VFbVA3qqb8dFvl/77ilRcw==,PREMIUM,2024-11-17
CUS-01082,Dương Hữu Hải,hai.duong1082@email.com,/LwK+L4BwfQ9AU5uWnL9JpbYkgFKS8Mu8XU1jtqsZVY=,341yK8GRtDj6sUChO21bQQ==,PREMIUM,2025-06-04
CUS-01083,Phan Đức Linh,linh.phan1083@email.com,Cf5fOB0svEqyQv7+J3iGtFDsZP7erjeo8r9dk6xx1jw=,DyZva8GVJg5BNjpPvLRQhw==,REGULAR,2024-06-11
CUS-01084,Phan Hoàng Tú,tu.phan1084@email.com,qQeY4Xd+iYBn7ybfCbsatZM4uCiWZX2N9xjn93VZWSc=,y4wIepXjpWhNSZeOuahckw==,REGULAR,2025-06-11
CUS-01085,Hồ Ngọc Long,long.ho1085@email.com,HOC4YuTy5I7hsHwwbkdJEYnaL8i+lXMzrAc1OD140b8=,0xc7nwaVHAcH8KOsD5qyqg==,REGULAR,2024-09-10
CUS-01086,Võ Xuân Đạt,dat.vo1086@email.com,Jaxdj2JqXEumPTG3QzvX+elOb8J1H14q/xJwXyMUDH8=,m+U0rXE8x6D8O+Fu3GIycw==,REGULAR,2024-05-14
CUS-01087,Ngô Quốc Vy,vy.ngo1087@email.com,KWXd46wwKRiKudpzVJcDCdyG+SGTtV8jyzy8/+1c6eQ=,5i/8NWgQBAvZ+NTiOUS2fg==,REGULAR,2025-11-25
CUS-01088,Lý Hoàng Đạt,dat.ly1088@email.com,1IeTtvXy4YpsQa5JZzvfg6xb2FZSyj36Be+M/Rgm2KM=,fL4luqt6bSemMG7su202mg==,REGULAR,2025-01-08
CUS-01089,Dương Minh Lan,lan.duong1089@email.com,pmMHsVS1Yxuie7Wj/pJJ27oy8QYtxawyNeMl95+a4xQ=,yOOAznijZUg1eR+QlyXeAA==,REGULAR,2024-10-03
CUS-01090,Phạm Thị Đạt,dat.pham1090@email.com,Q05BDnxhkrA2s3FYExHs9luPDfRcLQIxH8JOlU5rEq8=,7C/tljY9afJUXVCvpcBhtg==,VIP,2025-06-08
CUS-01091,Hồ Đức Tú,tu.ho1091@email.com,oxNWC8/X4QcvPoUwhWYSNA/3ticqfQYYVIVtUFGPNPQ=,txTojgBjUYyzALbj58OgiA==,REGULAR,2025-11-30
CUS-01092,Dương Đức Sơn,son.duong1092@email.com,eNaXd+68xqF/dlGMo4suIg6qHYFDP0yuXjGtHYBO4EM=,EI/aSpk9cIG7uqBVS6xhIg==,PREMIUM,2025-12-27
CUS-01093,Lý Anh Thảo,thao.ly1093@email.com,0gt8tlQiHeB6ttnW+NLgLGyDdM4ffmX81QIyw/+LxWg=,jPyBNplsoMnLO6FA/FRVcw==,REGULAR,2024-06-27
CUS-01094,Ngô Thu Bình,binh.ngo1094@email.com,q6/u2hFTs1NUIRUiM1rA1edbkiZaB0KMm2EHLEHP6BA=,/CtU4GAi7KCOOs0h7ubdug==,PREMIUM,2025-01-15
CUS-01095,Huỳnh Hoàng Long,long.huynh1095@email.com,0UhODWIySKna8wsp0neHFUH9ufc1VnaSMk/CQppzEsA=,l3De2ghv1kIqoYZmQHdnjA==,REGULAR,2025-10-28
CUS-01096,Đặng Minh Mai,mai.dang1096@email.com,DvtfY4OZpRgxTy0R4n74vzweQqwSkMf+80EhZeKAGCI=,jNfNt4jT3nAdzZRaRxWXGQ==,REGULAR,2025-03-13
CUS-01097,Võ Ngọc Tú,tu.vo1097@email.com,UFjZyTDpjwh5tungX0koW/9J9B9iji9iRwvg75qO/ow=,8NBZqcvDxkN5tFsrmyO2LA==,REGULAR,2024-09-04
CUS-01098,Đỗ Bảo Đạt,dat.do1098@email.com,8rQxzyXVWKbYktdSAL4Yy+adyEBrCVBplbcewnk5TCc=,IhN5Qe7cGP9x2chp78g/9g==,REGULAR,2024-07-24
CUS-01099,Trần Văn Phúc,phuc.tran1099@email.com,tZdvJpwCXtVMCEe5CwgMEHESYX8zL/8aTadOEbm4ifs=,P3lAr5gDshPm7XsD3U/SSg==,REGULAR,2024-07-11
CUS-01100,Lê Hữu Minh,minh.le1100@email.com,jp0V80CYRyymPHnqaIqnBwscL7i/hkEaap8oUzKiMYc=,bUn5zXysnKMONHgh0Per+A==,REGULAR,2025-07-01
CUS-01101,Hoàng Bảo Tuấn,tuan.hoang1101@email.com,AugwUznlSjAh9P2oIlX17hxxS8vkowBpKqnjtiURiAU=,NXCYFE1+UCH/VwXgKBG5yw==,REGULAR,2024-10-30
CUS-01102,Trần Văn Tuấn,tuan.tran1102@email.com,AB+zHYxO6EpEAcmm9Qt+7MGyvre7rcY4mts1e0hT/WY=,4QFs9RQlF9GaxtfMfqjFzA==,REGULAR,2024-04-09
CUS-01103,Hoàng Phương Nam,nam.hoang1103@email.com,EXf14OJaL3X34xZ5QLdnW4SrIeIf0GYoRGqohd9Z3A0=,nUpJ2GcpXBmEK5KYE5oorg==,REGULAR,2024-11-09
CUS-01104,Võ Xuân Hải,hai.vo1104@email.com,pgvhqMe8zMCxJZXURkENCHiD1rRTKhojTu+1iY3YNOI=,cWTXiq0gg9Yw7m8oFszITw==,REGULAR,2025-04-16
CUS-01105,Hồ Thị Long,long.ho1105@email.com,gpPtRhGhr+Y+Zf0s60MpaY2WsY1gN4qy9Styu2CLQE4=,dNmuwA1wV6owvW6ON8mbBw==,REGULAR,2025-05-11
CUS-01106,Đặng Gia An,an.dang1106@email.com,h8Nqk1Ipt4GtVAFzykbwgWp5ATGiOgIIoTwZBrmHXg8=,Se3yjgaMZdbyvLBHpu75ww==,REGULAR,2025-10-06
CUS-01107,Nguyễn Phương Tú,tu.nguyen1107@email.com,L01VFbFiMC4mdXE5Tfau9e5YSgFye+g8ggbFjV9Hbe8=,viFGzY1+g7prnQC0naBw1g==,PREMIUM,2025-03-25
CUS-01108,Hồ Hoàng Hùng,hung.ho1108@email.com,aMjmjTpjpulIcwqxAK0lnmSL8XYiSSw9NN5qpXxtlzY=,LjkoT7pwknj26zAYTRcE/Q==,REGULAR,2024-01-22
CUS-01109,Dương Bảo Quân,quan.duong1109@email.com,PExhV+Y85ubKGcsZkOucr+WWIemd1pHDpA6r3a/mnkA=,SCSO22pEL5KTqMzY5O6+lQ==,VIP,2024-06-04
CUS-01110,Võ Gia Mai,mai.vo1110@email.com,m2TP9ivq4QoksEaVnwMyI//88AfeywXKgj5f88fm4PY=,/hpPa4zZlOtQcKIrIYl+/g==,PREMIUM,2025-11-17
CUS-01111,Huỳnh Đức Hải,hai.huynh1111@email.com,wvjvHt+gmM8g8SoqUYOnYOX+mCzN9vjkah58Y4N2NNE=,sf6pleFZac5sKHNyaUlpLA==,REGULAR,2025-03-23
CUS-01112,Hoàng Minh Dũng,dung.hoang1112@email.com,txYnMOyxbdVYXV8yFEECdokcZK3vq6m7nA4fs5gh2XM=,kxnQYzz2ImoapOY+g9MaqQ==,PREMIUM,2024-12-29
CUS-01113,Huỳnh Quốc Hùng,hung.huynh1113@email.com,krEeySnN/fk+QbQScP4fMupq1YcFZZtayt2xEhz0TOQ=,QuVUjbXbCyJvOqn73h6UYg==,PREMIUM,2025-07-04
CUS-01114,Vũ Quốc Tuấn,tuan.vu1114@email.com,GBq9w4UcMRBhYG0VlACtqTg11D1XhaCMtQ8Un30jFBo=,SAjtVesl9zsHw4Q4QgJwZw==,VIP,2025-04-09
CUS-01115,Ngô Thu Yến,yen.ngo1115@email.com,AlzsH9vCXpjAtc5Dovfc6NlNi1smWK1+cwywPE5xnJ4=,dQrhq1UvjCfBRmnDDikTzg==,PREMIUM,2025-02-08
CUS-01116,Bùi Thanh Mai,mai.bui1116@email.com,7YK2x3ZIuUU8UF+tJhqHbfmVF9kj5mkQiiBJIRqVjGk=,0FgtPkaX+EeNuHJKkIOwDA==,PREMIUM,2025-10-23
CUS-01117,Đỗ Anh Sơn,son.do1117@email.com,fbvEscaPydBTqKgv6DFM9odGmWPz3Kumect/TJ74F0g=,FIT0qKslaPfk/4N3vlmRaQ==,REGULAR,2024-12-09
CUS-01118,Hoàng Minh Lan,lan.hoang1118@email.com,xJ6T241B/ZTYh1QB7kdyOxIAUsxZ+x1/vIg4z0Py5nc=,a28sQYUk0YNX6wujP2PWuA==,REGULAR,2024-04-11
CUS-01119,Lê Quốc Đạt,dat.le1119@email.com,KfxNCeoaGo0lhMIkmKoxTUkAYVgigmnLxTLSm8C/Mok=,f5VOBO9jCWExdAdeyQm+eQ==,PREMIUM,2025-03-12
CUS-01120,Ngô Phương Lan,lan.ngo1120@email.com,qhC++JvUM4ksJpBYcfjUkaZNphgwCaS6NrK8BTF15fo=,JYfciV+GmFRDL9eIWWDWVw==,REGULAR,2025-10-05
CUS-01121,Võ Hoàng Vy,vy.vo1121@email.com,viG1DAXrpjLD2qb+Mjt9EG3091vQlwKwzHQ4Z+/JaIU=,m5vBHHJo7xpbSK25k3RGhA==,PREMIUM,2025-06-05
CUS-01122,Hồ Anh Minh,minh.ho1122@email.com,OC/l7YWbjfSAO6aHw66cqvykhzv6NJGzmbDBEj5NJbk=,Kx0S8sc6FVBWl7VhVRXd5Q==,REGULAR,2025-08-11
CUS-01123,Hồ Xuân Minh,minh.ho1123@email.com,SXfBACvnpFrUpH70yCIDUiMYGyalvm00eGCSs1Vx0aY=,fKZCvJKsnuYfItWmYM/Qqw==,REGULAR,2024-08-26
CUS-01124,Đỗ Anh Mai,mai.do1124@email.com,wjOwXfxRg5p3+iBRO2ILRtPPg+238UUGS51Xtq2R6yM=,Hr7huuFy+v3NpkKCPpYElQ==,PREMIUM,2024-04-22
CUS-01125,Bùi Quốc Tâm,tam.bui1125@email.com,LPlNy7+IOdIgGLkwQslV+hIGtFo9GyTvS+fjA+uVF/w=,N8xj9LJKH/cehTDchaSh5Q==,VIP,2024-02-01
CUS-01126,Phạm Gia Hùng,hung.pham1126@email.com,ULMYGlBMzuMIyrfBZinhYUxCTqR3uhUNVVyiOWYicac=,ylFNJ8agpcJVODt06+CXog==,PREMIUM,2024-08-13
CUS-01127,Đặng Hữu Mai,mai.dang1127@email.com,dRQZ3b/3uimDP02gxjCL94sEz2yIUItJ59rdr1J0AOk=,cbar2kWeiA0o1TXwDWDMKw==,REGULAR,2025-02-06
CUS-01128,Lý Hữu Tâm,tam.ly1128@email.com,iuI8fl12m7cyBEJAXiHIVX2DXWrJbKarbBCrCprXsM0=,r5R1bCZ5toZ0xUG2vh1FAA==,REGULAR,2025-12-27
CUS-01129,Đặng Ngọc Hà,ha.dang1129@email.com,jt9LJRYdM+G2Xq0uvkL9XndJ/1476nPXKT1APkZuLWk=,K3GkWavUszEpEretP/+nDg==,REGULAR,2025-08-03
CUS-01130,Phạm Minh Yến,yen.pham1130@email.com,36g+faUOV6g0z3n4/YvI7tktoQjj9a6jQyHNWT2yBNQ=,Nnzya6+UsasYPHnJ2GiccQ==,REGULAR,2024-07-02
CUS-01131,Đặng Anh Hùng,hung.dang1131@email.com,nuchafuilwcaG8RalpkDH9FWtwBwCLomqiJ5hZA+z0A=,vH6QrGe8d1P1D4xKi65FKA==,REGULAR,2024-06-12
CUS-01132,Lê Thị Linh,linh.le1132@email.com,ZwxrWIeA9LX/maDP1UWW5efM2t1AJq8U9Gf/4z/p8I0=,n8sk7jC3Swvzf5DopiSS/g==,REGULAR,2024-09-18
CUS-01133,Phan Ngọc Linh,linh.phan1133@email.com,qCssb+4roLLt8gZvXQVME59j8hGck6iXBfaH/8vNot8=,kgXPmBNtsguiXQEe/t3mQw==,REGULAR,2024-08-22
CUS-01134,Hoàng Quốc Linh,linh.hoang1134@email.com,5cNb8YdW+Zug3hCqYnDCnzxVpzjjIUHmmVokuCYBsyE=,OW52KhDhA035LihfxXudfQ==,VIP,2025-07-12
CUS-01135,Nguyễn Phương Nam,nam.nguyen1135@email.com,YHCWCSXkjJh0zTibFunY9rJAuSDiLIl9XNi4RlTSGEk=,FrZuM5TOj/voOTO53rJgwQ==,REGULAR,2024-03-06
CUS-01136,Dương Hữu Tuấn,tuan.duong1136@email.com,eln0SJyqJdWZR0JGYCi+43IXyyYaWX0T7MbQ57QaI4Y=,lKsPQnpaQL9nKTT6ZAfFQw==,PREMIUM,2025-04-14
CUS-01137,Đặng Đức Yến,yen.dang1137@email.com,cU8OwGbWVZ3uiEg+Debas0NAWKGn/JXFv4blsX5FICk=,kF3atMLnH/xnE2s7f15cVg==,REGULAR,2025-05-13
CUS-01138,Phan Quốc Hà,ha.phan1138@email.com,+AdBSAR5EaYNz5YXOaaTGNYDWE09+MrD+aozqyTeT9k=,5nLIghwUE3EH2qk/WVxOow==,REGULAR,2024-05-18
CUS-01139,Lê Anh Minh,minh.le1139@email.com,VtzXNwA9kec29TsgmOFBM34j4z87A5ulgQ/4fFqjg/o=,3p76FFk9OuhW2b5bRo4cKA==,REGULAR,2025-07-01
CUS-01140,Trần Anh Sơn,son.tran1140@email.com,ifxvcEbxgle5W2FsEu26FbWhXVcy21+J1c3XkuirDUc=,kkguCUsDGnXEM/wSXynl/Q==,REGULAR,2024-07-14
CUS-01141,Nguyễn Ngọc Sơn,son.nguyen1141@email.com,Dy2CFMpeL5RKIruDo2gISCdsdMXvEax6+DBQRLTpH24=,pP9fpXzrQCjuWiEnb6kmCw==,REGULAR,2025-01-29
CUS-01142,Nguyễn Thanh Tú,tu.nguyen1142@email.com,bYTr+nJLB7bToiYai8nf2Rd+20RDm7mZw00Jr3YwaX8=,h/oZyxeGvqqLqFPy02AOCg==,REGULAR,2024-05-16
CUS-01143,Hồ Xuân Chi,chi.ho1143@email.com,CDu0AXYv7XCmHiSdfFSZ5RKGRZykIW4MRFAiXMkQvz0=,QMkajn0JzQkxbGHHNsOl+g==,PREMIUM,2024-03-13
CUS-01144,Dương Thu Phúc,phuc.duong1144@email.com,GE4fk05ARWYO+2R1MNgwleLtRgXyXZ29W7dUP8yt6aE=,NK1xrQ/2uac8AGNBRedELg==,REGULAR,2024-05-28
CUS-01145,Phạm Gia Linh,linh.pham1145@email.com,2NqNSVnDbe8bJ4gkYuOkfEtxYVdtj5TcnOcHvuE48jU=,spvH7jOtATwBn1Ga2fjnaA==,REGULAR,2025-12-26
CUS-01146,Vũ Ngọc Hải,hai.vu1146@email.com,OWJ+xhDFfN5OUJF97fUAc81XQwEl0qpGaf236r/jqCE=,TUUtQYsSdmjy6mOeW78NJA==,PREMIUM,2024-03-06
CUS-01147,Bùi Hữu Quân,quan.bui1147@email.com,8JSfg6vt7uE6+lxbnlt98jSlIz4/a8nCE5ac+jbpMhM=,4OxX1HlnkPZFu+wFO9CRPw==,REGULAR,2024-11-23
CUS-01148,Lý Bảo Bình,binh.ly1148@email.com,29M0ep7uW85veMvNmpnUrYoLSpNcLwtTIo4/A64+Idg=,wscO0Oac1qZcHlVWGw8TnA==,REGULAR,2025-02-13
CUS-01149,Trần Văn Hải,hai.tran1149@email.com,K4csTHn0dHPiUdFmBIlQUhO+cC6VGORAwTQLKroZ0u8=,pKLCDueBMUZqCyLEIEePow==,REGULAR,2024-01-30
CUS-01150,Bùi Thanh Sơn,son.bui1150@email.com,hwSwrjt+8MIZZGsUpytLjtx0VRPLZUdVwUUnOKaUsMs=,TDNKM0HfKL8vkX75a+G5Bg==,REGULAR,2025-08-12
CUS-01151,Lê Xuân Quân,quan.le1151@email.com,fRB4y/Ujj9bGmwZSLLCeKx4dO252jtkE2wxquaBLbWU=,nTsQplEU58YmwUJ1OY6xMQ==,REGULAR,2024-12-05
CUS-01152,Phan Gia Nam,nam.phan1152@email.com,OK6VcqUD/p4CBN3idXPwwZBs+g6Xd+ufW2qFYoCjaB4=,EdwNlZPA+AExZr7DeVMshw==,VIP,2024-06-11
CUS-01153,Võ Gia Nam,nam.vo1153@email.com,NWIZO/KwXueMrREDNbzTX7DVvZaHIjiyGRqIhNdMbyc=,VCnjLqKoV3H8NzPKnVK+NA==,REGULAR,2024-01-05
CUS-01154,Hoàng Thị Nam,nam.hoang1154@email.com,3Vb8rvI2E8H1qCQTYBWTDFwfmIFIFUsiRSLQaIkPp8Q=,SLPCYRECCuhSIZVvy5ic/Q==,REGULAR,2025-11-29
CUS-01155,Trần Quốc Hùng,hung.tran1155@email.com,LPgU/gdEJK39FHBnZVgbU0lQ63gR0g4J78mZ/IfHPoU=,AXuI94coApyGM1g9VEI/JQ==,REGULAR,2025-03-01
CUS-01156,Dương Hữu Tú,tu.duong1156@email.com,zZ/gvgUu4sBl9xmCeI6aTJgZVNjUggx++58gtqHOaZk=,V4zgDtMQCbXJ+xMdkj08dA==,REGULAR,2024-12-31
CUS-01157,Lý Hữu Trung,trung.ly1157@email.com,Oxki0upD4MK5cl3Skq4KiMhLg5neMzIz33gPI9d9Djg=,sec726BlDejh/2voGj+/qg==,REGULAR,2025-09-30
CUS-01158,Hồ Anh Vy,vy.ho1158@email.com,o/v/XIehOIkbmvCvHAFLP/DNZCHbuIE6KPuNG8iWESE=,/72zKxgpHCgTkMDRpzDZDA==,PREMIUM,2024-06-05
CUS-01159,Dương Thu Chi,chi.duong1159@email.com,1A4VRPKC9vnBD7zQAuYKaA7DUch0VV7zcLu7tMYj+Ss=,7QHxQpuAyN/EpoyCpAM7Zw==,REGULAR,2025-06-17
CUS-01160,Phan Phương Trung,trung.phan1160@email.com,LKC7UPdFxFOxuLvyGzEaBCSE2F+AsiOF3HqBLWZbmCc=,RL2ObrxuL+EZrL8yfyMlmQ==,REGULAR,2024-08-31
CUS-01161,Trần Anh Chi,chi.tran1161@email.com,0atMUebOwCDE114piqyU1Xug7M25X0Rve2Xy6/sf58I=,+smJTE8U9tzwjfVU/OLRNQ==,REGULAR,2025-12-01
CUS-01162,Phạm Đức Bình,binh.pham1162@email.com,HeCZV21rvf1+1DdcebdBiVllXV9nK1iGybJK5ru0SLE=,71KnNVpap/uQyRpChVR7gA==,REGULAR,2025-10-30
CUS-01163,Huỳnh Phương Dũng,dung.huynh1163@email.com,+w8yhWOpPBKPz0zLplM7t2iTqpt45xLv63Cl77Ebuzw=,Ww4CWALvkG/Ak10hZJ1Qvw==,REGULAR,2025-04-12
CUS-01164,Vũ Gia Vy,vy.vu1164@email.com,k/+YtkuHVJ3sat2XQ207iHDnA5cAm5LKnGiyMm1Xa8o=,iMqthsqTJs4lPR4DBRYcpg==,REGULAR,2025-07-07
CUS-01165,Hoàng Minh Thảo,thao.hoang1165@email.com,uNmR9vMg/c3ZxG5Y8JPR2G1nv8E8WdyBrdzjg7g+x8Q=,4VPL5m9VWsc5XORdS1TtNg==,PREMIUM,2024-12-12
CUS-01166,Lê Quốc Hùng,hung.le1166@email.com,LH6rpTpfFB6wIKqIgjX3BFvawjNv0FRv1niipUPR2bM=,7suEGko6Bh/1/890YOZJTg==,PREMIUM,2025-04-16
CUS-01167,Hồ Phương Tuấn,tuan.ho1167@email.com,HKQdqkWe/iXXqyN3Gd2s75uMtce7K/VdHmCB6+hubRk=,hXj3VzZkRc6PkGMKCA5Psg==,REGULAR,2025-08-07
CUS-01168,Đặng Ngọc Linh,linh.dang1168@email.com,4J7h69PbpdJ+AN/waey98oh0WQsTKc6kjTNnDAYqz2Q=,bcm0lI5swtgO8uFRNnBrrg==,REGULAR,2024-04-02
CUS-01169,Bùi Quốc Tâm,tam.bui1169@email.com,o8Bf6bLgQKUna/1FVvkFa9BNWPLVx2VGv4Q9ZVOdsHA=,FeeWr3jmxk+lq8UNLk/VgA==,REGULAR,2024-11-16
CUS-01170,Trần Đức Tâm,tam.tran1170@email.com,0F0CA8jCUzzzsTOD/cF96Qb80ps+vmYAkr5mWZmI+DM=,C+gqf60jXGXzkLKw2+d/gg==,REGULAR,2025-05-27
CUS-01171,Lê Thị Yến,yen.le1171@email.com,XyJdx8GVQztOPEXwqIcnkXBwVvqAFQmMjPHa6ZUbIqw=,jl6U6DsH7lzkmYV9dwDSsQ==,REGULAR,2024-05-30
CUS-01172,Trần Phương Tuấn,tuan.tran1172@email.com,hmpIl10uBLE4wtyRQQueO5hNqY+qSAUetf5lIgmYPOA=,NgCdBqd5KtNBRejOa8kATQ==,REGULAR,2024-06-17
CUS-01173,Vũ Quốc Lan,lan.vu1173@email.com,5r6cAD1+oxAsuqyO7la8FrXtR8weQSsynneQ+apvPuk=,YCUHcAaK4YEhv0oDv4ymqw==,REGULAR,2024-01-08
CUS-01174,Bùi Xuân Dũng,dung.bui1174@email.com,xldyJMYWXAL+8mygtrsesMR52Q2XJmTgdtSS1AnJHK0=,8nd2De2L32QNy7IFykHJmg==,REGULAR,2024-10-30
CUS-01175,Trần Phương Linh,linh.tran1175@email.com,TVvhO6Q9cTfonQp8gsvp7i8YuksUjN6e6MJPNvbX9+Q=,9ELWNHM+ndBdYuxHp0D88g==,PREMIUM,2025-05-09
CUS-01176,Đặng Gia Tuấn,tuan.dang1176@email.com,gLP1fW+0vtSFCxYdA9wgtXXDbPJDqq7zbv7mpaYSvVY=,hSOmGhgBl5TwYXNuYM4Upg==,REGULAR,2024-05-03
CUS-01177,Trần Hữu Vy,vy.tran1177@email.com,Zhs4dUOCM/iFkxyXOQuAMEHJEKVFLsyUnoNrZoJskUg=,vofsyQYHOO9bPvW3v26AwA==,REGULAR,2025-11-16
CUS-01178,Nguyễn Gia Long,long.nguyen1178@email.com,11ZiKb6GPsG07pBTRkva2dyKdsRz+sMV662WORdulvo=,yAUu511RYOJzrvZZnGRoPw==,REGULAR,2024-09-02
CUS-01179,Bùi Gia An,an.bui1179@email.com,5zNm41HvlO+8GMFbkQPBJ1qiaEYp/Uszqel40gW0gsU=,unTSw6MQFvhQcAfgQgVwNA==,REGULAR,2025-08-07
CUS-01180,Hoàng Đức Quân,quan.hoang1180@email.com,TEAGG9Y8X8WfLNpPdy6fYkaUtkuCq2EzpyIL3M9rQII=,O4J8DAOubxYCNulMt+csww==,REGULAR,2025-04-09
CUS-01181,Nguyễn Thanh Tú,tu.nguyen1181@email.com,6lx9fBepNwTo09wqBsYaVuzy4u1iTXaxxlVNTPXyDHA=,SHHKXicr5vJHF7xKHqx6Qg==,REGULAR,2025-10-03
CUS-01182,Huỳnh Thanh Đạt,dat.huynh1182@email.com,M5T4a8lF/8/jesxk6HcxOpeIIdaAdzbKEg9xL1/dAX8=,qCzLGwXIp/Mx2wUhR/U1xA==,VIP,2024-12-13
CUS-01183,Phạm Thanh Thảo,thao.pham1183@email.com,vj/XnjCwmnTX4YqHNt0cmVfgvLlTwhUImln2N+lKYdQ=,LpD1atkji95jnnnTxSXMqQ==,REGULAR,2025-07-02
CUS-01184,Lý Quốc An,an.ly1184@email.com,Du0sSBU9p+s53tlXqid/i90AAiuhuedLK8zB5Qpjaps=,pP4TTtrPGh3Dke+4SDc+Tg==,VIP,2024-04-20
CUS-01185,Nguyễn Văn Chi,chi.nguyen1185@email.com,GW3CLW9RL+31RqFJQB6aA1exrQ6e3ioREyhqwt9pAlU=,Tt3vvQCo51ZVRQDhEDjg9Q==,REGULAR,2024-10-18
CUS-01186,Hoàng Phương Yến,yen.hoang1186@email.com,QzSvX43s3DxucVG3RxJ+PApN2rbAsZYJUKCP4hVPsIk=,3TOaOja1vkgiMm4OI1C2Dw==,REGULAR,2024-01-23
CUS-01187,Hồ Văn Tú,tu.ho1187@email.com,CXxQO24p3paoK5z1ergwyE4KrlxYT0qY7hFPrDwAeeI=,JErQ+1sGc1nF3IQX3PfJBg==,REGULAR,2024-02-05
CUS-01188,Lý Văn Trung,trung.ly1188@email.com,uFd7YbXaEZwkM2+c6cSZAYxwcw7fNlVlnsSp6O5eSwk=,F3FGN9jLxyXVywp3zrMFiQ==,REGULAR,2025-05-22
CUS-01189,Vũ Ngọc An,an.vu1189@email.com,h8H60ebsbw1PSvZSK1Ywnsur55tdOd3vYwRv0dx5Od4=,6Tis8jZLaVFaIxpxgeicow==,REGULAR,2024-10-18
CUS-01190,Hoàng Văn Quân,quan.hoang1190@email.com,7c14VI6zBQYZ94HQMkfK5Mtj75cjdfZJ7E2mWpxvhyo=,fAf+4kVTybWhLjBxxrgiIQ==,REGULAR,2024-02-04
CUS-01191,Võ Thanh Chi,chi.vo1191@email.com,X0QajyyclscrmTbJPGFF6irRZR5lhfc+HZW/e3cIdvk=,jvMMnnJy5AI3KlNUBoNFRA==,REGULAR,2025-07-16
CUS-01192,Đỗ Anh Quân,quan.do1192@email.com,YTNHZB6Q2imbkabyhR+bydbzbIMUpPadKiuTTD/KD4U=,Ka6/J69Bl+b/rB2I3cUp6w==,REGULAR,2024-01-06
CUS-01193,Trần Xuân Tuấn,tuan.tran1193@email.com,gJ+z6oLANYk3zUde5+f2nZT9E1I8uGllss7SbgHpTgU=,pf1IO+rxbhw8zEbsw2z3Bg==,REGULAR,2024-06-21
CUS-01194,Dương Xuân Quân,quan.duong1194@email.com,1Hg7YpVnsF5JUbG47eTzbhXxxRIqPcjTgkqdkoSESwU=,x6/eF3OF1DpSGOXoU3ISnA==,PREMIUM,2024-02-22
CUS-01195,Đỗ Hữu Yến,yen.do1195@email.com,+m769r2BICiOvNRdDRAeY6tEf8bl/Aibu0n3ZIcCzKg=,CpKb3NaGlMdKMPDaV46JSg==,VIP,2024-07-16
CUS-01196,Lý Anh Hải,hai.ly1196@email.com,lglEj01odpWPLXADf857uOKTzFTSs3+aOeyiK4ufkBU=,F87pYsSaVp4xaNzDo98h0g==,PREMIUM,2025-03-25
CUS-01197,Đặng Ngọc Vy,vy.dang1197@email.com,yDP4jpZFBChczhi3MlEtWPEeUY8+/wG3tqtCPb5e5Gs=,HETcdd6U/hZdQeZ2dfT0KQ==,REGULAR,2025-05-31
CUS-01198,Huỳnh Hoàng Nam,nam.huynh1198@email.com,MOv3o0tHx6lkPTMh52+ZjKTMz7J/27A9zIjjh2yQ2ro=,Xpj/bthvc5jkpVvnjKl3Ig==,REGULAR,2024-09-07
CUS-01199,Dương Quốc Phúc,phuc.duong1199@email.com,mhyk70IETOejPMK5qhKq5L3iXN4SkHgBrofR003uBBA=,zWH41h9pmthTCZsC+top4A==,PREMIUM,2024-11-20
CUS-01200,Ngô Thanh Lan,lan.ngo1200@email.com,fbMR5/Z866IFCqjTL4n6iN0illbDHjxS6INbB/6R1Ms=,hjkKkj1CMtWfYoZGGPkj3Q==,REGULAR,2024-06-28
CUS-01201,Huỳnh Quốc Yến,yen.huynh1201@email.com,O6SbYqhq18MlfHUyhaim+G2JCMWt/julGNDuiiNk3Og=,omJMLiHLv0D/b/g0K7XkTw==,REGULAR,2025-09-16
CUS-01202,Hoàng Phương Tâm,tam.hoang1202@email.com,lZ/j+R+afBuWezAUseojPiHsVBHS8dQb6PdhDcHdgEw=,XPP4JZGN0y2gjkEpyvJ9Qg==,REGULAR,2025-07-04
CUS-01203,Ngô Đức Tâm,tam.ngo1203@email.com,IjdoYGIigEHwLSOic6yJYOE7vN+nAlF06RvE1X1Biec=,+XBLrHMODotQ1NFmcBmu4Q==,PREMIUM,2025-02-09
CUS-01204,Phan Minh Đạt,dat.phan1204@email.com,v9ObSQGLSx79/jdF9+W0cM8c4uPZ5nC0nYqOUupo9DU=,hrkZyREfAtfsSsOvBazqdg==,REGULAR,2024-05-20
CUS-01205,Lê Quốc Chi,chi.le1205@email.com,ItE37cS/FN9BUu4N/xeeR7nc6mGhE+f5rt0T9GLZyc4=,0+eXMy44t5WeXCRPG0G4RA==,PREMIUM,2024-03-10
CUS-01206,Hoàng Thị Linh,linh.hoang1206@email.com,l4F+I7iOMrIjCp9b4q3XZBkbfi4S5I0yRXsW16DIHUA=,m4Dwga9ql4PCvnPhZxbSqg==,REGULAR,2025-08-09
CUS-01207,Hoàng Anh Lan,lan.hoang1207@email.com,iK/75IZqzFsMBVHd9VGvpHp/494nTAfrBtZQEt9NHus=,keSiMMlpHB1Loq6gacRi+w==,REGULAR,2024-11-18
CUS-01208,Dương Thanh Phúc,phuc.duong1208@email.com,TYgdN9kPlViQfsKA9KK5viISI5ggirVKQ2hyt+2IAIk=,GMkRpfFgqrMdgZkB7yhklA==,REGULAR,2025-06-02
CUS-01209,Huỳnh Thu Vy,vy.huynh1209@email.com,/dHtuZtLLHdxO4V89MZUt/T3w3lBMZs6AEU+TVj/950=,8sDoUbjCwh6YRgDBjX5+7A==,REGULAR,2025-07-08
CUS-01210,Ngô Quốc Dũng,dung.ngo1210@email.com,NHIEwyQUkR6LlACn/nJcF4E4m8nzXKW7UNKynRymrRU=,UhMkAalu3ndRncdaO+M9kQ==,REGULAR,2025-12-08
CUS-01211,Vũ Đức Vy,vy.vu1211@email.com,ddqXYY8EpbVSXupbK7ac8jCCSVmOBY4IMZqwJnKUCUc=,wcXuiM9g6dJ16WYrR49zsw==,REGULAR,2025-02-12
CUS-01212,Phạm Minh Hùng,hung.pham1212@email.com,v4gAPV1IhRgov5bK0Uuy8NScT6OJH6rErEPq4XI8Mtc=,oEfhObyeIvTinCbyoXb/MA==,REGULAR,2025-10-10
CUS-01213,Đặng Minh Hải,hai.dang1213@email.com,eeMhAiBmzXItu1eDAcw7XrLlnumRZRidm/11tVeWLIc=,8j4aAOCSXQs761NJRekdkA==,REGULAR,2024-07-01
CUS-01214,Lê Hoàng Long,long.le1214@email.com,hzSh+0OxvE7NEBEmXLojBSp1vUGB9R4kk/qWZP3gLUw=,6/QUabREj7IvEfaQBvtbLQ==,REGULAR,2025-03-08
CUS-01215,Dương Thanh Phúc,phuc.duong1215@email.com,2IRVuCPzd7lVgAhvHrrorHqdaYxk/tFZSo+oQJN8IzA=,LXJZLso5jP+lhwIe7wNQkQ==,VIP,2024-05-15
CUS-01216,Phan Phương Trung,trung.phan1216@email.com,KD+u5MR5fA4DOBpkGpPUYkQATnyiOwjeuedD0r/1bGs=,XFjRvO8+tCc2Iy7dz+mIjg==,REGULAR,2024-09-19
CUS-01217,Lý Văn Mai,mai.ly1217@email.com,p4+oeyli2O0//l/SFRCQLT2ZehaP1dFgc8GJpNTgM8Y=,rhLYlMab7SO6bIStcSIqfA==,REGULAR,2024-10-04
CUS-01218,Lý Bảo Minh,minh.ly1218@email.com,/kXdWnKyvsvhbJD4yiXfqN5ULbljUuhQi8L3eTn1o1o=,MJFIPQg0XDiByOE1kIwU7g==,PREMIUM,2025-11-06
CUS-01219,Lý Xuân Long,long.ly1219@email.com,ypaQ05/aJ6bmw0Lrp5bz9zQ7H3IcqzHnQ50/J1IOkIw=,MUocnShYSNpCN3R4bWwrbg==,VIP,2025-11-28
CUS-01220,Vũ Hữu Hà,ha.vu1220@email.com,EKuJG3vmAG0k8eA3XKG6OBsMAfis7qRH1gt1v31OCXk=,keQMf9M3t/5G0vqe1jWFZQ==,PREMIUM,2024-10-25
CUS-01221,Trần Phương Lan,lan.tran1221@email.com,vNjUzNlVoT4KzLVD92/hRV3moPM5ikpbsd+UYURw46o=,HL1/7vbcYDUdlEdygOilwg==,VIP,2025-12-07
CUS-01222,Phạm Bảo Thảo,thao.pham1222@email.com,VAhyux8fPMhgry0KG9k8v73TC6aom2KJ09RL7KrAblY=,MffCNAq2ayJOwABNnv02rw==,REGULAR,2025-06-30
CUS-01223,Bùi Anh Long,long.bui1223@email.com,StBR4A9rpnyixg9uttorfeJ8wBzsi83TOcqsjBHQ04U=,R01Nv/jcbecbtRQL8EfExQ==,REGULAR,2024-06-23
CUS-01224,Dương Anh Linh,linh.duong1224@email.com,YcuRWBCVal+R39K1+RMgfuEheTO6p7NFp9k72a9baj8=,DMtq1Ea2DvMpfH0nH64lAA==,PREMIUM,2025-07-11
CUS-01225,Vũ Thanh Vy,vy.vu1225@email.com,P/2p63nPmdqr58Er9cZKK033rJF/Iaq5z1S1mTmXshU=,4mqXyyDXidpPrTkLAOhUtA==,REGULAR,2024-09-25
CUS-01226,Võ Thị Hùng,hung.vo1226@email.com,Tf7t37RWW7CrwTb0YwyjLZZBf0cT72ECm15hTYmmjQM=,c/I/A2GDk1lTear2DKiQJg==,REGULAR,2024-06-14
CUS-01227,Phạm Đức Hùng,hung.pham1227@email.com,8mVnwC3rdcHyDgeI1RWBKEgdHCwUai4segJt5oaRexE=,8/71sg+HFWoJyCMTBnsogg==,REGULAR,2024-08-28
CUS-01228,Dương Anh Hùng,hung.duong1228@email.com,P7yq5ZMalRo29JBG6thjbqjiaAUXKWLrAtpi9lx4tVg=,lfcUr4fHKK0EafIvfrNYGw==,REGULAR,2024-10-14
CUS-01229,Võ Văn Vy,vy.vo1229@email.com,GvzP0YjRNLJT6a9tUWweUKRKD99QCE7wkzCEwV7NJRY=,NqEWXbRVgTOk3ORMK4ORzQ==,REGULAR,2024-05-03
CUS-01230,Đặng Thị Chi,chi.dang1230@email.com,rwT1x3FcX4VmPlr2RhhWU8Ok6/1IY186qUmdD52HLgM=,OcUj9Q9SFktQaU/GRv+M4A==,PREMIUM,2025-02-17
CUS-01231,Trần Thị Sơn,son.tran1231@email.com,cUIaqLdkXF+YMEa4bsj00GjIOudE+XmE4kEMT4EyjKA=,2gPmb0uUW5eiR8LphfA22Q==,REGULAR,2024-06-02
CUS-01232,Dương Minh Tâm,tam.duong1232@email.com,zMMKPUylAzNDc8SXJ0qUQy+P6RQ2pCbmdQU7fF9rGSA=,AyDl2ErKaiX0R6qtsh6CxQ==,REGULAR,2025-05-12
CUS-01233,Trần Hữu Hải,hai.tran1233@email.com,AX8V+hbD8DeuDceLIJQ0/L6RKuZZQjxjvf6xbX8xtlg=,KGVZ1841UYDYwcuMxzAXhQ==,REGULAR,2025-05-18
CUS-01234,Trần Thị Hùng,hung.tran1234@email.com,K9y0Xr/qcEf+RYeelTHQnJWcj+6XWgAWtuGdJFYb+6s=,dloTqGQOeTCSau3nKrYoLQ==,REGULAR,2025-07-15
CUS-01235,Phạm Văn Hùng,hung.pham1235@email.com,1fsyP394Ad8uA7DJ0k7m8lYN8tp+kIarCp8oMrfDGpM=,hLBcdeLP2C+y352faHhLng==,REGULAR,2024-09-26
CUS-01236,Võ Văn Yến,yen.vo1236@email.com,awjq+RNyD7uZtTK65uq6Xt68NWu/R17hUJtD+qmdDPw=,S/Mif11plC/Rq+UyYx/5yQ==,REGULAR,2024-07-22
CUS-01237,Huỳnh Xuân An,an.huynh1237@email.com,amIfPoPnbVsS349g6098XE1d+bZyVMHQO3yisofIhkE=,0pBVSM/zGE/UFsJwPSHyGQ==,PREMIUM,2024-09-10
CUS-01238,Hồ Văn Hải,hai.ho1238@email.com,MftQPhc2R3d0JPSpnstMRS8H09twzB3i26I38+Ts6uo=,Clyj10BF+5KoQChT4mt9XQ==,REGULAR,2025-12-09
CUS-01239,Ngô Quốc Phúc,phuc.ngo1239@email.com,tA/8u11xgM0BcgQ9LCHzGOwLUP1WO1t30JtyOO99Hgo=,Ri7wzQ+NLOohMYW9vZzoVg==,REGULAR,2024-01-16
CUS-01240,Đặng Bảo Dũng,dung.dang1240@email.com,CUC4FZLG9LSS0oEmcuiceFoa/1De7Ep5lmtqx5SI7tA=,xsWn6LKHGVUv6DRfK+8OAw==,VIP,2024-07-10
CUS-01241,Phan Gia Minh,minh.phan1241@email.com,rEuuvcgMd/qCLGa2lvxaTxCcgYkGhCrLZ7ad7vPN3EY=,Pu/LR04ROLrtls4beMTOhw==,VIP,2024-03-27
CUS-01242,Lê Hoàng Long,long.le1242@email.com,nCEk7voHvJXLFItVNdrRgDRU4nud/XKQXObDXNYhxSY=,Dbb1brSneOprNuFSHE+fqQ==,PREMIUM,2025-06-17
CUS-01243,Đặng Thu Bình,binh.dang1243@email.com,9413B/qs/toUtd0SnlnmwWI6VtFlIcmPXS+fmyhMLgo=,G5Cbmc20tMFw0dAqDadYfg==,REGULAR,2025-11-08
CUS-01244,Vũ Hoàng Hùng,hung.vu1244@email.com,OEMG9QNTg012pa81iysOQHINfQT3bRCndiS4/wSzs/U=,TmG/S9dTYo9k2qZrDCSD9Q==,REGULAR,2024-06-28
CUS-01245,Hồ Quốc Quân,quan.ho1245@email.com,2GfDQEI0QRO8V006+hGDXmCXvaM+M7k84kMAFD/kIYE=,D6ISH3LovWZRLyMwmHK+4w==,REGULAR,2025-03-12
CUS-01246,Đặng Hoàng Hà,ha.dang1246@email.com,C2tFkzdCTBC+R4ZVUvC7IdatkeKNtAUBMWEdKu2by9g=,U6ifyzcTDy8mwCDpsDPF7g==,REGULAR,2024-04-18
CUS-01247,Võ Thu Tuấn,tuan.vo1247@email.com,RTLET5aOeZTkMZJHwcqUHoy2WQDqaYzPDI+si/Fq7pg=,h3wQZuqH9GaYgJNRI50ItQ==,REGULAR,2024-04-07
CUS-01248,Huỳnh Đức Hà,ha.huynh1248@email.com,7oSxYM4nzrlBpt56ej1MVHFLOWfu3jHUuDBJ+juDN2s=,bsD78qFMEvNScz1LROmrgA==,REGULAR,2024-02-27
CUS-01249,Lý Anh Long,long.ly1249@email.com,EgOyAFavxdTwRn1hQUQ5z57DO6NQGJ55gu5EkgMbbKU=,A4y3ahgwtq6xQ7gR4b0GVQ==,PREMIUM,2025-04-07
CUS-01250,Võ Anh Vy,vy.vo1250@email.com,+pXdr1J/HGbyvUCjsZ9XSntflGDAimtWQQVrOCQBzrE=,b/KEtEojQRrPGmi9fOwm2w==,REGULAR,2025-08-18
CUS-01251,Ngô Thanh Yến,yen.ngo1251@email.com,IVT+sRK+TXwf9+i/nqQobsD5dg6OeP0iW/AVqHQEEYE=,Az8Mve9QPSGVzS9Sp+ERUw==,REGULAR,2024-06-10
CUS-01252,Đặng Anh Thảo,thao.dang1252@email.com,wz6G5wjKPgtnhyj/BZ/Tnjo/BcEjd3mBvoQ7NNBFqIo=,5IYq/zmdTe8Sx/C3TWvuWg==,REGULAR,2024-09-05
CUS-01253,Võ Quốc Chi,chi.vo1253@email.com,32orQs/Mr9Ks2AMitLTh75PaFwoRwl7D5cxnKxhXsB8=,U4Qif1aXjsHm6X4wqm6CJg==,REGULAR,2025-08-09
CUS-01254,Hồ Xuân Nam,nam.ho1254@email.com,IXJ7U5H9zySEzwknWtgiWeMMSgegZZW8aKaxsAw/6Zc=,LltnO+FwSzi93g5CYeHO1Q==,REGULAR,2024-07-23
CUS-01255,Lý Ngọc Tuấn,tuan.ly1255@email.com,EeSnCjCUOkodAnw0zuFabElutjngw/eyL7y1yjmbYpA=,O9zJVABOPWlG1fAiRLi03Q==,PREMIUM,2025-10-27
CUS-01256,Phan Văn Đạt,dat.phan1256@email.com,2PWmVXRR4vDkl6ayG7+ONY2HooPrnDvs7eLmOvx+uFM=,izxsnxGYk1pleJmp4jL7Iw==,PREMIUM,2025-09-09
CUS-01257,Võ Thu Hà,ha.vo1257@email.com,IBvDWbIVa3idrevcR71XIwVrXxlOelVa+3EPdidlB/M=,5m0WgPaEJOHLbe58DLD/OQ==,REGULAR,2024-04-15
CUS-01258,Vũ Phương Nam,nam.vu1258@email.com,T+VNB8/7p+8befWYD93ZjzIfj0VWRvr3Tg3LTZdXbTw=,wAJ1oDr8ftHUlbEn2ucBXA==,VIP,2025-09-16
CUS-01259,Phạm Bảo Phúc,phuc.pham1259@email.com,dMgafE5J3t+Pf+8GjvD5Cu5603ILZDgDkKrOYHy06e8=,62nRL+B/iwrd/tRh+3un1g==,VIP,2025-10-27
CUS-01260,Phan Thu Sơn,son.phan1260@email.com,KiWiEFipA5E/I0kmBSz5+DeeyTGL6Uz+iJysbFL0fIs=,tWsA4aRBdU9MXDv3/Q2g1w==,REGULAR,2024-01-14
CUS-01261,Võ Ngọc An,an.vo1261@email.com,iU4RfYnsCirtSnAGPsVTp2K59DYz4VWexw8Xws4dF84=,nEzKhV/T5Q/k2R7lcxiuXg==,REGULAR,2024-08-24
CUS-01262,Hồ Bảo Hải,hai.ho1262@email.com,B5Js1cGxRy6pYo6EMwuHtF9cM+JV7L/pzBIChy1XH74=,M5jNMWEYQZ42RfxxD5paJQ==,REGULAR,2024-01-29
CUS-01263,Lý Thanh Hà,ha.ly1263@email.com,Ri2QpIsjT5U751ljDntNArJYvG6H4baJD/OH6Rct0fM=,qRmPYz6DtZTmn+MNNYjLsw==,VIP,2024-03-05
CUS-01264,Hồ Anh Long,long.ho1264@email.com,Yc1aGESCqPHbZ+OR3iTKq0fDNx9Qy5Ph/QqlksKfI/I=,B9k4goQKb8M5y59keduNtQ==,REGULAR,2025-01-27
CUS-01265,Đặng Phương Sơn,son.dang1265@email.com,5QG1M+gMSG39pyMqRFl4bqT5P5PyqjW3cjsTvRp9kFA=,LwFDgWmL3H8rSMomc2Zwmw==,REGULAR,2024-09-26
CUS-01266,Bùi Minh Nam,nam.bui1266@email.com,9IDUc+mEOA1r8KH022n0qoJ/hikfO0YEvyJ2MDYr254=,QRmSZYLfyY3b7l68xeL+mg==,REGULAR,2024-07-02
CUS-01267,Dương Thu Dũng,dung.duong1267@email.com,H8zv6wES/lG7Yhtm8m2Mw3sckAKN9PwA16Fml6+tlNs=,P1c4NultlFh++hG9PcDeNA==,REGULAR,2024-10-08
CUS-01268,Vũ Thu Nam,nam.vu1268@email.com,r/6xraoc7ezeRsDJCpxne2GGEfddJ2POBL1MAVk4bz4=,90lNFJC244ndSYVhr+p1eQ==,PREMIUM,2025-07-30
CUS-01269,Nguyễn Anh Vy,vy.nguyen1269@email.com,M3vEQjwf7R/VVmsO9PUIYRTd+TzHaABJwOATEXv9B64=,IxqZwr5ipknECuNUlpDWXQ==,REGULAR,2024-03-09
CUS-01270,Huỳnh Ngọc Yến,yen.huynh1270@email.com,Z3PBNs7ZSmo6WnJI3mZ+PW+qhXzAVQMIUc0mOEcElIU=,5H4RYkvXS21HiLrj9i0JlA==,PREMIUM,2025-09-13
CUS-01271,Lý Hoàng Phúc,phuc.ly1271@email.com,HyW1tfovJdKkuGXwo1Cqu5cZhDeMuLKriqQqm+GAoqo=,WNWrp5PDcBc+u3GTqbnANw==,PREMIUM,2024-04-23
CUS-01272,Bùi Thu Mai,mai.bui1272@email.com,zT2j7vlXxNTMkluG0m4EBiK/cK56jn9rJl9kHwX8baM=,KwrF3fRf473H1BVQobV1Mw==,REGULAR,2024-08-31
CUS-01273,Phan Minh Mai,mai.phan1273@email.com,zrt5RqcppIfFx/+ME54KYZIynqEIKyPhJSZczSOJ7X0=,Y3uGGisI9R70A42R/TmT/Q==,PREMIUM,2024-08-05
CUS-01274,Võ Văn Bình,binh.vo1274@email.com,VIucYs4dDQxLQ5OM6k0enEJA0yx60nwD/qYT6s2PtpI=,NE2+DcFc+nvlHs6FhVYpqg==,PREMIUM,2024-07-23
CUS-01275,Phạm Thu Tâm,tam.pham1275@email.com,XYJVkbFqpEJCsdJHJLclulsk7xCGakv2sAHGUuq5IxQ=,5g6VvSvzJ/hzwmNJC8SQPw==,REGULAR,2025-01-20
CUS-01276,Hồ Hoàng Hải,hai.ho1276@email.com,pxw/MqBFUQhpqSXtYEq2/ULuQqPQyK9RMpKEOnv+qDQ=,U7tAVU4CZHai1E54+0q0Lw==,PREMIUM,2025-10-12
CUS-01277,Nguyễn Xuân Bình,binh.nguyen1277@email.com,e1h/PTr4LLhfqdHlXmxz/J+1vl4cr6D5L/exljh0gNc=,8ZdisT0QMle7ykahO7YCDA==,REGULAR,2024-10-09
CUS-01278,Nguyễn Xuân Linh,linh.nguyen1278@email.com,Tlak0b98yMvEhp2tPOqLzt4ZFjnRF/LRTHRKmi0KOnA=,aK0RglD6yrrEIWuhv2210w==,REGULAR,2025-09-18
CUS-01279,Ngô Minh Quân,quan.ngo1279@email.com,xLc7w8daSms+R19WRC2gqvIqgd6JkGUCV9FG+6iUGlI=,13PJO3zEviqVPCn2h9RSLQ==,REGULAR,2024-05-23
CUS-01280,Phạm Thu Minh,minh.pham1280@email.com,Y9hy49FEpdksFnFpm9TB4iJHCok1Cka5lkZlTj8abwc=,dZJMxkGYOYozexP8y9bFvQ==,REGULAR,2025-04-06
CUS-01281,Nguyễn Phương Lan,lan.nguyen1281@email.com,naDGLMtpOwRaHbakqeH6MuOI32dtAXBL8lwyvIZRqs0=,r8j2FE5Hv/YM2G1SA3zUNQ==,PREMIUM,2024-05-29
CUS-01282,Dương Đức Tú,tu.duong1282@email.com,rCLvgYM5vhvP6c0+N7gzbEhc5xMXqvZ6y8BI20Aqctc=,EHcUeKPo65HLxJpuiauTlg==,REGULAR,2025-08-19
CUS-01283,Phạm Ngọc Phúc,phuc.pham1283@email.com,TFV2ZZUSIogtfdDCltz9h0P6LbVnnzU7y9VezkG3J98=,Wz9KTLNOP6wSbYgl1TeaGg==,VIP,2024-09-22
CUS-01284,Hoàng Anh Minh,minh.hoang1284@email.com,YOi0E9fF4ufUENpGTXqDj6Av4tm2DkadEq28A8rdWt4=,pGvpaaU4Z+DbgVhbwp1PCA==,REGULAR,2024-05-08
CUS-01285,Phan Thu Minh,minh.phan1285@email.com,i8RI4qQRIj42VqvAYSY+Id89QUleTfeVRF0er49Ec/4=,bC5MBgDpJGFmGbN7UEnKcQ==,REGULAR,2025-02-19
CUS-01286,Đỗ Bảo Trung,trung.do1286@email.com,2eJEuV6Ds6d1PH+olSlAGognwn//znjWImCDK7B4NUA=,lMAhIsDmJivFTJaM5Z40VA==,REGULAR,2025-06-09
CUS-01287,Hoàng Phương Mai,mai.hoang1287@email.com,olu/MId4IwbglKp8Fu1h6QeQENxarVmrFaTIsPb9v7c=,v/F6QD9pK22THFRBwdAXTw==,VIP,2025-12-20
CUS-01288,Huỳnh Hoàng Hùng,hung.huynh1288@email.com,9+VuuKaOuQ3m3VZG7MTFVLhJjn9GtdS2VoLYaKqbm3A=,OJeYYndpNK9EDvlsAsE6qA==,PREMIUM,2024-12-04
CUS-01289,Hoàng Ngọc Long,long.hoang1289@email.com,0PcWQejYknWCbqPYj03B8QAol888AeMsIDL//6WYgzs=,Ma8JMASQXM8r9IMjuiTAGg==,VIP,2025-11-30
CUS-01290,Lý Thanh Linh,linh.ly1290@email.com,lFkUBCk4rvRaSRMuhfFJOaYLtQYxnkDkJp1i14rkxlM=,25bqZz0it5Mkg6T1H+ykYg==,REGULAR,2025-10-23
CUS-01291,Nguyễn Xuân Yến,yen.nguyen1291@email.com,fmAUSAFmp6HEL17oKVbwo/TkyDeQvbThkn4NW6L5CUc=,OA5ByS3AXCn/QZ0z0jwvHw==,VIP,2025-12-15
CUS-01292,Ngô Đức Tâm,tam.ngo1292@email.com,GoSHOj3JjjI1LDMoBrElrcJiUFGGJ62yNyrfTueYkB4=,NzpGgNLdL/z3Z4JDPK7b2g==,PREMIUM,2025-02-09
CUS-01293,Hoàng Anh Hải,hai.hoang1293@email.com,ubtu5UvFxSlNcidve3QWkwbDriDpEb9EI3imzfzYhEU=,XW1NQZJe4wrFiiPmzUrTPw==,REGULAR,2025-04-19
CUS-01294,Lý Xuân Thảo,thao.ly1294@email.com,NAyDTAlgagL++s4QwMdR5RyK7Cd4b/SQYQj8ZIO+6bU=,x4KdKVkjBTA/3QPVwpi4AA==,REGULAR,2025-02-14
CUS-01295,Đỗ Anh Tâm,tam.do1295@email.com,Zld8uLY2J7mAxAtNBDLoWZHzF50q8QIqNYkGZeORadY=,UQvIPhhJjR7SY38EbsbHLw==,PREMIUM,2025-09-10
CUS-01296,Dương Anh Dũng,dung.duong1296@email.com,+7CRBrHbihp2qhcdbUQgwEbq5JFgYdLpZhKwfzkRXmc=,MlL3WO29KjljG9knJF73qQ==,REGULAR,2025-01-12
CUS-01297,Võ Bảo Long,long.vo1297@email.com,4Cj16rPKakG1yzXnxsOK49lsoRYkz0fwCubrpvpWgbs=,rS/x9HBnmrEpkxDQyNcFMg==,REGULAR,2024-05-25
CUS-01298,Lý Xuân Lan,lan.ly1298@email.com,kS6SsqdWQgYYD063EFL6l7qeZgmYJbSb8GksVJocodo=,CmK2mpkgczpBDqzmJy9EEA==,VIP,2024-04-14
CUS-01299,Bùi Xuân Nam,nam.bui1299@email.com,7ue9Njl0ZywyS10VFqj4zrCB6jbhKvZo+JOxXuyKpEQ=,A7OB4+ANfpdb2y0erDjy2A==,PREMIUM,2024-08-03
CUS-01300,Đặng Đức Lan,lan.dang1300@email.com,bOBOeQf3H5asph+mfyJqLimJzRiukf+wfI2+B53MkDM=,NiJA9LN5NZsqWZOhd/96wA==,REGULAR,2025-12-08
CUS-01301,Dương Quốc Yến,yen.duong1301@email.com,MNmQEQ1QxVs67D/3hFBzYMWR/H1UyqRhtW5Fm9pMLww=,YwF72Dm7X0VeUBPWTFtrBw==,REGULAR,2024-05-31
CUS-01302,Lý Thu Mai,mai.ly1302@email.com,H81gadBozoeN+iXQ8pkBGMJ2JyQPYjiFnjWtAXrZ2K4=,1g2Qfuvgd/1z1/DcYlka0w==,PREMIUM,2024-07-10
CUS-01303,Phan Bảo Tâm,tam.phan1303@email.com,C3qw3sFLQljZLP8ui67auj0kI1CzpI+LGt9XUQ2mDMM=,nXSFwUm6g3UjR1J6MbKUbw==,REGULAR,2025-03-04
CUS-01304,Lê Quốc Minh,minh.le1304@email.com,pXJDMxInm+C61/ruGtiQu9DEJ6YvlHRiJQ+HVXWsYY8=,ZU86blW41EcEicQ9gILh6A==,REGULAR,2025-08-25
CUS-01305,Đỗ Thanh Yến,yen.do1305@email.com,kq3jWGHQOmj93Juq50ZQFbHXizuTK32QOWM6wQO+20k=,Lon7/Pp0UlHv7gkUOC+N7g==,VIP,2025-08-24
CUS-01306,Huỳnh Thu Thảo,thao.huynh1306@email.com,rwjrX98XQds1blNj1Htw8byS/Z+yvHnqCjHD9YLCZeI=,Gfh2xTNh3/7umJQmvnfs6A==,REGULAR,2025-05-18
CUS-01307,Hồ Minh Quân,quan.ho1307@email.com,ollsNLKS0Z2LIOFRI8TDGjMFKmM0AYraBOtx9Ge/ffA=,XOfxcvmi3Aa6aZMt3TidgQ==,REGULAR,2025-11-06
CUS-01308,Đỗ Thu Phúc,phuc.do1308@email.com,qFQeavu4X5V+ypF3A4y/q6pyUQE/G6Wo5Aos+AQ5Tys=,/7VG98kM4WUOkjT70ZZJ1Q==,REGULAR,2024-10-14
CUS-01309,Lê Thanh Hải,hai.le1309@email.com,mCHnJoUdMFnqh07UDa2C9/I+5dZAgNKltd4qljuGH2g=,BZPQ1HUG8V+c7+tIG5lQfw==,REGULAR,2024-09-25
CUS-01310,Lý Thanh Lan,lan.ly1310@email.com,vb9Yn810Yz8ghSz0Kl0xLB8k9jpm6RCFPolzfE1R9A4=,lcB2BhOumYdoLyv90mSUhg==,REGULAR,2024-11-13
CUS-01311,Vũ Bảo Mai,mai.vu1311@email.com,sPA5syhO+fcqK+/WmsJZLwH1PXh9R5W+vSs+cMcmbr8=,YWQJRfbwkLUidyr+Pn0jww==,PREMIUM,2024-09-08
CUS-01312,Phan Thu Long,long.phan1312@email.com,RbdXqCAUG5fHwu5uLQgPT0fyezTb6VEWxzrbPEccWZ8=,fh3YGLbOj4pKmoUbjiRQmA==,REGULAR,2025-02-15
CUS-01313,Dương Gia Trung,trung.duong1313@email.com,hD/URK6Tp/fptHHnfTXqC/nIr1z7V1tHmrxCdEYfAsE=,3W+NFpkJs/E6vc/irP3kyw==,REGULAR,2025-06-30
CUS-01314,Hồ Anh Tâm,tam.ho1314@email.com,xyJXVXKDD9iXVFMGFBDccygXYj936uEgbe2VFz+d/k0=,10rYRwDFFzrsA/wljZQKHg==,PREMIUM,2025-11-15
CUS-01315,Vũ Gia Tú,tu.vu1315@email.com,viCX3j4dL/uPPKKamqG0CkdznwkF4880geSDCJKTcgs=,jYMtMlh2TQeV2GDyahZn/g==,VIP,2025-08-31
CUS-01316,Vũ Hữu Long,long.vu1316@email.com,nmzqmBMn43bXmCpM2xNTll6kjh/5ikV7cNLKlWjoLSc=,OBb47IQ+lfnQmSS3ZoghQQ==,REGULAR,2024-05-12
CUS-01317,Võ Xuân Phúc,phuc.vo1317@email.com,UYEJ6rlKQlv7woyqtmJEOWYL7AiyADA0mlzdZw0ZDR8=,Cpsr5Y9Qi5t3RKOGdAU1WQ==,REGULAR,2025-01-25
CUS-01318,Ngô Ngọc Minh,minh.ngo1318@email.com,7hFsnx4g0J9Yx2cC7kQGKlw+xqV1XmBYyKcUQoWRRJE=,bZ0Yn9b2ZZR00NJnutqIkA==,REGULAR,2025-04-21
CUS-01319,Đặng Quốc Thảo,thao.dang1319@email.com,stgIIbRtSYAWn9q1+6A+ZitxOS7Y9S2m+XA4Vwg5Fa8=,UXKQkIQ4p+LoWZJ8HecTRA==,REGULAR,2024-01-27
CUS-01320,Đặng Phương Quân,quan.dang1320@email.com,FjEa+DP7CyXyCbu381g01qlkbcbYRC/eqVMtGu0hT68=,EeiwsmXAJ6PCsjBngPOriw==,REGULAR,2024-11-15
CUS-01321,Hồ Thanh Trung,trung.ho1321@email.com,c11lIJ6yPikstBrEzo1jZRfgHRbc1aRdBenzpcauvus=,jP2wOMuJEDo0ovj00P2xuA==,REGULAR,2024-09-19
CUS-01322,Vũ Phương Hải,hai.vu1322@email.com,ZFRoelpFLJ/1O5nIwC6yhFu6gQho9XPUynST3/gvF7c=,PcHqt/ORVvbgZjCLHk2Tdg==,REGULAR,2024-07-03
CUS-01323,Huỳnh Thanh Tâm,tam.huynh1323@email.com,GZ9f0odATh5mCGmJjZNIcgtb0RcZdiR33pKzQWRUcD4=,0MJH3wjHzlW/NbvDUpSFDw==,REGULAR,2025-09-05
CUS-01324,Dương Văn Thảo,thao.duong1324@email.com,oIzaHzRQjRro9Dnr6agDPxd+fjFf2WBTXn3DWXbaq+A=,zOssyZXDA6UG/+8VfRpehA==,REGULAR,2025-10-24
CUS-01325,Hoàng Xuân Trung,trung.hoang1325@email.com,GknIQdygNqfF5nh3r39jwRlrP6QWF8HMqmf+iMitkM8=,1p+t40uMFCOCmNr+NlgJrA==,REGULAR,2024-09-01
CUS-01326,Hồ Quốc Hà,ha.ho1326@email.com,f8i+9WxY8CD1QCxw63VKNsKtxCTxk/ovdL0U3+vOjUo=,HxW0VCgjxqcfmRz/R/9F/Q==,REGULAR,2025-05-24
CUS-01327,Bùi Hữu Quân,quan.bui1327@email.com,p1J+s1BUp5xEi8nErXdcXtOZzO9dgPxx7E0l7VoYO60=,33ZyrDM1YWCmFUmfnhcXjg==,REGULAR,2025-03-09
CUS-01328,Phan Quốc Mai,mai.phan1328@email.com,vzxj4Quz8bb37yWeOWURSmLHfdgZV60KAMEwZsW3bms=,atTeoeU9sprG6Yyl070orQ==,PREMIUM,2024-09-07
CUS-01329,Phan Văn Hải,hai.phan1329@email.com,/3iGWHwKIPbgA2q+diQsRLsosOxrXNH2l8LroiuDDyY=,JVz5gZ4ujr32zlWdPth0VA==,VIP,2025-08-31
CUS-01330,Ngô Gia Hà,ha.ngo1330@email.com,JUftRi5hAmPrPYr11CLW9cwuIyz4oPC+nlw+LN0ycFQ=,3Gk3CEnfoZ6gHIGOPcbp+A==,REGULAR,2024-03-25
CUS-01331,Đặng Minh Yến,yen.dang1331@email.com,xqiDGrVlGMWNvttxTy36Wdvoj4TAEfx6iw5ZCaED1bo=,PHBi9DrFGi4O5RjU8ZRKRg==,VIP,2024-03-16
CUS-01332,Hoàng Hữu Thảo,thao.hoang1332@email.com,aTNN/wLYco6DzuS4w9FTp1iWog9QcnhSLI7iMyFvXMs=,LyPpd9rkOQzcbj0noVkWFQ==,REGULAR,2025-09-20
CUS-01333,Huỳnh Xuân Đạt,dat.huynh1333@email.com,QEQvZ6kDkDhd9IDoR5abTYYij2+E+DQBgmL93slwMA4=,ojXlrEmwR5WLQN9B918wpw==,REGULAR,2024-03-18
CUS-01334,Đặng Đức Phúc,phuc.dang1334@email.com,lDnw5s8DuHmzMeQaDTsNMiehN7pubpUz9ziVW8vOWEc=,PPfRpedVWMI8VkByC/9sog==,REGULAR,2024-12-15
CUS-01335,Phạm Hữu Quân,quan.pham1335@email.com,R3rzswqmHBaGvq5fxu9cf2LdzWVsrTPlyN5+htkvzew=,KTxX3V4UEmkNoWAkm8/nEw==,REGULAR,2025-01-25
CUS-01336,Hồ Văn Sơn,son.ho1336@email.com,mrPmWnumkEpgwkPxokae3Q3oYMBisXB4pLJ36auzuwE=,4o4UB1PDPxutmCk6BH1hww==,REGULAR,2024-07-15
CUS-01337,Hồ Minh Mai,mai.ho1337@email.com,2tGnCKe2rE+W098LDXLHu1ILXI3NqM75hq+CnqBzqXo=,6VqDgT6zhGzCR1Goio/UIg==,REGULAR,2024-05-08
CUS-01338,Lê Anh Long,long.le1338@email.com,hL4e/lv8k4Pt9ApLOMmGTi5BbAp4Mv3xi3TPru4x+ZA=,SVSxvclTmjwyNi9N/rXnHA==,REGULAR,2024-12-18
CUS-01339,Võ Văn Nam,nam.vo1339@email.com,SnxwaSnt9TMNVEltaF+afjvVodwKM86OiR4ozdu0PJE=,O0NTTp4uOH60iz++l5O7hg==,PREMIUM,2024-05-02
CUS-01340,Đặng Gia Trung,trung.dang1340@email.com,kPFGfNyrlEa+0E+i5xWak6G8G2Dbp687qNzBDmDrQAE=,GYU8JO+F2LDhiRAr9cLXcQ==,REGULAR,2025-05-01
CUS-01341,Phạm Thị Tâm,tam.pham1341@email.com,fUVM+Q3rmbvgfm8t4yzQDU+SuYkVIdPVJkWBkiOt4Qo=,HtzMicNcKQ0NmHfG9bYdVw==,REGULAR,2025-03-09
CUS-01342,Trần Hoàng Hùng,hung.tran1342@email.com,3NzwYC+T0fr8DpaSxMfksDKNKSnzB2ahXRHGhGJS7wU=,WVHd32y+d7hhzhkVLLBxZQ==,PREMIUM,2024-07-06
CUS-01343,Phan Hữu Thảo,thao.phan1343@email.com,i3fWaJipOEh/3xl6o00Pxs955ir+rr/R/JFJY4ycCtY=,tDTyrJc5rP1H+ayuDsljDA==,VIP,2025-01-18
CUS-01344,Hồ Hữu Linh,linh.ho1344@email.com,4arUp+LrzCctTT8I4nn8ckIBE7hcG+g09GL8Gn+y6oM=,Aaw/N8KLwnx4RLmQetjs2g==,PREMIUM,2025-01-05
CUS-01345,Trần Hoàng Sơn,son.tran1345@email.com,JRjcxAObi/DAoeRDpviCK+vbH1RXIL+LbHy4xfyxDH8=,mZ/JQNSFhUAPEAHKqO5Qqw==,PREMIUM,2025-07-21
CUS-01346,Hoàng Xuân Chi,chi.hoang1346@email.com,5Fqa50N/jXszo0Ka+59+mQpFAW3TW5OkpQWV046ZqiA=,9GKY7gL+EeCsxZK+i7/VUw==,PREMIUM,2024-01-18
CUS-01347,Vũ Thu Lan,lan.vu1347@email.com,nv5PcJFSJqoKXb5R8NO9+zfue8+zW+2I8FoSQcaGxcE=,sHBFQDvwn5v5OCxtVqr9jA==,REGULAR,2025-04-12
CUS-01348,Phạm Đức Hùng,hung.pham1348@email.com,C+/ZYMtwfPAaEXBfbilwqKKj63mok7OxkbfhPunzjNU=,rNTBqjOE9/5f8cIKmEkLNw==,PREMIUM,2025-10-24
CUS-01349,Hoàng Ngọc Linh,linh.hoang1349@email.com,Pj47PFKhCGPU2ZfxjscZaPUU1Orz9CxW48BNB+jvEMM=,6YuD5r9H+cJG12nukZ6J4g==,PREMIUM,2024-03-05
CUS-01350,Hoàng Quốc Sơn,son.hoang1350@email.com,EU7BkYsOhfeN2tShBwbRvQ6AyFNWUyHw46hsputU3Ls=,uFQPvqcWdLjjsfFPzN1VXA==,REGULAR,2024-04-23
CUS-01351,Phan Bảo Chi,chi.phan1351@email.com,r3QXjusiUj91Dh45Y3BvacJZz3WjXt4b2dVPN1/QeIc=,1PwTNG/748W3RpFW+jiccA==,VIP,2025-11-30
CUS-01352,Nguyễn Minh Trung,trung.nguyen1352@email.com,515V/ghDDoQ/oVrCGwiCGhEF/9NuhKjLB56NqOXFcJs=,y810Pjv1ks3cGRcyEOxgEQ==,VIP,2024-04-24
CUS-01353,Lê Anh Hà,ha.le1353@email.com,t+gJd86m5ss8U5f7a1Ex/AV7xbF2eHK8PfDaa5K9W7o=,dl5dsult6ZRWh4dWK9qKYA==,PREMIUM,2024-10-20
CUS-01354,Bùi Gia Mai,mai.bui1354@email.com,hFR3NX7Omg+uZmcW/UoqSIm1FE+XlRZrHhdyMJdmj9U=,zj5u5Bhld0ZTgVYEFDkSgQ==,VIP,2024-05-29
CUS-01355,Dương Hoàng Bình,binh.duong1355@email.com,V+1b7KWVbGhuAmLHedovHcb+4KwBjAT1uW88d18lcjw=,RAHxfoOW+f4W3w9Usy6OzQ==,REGULAR,2024-07-06
CUS-01356,Phan Thị Long,long.phan1356@email.com,TroopzVS464tHuKdQiIHVSJ2E59Hdit7j5gAA5GmEwQ=,jGfV3EDbAu/ZobqD/ILlGQ==,REGULAR,2025-06-20
CUS-01357,Lê Gia Tuấn,tuan.le1357@email.com,D6zJ2BpysE+L6gv2jJeGoWZeUqb9NC96jLtogD+Vai4=,zK6+Bglpnpk3CnUSY7AEvg==,REGULAR,2024-09-20
CUS-01358,Đặng Phương Trung,trung.dang1358@email.com,Ef4+/hNHlv+Hk9Su3fSmCpZrPEpGe6MZ0uzV3Elq0TQ=,C0snuu7n9QKgHGtn98i0YA==,REGULAR,2025-01-17
CUS-01359,Dương Phương Linh,linh.duong1359@email.com,egryK6yGJeBoFLPypjePql5WLkAUpA9EaTw+o1h7kAM=,apfm8MKyKSmoUENTgr0kFg==,REGULAR,2024-01-26
CUS-01360,Đỗ Bảo Tú,tu.do1360@email.com,POw5SSEvC0PhEZuHl0o2Jx+P/E6FR/q4Eh0GmjRX1S4=,d8eABLBNuEMWwLidMv4wgg==,PREMIUM,2024-05-10
CUS-01361,Phan Thị Tuấn,tuan.phan1361@email.com,EKEXYkYiKLrohOq29PCLx2IAX8qXOBUY4yi28VBusOg=,VHITOCzgQImuNJieonoqDg==,REGULAR,2024-11-22
CUS-01362,Nguyễn Thanh Linh,linh.nguyen1362@email.com,MwJPF9oCURrW13/lgx6ec6o9iCN7qdz5gVhQ1vRARqM=,veC4Q3f/9v9GNDg5muK4Cw==,REGULAR,2025-12-21
CUS-01363,Phạm Bảo Vy,vy.pham1363@email.com,GENA+3Aw3vM6FmBkyXmM+iAIYv1YfePiakdLpG5SfbQ=,fyW80Ow/L0E9xN83uX/Mdw==,REGULAR,2025-09-04
CUS-01364,Phan Anh Hải,hai.phan1364@email.com,UbdpHIK/IaY8ummrfWHvRB/vc//VLh6M77X+znbjkiI=,PhrmJ5SYSiEXnm2d4hu/tg==,PREMIUM,2025-06-02
CUS-01365,Trần Văn Dũng,dung.tran1365@email.com,rs5aODJndDnBiFbQmdiimaN0apNc8HRr3reU4uTldTs=,TWSSM4tbOmYcESr5VlumRQ==,PREMIUM,2025-05-04
CUS-01366,Trần Phương Tuấn,tuan.tran1366@email.com,fFqIG6Gz+eImuf6D4BqMBH+WknNmEkxuDYjxVA/Xjk0=,m6UxHzv6HYJRwAQdC36cWA==,REGULAR,2024-06-12
CUS-01367,Dương Hữu Tâm,tam.duong1367@email.com,lhVMIP/k4dqHmmmajbXjkZk4VM5y7F55RyW/IBLVTls=,y5JdKElQmbQYzQHbO5Ih0g==,REGULAR,2025-04-07
CUS-01368,Bùi Thanh Long,long.bui1368@email.com,OApYZnNvL+Q2naZtXM+AT1gOH5Prw3tXAmm/rXD1jrY=,8iWzNUEMhCgjjZOqBkRKaQ==,REGULAR,2025-06-17
CUS-01369,Ngô Đức Minh,minh.ngo1369@email.com,unYz61mxYAZwwJbVvj4KYy5t/XgxbaGIj0cRbyBjRvo=,8XjpsiLIn2+GQSXxE7UZgA==,PREMIUM,2024-12-04
CUS-01370,Hoàng Ngọc Chi,chi.hoang1370@email.com,YXVHfAzo+JeemSgm9hDUbg7gAEEmqVKYAhQihhliYQc=,idzI7Tq1QZ8NzKwDoZyH+g==,REGULAR,2024-07-24
CUS-01371,Ngô Bảo Trung,trung.ngo1371@email.com,37bP/P8K+IuPLm/A7IzuZnVC2Us81cyKSfXdo3NneT0=,p7nCev5MaGFKvjPJuYtAXQ==,REGULAR,2024-01-02
CUS-01372,Võ Minh Hà,ha.vo1372@email.com,hoFjRqI5kUmBbyzF7IJh3JSSk1kuoOQw6khlVL1cY1A=,uh1kajCvwnOthfCIKdXgXQ==,VIP,2024-11-19
CUS-01373,Ngô Thu Minh,minh.ngo1373@email.com,9bXWDq7v+3uX7G0caNuzo6A5BPQIw9q++nXJGbC4gQg=,vm/1v5VTFaOBQWj1P2Qujg==,REGULAR,2025-03-16
CUS-01374,Vũ Thị Tú,tu.vu1374@email.com,pSqxlxHU3tWKVf9StQ1+s0eXQm9cy7zKJYqDvt8XFHE=,JDelrwlSBx15yRZjZ2YDwQ==,REGULAR,2025-04-28
CUS-01375,Võ Hữu Sơn,son.vo1375@email.com,hS3kPm+LUojkxQ624mL69nT48EBTz2t4dunZ6xqc3vM=,OIRrxEzMzE0Vc7jJohb+RQ==,REGULAR,2025-07-15
CUS-01376,Đặng Quốc Nam,nam.dang1376@email.com,sT58vxNnsCftvDXwg6f/Zpmy2muQGwiPb6WQjf822kg=,7QdxK22agZR6LBHHzpUo5Q==,REGULAR,2024-05-25
CUS-01377,Hồ Quốc An,an.ho1377@email.com,1onHBvSWmFcRLofbV1cNU/z7Zty26DrAu7Ii8N+fXUs=,XOQWTZWYQbZ707+783B0fA==,REGULAR,2024-03-09
CUS-01378,Phạm Thu Yến,yen.pham1378@email.com,SdEqxTd9AI1aIn5T9rN0SClhCM7uZtkVG3UjKjMSpHU=,7z6mLeMVvy/33S0yyIr+hA==,REGULAR,2024-03-19
CUS-01379,Dương Xuân Đạt,dat.duong1379@email.com,CkO6j+1tvLjYk9pOnyyScZd66HtLuZdp0niIKXLVnAg=,de9qTP9Ia9KHnxKAQAZFzQ==,REGULAR,2025-03-30
CUS-01380,Vũ Phương Bình,binh.vu1380@email.com,MNUYhXaqv65vIqQ6M32FUbu2CliRloDtshkHHhVnGEg=,I6Cau6sPgEQDWOvj526Hpw==,REGULAR,2025-06-19
CUS-01381,Phạm Đức Linh,linh.pham1381@email.com,qg92X7o+Utd/HMdA06BsNiP61x9MkArCj7u6742Du84=,8eSsUWS/eCQYHz1sBqVNzg==,REGULAR,2024-04-16
CUS-01382,Trần Bảo Đạt,dat.tran1382@email.com,YEpZMhR+cXr1UdNAAWfCSdbEVhQwNKm182s0zee8h0I=,iq7yhR3nmfiwTlmFutyI1g==,REGULAR,2025-10-21
CUS-01383,Lý Minh Dũng,dung.ly1383@email.com,m4NOeadUSLz2iuUS44mmUScz+OZRSiK7VDZpRGvHSTA=,JiT+MEDwpYLsD7qDMi1Eog==,REGULAR,2024-01-23
CUS-01384,Vũ Thu Quân,quan.vu1384@email.com,HEOPjlXK3fTT6omW8b67seAoxdQ+HX2+G5IJZcfN6bA=,RrFh9OjDPybpjAwYsYJ8ig==,REGULAR,2025-10-30
CUS-01385,Đỗ Thị Bình,binh.do1385@email.com,iUrVDTI9EoyjyZslpyBmqoU9alA6lA6joNrUV7xDHkQ=,bHorn1JoKR5wlBuakvGB6w==,REGULAR,2024-01-27
CUS-01386,Hồ Thu Tâm,tam.ho1386@email.com,h9jgK7ztBVTQ44KM7XadOcpmtvIf+aSRyvqv+kKwop8=,4vUZ6o7rNUdlMtlpKyW2kw==,REGULAR,2025-08-09
CUS-01387,Phạm Bảo Linh,linh.pham1387@email.com,OwdCcHmgPh4NF9RtuM2WvIXIvOKO1hlRs3KYYX3gz5Y=,cAwPvFWLm7mfvUP3terTSQ==,PREMIUM,2025-04-26
CUS-01388,Võ Xuân Lan,lan.vo1388@email.com,Z8dM+lEWle3IjqJKo3x5Jjmj9E6/lolfqfpJxy1z+M4=,4qKOPT+kTGpDtZq+GNd9MA==,REGULAR,2024-06-22
CUS-01389,Huỳnh Phương Yến,yen.huynh1389@email.com,u0nXNJrxh+Ax9tCMyXd/aHj03u1U++XinVn6OKbKkg8=,KPAtufBbm1GaZesQrpIXCA==,REGULAR,2024-06-03
CUS-01390,Hoàng Văn Tuấn,tuan.hoang1390@email.com,4ID8A9ZjWQktLLrU0suixhs4KAimB0cXWTMTiS4B01A=,b1dK/5PJ7mNKJVHzUs3T+w==,REGULAR,2025-05-19
CUS-01391,Đặng Ngọc Phúc,phuc.dang1391@email.com,pc+twE4F+tK1L3nkAeVXxE9KF69sXoo5Hnp8dwerrQE=,W6NGKhmLaViSC10omdk1EA==,REGULAR,2025-08-04
CUS-01392,Trần Thị Tuấn,tuan.tran1392@email.com,wWsTOwWhF3XHkEFRSSpx2kEp/15XdCUyo2wv3dt2yEA=,Yu9F+PH3gVKB3gYaQeIobw==,REGULAR,2024-05-28
CUS-01393,Đặng Bảo Long,long.dang1393@email.com,7oX683hVNNVAdagpfdP/RdC153v9cSrbn3C142TSZ80=,iGnLwin2Ax8ynP5x7o1ROQ==,VIP,2025-07-21
CUS-01394,Hồ Thanh Đạt,dat.ho1394@email.com,e2z38lt5tzv3uosD402mU/ow2oYNVzlg3jVFCYeshFs=,fT8Op/kNf0wam1fVizjqGQ==,REGULAR,2024-06-29
CUS-01395,Võ Phương Nam,nam.vo1395@email.com,Q+U2vqdcVCGHuHTjGhWEbNVEk1ClfBvrBigqxC+Bc7o=,Eb/bv1JZ/3vVKReXBGT0cA==,REGULAR,2024-02-13
CUS-01396,Huỳnh Hoàng Hà,ha.huynh1396@email.com,ikr4ISZacZbMkK0Re0tw9zUWe1U+/JKnN+/vt5uQRrA=,t96AABQrvhupMHZb8UoifQ==,REGULAR,2025-12-18
CUS-01397,Lý Minh Lan,lan.ly1397@email.com,DF5kyMeeHgoPdLjfAEjHECPmDVseVSzVYtb5KnQwF7I=,OimwakVPMAhVpS01Zi/DYg==,REGULAR,2025-05-29
CUS-01398,Trần Thu Dũng,dung.tran1398@email.com,wCLKuI4UjFT3vaBW1+Ys19nCOImL0YEdrxNhXZKljTM=,XQt03sgAlt+nOJqZIia8+g==,REGULAR,2024-10-08
CUS-01399,Huỳnh Gia Phúc,phuc.huynh1399@email.com,1Hhiub71gyfZOU11gbwV49bSad5kZwezQ8BT0CmZrCg=,vBkw0h8U+rjjf7ejrNhtpQ==,REGULAR,2025-04-28
CUS-01400,Hồ Đức Quân,quan.ho1400@email.com,pm7MyHD/CzvjRHrpGO4+T9rzpWStaEeZQBa5LcKU1j8=,z539gl71v70coUSNX+HNtA==,REGULAR,2025-07-07
CUS-01401,Trần Thị Tú,tu.tran1401@email.com,/xI1iFv+s9H/cWf6ayE99UqHBKE+6WqttSn+ylMDKLI=,47isZVPt4zkr+dcQAcRaXQ==,PREMIUM,2024-05-17
CUS-01402,Đặng Thu Trung,trung.dang1402@email.com,D0yIU2meIX4XccgXdoS/fC2RKax7hQgupw3Slik1q2Q=,W2S9kYDbW6RqaiEvdEdXbw==,PREMIUM,2025-10-09
CUS-01403,Huỳnh Xuân Hùng,hung.huynh1403@email.com,XxTYrFta7EETUd2Np3CsY/Za9ifjvcesjbP4pxk8Mtg=,NC1NZdngeZcOFs01UTLH3g==,REGULAR,2024-08-18
CUS-01404,Đỗ Thanh Lan,lan.do1404@email.com,TzyFnepUUPzSIggnA78ULAE8CnANvNsnTgFryf3zXhk=,wB493YNE9Vb0sUT7mo/NMQ==,REGULAR,2025-06-26
CUS-01405,Lý Phương Yến,yen.ly1405@email.com,0gM/uP5yWVoipTPa21iUXIeKNxYWiBMWnWfoOzKudjQ=,fJbBE9lVMhs2yyq31V6q1g==,REGULAR,2025-04-21
CUS-01406,Võ Thanh Quân,quan.vo1406@email.com,Sxb7XhYDQiGpH4kphmxINeWPaUNJEpfBhernaLQb1ks=,AHDP71Z0PHMR4YZvbdKojQ==,REGULAR,2024-03-06
CUS-01407,Phạm Thị Bình,binh.pham1407@email.com,XqXxKvCu3xcJpTVnks5tfm78nv4FX0BFlpon9HMZ/bM=,Bq9bgANIbB0ALiJtex/28A==,REGULAR,2025-02-12
CUS-01408,Đặng Đức Linh,linh.dang1408@email.com,vX7wejF/oi3c6eoKE1awtBlW93Dmjbh+7Pdy5YXodgQ=,I0hL1B/Q7tiwmi4bkYhEAA==,REGULAR,2025-09-20
CUS-01409,Phan Thanh Bình,binh.phan1409@email.com,6mEP+Y1DkYP4BE601oSU0V1E9GUaA1EaiIzkD0hnqYI=,XQHzaqXOjiRtQN9ZEVRK/w==,REGULAR,2024-05-01
CUS-01410,Ngô Ngọc Tú,tu.ngo1410@email.com,gN1uY+XSF3+BJF8B8sQZ8frVyvj8KzbLek+hiXPHtYo=,VncIwGTr0bOmJV8HY9xB4w==,REGULAR,2024-12-19
CUS-01411,Lê Gia Lan,lan.le1411@email.com,uYfd4XpCYkRMfrFExXpsRknyTMgxTXUHyc6Ukm61/0o=,Tshl5Dy71mZ0V2IrcLDxBA==,VIP,2024-09-27
CUS-01412,Phạm Minh Đạt,dat.pham1412@email.com,MNDEmxuSWek3nyC8SKlQTfXHGuMaEE8ZBhq9V7/Bszo=,SKlGhQo/ZpuRtaKGu5198w==,REGULAR,2025-05-12
CUS-01413,Huỳnh Bảo Đạt,dat.huynh1413@email.com,wOgWixQ7cNNRhNVbShbyj8I6eVqRHgHEFjY3DmP0QlQ=,D9A6929MKpU9V91LRfp4dA==,REGULAR,2024-09-01
CUS-01414,Đỗ Quốc Chi,chi.do1414@email.com,ktn5ZawosS5d/HAdxfrmmhbTDnhqMaTz5G0J90sSaU8=,fwbVLN3DzAEJz85v7PuJTQ==,REGULAR,2024-01-25
CUS-01415,Phạm Quốc Tâm,tam.pham1415@email.com,ENPyVSVOu1fRgtO+DSLMDg0Q+UPxEIT5iySF6/3rwzk=,IdIb8BB5W/eUbzIBwL0KIg==,PREMIUM,2025-10-13
CUS-01416,Dương Gia Mai,mai.duong1416@email.com,M2iFtR+VDxqalszA/fDXmM5mDwRr1Jm7RVoW7IqjWmY=,kdKBybAa6OuzF2U2w8DxTg==,REGULAR,2024-02-14
CUS-01417,Hồ Thu Linh,linh.ho1417@email.com,HYP6gWzrlsOVebLn/9UJZ5eGYpj/Cpyecs9KuSTVvQU=,R5isV0arM1eFnlkRqEOHLw==,REGULAR,2025-06-12
CUS-01418,Dương Hữu Tâm,tam.duong1418@email.com,QVrRi5fULDen28roNoYFHV2cT5fL3SSMlXR/vX9WZKM=,7huD+H/VO1IuTqqyw/Z3+A==,REGULAR,2025-05-17
CUS-01419,Đỗ Bảo Dũng,dung.do1419@email.com,UnHHPPJ9rnfQvj4aZJ+zqI82tP6T78JZ9ePL5QdjEIE=,CUBuSgsAdyXKCx5t/w/7vw==,PREMIUM,2024-04-23
CUS-01420,Trần Thị Yến,yen.tran1420@email.com,exQWZ0PaNL4Bm1NSgquHaW39+Jdhs7syurOI5KdTEQI=,eHCH9MpdoJY10pv+uAJEkw==,REGULAR,2025-05-11
CUS-01421,Ngô Văn Phúc,phuc.ngo1421@email.com,AZFQF2KbGX4Iv9frVbHIVWnHRqOBZI7Y7J1PdbBB+aU=,7poXepDhokfZnKpyxJsU7w==,PREMIUM,2025-08-16
CUS-01422,Dương Thanh Lan,lan.duong1422@email.com,24ysk2mbBDz8UqwJEFRCUjMADQ77pMU7q2wk6brIX74=,fKdmkjfS0Uje6ytItd4tOw==,REGULAR,2024-11-28
CUS-01423,Nguyễn Bảo Quân,quan.nguyen1423@email.com,VgdSkdLc5TJ6jUrKHhHoStDULoJ+TkY28FRGwGXjPok=,Rm7Gquea2mLspHBbM6hebQ==,REGULAR,2025-09-25
CUS-01424,Hoàng Minh Hải,hai.hoang1424@email.com,VQ8faxqT52m3x21Xc4WMkKPVHvNR3t55kGvS+gjouho=,g8SdHBcKwvVh4lCe3DcJPw==,REGULAR,2025-12-09
CUS-01425,Phạm Anh Tâm,tam.pham1425@email.com,F7FCL5nk4hg3/2PrUS72q9KFrdn6ISdBV893qmnEKFo=,MR0pTvxQJAzGz5OBLusubA==,PREMIUM,2024-04-25
CUS-01426,Võ Anh Trung,trung.vo1426@email.com,Xw2rbssvXJ6J2sTrIkdosLZPywRP8Ejkoe/hTZgAL80=,yvnDSSC+7g+gJdlYrJj7/A==,VIP,2024-05-23
CUS-01427,Nguyễn Quốc Nam,nam.nguyen1427@email.com,fny67iF3l8friOlU4vQLhT//6wkbgLG4UJ7j9kAoK+w=,rXMHfBV3p94an+uE2hkHzg==,VIP,2025-11-29
CUS-01428,Phan Hữu Mai,mai.phan1428@email.com,/DJgo1ozSRRbQbKsx/vsc9q0MMdwjgI5b3SYNHEeu7U=,VhGoH/920iFAlv8pbiGGqw==,REGULAR,2025-10-03
CUS-01429,Ngô Quốc Hà,ha.ngo1429@email.com,Yb/HMzCy2SQEgTQuDXgwzRVUHhBCdas2/91m6caQXP4=,9rwuwKlfVT+pux1hui889g==,REGULAR,2024-01-02
CUS-01430,Vũ Phương Trung,trung.vu1430@email.com,h8IavHUYx2HuRh9GUAYUNy/Fr6pYPfVx1sM3559XmEE=,cYsf6YCLvt/egPpN3U7VwA==,REGULAR,2024-08-08
CUS-01431,Đặng Đức Bình,binh.dang1431@email.com,gYpsUsm5qj47TQdS8/TeqTnsLYiPzQxvv0cnbVcF9C4=,2p566rBBMClsQySOh+qt/A==,REGULAR,2025-01-22
CUS-01432,Lý Thu Phúc,phuc.ly1432@email.com,5ZZ1Ma/JNMF8m/CNq1R2N0fp4pkT+y97UjVUOlmMwuk=,MvS1Ug1TaK7XAxcRdj4HvA==,REGULAR,2025-07-22
CUS-01433,Ngô Văn Hùng,hung.ngo1433@email.com,B7Bc1Los1lMWD5REMDvmUzjK7KvV8dfr0aCJrMfXS9E=,97xOyKBgEOSCBf+XHFZ/Iw==,REGULAR,2025-11-06
CUS-01434,Lý Văn Quân,quan.ly1434@email.com,EdZdIZpDgfV8s3WnOFf2h6qnz6iR9B14shnnilCN3+A=,38sjKBefehFHRx9pC3+vWw==,REGULAR,2025-05-07
CUS-01435,Đặng Minh Tuấn,tuan.dang1435@email.com,pmhWPNMQ8QAMqeOY7VKVqc+8CtK12VbQtsn6hCPid2Q=,C9C+4qP5MfrWyeuoqkKE2g==,REGULAR,2024-02-03
CUS-01436,Phan Anh Lan,lan.phan1436@email.com,9+8EpH150acvbTM7frmwX8pSaGY9G+mjBoizGXdBaII=,B2TL+DRsXt3SjR/n8+LbSw==,REGULAR,2025-11-25
CUS-01437,Hoàng Xuân Đạt,dat.hoang1437@email.com,ONvbQG2bK7SL4TrhACeXAqQRHZXQBa/UjVW84uXMmVE=,6eIzM4RwWZKt8GInxnxcSA==,REGULAR,2024-12-27
CUS-01438,Ngô Anh Nam,nam.ngo1438@email.com,v5gt6CJ+9FJ38/ea39ZPuV5FxAM6a7tFdB8BDpopOoM=,SScfOf0/zmCr7HYG3Hit4Q==,PREMIUM,2024-03-29
CUS-01439,Hoàng Ngọc Nam,nam.hoang1439@email.com,vTbwCJcaArcI3TueJ/Jd6GwmK70osyL0TOv/f8rpEYw=,xItdYX+gw/wAs9QyJLvJ4g==,REGULAR,2025-08-07
CUS-01440,Bùi Hữu Long,long.bui1440@email.com,2Qz727UFbArRDG5zhbAb1oIHCUdlW/IW2n48nNOkV8E=,Z0tprBAIjN0ngpTwb1ckNw==,VIP,2025-01-11
CUS-01441,Lê Gia Phúc,phuc.le1441@email.com,/pM4asWfAUl6gQrvCLhPxsnOP9ep2x3pQM9cLSiE8RE=,2rVRWghqK4o54pwbExhdhw==,REGULAR,2024-11-16
CUS-01442,Võ Đức Phúc,phuc.vo1442@email.com,9JrbFQJ0xuUUW9iJrvQ54ALMLJ01sY+cBzdI92JZQY0=,n+Spp3htzMkpF4bKLWEtpA==,REGULAR,2025-07-08
CUS-01443,Nguyễn Minh Mai,mai.nguyen1443@email.com,2TpVe++Jw2ijC8kdUgEWVwcqJbEQ/3jp1NBNTs+TMZM=,NmPR0IJEjaM+YJIIThOp8g==,PREMIUM,2024-02-04
CUS-01444,Lý Hữu Tuấn,tuan.ly1444@email.com,dRRPTrydvGL1sF1sOCfoGPECuu+/qB91CdUXsrk6vuc=,st0Kpoh50aCSUykIyEGvMw==,REGULAR,2025-07-02
CUS-01445,Lý Văn Đạt,dat.ly1445@email.com,hxSCjakK4hVeSWnCsv2Px2LPVsEhm9pRujiYjUvPGLo=,UgZwPIWIH2UYlGYOIdBqqw==,REGULAR,2025-07-16
CUS-01446,Phan Phương Đạt,dat.phan1446@email.com,YuEJPxNDhSG/HxcidO4tfgoTen/Tu/ReFkqGaDUXYVc=,m4V2VtUUdIFwMJ+4tSf/9A==,REGULAR,2024-01-19
CUS-01447,Nguyễn Bảo Đạt,dat.nguyen1447@email.com,+ys7NHTkqmjVsiPG9zkdce2ZjUMYN+/glgVjM+EuQJ8=,k6OOe0UBHHb9GJdmkYVhmQ==,REGULAR,2025-09-26
CUS-01448,Hoàng Hoàng Hải,hai.hoang1448@email.com,icjh5hJNG893D0wzyGoDsjjF9IIs3aYcbFJWsP8n6u4=,gk/K7Cz/mjRx3PPINyWCcw==,REGULAR,2024-04-04
CUS-01449,Đặng Xuân Lan,lan.dang1449@email.com,gN6d9WPpa9vOaeXM15tVgabv2E9t104BWMyGmaCZmpU=,ScicIjE3aesJfbSBk1c88w==,REGULAR,2024-03-10
CUS-01450,Ngô Thanh Bình,binh.ngo1450@email.com,ZMLIVMvrI0ZM8N57VIXia5hh6GdJidpf7muKp+fFhGs=,Nj6BZkVmjZjawqgntdtsGQ==,PREMIUM,2024-06-26
CUS-01451,Hoàng Thu Minh,minh.hoang1451@email.com,tH0kSGgcXKbFOnM7D4vc5qFamqVk0gGVvGvkXtTKOOA=,51P1Ml6HfI73WgLyLrR86A==,REGULAR,2025-09-25
CUS-01452,Hoàng Phương An,an.hoang1452@email.com,86pmk17R1h1qBePJKSkmODAuUeSa2FBZukLTngi+BT0=,gg4N41t0ch60nQyvmrgamQ==,REGULAR,2024-08-13
CUS-01453,Võ Thanh Thảo,thao.vo1453@email.com,CPyiXKK3zQrGYSbnqzjZ+6YOk44A1sA6bMHlzxy566Y=,NwFMJkNG5fmeHZjyHNC7xQ==,PREMIUM,2025-10-09
CUS-01454,Hồ Gia Sơn,son.ho1454@email.com,xm3qpuoic+o8vSV4JGrodXPEoIq4bjr4S9zn+JSxD+g=,cIN3z7+goaSUkA4NTgTAjQ==,REGULAR,2025-05-20
CUS-01455,Lê Anh Trung,trung.le1455@email.com,wLDWVYxV+eXYtNlMrvpTNX5CXwOzp9tueaOvR6hkUKY=,5n1CmtTkbLGxUZzgsrbvbg==,REGULAR,2025-05-02
CUS-01456,Huỳnh Anh Hà,ha.huynh1456@email.com,WTsZZefgo0pzkMDBG1Z0c+P2lkz7SL/qyY3OoRB9EKI=,ZFN0FEstrPydE337IBXpHQ==,REGULAR,2024-03-31
CUS-01457,Hoàng Quốc Hùng,hung.hoang1457@email.com,JNLsWnmWRM+9BmG5rbSqvHRgkLtqfQtgPF1K1ySRdRo=,yAoElKk/GSqX6Vkf9H8BQg==,VIP,2024-04-30
CUS-01458,Hồ Minh An,an.ho1458@email.com,0dF4KV1mld7Umzy+TZW5A9Ao5o9xkqRPt3OUMdPuW/U=,b6DdEjxrgvQLx4BJ2csmxQ==,REGULAR,2025-12-06
CUS-01459,Trần Thanh Tuấn,tuan.tran1459@email.com,dP4OPwBkP4CVxdOzG+/9LXXPHHm3nojxrve63yK2rwY=,bMkNGPJ/gpgFdCS5WfK/Vw==,REGULAR,2024-08-23
CUS-01460,Lê Thu An,an.le1460@email.com,8messP5IBrxBFEMieMuxihIy5lbW9kfIaS05L5YE3WQ=,o1pqSzeH0vxX+PvwmWynlQ==,REGULAR,2025-08-25
CUS-01461,Hoàng Hữu Chi,chi.hoang1461@email.com,d5cXvy8ClklCD6YqAOUWnhOTeytvDB1qi1Tr44ef7tk=,a8fhsM+M56vM3cJ+Dys2hA==,PREMIUM,2024-04-23
CUS-01462,Hồ Anh Mai,mai.ho1462@email.com,1SiHMIHfeq0X5/ryIthcX0n6lJZ3cMGt7sCMSggsW00=,u2/+Mpa6nkcULefdLnJ8ew==,REGULAR,2024-05-24
CUS-01463,Trần Quốc Lan,lan.tran1463@email.com,TPYU3J5trhgSFTXnZnRjIM/IVimCNLSDtyTOpU7sisE=,KaEbJNfP5O/2saJ8ajBxpQ==,REGULAR,2024-09-25
CUS-01464,Đỗ Đức Bình,binh.do1464@email.com,g6hb01bi5MqlYDraeIApdKv2GO1gzmVlmvOs9dIT1y8=,mH6iRYSCDDsLyAkqUCF12g==,REGULAR,2025-05-17
CUS-01465,Đặng Minh Tâm,tam.dang1465@email.com,EDXCsgWNe3hQTKB/JBZD+ML+Jb3ZoCgQmGyI4bobAO8=,2KWzMOLw5LNgvhHWOLdUKQ==,REGULAR,2024-11-25
CUS-01466,Bùi Gia Bình,binh.bui1466@email.com,lPbIe4dng2gIr6C4znK1CvMdUj3SD6szKVtvmdzSKak=,enPsr//bK0He7Y3sLb/TVQ==,REGULAR,2025-03-22
CUS-01467,Hoàng Gia Trung,trung.hoang1467@email.com,vt5xdK6g1ZHyRv2xBdZ8WRWX6LzVcsF2/TYe6ba/3OU=,hjZgZ/7E3Xk6GNdWi1WGFw==,REGULAR,2024-03-16
CUS-01468,Bùi Gia Nam,nam.bui1468@email.com,yKky5Kl5YTgH7cCsFV/3FENKkW5tV8VqZfMpE+KixD8=,7CEibqYrSYc4G0NieZFTuA==,REGULAR,2025-06-22
CUS-01469,Dương Hoàng Trung,trung.duong1469@email.com,6CAB0VDr7Lsn0rvpCSYWZBHYIcur77DYtjhco5Dmc7I=,Exb1VNA70Apaq61ihFEKiQ==,VIP,2025-02-25
CUS-01470,Lê Thị Tâm,tam.le1470@email.com,94VP8OZFPA28XSO81UJY6QXq3sIhFwi/E1Lvrrp4s5o=,uzsWhFQmLPhPZ1oXIKZPWw==,REGULAR,2025-08-05
CUS-01471,Nguyễn Quốc Phúc,phuc.nguyen1471@email.com,3qySnAlDspxJsd6E/gNbdAD/ALaiB1v3SgNjt0AYb5w=,anUDVOj42Y8uB2Pd24O7jQ==,VIP,2025-06-13
CUS-01472,Võ Hữu Vy,vy.vo1472@email.com,4J3PRs8R5Cci9tGRP3WycanljHLPGDbPNEzi1XIrXKA=,SIUP84NFXlTFOSNt8nriaA==,VIP,2024-07-15
CUS-01473,Dương Hữu Tâm,tam.duong1473@email.com,uAPin2mc2/sCFDPu7+qln6U+ehv0QG9trvRptfae0Po=,eYZXeaqH5HbYYM2jZpZNjQ==,REGULAR,2025-05-08
CUS-01474,Nguyễn Thu Đạt,dat.nguyen1474@email.com,3a0BopGHSQBuY7cGaEnJWrmlLmUF9GYHQarw+Xu5vZ4=,ExRcm1X71qr2HMAWcib4yg==,PREMIUM,2024-08-27
CUS-01475,Lê Anh Trung,trung.le1475@email.com,kwEGAIYwcyOHWX5Bo/2vcLlRZoXNLjazjPgkBbKMDKQ=,phzPKWpuQfMhF40Ny5vV1g==,PREMIUM,2025-12-19
CUS-01476,Hồ Thị Tú,tu.ho1476@email.com,odRJd971cApOrXDsYi8sIM1FKVADpChI+WnOMCkAy38=,SnOaMToQNKHMxLQBvqm0ow==,VIP,2024-09-30
CUS-01477,Nguyễn Quốc Đạt,dat.nguyen1477@email.com,fVJtbRzSBQ+bReSAH+sHV5kBufkFcIHOtc1Z8A0yadI=,AYgDFG6C78Vpy+VgFeG3XQ==,PREMIUM,2024-02-07
CUS-01478,Hồ Gia Quân,quan.ho1478@email.com,QdMFaF86bt8hiECwmjoR3VFi4VH1QAA/MSi3OXBp37s=,drEiF7xAGv9NM9PF+JZBaA==,PREMIUM,2025-02-08
CUS-01479,Trần Đức Trung,trung.tran1479@email.com,np1x8wIsr/GpoA5TEDtg1HAT8yHDbVdRdCSaz6+UVhw=,xBStzWf9sDhV6sKCU0Innw==,REGULAR,2025-08-04
CUS-01480,Hồ Thanh Lan,lan.ho1480@email.com,2pAYq65iX5xvXp7nv6ZeYc7Q2AEHdRS0dzxU2r8SsH8=,48nlgTqij9U70A8ZnlSYgw==,REGULAR,2025-11-26
CUS-01481,Võ Thanh Mai,mai.vo1481@email.com,Pc9ictfA1n/c/eI16CtKAv7CTV7oDemv059fdBP+d6U=,1Da2aWJK1/Q0CMa9/pdu/A==,REGULAR,2024-09-12
CUS-01482,Hoàng Anh Sơn,son.hoang1482@email.com,2FfMSUmJs9GyQu848BxsIGJ3y0B5aerLNqLT4XetVmI=,3pLkur23bHuXy1DkqJ9EsA==,VIP,2025-07-13
CUS-01483,Phan Anh Tú,tu.phan1483@email.com,FEPlnAk2RWbI89JugJml6kpOHI6pcNcNAPQQHGwCY3k=,nSpi5rdPSzIs0oGsSi+kLg==,VIP,2025-05-12
CUS-01484,Lê Bảo Hà,ha.le1484@email.com,6h7Xk6SBLSfS8sceAS9oItdjMa/RUy0sHoxOmk0M/6k=,meZGUehW4vX1QdZjY372Qw==,VIP,2024-02-23
CUS-01485,Lê Gia Vy,vy.le1485@email.com,/qQCnBkkHxpIxSWvULTh2G2jZNlRNLieGJqfj+es1W0=,+CCFAlKFDDnn0ORPzSo1EQ==,REGULAR,2024-10-03
CUS-01486,Vũ Thanh Hùng,hung.vu1486@email.com,BZpnkHO5bhzHhMBGfvOINMYO9YhlNOU/f/n2Nz0waKc=,ag314VxUh8kFsclI4SMDuw==,REGULAR,2025-12-28
CUS-01487,Hoàng Ngọc Nam,nam.hoang1487@email.com,NQohzlv+FuNqjVj1VegLa1xjhnMRuLXDqA7RsVrFQLY=,5vlsWTn8s9utxVryGXEIRw==,REGULAR,2025-07-24
CUS-01488,Vũ Thanh Hùng,hung.vu1488@email.com,C5EO1Q16n4tzHM332eVp7BlE1Lvnm6tFAAB+EHikLsE=,Lm2XF2k/qiXCjje1wHfltA==,REGULAR,2024-11-22
CUS-01489,Lý Văn Linh,linh.ly1489@email.com,sKyXQ9Pt70cr3ZY1fMzK0NGfKLN0TSsiBJ/rAU834LU=,WdymjORNt8eC2xiG5lYs7g==,VIP,2024-05-30
CUS-01490,Vũ Phương Nam,nam.vu1490@email.com,XxeFpxG2raOBDjSYsPkjMSbZyj/C5MBW+VGgpa3+Vws=,2Sw+1ucWMMBChPbGT/i+GQ==,REGULAR,2024-08-08
CUS-01491,Đỗ Gia Minh,minh.do1491@email.com,PMfajWG+ZsJYx47UjUwWWRK6oUL7E1qge2kmbnGi/Cw=,N6bQklJZi2x23oDDOYOB6Q==,REGULAR,2025-01-22
CUS-01492,Đặng Hoàng Minh,minh.dang1492@email.com,zZ26wFP22T3w60bdkX0GgZh0aVcSr51NQFx06ssZofE=,+3NTlwFSisHyPeDEiXcHlQ==,VIP,2024-02-07
CUS-01493,Phạm Gia Trung,trung.pham1493@email.com,n/+c0sdXuaIaGKsPMcsvNZm17036k9GK1oOx0zyKZ/U=,bZ8dHrLgfsX174Lq9u8J7Q==,VIP,2024-05-22
CUS-01494,Vũ Gia Sơn,son.vu1494@email.com,uebUUOMnq0csvxExI0PgqvKrPohLdBYfR9eoHB9luo4=,NJIc1w8nuhFO6G4EJzl52w==,REGULAR,2024-01-25
CUS-01495,Võ Phương Hùng,hung.vo1495@email.com,/dg7ZMzzT0qF6VKwS8ioONmiaWTuObg4mmpVGUp21q0=,x35hmaVdcYL2PMxsPPRA1g==,REGULAR,2024-04-09
CUS-01496,Hồ Anh Vy,vy.ho1496@email.com,7REAdxmuM0TIGdyPN86KIc5xorpGEroVnzLRddaXrtU=,v4Hb6fjVXoyD4m/D/EdbsA==,PREMIUM,2024-04-29
CUS-01497,Hồ Hoàng Sơn,son.ho1497@email.com,y1FVU5BWDgD+ylvf/HJiKpE54GGhTgUczawneQU/yeM=,v9Rz84MjHj/Yr0U0KF2BGg==,PREMIUM,2025-06-23
CUS-01498,Võ Gia Thảo,thao.vo1498@email.com,EOsJebbUDykyXGzuMbh3PA9r3KNIP+M29xQl/P8uFQM=,2XaMrZDvgj/c+l0KQeh7wQ==,REGULAR,2024-06-14
CUS-01499,Bùi Gia Hùng,hung.bui1499@email.com,nmhTOJ+9vtl3A1Ibvg1Z/TBu3z4u3/7acSWLlSSbT2U=,N3+lYZskgUxIZgU+uDR7FA==,REGULAR,2024-10-10
CUS-01500,Đặng Bảo An,an.dang1500@email.com,S2MJsqDnl5ektC1DMXzU2e/NpkjDgfJNHmfFw1JajuE=,Z01eI3/ikHMQ21uUZum7NQ==,VIP,2025-05-20
CUS-01501,Phan Hữu An,an.phan1501@email.com,lK+z2SQVGAga8SVf7lOJK0Ip9FQ8zFHNY2R3ARsl9jc=,TLPoEVUrmqidBjWLAYlzig==,REGULAR,2025-06-05
CUS-01502,Trần Ngọc Nam,nam.tran1502@email.com,DNQuo5s7kATvyPQx9woTet5Y4U9ftwiXzpXb5y6j9iA=,0LRJwQm44QD/gPZjG9fnkA==,VIP,2025-12-22
CUS-01503,Trần Thị An,an.tran1503@email.com,L9rJLOX6olHwejJUi2scZBIse5JtzQ2JA94xatXhKHo=,g/HP+sHvM9rCQybgcDvs2w==,REGULAR,2024-09-22
CUS-01504,Phạm Đức Trung,trung.pham1504@email.com,oi447sHcr+qtkr39VI+1T5S5YGOzO6vqG3VRSw5l94I=,AF2ISs+uLssLe943zImXdw==,REGULAR,2024-10-17
CUS-01505,Phan Hữu Thảo,thao.phan1505@email.com,LAHaAahfm5eolpGG60EzVFt6ROkjMBGM+DkOthnj9sA=,QQQ4phNl64YIYhx8Vq1rZQ==,REGULAR,2025-01-05
CUS-01506,Trần Bảo Tâm,tam.tran1506@email.com,afkjNixrlBNI//MTDtx85imUfy5qw3aXkePI6Z8kUmE=,5e9huTzoH3vfszGZTxMeLA==,PREMIUM,2025-05-27
CUS-01507,Huỳnh Văn An,an.huynh1507@email.com,3V1kWvNK7iAkTcFiGt99X4cqPDR9kXSCbxIGDLQ0PSQ=,4RfgJGJLgmW83JB3wqinPA==,REGULAR,2025-04-13
CUS-01508,Phạm Hữu Tuấn,tuan.pham1508@email.com,IaBu0cJUnO1XOU04AIp74qTKEYEJoG4y0M4Dk13LREM=,ezmOYu6YnfPNyTGw2bHO+g==,PREMIUM,2024-05-04
CUS-01509,Lê Hữu Linh,linh.le1509@email.com,7FR3TZKN+ZOvaBShmQoXXz/+IsnGytOOIu9TvYFXajc=,hIYduhuKZl7ElYtgGZiYhA==,REGULAR,2025-12-20
CUS-01510,Lý Gia Hải,hai.ly1510@email.com,NG5zIbt07N5rspWnJJb8yMYI5Ips9rO9lzsg/ITkZFw=,RFDRVOX7zlULipy6rwviiw==,REGULAR,2024-06-26
CUS-01511,Hồ Gia Quân,quan.ho1511@email.com,3HMlXqTB4Gq6ppaGslBPOA7rWSoZ95OEPbp1cQnpZng=,QXOwGdG9P/IsT/egj/b6aQ==,REGULAR,2024-06-07
CUS-01512,Huỳnh Hoàng Tuấn,tuan.huynh1512@email.com,XMD2rqWLE0PADOQIDGAR86jsiClgi/FvWDMscKdwSKY=,/wZ48bmvLS/lfPXW/oKNuQ==,REGULAR,2024-08-04
CUS-01513,Phạm Thị Chi,chi.pham1513@email.com,riAj8+E6DkL30TDM3+YIDZEGBd99vZ8ArHcJLJw3QPo=,qlRzczIBlgIYyGja3ub9aQ==,REGULAR,2024-09-05
CUS-01514,Ngô Đức Phúc,phuc.ngo1514@email.com,p45GFx6rnnmPgDPlKVAtlQuQ2x2UZQdIAF1vP/OirRY=,BGPBcDpCbHaGAAbJ/6sa9w==,PREMIUM,2025-07-22
CUS-01515,Huỳnh Văn Chi,chi.huynh1515@email.com,qNxVPJd5Ha6eOMArOgSd79YbBOPKrtaectgLcrIIxR4=,0dU+C8XcbE6PLUpJbWEw1g==,REGULAR,2025-06-23
CUS-01516,Võ Đức Long,long.vo1516@email.com,6sOD6mIpVisjTrtGZu3r02p8LwV4/5EWG7j0mIHxZqw=,E8vO0hcC7POQ5AqPb+o5Vg==,PREMIUM,2024-10-23
CUS-01517,Nguyễn Văn Dũng,dung.nguyen1517@email.com,9+aoUofphiC8C9tuiO4E3JgSul1fgMDz7NuSvrO9j6g=,dpbgV4sAS2m/cBXHjJTAkw==,PREMIUM,2025-07-19
CUS-01518,Trần Bảo Hà,ha.tran1518@email.com,jX+70Z8wmnhNkuDz1mL2NLsoG+xJmWXg3/fAjVqhWdI=,7iA9JdlXN4W1S/c/+4Tisg==,REGULAR,2024-01-14
CUS-01519,Dương Hữu Lan,lan.duong1519@email.com,+G//gltRYPwEw1f3Fa4bvH74q2HBbb2A/tJw7aZRLME=,wyeSurh6dMrcJez6TlB3gQ==,REGULAR,2025-05-08
CUS-01520,Hồ Bảo Linh,linh.ho1520@email.com,UWxbjdtiGY1jtpdTTEiSfe49tB3LevrYNt691Hr5M0M=,5AeECD+bkHCPc8z6P7zkIA==,REGULAR,2025-08-19
CUS-01521,Đỗ Bảo Linh,linh.do1521@email.com,TGXCO2jLMW82i5PlZmsSeb54bYt0Sea7SwyejGfzETQ=,hwWQHrH589t9OuKH82IovQ==,REGULAR,2024-01-26
CUS-01522,Nguyễn Gia An,an.nguyen1522@email.com,hDLQfORhIuV1+zOIUP0bqD2fQmTk9Doqf7sKjeQ8TCs=,egb5syRsoW7BfMbBV0KeMQ==,PREMIUM,2025-01-04
CUS-01523,Huỳnh Xuân Hùng,hung.huynh1523@email.com,o37bb6qkM2ilM/W6vU+hMEWHsgX+jrspdmpM9oErJG8=,w2AnnJvAxTT5zVG2Nb7C2w==,REGULAR,2024-04-27
CUS-01524,Huỳnh Bảo Đạt,dat.huynh1524@email.com,p/bNvJpglmJPq9ylyPXMt0BOyh3OO+A6TRD19l7FI5o=,8oLriuH/dwT6ySWro0FZAw==,PREMIUM,2024-11-20
CUS-01525,Lý Gia Dũng,dung.ly1525@email.com,eIUY6vzEd8yMUm9RW0w020jl7UU2zHdmslq2I6WEz3E=,uxewUav8FLRa8qmOSBZ19w==,REGULAR,2025-12-04
CUS-01526,Hồ Thu Chi,chi.ho1526@email.com,Jz/Es1k2G3khlfXq+eIebXHg4Lgu3hv2b7orA0tWg/Q=,IgEl8vG4Mq47ZUk+Uq6VKQ==,PREMIUM,2024-03-05
CUS-01527,Nguyễn Hữu Bình,binh.nguyen1527@email.com,nY9P40nZcRSOinQ0GxZMPXOGQAYgTuQr3HT+ssdmXmA=,6vuZlgll5qJ/OhFpgzksZQ==,REGULAR,2025-01-06
CUS-01528,Phạm Thanh Hùng,hung.pham1528@email.com,DZ+1LeWcwPDGEvs9MTjEbXMLMJYnjN+EE4EgKz4xSE4=,ZuCdnYwfEFFNhQTrbunB9Q==,REGULAR,2024-01-08
CUS-01529,Hồ Gia Nam,nam.ho1529@email.com,+5sI52+YGsmMHxzO7nP3rED1zvEuc1EotqhCR7Yh0CA=,L94SXFuZQI4Y660ok7kB0g==,REGULAR,2024-07-03
CUS-01530,Vũ Xuân Phúc,phuc.vu1530@email.com,HliBvRDJ0mjP7wX95ocKEBnss73L7aBDGHCJZfJAEsw=,EbVXGfwK1oAVjZbklHY+fw==,VIP,2024-03-16
CUS-01531,Đỗ Thu Hải,hai.do1531@email.com,+Ogk0I2z/4B57VTp2tXAqpMLCUDi44fqo8I8XKCTEYQ=,vx/kieZFwgFi9R3ioC3IgA==,PREMIUM,2024-03-08
CUS-01532,Đỗ Bảo Chi,chi.do1532@email.com,UEz3IJbhO2ItP5v2sDnRlgXWc5ooOY0ThUhjpjWLpXg=,JXtcxg41RJVZMMVP1hxwdg==,PREMIUM,2024-06-17
CUS-01533,Võ Phương Long,long.vo1533@email.com,h9fSta0U9JsadBGi5wnFpd7bRQExSPancHPdrtOWxEw=,ZBQ4OGF7JIOJuSkKM2fAGA==,PREMIUM,2025-06-24
CUS-01534,Đỗ Gia Chi,chi.do1534@email.com,U6UV1IkMxBVRvhpFHMLHq94FQ4mgG7xqmecUitRIlTs=,EBkuhWOrKrVFox4LCkaY6w==,REGULAR,2025-03-18
CUS-01535,Lê Xuân Quân,quan.le1535@email.com,nGUGTTQIc++6/09cfYdPjj7excXhamya1omhvsYVjTs=,WV0CgC8eEqCVIYMjj03aKw==,REGULAR,2024-01-05
CUS-01536,Phạm Phương Long,long.pham1536@email.com,gJ9J8Ln/6y36fNfiXiw0HKWMuxJ3tHbbtrm1RxmZlyY=,jJXM/yxfiUoEsy6lFQF2kw==,REGULAR,2025-08-26
CUS-01537,Đặng Bảo An,an.dang1537@email.com,B8hHiz9M4UD0Aib0qCUNBFtTb99aft94BqZKs9kuc0g=,20QUykU+P8RWsaA1vfhpeg==,PREMIUM,2025-04-20
CUS-01538,Phạm Thanh An,an.pham1538@email.com,lvRUtDx6HaZ9KkSkL28+uXxrBWPzxuI7WB34J6Vbn/k=,drTOVATmA0eSxs+sCxsNVA==,VIP,2024-07-19
CUS-01539,Võ Thu Trung,trung.vo1539@email.com,necHXlYSuiUIOtM9lYTG/rgBqOGWWsA0nHc9e5mC7To=,iyqJBhqw6eGFkqyjJbWy6w==,PREMIUM,2024-11-23
CUS-01540,Vũ Đức Mai,mai.vu1540@email.com,WUJ5XVO86CkA3Sp/oRHTuPupiOOzIG1EPFgQx5rn0VI=,zC8zANzbgMhJXWjqoMmUog==,REGULAR,2025-06-11
CUS-01541,Phạm Bảo Linh,linh.pham1541@email.com,8w6lGdYPH6K0IJ/7qg0imE6qcxMaKx761IbKMPNkkJc=,/aKj2kLuCSjV/+8ZFJUvOw==,PREMIUM,2025-12-25
CUS-01542,Phan Anh Tâm,tam.phan1542@email.com,+kqSO6zwaHradsh6n7MDYCoqXP/ecnca0Mtid6oSm50=,9z2Srm6vG78pAFWpWae4Sg==,REGULAR,2025-03-21
CUS-01543,Ngô Minh Bình,binh.ngo1543@email.com,nObRdG10XPvFv2r4W8bQ5OXFxHZfci9NzYUmsn7U4qw=,ldZSmDcYO5dvvWiAR+YtXg==,VIP,2025-10-14
CUS-01544,Ngô Đức Tú,tu.ngo1544@email.com,r7CjwuqHnim/w1FgDcAy1IlzgxoA8+BYw6/ON8o2Jcw=,k3Qh00H68J7IhPs0eayySw==,REGULAR,2024-11-27
CUS-01545,Đặng Thu Mai,mai.dang1545@email.com,71BKzbe3l6XyCQSQU/cTVyH22ZcD0KW8uKHv0Vo+B8M=,1q3LSR2Xma6xt+U+FOJfwg==,REGULAR,2024-06-20
CUS-01546,Lý Hoàng Trung,trung.ly1546@email.com,mt3K50UsOHc6OSm4Ggf+Ga4qxfZztIvfdD7GuArN6+U=,H5qiBU7CULmdwzSNMOl/mg==,REGULAR,2024-03-01
CUS-01547,Phan Xuân Nam,nam.phan1547@email.com,pUeVzeykhwSNSS1fQRtGav3YpShOeQjAyGQIVq2UgMY=,zToijrpQ0+kOw/9m+hRjTA==,PREMIUM,2025-07-29
CUS-01548,Vũ Ngọc Phúc,phuc.vu1548@email.com,ivk23C5UyyX/5qPtDCWqnBFCD8OGgnEh5JbyZSNCm64=,DM4DDw9FP+AzWjiSsgeNRw==,REGULAR,2025-06-08
CUS-01549,Hoàng Thanh Linh,linh.hoang1549@email.com,mHePVnSaxUAAqROeSJ1nyP3/fHUm646IdQEDRCVNT1c=,bCB85SQP0nwdW1Jb97gCoQ==,REGULAR,2024-08-30
CUS-01550,Dương Xuân Chi,chi.duong1550@email.com,ODjaWWISaezLV80RFUKyQWRR3y5OLOWZfgW/sq2i78Q=,y8tC4Cql8RnWeTWxGNJdhg==,REGULAR,2024-05-28
CUS-01551,Lê Đức Long,long.le1551@email.com,VRPh7RUqvEkni8/GdFI5eN51ibD8BvX/T3JIzX0OUUY=,inp6KtTs9L4s5e+Ik4ZCZw==,PREMIUM,2025-06-10
CUS-01552,Đặng Ngọc Trung,trung.dang1552@email.com,yCfXh61Tc54DgoIIvoFRJQLHsI8vTlO+gNeZxGXCAzA=,rFcVgz2jjhTEPB7kJ/cNQw==,REGULAR,2025-05-05
CUS-01553,Trần Hữu Quân,quan.tran1553@email.com,qFf364QeMMFAxSNPTNTEUdb38yZTZTRRlyxE29+1QM0=,kdVmlce5CHHE61+YMiez6g==,PREMIUM,2024-06-03
CUS-01554,Võ Ngọc Tâm,tam.vo1554@email.com,PrM5CEcCFKDaLYHiWDhaJ2Y2BFypGSzAHC4D1hBrWto=,sGXDzP569dA9dERu/cMdXw==,PREMIUM,2024-09-21
CUS-01555,Vũ Minh Chi,chi.vu1555@email.com,NvqAZAs/kbXQf797UW5I5GNDP55BVKEZ9ZnG6A3crD4=,ei2ngzsQZovS2adKBpXJpg==,REGULAR,2024-11-17
CUS-01556,Nguyễn Quốc Hà,ha.nguyen1556@email.com,0w24dmvm0anVI/olgzjKfohoA9G88t0LrLBPRtRCbaE=,+5JeTnNhNeoGFqw9dxccOA==,PREMIUM,2025-10-03
CUS-01557,Võ Hoàng Lan,lan.vo1557@email.com,Z1gGJqnfQmZsw4b6F6ujWhhF8GiPDqogy9Afxzlkk4E=,KXhSWQm3NXez4xm9DSKGAA==,PREMIUM,2025-05-17
CUS-01558,Đỗ Gia Quân,quan.do1558@email.com,F2WAiUY6EmMeIetw8kXS8Rbp8A9ZbuUsh60v90VKv/g=,ykvrGd6Q783PR/gMx6kEeQ==,PREMIUM,2025-11-26
CUS-01559,Bùi Ngọc Đạt,dat.bui1559@email.com,RCCaFmy5ve7ouzoSdVrLSypn2qE5majlvRfNgaULEWo=,WiCDwBi1ib3iBN+j4d3mDQ==,REGULAR,2025-12-29
CUS-01560,Vũ Gia Bình,binh.vu1560@email.com,mvelAxQh/Gc3WKWvWuvy+4Ad2UMDXGlS7ztc6l+lDhI=,uuQ/y2mOUUjH/OwGdGIoLg==,REGULAR,2025-05-21
CUS-01561,Lê Minh Minh,minh.le1561@email.com,oxEny8HkGbHSGEcDLNhp6yyGV2NnUAki2qrdKYh/sUY=,0JDRuJOQlLPhjakwxfLTtw==,PREMIUM,2025-06-16
CUS-01562,Hồ Hữu Quân,quan.ho1562@email.com,w/KP4dAc24yWd+x1E8/EtsqXZaF3oxdbzQDV1n5gpgc=,2ZDQo2VXv/xWjgQTfu9JKg==,REGULAR,2024-06-07
CUS-01563,Lý Thị Đạt,dat.ly1563@email.com,NhBJrObnDNXw7nQaN+K5nvAxoNYZ9EOmnpq4BPrG96o=,TiWMrm9RGW8jO3ysUatn7g==,REGULAR,2024-02-03
CUS-01564,Lê Thanh Sơn,son.le1564@email.com,TdEtEgjhkhpG6333OyTBqqDsYOtUaBrM9pWygPvPlvQ=,xNFWFkHoFZ7odDlFYUTG4A==,REGULAR,2025-08-27
CUS-01565,Hoàng Đức Sơn,son.hoang1565@email.com,61iATjgyaHWDd5HGeqTbnslnax+0girkL5atAzGNS7M=,DewstL/ydR0rX9yfhyNAeg==,PREMIUM,2024-11-21
CUS-01566,Huỳnh Hoàng Hà,ha.huynh1566@email.com,6c8LTulQaXbkroEjVNjGev0hVwpcf84EIfThmp8F3XI=,ZWN7NDshJZhttzl53EuM4Q==,PREMIUM,2025-06-13
CUS-01567,Lý Xuân Sơn,son.ly1567@email.com,VpsyLTM8c/EX91ZT0Z6CJGT3SrvEaVeB53DwhJILXPA=,TU9wAfBEcp4Wn0vqUMpOxA==,REGULAR,2024-05-26
CUS-01568,Đặng Văn Vy,vy.dang1568@email.com,KZEOnkXEwSUvqSMlHxUDYJtmCRwLRJmQ4sXZ1SiycSU=,PeA6V61jiq80JeuW52kyHQ==,REGULAR,2024-03-24
CUS-01569,Trần Quốc Trung,trung.tran1569@email.com,zcfvA/XuM1GtA6HiOKnG19wRiSCD6tC4fTwsBGOZlT0=,b/DDsQytIAc+7YRePDvGcw==,REGULAR,2025-06-25
CUS-01570,Hồ Minh Trung,trung.ho1570@email.com,lqd9/Q0h0jzdFLZto5nooksgFeHwuv85DkqNkSb5bFc=,BtfziFmR21pkcvbX9FzkYQ==,VIP,2024-01-02
CUS-01571,Bùi Thu Minh,minh.bui1571@email.com,RiBoa5ia3dun6WRizX4ULDkdWfZnV8qrcFVCrkdlB4s=,9rdokhheklcROTDIfMSzxg==,REGULAR,2024-06-01
CUS-01572,Phạm Bảo Minh,minh.pham1572@email.com,1FjiEtDrBTvdpWUCuT3KBZ47Sm4mHLeebuhSyfLB8Nw=,Vi9KlgjOC/n2YB1jP0aDZQ==,REGULAR,2025-06-01
CUS-01573,Hoàng Thị Bình,binh.hoang1573@email.com,NHRoT89VlCJr3Ve0uDHUFRJb+c3k5vglepFze8vbFFc=,dgUDg9+6Cn6Ge6gIqDiVnQ==,REGULAR,2024-05-08
CUS-01574,Đặng Thanh Bình,binh.dang1574@email.com,XDoVgTax9tkH5PtIwlQd9cq8MWTZe5QITf8oIxMyQSk=,70HBHxmaUQdiqiThar6V0g==,REGULAR,2024-12-23
CUS-01575,Hồ Đức Tâm,tam.ho1575@email.com,nmwy9+SVjNjOZFLuZbcEfubGQPF4HLrEL3sbZ4zFqC0=,BWBhQ1nn9wLMz0E3iS0osg==,REGULAR,2025-06-23
CUS-01576,Đặng Thanh Tú,tu.dang1576@email.com,HTAkUmOiTj+ARcul+fRLCk47YEH5yfhuoICip3CF1Zc=,f31VXAJeCkwkHLB5aw8xTg==,PREMIUM,2025-02-25
CUS-01577,Trần Hữu Hùng,hung.tran1577@email.com,T8jygmZh7C+CbLHFcZ3Hu/zQy5veBeWff5AUcJAoqb4=,9i0pHyd5+oVwofszb93bOg==,REGULAR,2025-05-27
CUS-01578,Đỗ Văn Tuấn,tuan.do1578@email.com,qWLvlAwQ/tJbuYBP5BRBN0DH1nGtkGBN7W5pZSmHSeA=,22G6a8RGPXRXS6/wxfkHnQ==,REGULAR,2025-04-18
CUS-01579,Vũ Quốc Thảo,thao.vu1579@email.com,DCh/x1lyxgIMOK7GhLSXx5uGEYzb73cZ+AWdVlSekKU=,OfobTEdpAG2+fAvleJ8ljQ==,REGULAR,2024-03-13
CUS-01580,Trần Thị Bình,binh.tran1580@email.com,naImZwAbeZodIPcHD/h9bgULyf5NFipLMtaSbJ6wI6w=,AHtjWtXMYznhFaW7cOhWCw==,PREMIUM,2024-12-10
CUS-01581,Lý Minh Quân,quan.ly1581@email.com,Vc6vpYZiukeBRDCPrNJRkocDl6U9XDIcicZVLatRL1E=,7kP2oQmzaFyINoysmUbntg==,VIP,2025-10-02
CUS-01582,Ngô Minh Dũng,dung.ngo1582@email.com,fv3cYoc4KKCQHsYxWKZDEEZ42Bhrpgzu2DeeMDFzFAk=,o5YGWAIktGEe7q2JwHcUUQ==,PREMIUM,2025-11-14
CUS-01583,Bùi Thanh Thảo,thao.bui1583@email.com,yfkgvJjOx/O3zTugslBxIQjw5HMAXcze/nRUvE79LI0=,DlkeVND+dlmEY8j97jdkYg==,REGULAR,2024-09-10
CUS-01584,Lê Anh Bình,binh.le1584@email.com,BRPBTPxianA/9DAMCom7puTG6Q5JTWI4Fqea+b7SR2M=,dtynYZpN1+eD4kdjCw5Y2A==,REGULAR,2025-04-19
CUS-01585,Dương Anh Đạt,dat.duong1585@email.com,p1KHKFYQGrmz48TYoswlcyWb5sJAT+BPee1UEZcXAF0=,b0r/7hKfJGXVmh4Pn+zjNQ==,VIP,2025-03-04
CUS-01586,Lê Xuân Lan,lan.le1586@email.com,RszixWw8sCMUVZk0ad1sACgbdRrqSuIDlxWD5nm6Nyo=,0+ofcbAur7uHjSGLQYV1gA==,REGULAR,2024-05-19
CUS-01587,Vũ Minh Chi,chi.vu1587@email.com,8Lc2SvUwk4gtFaqsuc+8kMNxZniquMwbrs1XDlJJMFA=,4UtxANDh3nUAfkR7q+ojdQ==,REGULAR,2024-02-16
CUS-01588,Nguyễn Đức Sơn,son.nguyen1588@email.com,awzHVi8F6NIob5BtuO9koMEQVH5Kg2nMTn9xzQrPtXk=,SLFZVCPiw5s62ZtReYjOXA==,REGULAR,2024-07-24
CUS-01589,Võ Xuân Bình,binh.vo1589@email.com,acfPv9+m0jjO8FYeWmuGx8FSfR3EuSdkRECXBXgocOY=,jyTbaGn/YTVdCOlcqnSDgA==,REGULAR,2025-01-03
CUS-01590,Phạm Xuân Minh,minh.pham1590@email.com,c6ejjABR29CUyJryNf5Jsre92CKLBRSgST8sfYZmd44=,aqtG261aB7JRE8OKvdqogQ==,PREMIUM,2024-06-29
CUS-01591,Phạm Ngọc Trung,trung.pham1591@email.com,W0Llstdh//YEAK18OIi3htCXpFHqSc+oA4eIiU14Rrs=,SX5718qkSfi6bZS/Z/EnGA==,REGULAR,2025-06-10
CUS-01592,Ngô Hữu Lan,lan.ngo1592@email.com,BThNIH4tKuOnn6FOIcRnppRX5eSVVGSQCC0bsze7294=,oybDXUbUQxaCo+i+97WypQ==,REGULAR,2024-01-19
CUS-01593,Lý Gia Tuấn,tuan.ly1593@email.com,6bwBByec+5/aD6gyL7zsfPMJJLcpWORx7m8w6mffWgc=,MJOQhbD2zDhK5Jd4niihjQ==,REGULAR,2025-07-28
CUS-01594,Bùi Ngọc Dũng,dung.bui1594@email.com,9U7DCEv/JiE7eGwlyt0eu+lRTJIjYY/0iH/AFrU8ZHw=,Qp1Dq9hQlRTCaGouTAXfKA==,PREMIUM,2025-09-05
CUS-01595,Lý Bảo Vy,vy.ly1595@email.com,+MDuKQjsPEOChlmhH+iDPHRKZNhMRssGWBuDtm6LVcg=,KbHuIciPEVb1J8tRrzaNBQ==,PREMIUM,2024-11-17
CUS-01596,Lý Bảo Tuấn,tuan.ly1596@email.com,i7KSzFkYLukomIy/qDwuAtT8Ucif2t+TBs+eXpm+Czw=,pfGN5xdpMYLqABWPTiT2EQ==,REGULAR,2025-01-23
CUS-01597,Trần Anh Nam,nam.tran1597@email.com,RG0f423m9vTMIQ2Y+EwRsTa1VSIy8yozJS0K4KNtyos=,7X8LLB3+IgV9uRMNG3TRDg==,REGULAR,2024-06-30
CUS-01598,Trần Gia Tuấn,tuan.tran1598@email.com,VZ0ANXAKSJSU4FBLfIMa2XRNyD1edpQYe9RvyFhUevs=,+HoBaRt1Rcy1uKWB2ZRyKw==,REGULAR,2025-12-05
CUS-01599,Hồ Gia Tú,tu.ho1599@email.com,GW4uQ5BJp+hYokP/yyJyFG5JGcAq/NXyUsXZuiHzPIk=,QY6UARlHtqzT/yHQumppRg==,REGULAR,2024-08-08
CUS-01600,Trần Minh Lan,lan.tran1600@email.com,xLvtR3H1SNTZaC7lybkdUvjB+YK5vz26UA1VRfFFN9I=,7HC5s1OkAMbSGCUiebtNxg==,REGULAR,2024-10-08
CUS-01601,Phan Anh Hải,hai.phan1601@email.com,olXnq9snBm0iHUcf38pNS8N+jkWn//tdRoVoZ4Wg8P0=,sp1ZTFRTZm7oxBS/jeXAuA==,REGULAR,2025-06-20
CUS-01602,Bùi Quốc Yến,yen.bui1602@email.com,Zhp7+K9vQvUuwGV1nLR2HZxqgRkfUmbWk3e8okVEsio=,ld/Zh+Ga6RlKRATEe2fKNA==,PREMIUM,2025-04-17
CUS-01603,Hoàng Hoàng Nam,nam.hoang1603@email.com,fk33cx+UMpfvZdgDsXMk1Qr4gwi6evSO64qLxhHnWNc=,rkEFp4xYrcCGuH/0iaqR4A==,REGULAR,2024-08-07
CUS-01604,Trần Hữu Tâm,tam.tran1604@email.com,GcmURyvCe0nXtt9CrhOxMHxBfvqkTdOjhpn/qCAeVjw=,CiXjEnxzHVkiR6JmqXlEPQ==,REGULAR,2025-08-31
CUS-01605,Phan Ngọc Minh,minh.phan1605@email.com,Yr24mfmEWSd/AgmtHnqAJRgZFlV6bsltAie7ZttXTI4=,jqcUFYpIj6a1mwZ0DrT2sA==,REGULAR,2025-05-04
CUS-01606,Lý Thị Hùng,hung.ly1606@email.com,1xprA4GGgGi9JR7ptuwGs5O4tdWCmfLWGottB0KI2bQ=,UqgW6SFmxG3f48+geVUgwA==,REGULAR,2025-09-16
CUS-01607,Bùi Anh Linh,linh.bui1607@email.com,RrF/+5ppTZ8ylv5Cb76YduPBwHnKP+6aaSL4/Hssa80=,do27+ovZIQL4jfinnWGO9w==,PREMIUM,2024-02-05
CUS-01608,Bùi Phương Long,long.bui1608@email.com,glW0m66IHLqQYgsGYqdp6AlGDRW1GxUStO4rCi0epus=,XcaTrsMjV1upADifG15iyA==,REGULAR,2024-01-28
CUS-01609,Lê Thanh Linh,linh.le1609@email.com,fwHvq5g/uZQp5juR1Sw70NI+QYg3DhkuXHP217fgXe4=,gOStUvST2ahgz430pJTLcA==,REGULAR,2024-03-21
CUS-01610,Dương Xuân Hải,hai.duong1610@email.com,2WGbD4MqWw/kq3Su7JMAn7HXFPFcsCzi5P7NGXO3ivA=,sO10LcXxEJDpaSnUjLTHJw==,PREMIUM,2024-07-01
CUS-01611,Võ Văn Chi,chi.vo1611@email.com,zwFVEKARRM0dGaf4fTQjMtymhUEc9+QGDzxnDILGaoA=,hJajwwuf6y3r6w7wE2wjIA==,REGULAR,2024-04-05
CUS-01612,Hoàng Minh Linh,linh.hoang1612@email.com,wF2quQDP8LyiCTfBWMGZLJbk+yBOGIztZ/1zDRm0TvY=,+myoIoX7dHuhsIAmRwUMUQ==,REGULAR,2024-07-21
CUS-01613,Lê Hoàng Mai,mai.le1613@email.com,NHCpRc+7m3FL4joTlQXQmwg+9zMA9qTTLveqg9YdH90=,jJPFRvZIoe1XkSRH2lvb6w==,REGULAR,2024-03-24
CUS-01614,Huỳnh Anh Dũng,dung.huynh1614@email.com,PLVh50rUNm3srYz+Ir1IhobRNUqbIruEI+CPlZralkw=,qcSyTkzzpjlG/4ngYjtdjw==,REGULAR,2024-07-26
CUS-01615,Đỗ Thu Tuấn,tuan.do1615@email.com,FvUJeoNeb/unJANBiaq+Cc4wFaW+dWfm5nZYT0K2fwY=,dNWF9QzZI6Atby3fJ+74qg==,REGULAR,2024-01-20
CUS-01616,Lê Thu Trung,trung.le1616@email.com,I7IinT2AzVsPCwIa9eEdOj5qkBOKbfglC/T9yRkpDNc=,/BN/ahiEmiUTTQJNeLQV2g==,PREMIUM,2024-01-23
CUS-01617,Đặng Minh Sơn,son.dang1617@email.com,thzQN001lfnz/YMbUKa8nDZD9x2IOnVVb7MJq2Ox454=,2qhSkm0mwycfJCpT0tb0Og==,REGULAR,2025-11-30
CUS-01618,Phan Xuân Hùng,hung.phan1618@email.com,QBtliF5C2sZX+8LvIZdwkugM92WHdTpv5KSVXOYij4s=,UblxSsS4eFmrFZSXILBRCQ==,REGULAR,2025-08-11
CUS-01619,Đặng Anh Long,long.dang1619@email.com,rg1v7VuT6tYEPn+VYgYMJkXj9jK3xzpOfnIc/zvHyQg=,GzilPoiFq2C3sJffOugr5A==,REGULAR,2025-02-07
CUS-01620,Huỳnh Thanh Tú,tu.huynh1620@email.com,JI5x4FB+hFwFXhskUrqBKTJa5jpmQqTQOSxA68lDfbE=,7x0Yyj5lFzKcga/BZlLtYw==,REGULAR,2025-10-22
CUS-01621,Trần Minh Vy,vy.tran1621@email.com,0RnOy/iZxFnbKdyLKkzt6v8wwZQjb90ww3IoTPVyAiw=,zPiIvSCdKKSHOttUeL2SUg==,REGULAR,2024-05-05
CUS-01622,Trần Đức Trung,trung.tran1622@email.com,u2Wd/Dbu5U96hOzaSeb6PxslFGfQB+hWUFnBbDKMuCw=,RAGc2Miwr243aTuhGg37TA==,REGULAR,2025-10-31
CUS-01623,Lý Anh Hải,hai.ly1623@email.com,VRP5+7XwDrsRKaz6cr84nHKdNyPJFWOHP3RaFGDr/Y4=,1MpMjlPT8+OMBXD6U1BpLg==,PREMIUM,2024-12-13
CUS-01624,Dương Hoàng Long,long.duong1624@email.com,SICLHotCUjL0awNTP7sWOYXBO7ABUoa+FLGWWKCWDtE=,6aTagZxcJ8Vp4s734+67xQ==,REGULAR,2024-04-10
CUS-01625,Lý Ngọc Chi,chi.ly1625@email.com,XZZMv7AYMKKqAGSnLhwSPmZ6vYcivlzqO1vkJcU0b1c=,0OV+0D0iLC/0VgV4WCqeNQ==,REGULAR,2025-09-24
CUS-01626,Vũ Minh Phúc,phuc.vu1626@email.com,YtjvaTMTG0mVotbc0j/2lTIcDgkID3EpkmDOb27itYw=,TmcOu2v1kh1a+UhQ0b31Bg==,PREMIUM,2024-07-03
CUS-01627,Đặng Minh Phúc,phuc.dang1627@email.com,tUQKc5zfxyuQMXz627SJBVLjudi9t2jnlSGyuxo8IEQ=,DVGz+qNWa2c44B3q7T468Q==,PREMIUM,2025-12-04
CUS-01628,Phạm Đức Trung,trung.pham1628@email.com,mxz0CYFGegiHaDcxZh9HkqtNL0HXE1DAYgWQPY9zSps=,qC3XGfQCbHTAxvV5PvEkXg==,VIP,2025-05-02
CUS-01629,Phạm Thanh Mai,mai.pham1629@email.com,YA/NDe4GpJn62ZaebirRyJkakz4yk2uXL9huBqV1qKk=,L38cPQFCmDzRogv19hqjnA==,REGULAR,2025-03-28
CUS-01630,Phạm Bảo Lan,lan.pham1630@email.com,sD1o8ZDVvMWAvyolgpezILxLwVvBcV4Ammy/+3yJq/o=,R5pGxXyruc1NXyLnqac2Bw==,REGULAR,2025-11-19
CUS-01631,Bùi Minh Yến,yen.bui1631@email.com,0nbQE8lv7UhC9WWyERn6GGBjTrG/lc8Z7Herv6FTzt4=,2BrXkKVR9oKjVUgDys2y7Q==,REGULAR,2025-03-10
CUS-01632,Bùi Xuân Thảo,thao.bui1632@email.com,4GVgvQ9MLWQr2PspmXPQ1RtRP2auJIwBtE1QyQL6/2w=,jeTmD411JS4tIwK1oqcxCg==,REGULAR,2024-03-16
CUS-01633,Dương Thu Tú,tu.duong1633@email.com,aJg69bQ4a50hgiLdYeJs7jq/ILhE5NHBP737r/Jo7f8=,I7esTg5oIIfBR2saKqeVwQ==,REGULAR,2024-03-06
CUS-01634,Trần Văn Phúc,phuc.tran1634@email.com,7dWI2m7t3lp9H0bmfQ7cZ86nGyT+Bj72TcMzCog9cq8=,h0I3b8dWyJg8keWvXfPdYg==,REGULAR,2025-01-31
CUS-01635,Lê Anh Quân,quan.le1635@email.com,EajbdfJfn/g0bMpaIpuxN4E+k56RWyT+I+czsqFRS3U=,lhC1kx3zBdc29HC+JK75Kg==,REGULAR,2025-11-29
CUS-01636,Võ Hữu Linh,linh.vo1636@email.com,gqcNYz7UonzlqP1lxUmfjsNyvrXKP81FYsFo0oGv5g8=,7m8eFHB/tkOKezVsyTsRWQ==,REGULAR,2024-10-11
CUS-01637,Hồ Phương Quân,quan.ho1637@email.com,6linCXiQW33c0ZuSsREAG4w9KolQkvKZVQcoGDruOc8=,4PHi6FAOcdo9cEYFvTsAJg==,REGULAR,2024-01-13
CUS-01638,Vũ Minh Dũng,dung.vu1638@email.com,GGeTSb4y8h40fUCG/I5JrjdYndmNNYQPvmod85sytKs=,qoxjqO67J/Ci9XHquwG11Q==,REGULAR,2024-02-21
CUS-01639,Hoàng Văn Chi,chi.hoang1639@email.com,r5p6X4V2m5SmnIjJEMlRxyDzZ55Z8xPnUwxek+rLzcQ=,B5nKz42draI/dmnLk399lA==,REGULAR,2025-08-10
CUS-01640,Nguyễn Thu Tuấn,tuan.nguyen1640@email.com,spd/HMWRSy1XLQPk7F4AZDYxKoRbFYcjxPIVHIIrOiU=,E07CU5pXfbz1U5SqUOJfbg==,REGULAR,2024-10-20
CUS-01641,Lý Thị An,an.ly1641@email.com,ers6MhFYeaxEci7qcdmivWW5Re9Zy2kBxeTxmSubt7U=,DGPNViRsoYm8Lbsr3Q3Dhw==,REGULAR,2024-10-17
CUS-01642,Vũ Anh Sơn,son.vu1642@email.com,IylrDxy9t497uG3qHpqh6QCA98gYXkPmCfEGZiymPQE=,TQPgp/iOnkJyAcmOp4p2TA==,REGULAR,2025-02-11
CUS-01643,Ngô Hoàng Yến,yen.ngo1643@email.com,gFj9vgKLeMKcctOcG6y6iL+kT8dDTLnVRuHydstPtr8=,BFsZCkszV5ACKHg6XOWVtg==,PREMIUM,2025-06-13
CUS-01644,Vũ Anh Quân,quan.vu1644@email.com,LHDtzhXIZXNLP/NtwKFcCxycbie8yAEqHdeyEalCSm4=,WBrx9h7HHjMrL8afA4x0ow==,REGULAR,2025-09-12
CUS-01645,Hồ Đức Dũng,dung.ho1645@email.com,mv3JftZhK7xjBlWmVTGOKp7VQlKf1Z8uFeZ1l91lBOU=,Amn0VEL2WtjR/rnxaMEi+w==,REGULAR,2025-03-06
CUS-01646,Đặng Ngọc Lan,lan.dang1646@email.com,dTIV+SEmiW+4OnXGOqzZ2qzQMgmK+uaCqBgPVshNAmM=,JsuoJzkyW+Ikgw3QuH8Fhg==,PREMIUM,2025-07-28
CUS-01647,Võ Ngọc Hà,ha.vo1647@email.com,n6IoDBfI4Cg9cUNLIuMevkbmvq84MjgMwLzqhye+wSQ=,aJbcHG4ooKZQHTdgsqw2Dw==,REGULAR,2024-07-04
CUS-01648,Hồ Gia Hùng,hung.ho1648@email.com,02twbKTMiRdJhivRzebuTzPqQqGuYa7ATDsUtc/28Kg=,Q/gb0y96Sa4xfcWbUe6T2g==,REGULAR,2024-06-05
CUS-01649,Ngô Thanh Linh,linh.ngo1649@email.com,X8sG6fBYw7tYduUxjc1a1uT3cGM6R2zaUb/ncqoVtTo=,jgzMrR/QDkUc4BrezesblQ==,REGULAR,2024-07-03
CUS-01650,Đỗ Văn Dũng,dung.do1650@email.com,nB+8Tkn6dephmKfzYx+fHUIwD1XUW9vDKBunu9k3Kx0=,Y0Cj+Kw/AfAperAghVE15w==,REGULAR,2025-03-11
CUS-01651,Võ Phương Trung,trung.vo1651@email.com,WO/DhiAvJlQqZevVYtqo07BPADDXWAartNGHHLseaCg=,gv0FCsjwDGE/AMRBF7YItA==,REGULAR,2024-03-25
CUS-01652,Trần Thị Nam,nam.tran1652@email.com,xWRxmGOZ1sjTrHnuBro9GBcds1M24vYqoozSlCcsDE4=,EsRc8IZA9sjAUzCp9ulDkw==,REGULAR,2025-10-04
CUS-01653,Lý Phương Hà,ha.ly1653@email.com,N63sZcleMp34a/7Z9mFct4vx3L8O3PJ+q0UB9NtwiJU=,GJKmumXICHdlXV3voarHPg==,REGULAR,2025-04-07
CUS-01654,Hồ Văn Hà,ha.ho1654@email.com,tiGU2TJTkRYRTITKfCqIUs4U7PGRfgHZIwrBPIFAOKk=,BQndyuy0lHrnbbwpS4fU6A==,REGULAR,2025-05-08
CUS-01655,Phạm Đức Quân,quan.pham1655@email.com,Fe3ns1oYKlCuew0O08BHfofdjrJQ+Or5b8A+jbYFvxY=,ICA6UuBlk5U1uUBMPOHaMw==,REGULAR,2024-11-18
CUS-01656,Vũ Thanh Lan,lan.vu1656@email.com,IeD2JZKDK3FGcAW0mtgzIanQSS8aTlh/gz8lrfpPQ1s=,WkQjroC8wSO+vbdIcxFssg==,REGULAR,2024-01-15
CUS-01657,Vũ Thanh Minh,minh.vu1657@email.com,+SENNdHVD5qES5fx6ODMvLxxFmBj8++c4hWZfcs3/qE=,BAx4sa3q6Ge/445/iqeKgw==,REGULAR,2025-04-06
CUS-01658,Võ Bảo An,an.vo1658@email.com,eGbudHPVU3SKDxzqnDsrhvtoHRwYds6m/bRGQDAinZs=,kzzWoNzN9Qg5zA5Wu4eFiA==,REGULAR,2025-05-21
CUS-01659,Đỗ Thanh Tâm,tam.do1659@email.com,xjtz/1DawJuiuiBP7Y95yKtMlGqgFeQF6qiL7kd8/rQ=,u6U3ZxG8NB2XthNP2ikSew==,VIP,2024-07-30
CUS-01660,Ngô Hoàng Hùng,hung.ngo1660@email.com,o6A/XWKyqFfUL1VBsct3uSvgZX6K6bV/wZTmuyWlxF8=,6bdghzqCBnkc8yuIowQeUg==,REGULAR,2024-01-30
CUS-01661,Võ Hữu An,an.vo1661@email.com,QchxfrwMEhZ4WqTUQSIumsdZrdY12XgkK7zdkusyIRA=,FC3OvIhXT7vvmMfqtxdkoA==,REGULAR,2024-04-02
CUS-01662,Võ Thị Thảo,thao.vo1662@email.com,QEM4x/ayGSYFklPlLpQH20XgpckzPjNYkJWiR9fLdeg=,5NqRlJC6JHj4tECXO1JeJg==,REGULAR,2024-04-04
CUS-01663,Đặng Hoàng Tâm,tam.dang1663@email.com,TIC3cVq3Sf35ZNQnrSdpEFk95if2fA1P9pEgIpCnEww=,VXpeUORu6NG7rtnu6oyX2w==,REGULAR,2025-12-01
CUS-01664,Huỳnh Bảo Hà,ha.huynh1664@email.com,lnWQHFbIjZ0+V1vg+n8I9pIsVit6SHt4M+Gk85MAQ2M=,inqYNJfMZFS7MSPLVfnZjA==,REGULAR,2024-08-15
CUS-01665,Phạm Hoàng Tuấn,tuan.pham1665@email.com,66ZuIdDs/aMkz31N7Io/oE1xYMz4IYJ1HtXqhBFNTnM=,wDJdY5c+3NQ6BhA4yaD2qQ==,REGULAR,2025-06-10
CUS-01666,Đặng Thị Linh,linh.dang1666@email.com,bE2vy6vfDPGZSJ78aLF683x+AKIKeIV69x13weCqURg=,MwXJCFrfApXbA7hv2vWROQ==,REGULAR,2025-12-13
CUS-01667,Lý Phương Long,long.ly1667@email.com,RiMoj63K0XzHBajuOpONQ2aeTQYwzOjKChWuvxVV/QU=,CwibiuR7yl8ShY69sci/jA==,REGULAR,2025-05-31
CUS-01668,Huỳnh Hữu Dũng,dung.huynh1668@email.com,67kiJvkvlCpk9EO+7w3pvAYlSBwjS0BEbim9inB95Zk=,AOUrEBDTXjIw8fWi/SJd6w==,REGULAR,2024-01-24
CUS-01669,Bùi Thu Lan,lan.bui1669@email.com,SIOWSXXWgPwVL6sJg/Jow5+zTCq1d8fODEycCsYMHtI=,ue0gtEtdasFlyXUdafk/Pg==,REGULAR,2025-12-06
CUS-01670,Lý Đức Yến,yen.ly1670@email.com,0+3upuPGWEz32koyRGh+nZVQhfRh969+zXOoOziyGhg=,423RxTFdOxndUa25EM2t5A==,REGULAR,2025-04-12
CUS-01671,Hồ Văn Yến,yen.ho1671@email.com,4FJz05nnUt3r9pKUf0sfbUFdYnvWU/SCDTP6b27207w=,cF0VnFHNugdyhNuBdcJCEA==,REGULAR,2025-11-28
CUS-01672,Đỗ Xuân Dũng,dung.do1672@email.com,2z6U26h+U3Zz6oQuuusdi+PNR9TY+q/1N748PoQhW/0=,KkwscSy9FKZGImQphN6cCQ==,VIP,2025-04-13
CUS-01673,Phan Anh Dũng,dung.phan1673@email.com,Uek45xILedbv0qWcMzyt0vcLcK3aq4WuPRjMUuvsWpY=,DvmCi23c6+jPMEWaikHrhA==,REGULAR,2024-10-29
CUS-01674,Võ Thanh Lan,lan.vo1674@email.com,tbtMhlYIDokOI5Y9y5ZF/orOZyGuC29VbNbne+MkN0Y=,fUA2DB/XLGe72yr8Fb6ang==,REGULAR,2024-11-30
CUS-01675,Nguyễn Thu Linh,linh.nguyen1675@email.com,Jvz/qOcsPRGRmVDhAXnLkSWpYco0XXlCjyRoOtGMjTw=,VBuwljYDnNt0xuy0e7g/cQ==,REGULAR,2025-01-10
CUS-01676,Trần Quốc Quân,quan.tran1676@email.com,YceT8zSmKffoSyKGZ/077/rcuYLJOsgje7n6qyf0wcY=,qbCPfYduBhMAx0P2nVa6OQ==,REGULAR,2025-02-08
CUS-01677,Huỳnh Thị Đạt,dat.huynh1677@email.com,HlNnjYWLwAvVUYPzjHrH6n6KJr6YzpbNQJV8VQ/NZcs=,41tCXRceCTUBDGL3hPUI0g==,REGULAR,2024-07-18
CUS-01678,Phạm Phương Hải,hai.pham1678@email.com,BUYyE1PuzEi9MDoaf1qy2bNusj6keETeBO7HlbNPqxY=,fK909wdUODM78PgOWc+tfg==,PREMIUM,2024-12-13
CUS-01679,Ngô Xuân Bình,binh.ngo1679@email.com,iJwr8DxFT4agas42HTx/ai4TspAZvQZsRrjM0A4xd3E=,08izj82CguLX7h+rdy0wcA==,REGULAR,2024-07-25
CUS-01680,Dương Thanh Hùng,hung.duong1680@email.com,L27K9nH5CYM7bLr37pJyOeaS80bOciwEij5S4/Vyz7s=,FYEw42I7WMn2nnClqNdFvQ==,REGULAR,2024-07-15
CUS-01681,Trần Thu Tú,tu.tran1681@email.com,3l+4rz3poepmqRv7NYlDYdJcZO8KzFfFdNRh2lyMjdA=,Yjm8PDkAsHJmaVxjaxi+Ww==,VIP,2025-10-17
CUS-01682,Ngô Hữu Hùng,hung.ngo1682@email.com,PsnEgAVPSGK/BeRJQYOLBJChyij5oMNaXg9zKfFm3RU=,SGEV55mk5BLTlrVETJVFPA==,REGULAR,2024-05-12
CUS-01683,Đặng Ngọc Tuấn,tuan.dang1683@email.com,+8KKlcvW4sJmMJnSdOdqOC605/GDejg0s/uJD7qWpYg=,n+awjHMIztkcWdmo6ICfaA==,PREMIUM,2025-07-23
CUS-01684,Ngô Phương Phúc,phuc.ngo1684@email.com,o/SHxt9xd8euZIiXvEoMEnDKrl2OFPPuk3o1BgdrrpM=,lyRXV6LXJy2tGXNJ0oBChA==,REGULAR,2025-01-31
CUS-01685,Bùi Hoàng Tuấn,tuan.bui1685@email.com,HAcX1GTv8FyhmifVVBebvf9f/145zPo617P2gXFHZb0=,IXdMZ6tuJPf+GcGErvZg8w==,VIP,2025-03-30
CUS-01686,Đặng Minh Tú,tu.dang1686@email.com,amgiT1qnhrmsuLmn1NP8txeShiUy63jQnCkuqI6nNOI=,JecvaG6SLctyhjjupXChyA==,REGULAR,2025-02-01
CUS-01687,Hoàng Minh Mai,mai.hoang1687@email.com,JPlISkRo6tGT8ZvlVCJaVonlhIy70fBIiLPPk5uu3CE=,LHbvEgLeSneacfFPyb3SrQ==,REGULAR,2025-06-16
CUS-01688,Vũ Đức Đạt,dat.vu1688@email.com,MS14cNmhn7nWSCaxrVnxhtLPo1hCyOMynrb+NdtR5hU=,9z9wxcZOyqitgEdgGVTQig==,PREMIUM,2024-03-07
CUS-01689,Đặng Xuân Hùng,hung.dang1689@email.com,IJroldYrO+3J5JAZRLf2yeMBslJWGlcAUJlcmf6q0NQ=,YAk7eaBehv0QYOtdxNsemQ==,REGULAR,2025-08-15
CUS-01690,Phan Ngọc Thảo,thao.phan1690@email.com,1VcbLAWfr1yrQuNvHOEicGgfxEfXCcAm3fQISDKoyZA=,WD9BXzDua2+Mo9zKClknlA==,REGULAR,2025-04-13
CUS-01691,Đỗ Xuân Sơn,son.do1691@email.com,ImqNxaHdgPxmHVg8HulNYfAu0Ts861wzPL9VF0/G+w0=,c4Zx7CU7q2l4mHgx5kE9PQ==,REGULAR,2025-04-01
CUS-01692,Dương Hữu Thảo,thao.duong1692@email.com,TwzUobPiLDxucTZHzeMrRsPg/bxDHvTy+qieOwR4R+Y=,tdQ+3V/nCxZ6uNaMGZJSHw==,REGULAR,2024-02-08
CUS-01693,Lý Anh Quân,quan.ly1693@email.com,jHsG8k4J1mMJpux/eo0vREYRVY9FHgUtSSBExSdM3k0=,YJjko5mYH8ac5V0T+ZNnxA==,REGULAR,2025-06-20
CUS-01694,Ngô Gia Trung,trung.ngo1694@email.com,WLcDrHZuqMR3+nSK2UwSQV+ui8THwuzG1286Y/CZoSo=,oCseBlIysHWJOanxZ17ehg==,REGULAR,2025-06-24
CUS-01695,Ngô Quốc Tú,tu.ngo1695@email.com,N1TYLKTZZ2+q2zFJ0FvBRlJC0G/XWPBsz5/i9VX0GYM=,v/73Hp/zHgeozIqE9tXVYw==,REGULAR,2024-05-13
CUS-01696,Phan Thu Tâm,tam.phan1696@email.com,q6pjUTWL8otaH0jnaKkHwTloUokJvxZxK1xqNdBGI9o=,W70ohS3OZQ1vgeL4E0raEA==,REGULAR,2025-10-25
CUS-01697,Ngô Minh Sơn,son.ngo1697@email.com,forQib1mL9rDj2eJGlHPtFcTHeqECnun8s1NK+m9W3E=,xi3RihB2Ws4wpfByG8ezEg==,REGULAR,2025-11-18
CUS-01698,Huỳnh Đức Vy,vy.huynh1698@email.com,+NAJ0mXQzsahFtipquaL37Ng799pLVbFGyITK5bvrI8=,oX2uihbEIPza8bj2cvwc/w==,PREMIUM,2025-12-02
CUS-01699,Ngô Thị Phúc,phuc.ngo1699@email.com,hITwCLbkHgTHT9xsfMm0dnnI9Vi1wz9iIZPVJr6VwYI=,d//tYld7W92lVweR1NX5tg==,PREMIUM,2024-02-14
CUS-01700,Ngô Gia Đạt,dat.ngo1700@email.com,z71OCx5QpJko062BNuYwlOB8r5yUx1j2AOAgZWwluHE=,erC4vdz9uDPlCOBZZQ5x0w==,REGULAR,2025-10-02
CUS-01701,Võ Phương Nam,nam.vo1701@email.com,cE7bkrGdZUOQvMpFtDpoLYEWsYU9o6O6HpCWTGOF8tA=,73nNSOHT8DXZwlWVjs6z0Q==,VIP,2025-01-19
CUS-01702,Đặng Ngọc Hùng,hung.dang1702@email.com,29XnCnbJA1HbY1rD4vJCFe/fOC4spfAyC6oXz19joY4=,HFFOPvpBPBhj9XHgAerjyw==,REGULAR,2025-11-06
CUS-01703,Hồ Thu Yến,yen.ho1703@email.com,bOMn6mLZEevmG92Mh4pZVJHu2t2Pn7RDIHKm8oQrAXg=,4WoQyCFERFjh4rd8GoKeVw==,REGULAR,2024-04-01
CUS-01704,Lê Hữu Bình,binh.le1704@email.com,1djWiE8RAhbE/lBMRhdk7NOZrHGgC4s0jH6tcznL6yc=,dl+HyuQqvEZe2+q2Uz08tA==,PREMIUM,2024-10-24
CUS-01705,Phạm Phương Bình,binh.pham1705@email.com,4J3KG8dRnjfw52uYoAEzaWZzZQVUnEmUnU3vj8aP5qc=,2EGOv9qfbmA3OeA85/1uYA==,REGULAR,2025-09-21
CUS-01706,Nguyễn Xuân Quân,quan.nguyen1706@email.com,Pu5ppobsVJRYjB71G5hM4BZIBW3i5HVjg8iV3v+IEdk=,33F32dPrx4UTB4V56Ta6qA==,PREMIUM,2024-05-21
CUS-01707,Đặng Gia Long,long.dang1707@email.com,qu5NFkhJ+DQuVbi0jBgAIrXfjXVwPllHhO7+54RmD5Q=,u2s9fyg3FlBRAwnNojII1A==,PREMIUM,2024-01-17
CUS-01708,Dương Hữu Long,long.duong1708@email.com,pPEVlTiwvollnpLaWCRufmAtbQPMVz1b/cesZiBq/vw=,xWzktuxKcPgJ39TkEd+ywg==,REGULAR,2025-05-27
CUS-01709,Hoàng Văn Linh,linh.hoang1709@email.com,IYjlAy3iuneduisGTz2NBxxg3d9eid9y2zRlO9lWmIA=,5DZ7jKmgDZ28bFvT8jSRjg==,VIP,2025-07-03
CUS-01710,Trần Minh Mai,mai.tran1710@email.com,zSq3n46qBekn4t9iN28dywE8/7GhvNXol1DdnhVeqYg=,fO4k4NOTxXLB7CBTcIw+ow==,REGULAR,2024-05-21
CUS-01711,Vũ Gia Mai,mai.vu1711@email.com,Ylpgw38gdhkDDphWbUDU+xtDm3YALLfNNiDFpwyoxjM=,6Ez6h8EBLEWYhHu6j4/gVg==,REGULAR,2024-08-21
CUS-01712,Lý Quốc Hà,ha.ly1712@email.com,zTwwLil/h4SFiqQBm+HQM1Bd+8JetU3XkUquhuMDHfc=,0/+860+DRlPucqkxIkvJOQ==,REGULAR,2025-08-11
CUS-01713,Huỳnh Thu Tú,tu.huynh1713@email.com,4ZkCweCi32N9pUTzW8uEm63B2AON4G1GL7m7DlWbnPc=,nZ8+9Ko/KpmlULbJxXpF6w==,REGULAR,2024-08-07
CUS-01714,Hồ Minh Minh,minh.ho1714@email.com,BCpksXvmsd5doVImHmYTeDYhVgcZgqiToclmNGXIAD4=,4ZmHn4HIJp0iUg/Pfu3fEA==,REGULAR,2024-02-07
CUS-01715,Hoàng Thu Nam,nam.hoang1715@email.com,vjjamZU+0baOD94V3RqauHmCuWWZ7d77LVlv95I18jQ=,/C6Df/CBB3qQOLRCZD3jJg==,PREMIUM,2025-09-21
CUS-01716,Đỗ Văn Dũng,dung.do1716@email.com,uEnpxNART/Qi3luRUfgrQI5Ul8AcM6BnNChAPtKPkCo=,5BKwQ56t7WnTddOwZ08q4A==,REGULAR,2025-10-08
CUS-01717,Hồ Hữu Hà,ha.ho1717@email.com,Sg3qPsyGJJgEBJGc6qnhyotOXizh6/9oqnFUuBoWT2I=,MhwCdPZeHy1rVOW5N6IO4A==,REGULAR,2025-05-09
CUS-01718,Lê Phương Quân,quan.le1718@email.com,2F38P0KKuGtgqpoQ8cpSPWQdhIs0oqBRWc0lETBfzto=,MhVbQI2vawVc4hPHAaN2xA==,REGULAR,2024-08-30
CUS-01719,Trần Hữu Hải,hai.tran1719@email.com,4FD6BBm1/Ut8sXrlURzAGqaMNuHd53XCjQc3XqcI60U=,vKR2U1g7Z49G05j2dypTdA==,REGULAR,2024-05-09
CUS-01720,Lê Minh Tâm,tam.le1720@email.com,PfbNKJZ3IcEzAQdfyTEG8xo+CaS/U5FtZL+77sYUIvc=,4cXWg/jE/R1E+/21BsxlzA==,REGULAR,2024-01-14
CUS-01721,Hồ Minh Bình,binh.ho1721@email.com,4QHy41r3EFGWQiWHKf573r/ZSVZAPr5VlYLAWuH3mf4=,yLvhh7rXOTJUEbVuXjCUCw==,PREMIUM,2025-06-27
CUS-01722,Phan Thanh Nam,nam.phan1722@email.com,4je6v4si/CMpdl5ZGPWwSFOVTSg91sAILrjzqC5uB5g=,fr4PyoQZdZ+9evyEWzdMZw==,REGULAR,2024-07-04
CUS-01723,Bùi Ngọc Long,long.bui1723@email.com,6FqFiq/kNbZ6x7hDb4UB6WIiRs9QLDaBR4HJVumJfNE=,unOTDuruwNCLmRMcoZ7C3g==,REGULAR,2025-09-05
CUS-01724,Đặng Ngọc Mai,mai.dang1724@email.com,0hwb+DgtD1dK3R6l5LoWQWC504KKWQLC8ssVdWFI4iU=,mXnXiskLH3cJGHhQPKhugg==,REGULAR,2025-01-14
CUS-01725,Lê Hoàng Long,long.le1725@email.com,1g2WDt90tQtipDuCW5CaB0wuU0eoiuhozeLJRG5vHhs=,PuZT0bghIF62e5LxyBZ/RQ==,PREMIUM,2024-09-28
CUS-01726,Phạm Hoàng Nam,nam.pham1726@email.com,pKcGt57v3JmKcR7sJbXyWPvEuTjZnsnH+Inq5jitI6I=,2KP0XxqynWxweSP0QwUMng==,VIP,2025-01-01
CUS-01727,Lý Văn Chi,chi.ly1727@email.com,ddqpgzyOfx51crj+ghBQxevdM9D9tVyTBmdO3RTUfTg=,kZDFTHxDMWItQiflaRH1Qg==,REGULAR,2024-06-09
CUS-01728,Ngô Bảo Tuấn,tuan.ngo1728@email.com,P0/B6fhoGM33pHRtTNP2wRq+vIGRIS95fIoSl4ymJW8=,1KteQVCkjYAHFuEqrzll6Q==,REGULAR,2024-06-01
CUS-01729,Huỳnh Gia Quân,quan.huynh1729@email.com,o7BH1yFI+CpVNn55O3lYJxL8nmt3nUmLuN9ZnMPo4Xw=,lVx5B2a+K/910/fqI8SYEQ==,REGULAR,2024-02-27
CUS-01730,Đặng Phương Phúc,phuc.dang1730@email.com,C1/UsoksRcamkC1X7w5KKorzBywXXwM8ZN38lUcZa+4=,d2Cu4+InvOTIubeehtIGRw==,REGULAR,2024-10-10
CUS-01731,Hồ Thanh Lan,lan.ho1731@email.com,omkz63j2j8WsDWsMT+Cp5+Zkfjkec/z1QCXc2qXj3js=,BYXFEPeSnrJr2XChE2Sxpg==,REGULAR,2025-08-22
CUS-01732,Vũ Hoàng Yến,yen.vu1732@email.com,EHMCZY0DbIn3OXw5Hf0j/IZIbSQX/rXjY3xw5sjehfI=,wmK5w04RqXuTRhNm0O47HQ==,REGULAR,2024-11-09
CUS-01733,Lê Hoàng Tâm,tam.le1733@email.com,yOYeH6AaDcHD8ykrn3c66dkajrHoEvkUA/dBNanCYqs=,4SB0kSMoMLPpW9baI7AkqA==,REGULAR,2024-05-14
CUS-01734,Hoàng Anh Chi,chi.hoang1734@email.com,X4DWCExmWySLAIqGee3PkOIU9Fa6oVl6QE/8i7QvQ/4=,HNVEYXy2ZFWCq7Immuw2sQ==,REGULAR,2025-09-27
CUS-01735,Lê Văn Đạt,dat.le1735@email.com,PMMxuIwU703rYaGT56I9uBvFFCO19bHEUBAxUyHBplE=,J8GKNypQjvyNdelYGjnmUw==,PREMIUM,2024-12-09
CUS-01736,Dương Bảo Chi,chi.duong1736@email.com,gpDMzFHR9oq3x/X//TmBefhZaanVZ5247Aoo4VcQ/Uc=,ZUTyNQPeyWoDNm29DGng9A==,PREMIUM,2025-11-08
CUS-01737,Nguyễn Minh Hải,hai.nguyen1737@email.com,QZ9ZU3c/dHr6nqVB0r0NTP+S87MawW/GGl3XRiDOdGI=,1fe4t1+lbQUnBubWkKosFw==,REGULAR,2024-12-16
CUS-01738,Trần Hoàng Nam,nam.tran1738@email.com,QdQQu4Jk+CbRqgxyEn4erW5HO2610K4rv+qgk3vNjCM=,xf1O6UZ3/onspN453s7veg==,REGULAR,2025-12-27
CUS-01739,Đặng Anh Hải,hai.dang1739@email.com,nuLpC9TjJndqELJVXgv1zWroq+3aXRkpCt0zKnjybXU=,djTerQRuCel75wMxaYMMJw==,REGULAR,2024-11-17
CUS-01740,Huỳnh Thu Hùng,hung.huynh1740@email.com,pzJDHXUMDrmEzzRi1y66cRUz/odUWeqQu4Is/K8THfM=,67A5CRZ9LaUXqmEkDoVbsQ==,REGULAR,2025-12-12
CUS-01741,Lý Anh Bình,binh.ly1741@email.com,6qwWkIbZf7dXAjv7TSr+u7WX9dcHoGzuxnpI8EuEBvw=,DF+EIxeYw31Qwf5aT6WqlA==,REGULAR,2025-12-22
CUS-01742,Võ Thu Sơn,son.vo1742@email.com,1IzIosgTwX832lOUE5IPVnAFXwGRYaSYKFbUj9utMOo=,jms0yf0a1DjDsJGyngnZkQ==,REGULAR,2025-09-07
CUS-01743,Võ Bảo Hải,hai.vo1743@email.com,JDoJr0bBy3zDwBldCFGGIgr1p0AfTQ8/8VqsRAutr7g=,vd0WqSlfk7ORK3Xfq9GU1Q==,PREMIUM,2025-08-30
CUS-01744,Dương Phương Nam,nam.duong1744@email.com,9rHWxwWdUj2oKuDj4b17XpZV23zihVyHa4iI28AQTbo=,t19IWbJ5qB6weeEzPRyEDg==,REGULAR,2025-01-17
CUS-01745,Vũ Thu Dũng,dung.vu1745@email.com,9emSC5BxYgsAYbjVqg9QcrsMbBINg9r1mNPpTW6iNEo=,IGCiG5fgvvpRmQW1nLs64g==,REGULAR,2024-06-25
CUS-01746,Đỗ Hữu Tú,tu.do1746@email.com,DFwwAwV3KrCrl7hO9GtImRqdDokuUNvBjdv9GJ94vIc=,uPILjO2NFD3VCf1ZiGb79g==,REGULAR,2024-08-03
CUS-01747,Ngô Bảo Tâm,tam.ngo1747@email.com,Gt1ldQQtcVGTA9mUoRYVahz9cXv52dA192kv6ukRtJQ=,VoXfDBaj3VDtwY/+dhc3lQ==,REGULAR,2025-06-03
CUS-01748,Bùi Hữu Long,long.bui1748@email.com,j1XOcluZ0vpIoP6XDlUwile+oMFsFdX6RvD/u8Suwnw=,Fi8K179lCZJ6KdEuXanEyw==,REGULAR,2024-10-29
CUS-01749,Dương Thu Minh,minh.duong1749@email.com,14+/YJ/jmkUDGWqWTajUuSXgdBLKheBA8Qqmq91EDUs=,AD3PCQSHeCAHo86/yqfCeQ==,REGULAR,2024-08-19
CUS-01750,Đặng Bảo Minh,minh.dang1750@email.com,S2D+V1oWa5xlPDHHS82Kg/jLTlOUgPc87NhDT08OO8Q=,2MvCKv1lh+KCQr44AbYlug==,REGULAR,2024-08-19
CUS-01751,Trần Thu Trung,trung.tran1751@email.com,ukR1dBth3cFYJssJO+KYYhJsRsNFzIa80mN83jTDygM=,84vUkCglxpspLdQMjhrsqg==,REGULAR,2024-09-26
CUS-01752,Vũ Đức Dũng,dung.vu1752@email.com,L88+wu9SKN1ICMCKL+mrdg66XJZnoKmbregiSHubCw8=,oi3SjraVaC+NPyftLvkiYA==,PREMIUM,2025-02-24
CUS-01753,Bùi Hữu Đạt,dat.bui1753@email.com,QiNSgdLn5XA+lZA1cJCIUVZRrnI7JVUAiKe3+Bm72Jc=,Cz58wK3mjVjAFRo7DRrOWQ==,REGULAR,2024-07-29
CUS-01754,Võ Đức Long,long.vo1754@email.com,Jvvp1vnUvs8vQdl/frYtFAFmm1NjGPLBtjEZcEYgppg=,NON5o9p4c/6XFvrN3Ga2tg==,PREMIUM,2025-10-15
CUS-01755,Trần Anh Hà,ha.tran1755@email.com,J5Mx5c3HkPLJ+M7zV4Qmnr4gyItw8VEXI09yBWDAldc=,RhL8eFZL+yV6+0YwQqSqaA==,REGULAR,2025-08-17
CUS-01756,Bùi Xuân Hùng,hung.bui1756@email.com,Ae9EVXgg02QJYYfmDKZaRHJmqraETwzaV6DkjrG3TUc=,3av8w+BULKrAkd0owECKtQ==,REGULAR,2025-04-17
CUS-01757,Đặng Gia An,an.dang1757@email.com,7Q3G/lDw3fqiii62yhPYRhmIKY+LoRctPlTGJhlxkS4=,N4Vnl6IQEeSOq4Tp8B8+YA==,VIP,2025-12-23
CUS-01758,Lý Quốc Lan,lan.ly1758@email.com,NcIET47iD5d3UNB+Hujq3t7lzF3sBz8oqZZjMHLiLQw=,GIiV6o1IAmRE5arlUbqegA==,REGULAR,2025-06-29
CUS-01759,Trần Thị Mai,mai.tran1759@email.com,u6m44JkEirg8rHUEvVjDOfTLchi61WAJgzjK7NSZDVM=,ADMZ+x1nsGX3sDeizJk7IA==,REGULAR,2025-06-21
CUS-01760,Phạm Xuân Tuấn,tuan.pham1760@email.com,rdRCf3z9fzelCKCcEJn8Xk1Jx2fL6H7s+Xcb8SeNEZE=,cTBkCe0mi3XkEYjiR3+RVA==,PREMIUM,2024-06-04
CUS-01761,Lý Phương Quân,quan.ly1761@email.com,HHhMpl140DZ3UVGqvJ9hN+wpx03UL7tTXM3qYl0MnMY=,wN76ZO1yIa6865/dRPnjPg==,PREMIUM,2024-01-15
CUS-01762,Lý Gia Quân,quan.ly1762@email.com,vq9PPo7TS/MSIQ19gjrW3tXd7iWf//CBEUQUos+1XBQ=,1bM4ukKxdkD8PcdpVz0m8A==,PREMIUM,2024-08-05
CUS-01763,Hoàng Thị Tuấn,tuan.hoang1763@email.com,JMe7OjA633hbp3tMJn7MXke2aSZY7PD2p5NwX+7eyZY=,teDHp/kSjUGQ0C9w2KVfnw==,REGULAR,2025-05-26
CUS-01764,Ngô Xuân Hùng,hung.ngo1764@email.com,OX+Y3jxfLUhz3w77uSehZ6bHLwU1BFz89wU94y1fZo8=,bkFhRZZJu/2LVUmVAPg/wQ==,REGULAR,2024-01-03
CUS-01765,Phạm Xuân Dũng,dung.pham1765@email.com,VLM65LCiaf9JfcI0awKrIy5iMfei/bjDsYhAC+mRTD4=,toJIS/f0syOiAg4ZBxA7eg==,REGULAR,2025-10-01
CUS-01766,Hoàng Gia Long,long.hoang1766@email.com,+k6B4pYM5GYBkyGN54ttxXgy+bINilPmB6jgGgvF5VE=,PPLAvobg2Pu+dbJf/cdXLw==,PREMIUM,2025-07-12
CUS-01767,Lê Hoàng Quân,quan.le1767@email.com,Tm9bxtoMAe1xlUquls+1eG9bZ1+hj1L5bVZTyYKHhD0=,pw7yjUuqqpJCKuiwC3HLsw==,PREMIUM,2024-06-22
CUS-01768,Phan Văn Trung,trung.phan1768@email.com,qRpWmXWniLsnYIxeAzQajR1MFYnzOKHEs82MPNTWyNw=,n7PmsBQrOyIpy05+KS/ZOw==,REGULAR,2025-11-15
CUS-01769,Vũ Hoàng Sơn,son.vu1769@email.com,LDJ2MLE49Y6F4MoIMu+rpfJx8UZ0Dp8jQV1yaLyFUjs=,VP+y+sfBti5rbVyOrjrxhw==,REGULAR,2024-10-12
CUS-01770,Lý Hữu Hùng,hung.ly1770@email.com,NnjkgfNKPaRMnhdXwUGJsqbhvNPJFW2SEKLi9qPXfKY=,7b9noB+6LRT2HtTOQ7gJ8w==,REGULAR,2025-10-26
CUS-01771,Đỗ Văn Thảo,thao.do1771@email.com,s4XNLz/oDSBn+0k27l6l9HBFppZtxFK2KeJoLza68rM=,ktRaDKuOvwpfz9Vp4ZUkTQ==,REGULAR,2024-09-27
CUS-01772,Võ Bảo Phúc,phuc.vo1772@email.com,FlbQl4tWOGyLfjOW5mNYGl9FWL/CCNoCBd/q17AHQ/s=,ZQUhIDj9suF1zWYgGYNHqw==,REGULAR,2024-07-21
CUS-01773,Vũ Đức Hải,hai.vu1773@email.com,Y+wpox5sO8F1bL+uxOhydZMFcRmXXGvmV0n9oJshjk0=,+YXGoPAx0NEA2Z9MCIzsLg==,REGULAR,2025-11-13
CUS-01774,Vũ Thu Chi,chi.vu1774@email.com,e7FwvUf/ECe8WriGrEEPPS9fEAjSwavsDIdnH0a0Rsg=,q4mCpc6wP6rMdcaMHTPaGw==,REGULAR,2025-06-02
CUS-01775,Bùi Ngọc Quân,quan.bui1775@email.com,a0YWr/goJCrET4J4K/Lq398FyvfFqLqN2nuB51Ljb7U=,Zcqvfr6Ul2s/ISM75BFBwQ==,REGULAR,2024-02-18
CUS-01776,Trần Bảo Tuấn,tuan.tran1776@email.com,ezt+20CxQM8PixPmejrDRrVt1JqN4NL5+lsakg8b54o=,IA27SncYkcoWjHukVqgIIQ==,REGULAR,2024-05-17
CUS-01777,Trần Văn Long,long.tran1777@email.com,0KEZx2CZ3HxcpleGYUm1bStYPXWrk1kvmISV+wiDqGg=,ZvWdi2h998q6CqP1BjA8ww==,VIP,2024-05-05
CUS-01778,Đặng Minh Quân,quan.dang1778@email.com,OgOAFIqoclWlLLsrXBdwcj9VHGMLjtrtmZolKidELNQ=,bacQj0SVw3O0o6g8NzIfcw==,REGULAR,2024-04-30
CUS-01779,Vũ Thanh Long,long.vu1779@email.com,Lkf2nftY6OF0tzcjsu3mOzgAekcpFUJn45DCB8xbP1E=,1JbKfbetJPxNFc4NdBw61Q==,PREMIUM,2025-09-07
CUS-01780,Lý Quốc Nam,nam.ly1780@email.com,5WzvQrQ6sLZowmW7bkLwNSPKiZwTpGecvBNo5gdZZ9M=,iglOsMXhWFrXf6emahSwzg==,PREMIUM,2025-04-24
CUS-01781,Đỗ Phương Long,long.do1781@email.com,13yXCUSXQfzSB7h1jaGGD3QQVoqpfzWGROD8P1nAjTw=,ZwIkRDL6H8EHUznmqRDJZQ==,REGULAR,2025-05-07
CUS-01782,Phạm Anh Hải,hai.pham1782@email.com,bcqofNTQsSmyR31bcA/ww/OXNlgA0gkTYqzCWRU71X4=,o1Ar66ClZHYJC9Ii5yZjGQ==,REGULAR,2025-06-05
CUS-01783,Dương Hữu Trung,trung.duong1783@email.com,k6WRn+0vwu9wh/jGkYBvdAJseTbkPD75k5diQz3XWT0=,1bprDGdG891XBQJdp/uFhg==,REGULAR,2025-04-10
CUS-01784,Lý Văn Tú,tu.ly1784@email.com,iGyx3OKxLGgbmLXLw/6TCanSxo7RrUMylCYsFXsENY0=,Xr3jSXIwPxLGgbxBveMedA==,PREMIUM,2025-07-29
CUS-01785,Hoàng Hoàng Trung,trung.hoang1785@email.com,fgjbxF33QGiwLyD2bf+NTPFe3+zs4VQ7zonMdyMwXnc=,IrCOQywdNxLvndx1D0hkTw==,REGULAR,2024-07-06
CUS-01786,Đặng Đức Dũng,dung.dang1786@email.com,AACheDhON9FgTqyL4ZHESwl7UT2pmUVjlSK1DYK17jc=,cAGXeT/YQr6GxrHS+hgmgg==,REGULAR,2025-05-09
CUS-01787,Võ Thu Đạt,dat.vo1787@email.com,FjccGPVsxAJ0lE8KuGFzHQ9SsPRKOBnIlNbfmj7iK+M=,xO3RoP1ID0zCpI76FXf1gw==,REGULAR,2025-01-16
CUS-01788,Đỗ Minh Lan,lan.do1788@email.com,ewMnpnV4JFqrc73SOJj3ZI6koaBB48inqlFHOezmy0s=,h72KzsSV2KgECCV0fnie1A==,REGULAR,2025-07-25
CUS-01789,Hoàng Minh Dũng,dung.hoang1789@email.com,qQ3/RgJ8rDTGfOenqUZyhVNtfjvk6NkYTJZiSpsSIG0=,lO/svNU7so5jescDNAEM7g==,PREMIUM,2024-01-28
CUS-01790,Lý Thu Phúc,phuc.ly1790@email.com,ujUYCMjS9SnO+ErS4b8M4/3XkcRU3jszRArI4aDofhk=,LaX0Uu+j0FF3lV+r3Wdulg==,REGULAR,2024-08-17
CUS-01791,Nguyễn Minh Tuấn,tuan.nguyen1791@email.com,FYcYMCIsfwfw5pBCllmjhnm9tBDhscsMOKbSyLFa2NM=,d0MmhUb2foZMCcYylkxmqw==,PREMIUM,2025-09-22
CUS-01792,Nguyễn Quốc Vy,vy.nguyen1792@email.com,FNOalKMhadp6CEqHzt0YSBuiS57vJFn8UKyu4wN1xuQ=,CGQMgeDLDiJihJE4ipVZ3Q==,REGULAR,2025-10-05
CUS-01793,Bùi Anh Hà,ha.bui1793@email.com,ukprvVu2gtFCuX4oZYip7ll349htiMzRrVoDpDmpBfQ=,erpULdEUxNit0hkhXHo+sA==,REGULAR,2025-01-30
CUS-01794,Phạm Xuân Tuấn,tuan.pham1794@email.com,nI1REl3v2B0gcu1GowSn15LfVNhjyaA+7lrEUJbOlfo=,bLQdn6+gjlok4dgJQiy6TQ==,PREMIUM,2025-05-14
CUS-01795,Đặng Minh Đạt,dat.dang1795@email.com,nDLdTxsdYR/opw6V54SUZ8lyl6V5fsHtv37wrF4yjGE=,lnvl+GYP2GJzg4ZDIT6YyA==,REGULAR,2025-11-13
CUS-01796,Dương Thị Yến,yen.duong1796@email.com,Hv+cjUJxsjHJWFtV2eQlpXHthxC9qGWTcsdr7ve2A/Q=,E8svbaoOWZeJ3To4TNffvQ==,PREMIUM,2024-04-08
CUS-01797,Nguyễn Thanh Hà,ha.nguyen1797@email.com,nfcGxAlrYgyhmmYvm0R9kuyB9TIiB6NRT+wzS1RTfaU=,EN3jM/S1SKNGnsakRre8DA==,REGULAR,2024-01-29
CUS-01798,Dương Anh Hùng,hung.duong1798@email.com,crgi7yzgUEmIPwjVVDYvOVZ2kG8mOhTe4fgDgQmzJ48=,L/FJtVclnLUhFzjWRA4sjQ==,REGULAR,2025-10-15
CUS-01799,Bùi Minh Tú,tu.bui1799@email.com,ykduRUi//mf8ftJXK2Bqh4ZL+5rk/VnkvEvevIro8c0=,g+eM72XE6e6ckQr/FiLa4g==,REGULAR,2025-07-03
CUS-01800,Lê Hoàng Đạt,dat.le1800@email.com,x09lK/RZceXtheWQELAUFcrg6hHWYXhkLiNhnaVIEXM=,iTRLjxZKSDaoZCqzN6Rtuw==,REGULAR,2025-08-05
CUS-01801,Phan Bảo Tuấn,tuan.phan1801@email.com,X1+k40gyo/pTon6zwLLdUjKKyz+tCr04WFbyDkcVEN0=,knKgEiewMgZvq0GyZ/8fug==,REGULAR,2025-05-05
CUS-01802,Huỳnh Gia Thảo,thao.huynh1802@email.com,9kURDouJjLGOgF5hgXuw9vV5YyM9Bvb/qVWCKKOvuqM=,e02zcqFv81RMr+zweSiYVg==,REGULAR,2024-06-08
CUS-01803,Trần Quốc Tâm,tam.tran1803@email.com,5+0CTxEEOfz6ynZ3Yk8kAO6lezDbr89Kp95EPA5BZzQ=,B3SAs9F3lVabl8lUb+Pf8A==,REGULAR,2025-03-22
CUS-01804,Lý Quốc Bình,binh.ly1804@email.com,T7BHiWSjOkt5SiUg7rCtAvl45Krm9eX0S+OaZCLwX7Y=,fjtf3Ol40KKqVzj7CFtaNA==,REGULAR,2025-08-19
CUS-01805,Ngô Ngọc Hùng,hung.ngo1805@email.com,6UBVf+rcZUcKXRwGg48SRl86hbXcHbY1vwcc6U3IPUA=,UrmAKVNLY9zawcLrx7EUvA==,REGULAR,2024-09-28
CUS-01806,Bùi Quốc Long,long.bui1806@email.com,c5o9RGQ9AA16c/47GAQkHMtR9G/8Sr3cqgjkfZfbx8o=,beKh3OFd8wyK6PtvUGatLQ==,REGULAR,2024-09-19
CUS-01807,Lê Hữu Long,long.le1807@email.com,SEf9SUxaEiulrPQHibxdZ3UMa1IFRPjunXdP2FSV8oc=,Wd1+3XiXf/hgR9SLq5/zIQ==,REGULAR,2025-05-17
CUS-01808,Lý Gia Tú,tu.ly1808@email.com,7pCV4EH9wcnnHT4WtfAkeysDBJ61k1JS9G6Ntx14mK8=,SMybDV4uIXG+QCVBgyJoyA==,REGULAR,2024-04-23
CUS-01809,Lý Hoàng Hà,ha.ly1809@email.com,Wggbx8hJFdPjM/7BJILLw3F1okChotrBQ7p7PUWUdpI=,PTAdn8mz/fqO2S4nFTK1qg==,REGULAR,2025-11-19
CUS-01810,Đặng Đức Quân,quan.dang1810@email.com,V/qeOPpqnupi1JlxAJOZ6sWlatpSgxgBAQV4OG7IBYo=,XQ/Fd2OYvTf6kA5A96CIew==,REGULAR,2025-06-04
CUS-01811,Trần Xuân Vy,vy.tran1811@email.com,0icBHqJ/xSlE+7FPplK2oCN96DUoegkxOICUAg7aZew=,HnoOFpcbQ+I7dEX8CK7O2w==,REGULAR,2024-10-25
CUS-01812,Lý Thị Hùng,hung.ly1812@email.com,FqlDN9rxYaCxpBTMwbgNxf0RQGF6s29YSRbMfyv6JD0=,AY4rrUfaS+l8w8iC/mEOHQ==,REGULAR,2025-10-31
CUS-01813,Phạm Đức Minh,minh.pham1813@email.com,etRJLhIIzTrGMk8wErO7LmV2gxO2C5Y+q5YLJm0Fg7o=,2L9D5cnFLMLt2r95J4C+Wg==,PREMIUM,2025-12-13
CUS-01814,Huỳnh Hữu Bình,binh.huynh1814@email.com,WDnSNdBWOISKsThC47OBOZ/PsIDAQSMxXKTGYsCE/og=,rcSrsLKeZAjSyQVtH4E3gw==,PREMIUM,2024-12-29
CUS-01815,Hoàng Đức Linh,linh.hoang1815@email.com,TckAeKD2M3xdAAFIz2O8KkBDNwEVyPygrxi3M5PvsqI=,5a8dxiymU8QEBPDoB10V8A==,REGULAR,2024-09-03
CUS-01816,Nguyễn Quốc Thảo,thao.nguyen1816@email.com,C40r5STW/76ryTJENLmXw8J1D+DUcxBJduBCa/jwIjY=,GUTmPePRrtJNOi1Un0k3Gw==,REGULAR,2024-06-12
CUS-01817,Phạm Đức An,an.pham1817@email.com,khn88JFxDY8r8zsMfpIfXP69ZfXZ7dNJy6onXrxrOXU=,BqSIX1t9/UqoCYR1Ly+abQ==,REGULAR,2024-03-23
CUS-01818,Nguyễn Ngọc Long,long.nguyen1818@email.com,dMGUY24CufkG2d/zujRz0JLvD2tEpI2ee1daeDirzUs=,8/tJ2IK7sAGP5X4WMEv9fQ==,PREMIUM,2025-06-20
CUS-01819,Võ Bảo Mai,mai.vo1819@email.com,lVmMfD2I809AsrFJrJ2kx1h0WUunmaqxyB6kwJER23o=,PjWWdDtgjzjxUwoUkqWFGw==,REGULAR,2024-07-29
CUS-01820,Hồ Thị Tú,tu.ho1820@email.com,lRLqjHitDtO2gyuDZ6AIOLHwCz8iwMn7+/8jMsxSlmU=,adecWmwxfs8iyInSr4Gf/g==,REGULAR,2025-11-20
CUS-01821,Ngô Xuân Minh,minh.ngo1821@email.com,Vm4YOsrGPoTtHhXlVg6ptSLT54RrXaGJ+9EiInQBmcw=,IgWRln+aG/Ed5R6BxM/ytQ==,REGULAR,2024-08-21
CUS-01822,Võ Phương Tú,tu.vo1822@email.com,pHUdElQ78bR/OvRdbZ/08fVHDjgrwl9P/wKXiX5fmCU=,155iclcsp4xIwSLJGBVHPg==,REGULAR,2024-07-23
CUS-01823,Hoàng Đức Phúc,phuc.hoang1823@email.com,edE/nsEbMsnMxjAUOezNToCQITfarnShp4qC9ssen2o=,zg+UO5uH7Xp+27AQWUBODw==,REGULAR,2025-03-17
CUS-01824,Dương Ngọc Vy,vy.duong1824@email.com,JO2gAzqeUljxP1j652ZdL4Zu89ec8SztlZd4kh6PyBs=,uJwXeN4mse+83WmJtJxuUA==,REGULAR,2025-08-27
CUS-01825,Phan Phương Linh,linh.phan1825@email.com,qXB3svKPrpnJilHKATEouKI9fGyDFs/ezHIPzPAypfU=,ww1rcvwf83Cgm349QnAVFQ==,VIP,2025-07-23
CUS-01826,Huỳnh Anh Thảo,thao.huynh1826@email.com,3vLEOhkI0pgURf+yctzgYz+5Qup0AvngYIY72qSZGxs=,b17t7kpYQZmob7WA5wRE8A==,PREMIUM,2024-04-25
CUS-01827,Trần Hoàng Trung,trung.tran1827@email.com,a+NQkONWhJVO7jBhItqxGX6PmPDEJ8BfI4XvZV9Jy30=,Fm31WQEARUrvPAOEj39Z+g==,VIP,2024-08-03
CUS-01828,Ngô Thanh Đạt,dat.ngo1828@email.com,6xgrXhh2JBk99ssCDB7AnxCIUQ0g7Pyxy4kpNHOnjkk=,fOXB2IqYKjrb45oTmwKb1A==,PREMIUM,2025-10-13
CUS-01829,Võ Anh Tâm,tam.vo1829@email.com,hmBqlqOr1PF20/KhWLiirayY5ILBdPoPhaW+3cUsb1U=,KOOfsbUclCubAh5mxes6Bw==,VIP,2024-09-26
CUS-01830,Nguyễn Phương Hà,ha.nguyen1830@email.com,8RYmraxV1SZ2C7lYFwpvDQyJznVHKXrGZbX1RukARgo=,XGZVYcDCjWZjBKR7x9SVnw==,PREMIUM,2025-12-12
CUS-01831,Đặng Quốc Trung,trung.dang1831@email.com,UeERX9k69RtpWhewvl72lTbAgenBfBDJochBOHKW5TY=,AoPOk8Hfr+FWyZ8CZrOCsw==,PREMIUM,2025-12-19
CUS-01832,Võ Anh Sơn,son.vo1832@email.com,wLrbrXw8DHFKJxG1mrJQgCB1lbFNjlXfjQ5MGDCsk/0=,tqREu2JkO+wIhoXjhSoIeQ==,REGULAR,2025-11-02
CUS-01833,Phạm Hữu Quân,quan.pham1833@email.com,GAXTn5eNAA0G2mJ/oXYnZP20yuzvBt9Zzn7xBGNSgM0=,Rwgmh5Nheq4BPTVSK6KIew==,REGULAR,2024-03-24
CUS-01834,Bùi Phương Chi,chi.bui1834@email.com,Xi9/KiG2zzG3vGUs8WbZ/wKsU0oQILwsGRAVcljc7wM=,Cvg1cJjYEgPKIhoTVk7E7Q==,REGULAR,2025-08-30
CUS-01835,Phạm Minh Yến,yen.pham1835@email.com,UuNX4asBVs8fDW+0Mr0mwU+lUYHasN4FRnatFtk1mio=,1x11eI88PbRcTRtDAZc9JA==,REGULAR,2024-05-04
CUS-01836,Đỗ Minh Nam,nam.do1836@email.com,JBgKfmow16BPVWKtChad+3UKFL5LYE76O3ox/0u7jpQ=,nxEGiTBOA5AdA6peT6xSSQ==,PREMIUM,2024-03-18
CUS-01837,Huỳnh Hoàng Hà,ha.huynh1837@email.com,J6Awdb5NFLLiGlVUb1HhjwpIig3f5KAg65XCfHWgAQg=,RAGyXiw30bN8y2tVuT9J4g==,REGULAR,2025-05-20
CUS-01838,Phan Gia Trung,trung.phan1838@email.com,3hCEbgZzrTAioqOp2oRUo9kcHIfGNgnGF+JMXC5GlJk=,uMZvGJY37YAROdcEqyflfA==,PREMIUM,2025-04-23
CUS-01839,Hồ Bảo Long,long.ho1839@email.com,AsNyH1Pna9rqLe3bbDL0mEUrUJcYL4auGh9MnKKar48=,jR6UaX0lrmi9FHNMWi4bXg==,PREMIUM,2024-11-15
CUS-01840,Bùi Xuân Mai,mai.bui1840@email.com,F5eJuFirC2QhK/TtzJsYx1BC7Kzk+pNBQvxi1HekLTA=,GHndFDFnKIoytsXrTRBbiA==,PREMIUM,2024-01-23
CUS-01841,Hồ Xuân Nam,nam.ho1841@email.com,8ii/SgayOSlbHBUhKz/TS3KTIUfVCLbOZZ6UGhrihIM=,tQ9/VDZVKrUCNU2KzjK0Fw==,REGULAR,2025-05-02
CUS-01842,Hồ Thu Dũng,dung.ho1842@email.com,eLIIUXhjUPlikjgHIiIgvVaM2qXIQQVqR7HQDOo4SDY=,IMRH72oegEm9sZaHA/HHFQ==,REGULAR,2024-03-29
CUS-01843,Lý Thanh Vy,vy.ly1843@email.com,Bq0ykNobHQOScnFjpkVRUSAhSgWdxCJMWxP2832AbkQ=,sRbuNlzNvyvpusTFdPFfeQ==,PREMIUM,2024-06-30
CUS-01844,Vũ Hoàng Quân,quan.vu1844@email.com,EUnpT+iHB9Rdj/KhGydPFUQKwczk5tnUgJWoGxUHFFk=,/6T1pssmhJ6ojgyQCsR1bg==,REGULAR,2024-08-18
CUS-01845,Đỗ Minh Thảo,thao.do1845@email.com,VCniJ6oJD5ZJAa2tQy+rt4aNjEWouR9YPH7W+T0OmAQ=,qY7oglb0DVtFOZhaT9MUkQ==,REGULAR,2024-12-14
CUS-01846,Đỗ Gia Đạt,dat.do1846@email.com,0DBMzGb4QuVJHxtIzwcFb2T/YBlKmBTktETJBun//hc=,J5jO/DSW8v7ih/R3+UrY/w==,REGULAR,2024-08-23
CUS-01847,Đỗ Gia Linh,linh.do1847@email.com,4bRdRONi/j0UfjD0NsANilr/ZcneLTiwcjRLX/+Esek=,AfFH43mj5Nk72C1A53MmjQ==,REGULAR,2024-08-20
CUS-01848,Vũ Văn Hùng,hung.vu1848@email.com,tN7nB8unxET+KZIWytazq49fj2tfUQHgKkKD0BFfkck=,ElOo6j+2Jh7eEd6sNYl3tg==,REGULAR,2025-01-28
CUS-01849,Ngô Xuân Dũng,dung.ngo1849@email.com,udzOnTE3kILy1kXGZ0nIoiAxqaB6ztiyxcQfMUjLktw=,/bC4KvwYC+hTUdYWZRw2Nw==,REGULAR,2024-07-06
CUS-01850,Ngô Bảo Hải,hai.ngo1850@email.com,ug9tggsV1xVHkih6S7Ws5kq7FAV9Oo3bOfz9DW8tkUw=,d9NClNtnEUXNNv49lRIVpQ==,VIP,2025-08-08
CUS-01851,Phan Đức Hùng,hung.phan1851@email.com,TRJqCDcRBKRW5B+6ocgpHYHoi02d7dAaTX6cW3reQXE=,286inmWUFazMBd9ELAckGg==,REGULAR,2025-09-19
CUS-01852,Đỗ Thanh Vy,vy.do1852@email.com,zRrKBPTmNDeIQaEeYo1P7W6K07BbDG+q8W+PCsutCWo=,xbZg0Toa+mHtEFPuWntNpw==,PREMIUM,2025-11-01
CUS-01853,Nguyễn Phương Yến,yen.nguyen1853@email.com,siKRA5cfewukXopdz4cGD1ZmJkrlEoBhLTrYFHfwNZU=,YLCZSBHgJAVxSbGh4doYjQ==,PREMIUM,2024-02-23
CUS-01854,Võ Quốc Vy,vy.vo1854@email.com,NM3I1z5ZMXPL3o+gg7S+1VObNCuCHPwN3nVVjHWEGb4=,Y4JcRlUS+LlwCCSWr+L7FQ==,PREMIUM,2025-03-18
CUS-01855,Phạm Văn Nam,nam.pham1855@email.com,v/2fTorim0kCTcdeSx3ZbjA6A+9EQl7aSWubLk7Br5M=,MXdIXOzrMLzF2WnV7jRvoQ==,PREMIUM,2024-06-24
CUS-01856,Bùi Gia Phúc,phuc.bui1856@email.com,Z76NzHtqyFO/uJMZdYijgoN7kLAO/OAdzHiYACkXrgE=,dx0t1GjhPFnp3zIOSoDuoQ==,VIP,2025-06-23
CUS-01857,Lê Xuân Bình,binh.le1857@email.com,A0RGARUB8dhkYaNKZyUDLclFW5IJG9bqPI4u46KBOcU=,VHhjPveYl9nwSozH7WCTCw==,VIP,2024-04-24
CUS-01858,Lý Hoàng Lan,lan.ly1858@email.com,Scpv0+xY/k6AjdHqyMhF32TucHjb/2eyNMbb08AOtTk=,WMFEzs5qmbmCfV89x/+mIg==,PREMIUM,2025-01-07
CUS-01859,Hồ Gia Hà,ha.ho1859@email.com,U9i4SPz8c+HKZy08oZ8L5+L7qrHLFAq9GmqW874K4rU=,xvHGI0m3FI0w4bU6eQKu2w==,REGULAR,2024-09-26
CUS-01860,Nguyễn Đức Sơn,son.nguyen1860@email.com,YWce4xuGo+eiW/T1Z7WEnfCdZgOdk2cLU3msLVf8bMw=,JODlDRbo+wtFm6NeUQ0NoA==,REGULAR,2025-10-02
CUS-01861,Lê Đức Trung,trung.le1861@email.com,UmEHqYIPk4Vx6YF4mfCvysgIMLEwGAvmJJ8a97O1t2A=,80Q8F7urs+fasfZhHSjjsQ==,VIP,2024-10-08
CUS-01862,Hồ Hữu Quân,quan.ho1862@email.com,sECv2yt31JIZ+J/qQSb/PERd3YGVjlgxi22yU+ekqgs=,IlpZ0DqY4syIVKagAHPzHQ==,PREMIUM,2025-12-26
CUS-01863,Lý Hoàng Long,long.ly1863@email.com,Rf7iIht5TIE5cYM36U7A/Dw40VIcwbvqoYaFygxq0fE=,myQkil0GapIzwdGjPDhy8Q==,REGULAR,2024-09-29
CUS-01864,Lý Thị Bình,binh.ly1864@email.com,41Bh4UtFF1p4nlO4JPzI3cJ08YFXA9hK445i/HmkkQQ=,RirRSICDIWj0GFU/dKUoZg==,REGULAR,2024-07-21
CUS-01865,Lý Thanh Minh,minh.ly1865@email.com,+c1i1gRfFJ/VHpErC7NVn6FVdtSflveWJF/91fveTeA=,sAdcEPn02hQJctpTK6SAow==,REGULAR,2025-10-20
CUS-01866,Dương Đức Trung,trung.duong1866@email.com,xcO+oKbjMtE64Xqew3+ySPJJK3y/MwS6ZWxFhRsY2dc=,3WiM9r82ubiRFUBA1ynffQ==,VIP,2024-08-02
CUS-01867,Hoàng Anh Vy,vy.hoang1867@email.com,umdv83Y3aWJfT+9oLhYhXwPwTFPMRUYXoTCGVb3QZZc=,fhGCvIF1xF/fpyyC3cT6jw==,REGULAR,2025-01-19
CUS-01868,Dương Minh Tuấn,tuan.duong1868@email.com,H2EPw7bEBdVoFRnfHcAS1t23oNpcJ+0lLhCm8k4O25E=,dwRU2VAz60hDOlIBDQ6Ecg==,REGULAR,2024-02-13
CUS-01869,Phạm Bảo Long,long.pham1869@email.com,2Mn7F1286xHe2YushW+Tb3fgBqW3mbA68elfaaAFaBA=,1q/BsSmyem6/xtda5AfINw==,REGULAR,2024-05-01
CUS-01870,Lê Đức Linh,linh.le1870@email.com,IX1d8HdpKVYCqlQAQ3+bFA3DSdTmxHpweACwTJSxnyM=,368sJbrueviBbIAIXa8psg==,REGULAR,2025-11-02
CUS-01871,Ngô Phương Tú,tu.ngo1871@email.com,G5SWzi17P6d1Sb5ESSCGnRSfdvohLsl5tQUEaITDmnk=,mtQS53uLNR5sVSbGFoCLiw==,REGULAR,2024-10-26
CUS-01872,Hồ Anh Trung,trung.ho1872@email.com,auHnDEY17os8aIa4/mMX7p+1G41n43mXlbtkh1cNKz8=,aOOGkEG8yDY57Rh+QFl4HQ==,PREMIUM,2025-09-27
CUS-01873,Đặng Phương Bình,binh.dang1873@email.com,hIAg24cBtTQuCzoaG/B24WdL+fIddKPrKPAwBxXSNa8=,P8FlhT6xiPmz/xOeJkx7gQ==,VIP,2024-01-01
CUS-01874,Hoàng Hữu Đạt,dat.hoang1874@email.com,kMU4SnPk7nj2/W+56wFTotjijW0Z1FifOFlCqyt+2ik=,ixOV3Q1fUvtzATSYNVWP0A==,REGULAR,2025-01-20
CUS-01875,Trần Bảo Linh,linh.tran1875@email.com,ZvdsAdwKo49rgiW58kax+tSs66sCcfr3nLp1lH7GKVY=,qSdqXEyNoRWHgLNgSOV4OQ==,REGULAR,2025-06-04
CUS-01876,Trần Xuân Hà,ha.tran1876@email.com,EYBzS8T9GEbJq9D9Dp80DhD8443yik/UO3ENJlB6AVc=,PhnpICIPW7t8KYmUiIfvwg==,REGULAR,2025-02-06
CUS-01877,Bùi Xuân Hà,ha.bui1877@email.com,8WbcO5eKjD4/5oJEVOZERxtokWHiPz2MVGEggl1/ec4=,FjaeUGpzCE/+3o8J/gUVug==,PREMIUM,2024-06-30
CUS-01878,Hồ Ngọc Tú,tu.ho1878@email.com,MwU+WdnnhXFAaO7bpGOr3oT+RmwaXvXFxIYV/X5MV3k=,xs5pVpKlqae02nf3H31A6Q==,PREMIUM,2024-09-03
CUS-01879,Đỗ Anh Vy,vy.do1879@email.com,j8qlI/uXb7LAPMNK5nlrSRbSVFv7d2FsafAAp712dWo=,/RH+ahc5hZCCmhFzZdXNXw==,REGULAR,2025-04-30
CUS-01880,Vũ Hoàng Tâm,tam.vu1880@email.com,Xb7266fNZugt6YL+5xHS4CffCCAnL+EXbdEJwBsjjhs=,7J6HcyVf6HgYhgJ4Eo/JWA==,REGULAR,2025-05-05
CUS-01881,Lý Văn An,an.ly1881@email.com,VJIVCxUEJYaYUatY26X1SOejXN2GQeOnHK2p0lHyfr0=,jubJ4IqQ/md8eqWZUzrtNw==,REGULAR,2024-09-11
CUS-01882,Trần Ngọc Dũng,dung.tran1882@email.com,fkHuiqTnmCYXSb8HdeoNZ6oTHgMZWTaKVWcKEpFvV/s=,MsYMq7CVRCvrShoSp7IbFw==,REGULAR,2025-08-12
CUS-01883,Ngô Phương An,an.ngo1883@email.com,x5T1FyBijy0NWeBe6CHYvE+4KwTF8TEl33TyyMBcD1I=,3t8PBOT1LfQ9vcM6txyJug==,PREMIUM,2024-04-28
CUS-01884,Huỳnh Hoàng Tú,tu.huynh1884@email.com,f5bj7hNuz65JfEXsSl9+eud0rVXY2KOQnLLvDgygcgQ=,YjspqKsmjonlg3hEzWQbzA==,REGULAR,2024-09-11
CUS-01885,Vũ Văn Minh,minh.vu1885@email.com,f6uhbBryy9rrOD+G+bwbRZEJtejdPvML3gsPLe7ADZg=,qQfOaLdqv8Ue+nFffSE8hQ==,VIP,2024-05-24
CUS-01886,Lý Anh Hải,hai.ly1886@email.com,/iSbt9Vxbu5WAZ37WjaOrzURw7eAuZkvBtbLaocplhY=,Mw0viioZpRuFzR9NYLSZbA==,REGULAR,2024-11-28
CUS-01887,Lý Văn Vy,vy.ly1887@email.com,dDkdY1mtMqU/1HToGgaFzAO1VlADq0fo6XYFkIbVTsA=,vXPtiSn2ggXpOkV7qxAwqA==,REGULAR,2025-09-21
CUS-01888,Vũ Thu Chi,chi.vu1888@email.com,stGSq5IxVEiSvThnWB61fB4Tq7ZLj1bSzD1jbhMf5NA=,aSELMi8NlrdcehaN2ktT6g==,REGULAR,2024-12-16
CUS-01889,Trần Xuân Tâm,tam.tran1889@email.com,6q5dcHfjgiSJgZJEzpd+bhIrt7JXgu1fr8xbdAgDjsI=,Jvt38kNpM+CJ6E5gNiYIeQ==,REGULAR,2024-07-05
CUS-01890,Trần Đức Linh,linh.tran1890@email.com,lYSdK3lkc76uWXevg1zM5YcpIzm0BCu05FoRDFJPFYo=,2qmbXgRqd0O5OovrWrLP9w==,REGULAR,2025-06-12
CUS-01891,Huỳnh Thu Yến,yen.huynh1891@email.com,eUI3EHh1GUb66z47o3QC77745dcESNRMwhCBNaadyZE=,MmmycBMKCR0Q5xNHrbDb/Q==,REGULAR,2024-11-23
CUS-01892,Ngô Phương Tuấn,tuan.ngo1892@email.com,WYP3VbM9nqaCemq1iypFZnWir8g90KlHaR4erNR/bks=,PISy6WjOxUbsM1Jaepx4Cw==,PREMIUM,2025-10-21
CUS-01893,Ngô Thu Nam,nam.ngo1893@email.com,fMJ/5aFerhphb5TqEyc1h6mCUfMls5snZsg3RsVNHoc=,+Hye+WTv85cN662ZR31vDA==,REGULAR,2024-12-16
CUS-01894,Vũ Thu Long,long.vu1894@email.com,8Grp9+1UxWgrzovDd4eNYANDoGSwpaRmZTEKXy3koQ4=,zTCujg/hUxx8zKwum7VkTQ==,REGULAR,2025-02-28
CUS-01895,Ngô Thị Tâm,tam.ngo1895@email.com,PswMzZJ82n1N281u125ZPuv5FZVY7CAPE5XS4b3aZjM=,Sk+hmYxE3TRlAnIu13F39Q==,PREMIUM,2025-09-13
CUS-01896,Vũ Thanh An,an.vu1896@email.com,Dlfw7tEhV8FBNtLLPgM2mPj0NRSRNBBfzwiNauAiVOU=,B0bp98YQzRclQccUrXQ5Og==,REGULAR,2024-12-07
CUS-01897,Đặng Thanh Long,long.dang1897@email.com,bvOzc/zvHfH2Ssb8Efxr1krRHK3oefA8DAbA9noY0WE=,AwLpXtrNvSkJP/C/gu2oIA==,REGULAR,2024-08-24
CUS-01898,Hồ Hữu Quân,quan.ho1898@email.com,8xWoOyv/XdxKIz8ZBI/LXc+f9p76RXiCTXoXinXoooY=,ZIvDXwMNnN5saf+Ij7lfFw==,VIP,2025-10-26
CUS-01899,Hoàng Ngọc Chi,chi.hoang1899@email.com,1X1TuVSpa63CFR/9VuqsIYGVzpCHbw2HRuW369bO+kU=,xJ/XvdDPLUzGFtCoKCSP1A==,REGULAR,2024-02-26
CUS-01900,Hồ Thu Đạt,dat.ho1900@email.com,hCwu7AUGlCV7mTG5/HqVJU+RnCbm4ZhI9TiAG7jg04Y=,LOuLZXKfP0quQQPcopu3PQ==,REGULAR,2025-07-08
CUS-01901,Trần Hoàng Bình,binh.tran1901@email.com,tG7GLAaxi4GVDG4YpzGhNq7bsLlHnDXDcoCo1T7bAus=,XkaT7dT1Qd7o/7h0vifBOQ==,REGULAR,2025-12-02
CUS-01902,Đặng Văn Bình,binh.dang1902@email.com,uadwycAp+n8EdX8oN2agomXDagPG1mevJB+g3o1kj38=,TTZNkFd82hsfehYyZTlJvg==,PREMIUM,2025-09-28
CUS-01903,Dương Anh Long,long.duong1903@email.com,d4ZOn76jDusDLYPP621OGY6S2PDm0n1xskpvRqxV9D0=,nWb9byNC6LI/uzhuOccuuQ==,REGULAR,2024-12-16
CUS-01904,Phan Phương Bình,binh.phan1904@email.com,aQ24A7DPHy6kEirafK44zkjNDYDWhitg1VK3mMWmmsI=,DGWLzssStsgXC9wm+6E71g==,REGULAR,2025-02-17
CUS-01905,Hồ Ngọc Quân,quan.ho1905@email.com,MnBD1SerYn6ANDgY6gbGJBS8R0Fs3yNU5rqtJean3Ek=,g2bbjmV8TZmTjacDF2TsWw==,REGULAR,2025-10-29
CUS-01906,Võ Văn Quân,quan.vo1906@email.com,PKRg+3SW5fbpU48cN1ygpaiIaOe6Nyuj5bx4j+ZSUIY=,ny7upMr8LxfuJ3lCQiH/zw==,REGULAR,2024-11-01
CUS-01907,Dương Phương Yến,yen.duong1907@email.com,OjQ6uhcXhhb7rapKNzI3DuPdD98P4Wsc5ZnppitxAdo=,BJ+dw2apaJ+D/x75GQJuYw==,VIP,2025-09-21
CUS-01908,Dương Minh Yến,yen.duong1908@email.com,Xhny4MCrvi4vbwJzoB8PCEcU+9tnvlcjWpXJJhsTfaQ=,Z9uZ3WPymvMsOhGp4PrKMw==,REGULAR,2024-05-28
CUS-01909,Nguyễn Ngọc Trung,trung.nguyen1909@email.com,/MwgwzMn7ipLUEdwe6XKYm7RK8I3gFbQRuBBizz9OWM=,puBmUtLCwaS1UQZmrQzy3A==,REGULAR,2025-06-15
CUS-01910,Nguyễn Văn Đạt,dat.nguyen1910@email.com,NhsnOybf5NUqUV7iSuCJfbPABErE3cPe77R4Re65VIE=,QL3AWInYIAiTQvV4SuC+Kg==,REGULAR,2025-01-06
CUS-01911,Lý Thị Tú,tu.ly1911@email.com,J9EmXDgb+yDT2nQ0ClMwoKlGdnleVthAD5JAXiPZDT4=,lLc9RqzQ/Lh6u6nZ2Y81hg==,REGULAR,2025-09-11
CUS-01912,Trần Xuân Dũng,dung.tran1912@email.com,4KDOdSJxG6F8il2h7xGusd6waatyFS3Y9DvWXSywMCk=,W4fOh7rWlC4Je7STMQSGIw==,VIP,2025-12-18
CUS-01913,Trần Phương Dũng,dung.tran1913@email.com,NeemcvnJ3U74byR1cfS6mLx847dAcvjQaBgZjXu90jY=,rRIbE+aWYGYNujc14p4UeA==,REGULAR,2025-12-02
CUS-01914,Phạm Thu Nam,nam.pham1914@email.com,Ut4TPNWfNZOqayYQ85kwsC3MEqVeBhW3pWejbFn6vRk=,NWhNQtrAsdMozDyXBKNI9g==,REGULAR,2025-04-29
CUS-01915,Dương Thu Trung,trung.duong1915@email.com,ieBbh+mszrZtRx7jsU1mkHlC4SveoQfKJzyNs0h08ss=,bnXnrjSX9OcmBO2bJCboaw==,VIP,2024-11-10
CUS-01916,Đỗ Anh Mai,mai.do1916@email.com,yfFBd7lzPASxZwbPLJwVn0biqCVJ3UFOxaZrAfKo96M=,rEvTCbMvO54qCyEOftMp/A==,PREMIUM,2024-12-26
CUS-01917,Võ Ngọc Tâm,tam.vo1917@email.com,WbvBOHzh0s8qZnTD0ZEE74f7cuzkgzIBINwE9rP/4zo=,khHo22J/OTMsHwGiHXVSvg==,PREMIUM,2024-09-15
CUS-01918,Huỳnh Anh An,an.huynh1918@email.com,qH471sRZ0l4HoB4gYqRRYCcArErQ6z+XzDBTg+nQL40=,k5NpCaSLjPCnJJuOj9hLLg==,REGULAR,2024-06-11
CUS-01919,Hồ Ngọc Mai,mai.ho1919@email.com,0jE9waImwDDkDL6zxCkEdr+dfYZ0UsME/bxvUUSoYt8=,/ddcdC4o0nwYUksqz9U69g==,VIP,2024-01-08
CUS-01920,Hoàng Minh Hùng,hung.hoang1920@email.com,Pko8W7fynNQ0VjGghjwlmOJEsIjffgK2qsHs1UfMI7o=,zxkvT00ULKaDXbV6H7qB0Q==,REGULAR,2025-04-25
CUS-01921,Lê Xuân Phúc,phuc.le1921@email.com,jub8SkojFClRlccS/nQMjfZUXTPbby926zU5IAqnU5A=,hFplBbvKDXhBrViAsw2HTw==,REGULAR,2025-04-30
CUS-01922,Lý Bảo Vy,vy.ly1922@email.com,HDBDyxgxNB8OeLpFjtViIE8dcwCuaWl50JzpchP2E/A=,wOa/amRw1jPe7DrkA2qtAQ==,VIP,2025-02-06
CUS-01923,Huỳnh Gia Lan,lan.huynh1923@email.com,oAKvqKRUVDbBASnDfgDniMSoXUSiFFjV0oYXPwAQHBQ=,Gzb9Ye4pkJt1YcQvuNugBg==,PREMIUM,2025-04-06
CUS-01924,Huỳnh Đức Long,long.huynh1924@email.com,QNT0U6I0h0BktdUseFOqica4wFvmbCOQXT8zO6ryITA=,PmsoJ5uRE5P1cfrRoUi0gA==,REGULAR,2024-04-30
CUS-01925,Huỳnh Bảo Minh,minh.huynh1925@email.com,J6gahM0U3ZRdgDt9w+mlkVWiOgy3wOanXzxGXWbqYa4=,WqdpOJMFv6pgFBrZXDZZ6w==,REGULAR,2025-11-24
CUS-01926,Phạm Văn Lan,lan.pham1926@email.com,zD9m3QQb1S6UKSrc0+t4qw6DKtrrPvUUmOrw9Dmdmy4=,trMS9mPqRSPzKcF4GkKB/Q==,PREMIUM,2024-02-06
CUS-01927,Vũ Phương Thảo,thao.vu1927@email.com,qXVsCKMFdKYVmG0qPTVajESR+NFJI/ssvbsK8jA1NM8=,6I+t9f+NFsOmydr9sYhLdA==,REGULAR,2024-09-18
CUS-01928,Nguyễn Xuân Chi,chi.nguyen1928@email.com,4t4cUMh6X04Ysvyl6jb/CK75uGv1mCK8L2AJWeej/ro=,jSMwh0GuLwGX4RfA50URsQ==,REGULAR,2024-08-06
CUS-01929,Ngô Phương Sơn,son.ngo1929@email.com,zllwZ13AuEzdsIH648HoHd1a6KkYU0JpN50DdGBTjcw=,1qxOtIoLR7GQ7VN9HD6rAQ==,PREMIUM,2024-11-18
CUS-01930,Ngô Minh Thảo,thao.ngo1930@email.com,sgzn8OOGRBxPc08BTbnu0j/kR+DQv1zjCvSau2g9qaE=,oXF0wAPLLcrc1z+tbKXYCw==,REGULAR,2025-04-11
CUS-01931,Ngô Bảo Bình,binh.ngo1931@email.com,7WG0/w7ZC2Q1F9g9ICRRCD1bbAVIljkaZLcyyEHDQ8k=,xqxrKlS+pQ48DIxU8Ec5Nw==,REGULAR,2024-07-03
CUS-01932,Đặng Đức Vy,vy.dang1932@email.com,qf6TXVx9mUvXg/GtViEmSP1EPgQPClk64I1w+L6K5S0=,8T/OGPQw6jWWjTDp42jGAA==,VIP,2025-12-10
CUS-01933,Lê Thanh Đạt,dat.le1933@email.com,+crNkZPHXGdVjcr/CMFx50cssweu2+crVwnVRYaJ2jg=,VR8kTDBFk9/hirCKebr+EA==,PREMIUM,2025-12-21
CUS-01934,Đặng Thanh Linh,linh.dang1934@email.com,dd1csG1djh1H+DqO/kQRVTO05+b0cHX3bd9oaU2Q0XQ=,ogQI+6WJXbCqnVHgjgRH2w==,REGULAR,2025-07-30
CUS-01935,Hoàng Hữu Quân,quan.hoang1935@email.com,tUlPKjVranic/cB4vzMl7HOS0dlp0G/4e13coAXFBsc=,LNun0e79Kv87Z9T7yyidGQ==,PREMIUM,2025-12-03
CUS-01936,Hoàng Quốc Tâm,tam.hoang1936@email.com,6g4W13PPbFhPb/AR7VX/OOCVJCoOr1hgcmNBJxmIjlM=,LjurxXQVmNmOcU29bbhJOw==,REGULAR,2024-04-14
CUS-01937,Lý Xuân Long,long.ly1937@email.com,P/9Yx0oNBg+lHtE3Vx1brxT5yaXkQKGoUqHyT5abXW0=,4GjJ+bwHzN29eHhKy9NZEQ==,REGULAR,2025-08-09
CUS-01938,Ngô Gia Phúc,phuc.ngo1938@email.com,CuttDco1JTvVLeXg40oUExsr9drRzWxd1AjEGM1rhg8=,q12ovKijK91yUqod+76zLA==,VIP,2025-11-30
CUS-01939,Trần Văn Long,long.tran1939@email.com,AfnVwPrVmtSynVaBYYTlqyJkmKb4hLnXNv8ZkR5oGj8=,sV1eiHu40TsYsoPw7SVbMw==,REGULAR,2024-07-08
CUS-01940,Dương Thanh Yến,yen.duong1940@email.com,v2n5SXy04sfgDWKVTnK7wLDJZe+2wAiqx65mJEGLSug=,w4YOs7eFj+XbobcO4WQvgg==,REGULAR,2025-08-16
CUS-01941,Phạm Hoàng Mai,mai.pham1941@email.com,YeZEMiiVAiKWvh3ISDe1o3WfRHZtAb+K+wdrjid4E/o=,qYvHdH8zLwcIHpPoXJ89OQ==,REGULAR,2025-04-17
CUS-01942,Vũ Anh Phúc,phuc.vu1942@email.com,Bjtnf6U+UR+uhHxNICvz0zSFzrCaX7gXQhjQlMHam5M=,jCut2UspuMOJvL3b/67ERg==,REGULAR,2024-02-04
CUS-01943,Dương Đức Tú,tu.duong1943@email.com,CqzObQbgdRP2XiBMSRygwaDE4fk2MrIbhvd+5aYVieQ=,VRWJG8zIeI60AGEt6jv05w==,REGULAR,2025-08-26
CUS-01944,Lý Ngọc An,an.ly1944@email.com,QNvgPbD15/4N/wraLwMn1eAtbXbVBLrOhZrvWboYu1E=,ZhnaSqYVdPkRyppyIOLjBA==,PREMIUM,2024-11-02
CUS-01945,Huỳnh Hữu Nam,nam.huynh1945@email.com,Ud05ts/b7ufRUfRaNykCWCc7sx05+7kt8iHzY6xxUxw=,pLOfaccpnpudwC6Edyuefg==,REGULAR,2025-03-10
CUS-01946,Bùi Ngọc An,an.bui1946@email.com,+ebKo6RQiz/lGV/KCknfLQB1pTjdhdluoOn//T6s4X4=,15lM19job23XZ8c9SO/GEw==,REGULAR,2025-03-04
CUS-01947,Đỗ Quốc Sơn,son.do1947@email.com,00GebvVLrjv+9dMLF+dv2zBL5BAPUv6v6OAjUntIAwM=,4bTOOIiRJkqTmhzDyVCmlg==,REGULAR,2025-08-08
CUS-01948,Huỳnh Minh Thảo,thao.huynh1948@email.com,dckXvx9k79dUKoP/W8VNvchYkSc1J19HRRlJV56/ycM=,2gzLP0ZXmxZTm2HnizGljQ==,VIP,2025-12-13
CUS-01949,Đặng Hoàng Hải,hai.dang1949@email.com,6TqWXTwh975V1b4rY/r7uPVnUSdtrTgpMJBVSMHdl4M=,ibJL8Uu0oqDB56tv2B2mow==,REGULAR,2024-04-23
CUS-01950,Đỗ Đức Phúc,phuc.do1950@email.com,eKDQnh7ZGtGO078tBHHdwVatT7TmXJ7l9GJhI5SNKmg=,zm7kRnxolDwaX15Cz0h1JQ==,REGULAR,2025-12-10
CUS-01951,Võ Đức Hùng,hung.vo1951@email.com,FG6wrXpT3i7hpgZXprKv+nN9oi1Cy3whxIX9mSLbl18=,cOs1h+652vICdLw8ysiq2w==,REGULAR,2025-09-17
CUS-01952,Đỗ Đức Yến,yen.do1952@email.com,atc9yNsAfSa+sGUeFLAi55YBbRbB50/dj+El8Yw34V8=,oUs/UIUOf9iYrysqKbBV9g==,VIP,2025-07-24
CUS-01953,Phan Văn Tú,tu.phan1953@email.com,z8rGJsisvnM852LK2D9uOsHM+rquiDKAMwf3667lp3o=,zyrAreGTd9HGDmFKudGutQ==,PREMIUM,2025-05-04
CUS-01954,Đỗ Phương Linh,linh.do1954@email.com,bzhQWPFnP8dhLEPK2IBonO1mZ/LMHfJxJKgWnp0R3lc=,rHkLn3hetlKs2KZOGluh8g==,REGULAR,2024-06-18
CUS-01955,Ngô Xuân Lan,lan.ngo1955@email.com,o4JPqd4oIzp3Nb+QvKNkpYT/TZfhWgyiu0JiZFdTkOE=,oSUjqwwbuoVPLH0hFevx0Q==,REGULAR,2024-03-28
CUS-01956,Bùi Xuân Hùng,hung.bui1956@email.com,NJSvX+w9o0m5anzlwYcALX0BGBfIm7k1IGTpO81w9rE=,XNmX9bi5Nh7cAfMyx1z84w==,REGULAR,2024-05-11
CUS-01957,Dương Thu Trung,trung.duong1957@email.com,Lx9YUzl+wIKxs0KnRGU72uG4SA1W7uGoz+uhF4gS5O4=,S7pFlF6OdP6dXbnNSd3bfw==,VIP,2025-10-05
CUS-01958,Dương Minh Mai,mai.duong1958@email.com,m9cpxOOkR8Z4CfBzGl7KQyptvQcdcPkTcaY+TbNBkqk=,WAEihqeKtiqVO4wxBMVe7Q==,REGULAR,2024-08-20
CUS-01959,Hoàng Quốc Nam,nam.hoang1959@email.com,IGyORV64+KnXnPWcTa7JveryJ1u3uQAc6zfTJN3jyPE=,OYWgiQ1YU1iJszYfbDzRaA==,PREMIUM,2024-11-09
CUS-01960,Ngô Văn Trung,trung.ngo1960@email.com,lFNZSOQ4dKL2WlPtUzVOqrZ6oQ3zVz9M7Fs3+6f4DI4=,gd3HgPEV5jZ9EdKZrKjwJw==,VIP,2024-06-21
CUS-01961,Nguyễn Thanh Yến,yen.nguyen1961@email.com,562Xb4Iz3ntl5Zkcx6gJEOTgoIFVIzsRJ1VlLUPwPPg=,6XIp5MKlYnoC8JXg6z/uTg==,REGULAR,2025-01-01
CUS-01962,Ngô Phương Linh,linh.ngo1962@email.com,iecCqHPQThO6dd49+05wGvcrrFkUvDZhsTto90ETuEE=,ksgc5hFLT7NsAT36bDPDNA==,REGULAR,2025-01-29
CUS-01963,Huỳnh Thu Mai,mai.huynh1963@email.com,f0HcBCLLoEL4AmdBgQ0+MmO7xwCRCpzurNEuJSeQ1sY=,GMoyUdP/x71IwkbhwZbKYQ==,REGULAR,2024-11-08
CUS-01964,Hồ Xuân Hùng,hung.ho1964@email.com,r4OFZlY4Tu7yf6z6SN5jJzyrShepRjwlXWQmzHg8wiU=,S2qHzB0CCuxLrtxlPrsWDw==,PREMIUM,2024-04-11
CUS-01965,Hoàng Gia An,an.hoang1965@email.com,YXzof9CfciBms6QHLWmQTQXDAWuWfcuU/Dn8jbQ3fGA=,hvLaCTkGj7MqRBM85hnJhA==,REGULAR,2024-05-28
CUS-01966,Phan Phương Thảo,thao.phan1966@email.com,ylS8dLbbV1Gh0DljnE2LAwFPr18Qr3LlJbQf5HrfroQ=,Jt/8IooksPSlmViUCUAwfA==,PREMIUM,2024-04-14
CUS-01967,Ngô Xuân Thảo,thao.ngo1967@email.com,5vqPOqwSTo10I6oaU3a8NQX3RxUxiisM4dh4KXbkZ1c=,ni4AJldw75cGXDY40OsOIA==,REGULAR,2024-07-15
CUS-01968,Huỳnh Văn Vy,vy.huynh1968@email.com,8rNsB6Fp1YXhyp1RZ4lWj20xNh3mvlzIpHYLSFV7taM=,0z6Gud8JpuiHS+FeoZ+hNw==,REGULAR,2024-10-14
CUS-01969,Bùi Thanh An,an.bui1969@email.com,Gx/3DUqLlpCe24/Pog/4HV+IaOefYEpL6ru3D5gSCfE=,62CGP83gyKoRjfZLPEsqQg==,REGULAR,2025-02-05
CUS-01970,Trần Quốc An,an.tran1970@email.com,olvpZF16oNSMQcHyihkZB8YrMW4g84eJ8zS20NiccHA=,tCK5sb+qE/ejXSdmeDGZaQ==,PREMIUM,2024-03-12
CUS-01971,Lê Văn Hùng,hung.le1971@email.com,PhN8Mwy23mjWjaCEQR+0cvM5XgGGZ6E6KLHIY4M9oq8=,XD2yUo7BUZu1TALTo+7KGw==,REGULAR,2025-06-19
CUS-01972,Hoàng Hoàng Đạt,dat.hoang1972@email.com,l/dBBVPW7yz5sVTcY2XugAo4pCT6wI932vN42GIM39c=,DrPrz4cGpj6w+g7qqutv6g==,REGULAR,2024-03-05
CUS-01973,Bùi Quốc An,an.bui1973@email.com,dNXmZp6ru+wE5XZAZ4A+7VmGTOkgWQ8FIEaDMd5oU1A=,Zd7zTzG8CJL/kHXcLZppEg==,REGULAR,2024-12-17
CUS-01974,Bùi Bảo Đạt,dat.bui1974@email.com,r4ytirZe0NBdbGJIkq1tDf0BjGmL7x9ON/WwlOiuGhU=,wMdCXVAgtuB3WmbiEwoPxQ==,PREMIUM,2025-12-21
CUS-01975,Lê Bảo Dũng,dung.le1975@email.com,Dj4cgBZTapIgd1QCVGdEkGGMvqzc4LZkOthlu/nhQD4=,CQsbzVbhqq7VV7Ae+am60g==,REGULAR,2025-05-03
CUS-01976,Lý Quốc Vy,vy.ly1976@email.com,Icv7E8V44qJtyFqd1XMZ1diMP1pJXK8S1AwFGunKzBY=,O2WYZ864u0ldd7GK0QyGfg==,REGULAR,2024-06-30
CUS-01977,Huỳnh Anh Sơn,son.huynh1977@email.com,XLT7LmkAOqwbBHjbkBBElQiDspg0uDF1Sa8sp/mS4UE=,9uXB9K62sUZcfNIdIm5QEg==,REGULAR,2024-07-21
CUS-01978,Dương Bảo Quân,quan.duong1978@email.com,Uo4BNSoi1g0dmYtuOKid19OmCxoV80WfcroaV/5ZoJ4=,RZRp6R8PmfekBGERvHwzHg==,PREMIUM,2025-01-13
CUS-01979,Trần Bảo Chi,chi.tran1979@email.com,I02kLjZjAru13VXz+8KnKb8aKGxXHpYkfjyiliFnrew=,uem8gq6Px3bwwFDCLsO+LA==,VIP,2025-11-17
CUS-01980,Huỳnh Bảo Tú,tu.huynh1980@email.com,sECUC3k/NqDUYpwAhlPjbaslTw05r8XBqW5tFnaW8/g=,mkro5ZhT11GmrKXDpwL5rw==,VIP,2024-03-13
CUS-01981,Đặng Quốc Bình,binh.dang1981@email.com,TOzaBzDYB8IVp2qae0garnv2nONjSkj5nxYfAlff6+4=,D3g65YMXj6WCVTkV1po/PA==,REGULAR,2024-01-05
CUS-01982,Hồ Thanh Vy,vy.ho1982@email.com,JVIIZ7+0PvVa8cHF9+TM68AJEgzhm67N701zfKh9JEs=,tsI5HHghdEMk9VVt2XfDdw==,VIP,2025-07-28
CUS-01983,Lê Phương Vy,vy.le1983@email.com,iM9C+S4oDaaNH9VU2C9MvUgBnHXy+qNdGnRh20ukJi8=,xBugL63lJu7WFQ0UBRGJyw==,REGULAR,2025-02-04
CUS-01984,Lê Minh Thảo,thao.le1984@email.com,qBkaHM+rUexoa6tWpdOqDLvjvh+DeJ2YNhqhxxfXWNQ=,NuIlIwnaz46R+HXRZdXZIw==,REGULAR,2024-11-16
CUS-01985,Vũ Gia Hà,ha.vu1985@email.com,uLsuNMoA7y1BjQ63zTSrOePG4ENAFGgE15ln3WuyObU=,fHKNSj5fI2+Jhw6wfjewmw==,REGULAR,2024-11-18
CUS-01986,Lý Thanh Tú,tu.ly1986@email.com,AT7Us/Zeys1rVFjvnVmgBXsH6qPFkPdqZ6rSpsrYB1M=,gVvM2tM4q1CspmcVnjL0lg==,REGULAR,2025-06-24
CUS-01987,Hồ Phương Trung,trung.ho1987@email.com,JpBU7OCIJ1zoQ6gnCzpMBzuGHVV0l3JkdvNSHlzlPfI=,wZKBIrDrtOWj07kakUq7cw==,REGULAR,2025-02-12
CUS-01988,Hồ Anh Tâm,tam.ho1988@email.com,MAfOYdRK7jpgpC2Vy8TmKC42iXJ/BUo5X5k6gzVdmYE=,jKIg/X5CXLmQIrwIvf+s5w==,VIP,2024-03-27
CUS-01989,Lý Đức Hải,hai.ly1989@email.com,SqkSEXB5JPQxxvZjDjMqydTMchv6idMK1sLbbNDG2dc=,16Ugaqh65eb3WCtdd/Ecsw==,VIP,2024-11-07
CUS-01990,Lý Xuân Hà,ha.ly1990@email.com,Xoi73FoMcQN2orB2E3Mk63jwIbvLzTdeyOSB+sn/Rbg=,5+/ehD1XKuONB20dljsIcQ==,PREMIUM,2024-07-06
CUS-01991,Vũ Thu Hà,ha.vu1991@email.com,TkFrn+jeEg6463Qrg7b1DiRJajkXCZWMehjMezRodf4=,GtOjxMhMVYDOkErT8Ynd1w==,REGULAR,2025-02-10
CUS-01992,Bùi Hữu Yến,yen.bui1992@email.com,pk+xNCFG5yw+t7rssAEYD52UdEYrd3AYK4hrAvhQI00=,eK9e5XDow2IR1XUkvNmE3Q==,VIP,2024-12-18
CUS-01993,Bùi Quốc Thảo,thao.bui1993@email.com,ri3J2NEI1E6ZkIIJjz5+k45j3FZwKZsyxkwWPeckw+4=,lfPSmnBOuonTe5zSNseUSw==,REGULAR,2025-08-12
CUS-01994,Huỳnh Anh An,an.huynh1994@email.com,cKkGiRecr0/xqL25yJ5Kn/ZbPFtBSkRc0h6kquoGO3Q=,9hOaq7O1NtFFY/VOzRCGIA==,PREMIUM,2025-07-12
CUS-01995,Võ Thanh Hà,ha.vo1995@email.com,n/gjpLlK1BcLBVUAVm0eAb0reqF+K+XCfZxOR47Ag+Q=,vrAS2fOkeZ+LPUVicZkFPA==,PREMIUM,2025-10-24
CUS-01996,Vũ Thu An,an.vu1996@email.com,Y6xEnBkFF359tkzbSFougZEf7i5/PbUOZYHk00fsfyQ=,DKQlGce4+j1VOrv1mklyMQ==,REGULAR,2025-09-27
CUS-01997,Trần Ngọc Mai,mai.tran1997@email.com,kv2xDsG9rDbW8rC3tXzV0Dj29vhzjkABnbltfsJ4SOo=,Mb3PH8G0xtVKH2bG9WiVGg==,REGULAR,2025-09-12
CUS-01998,Huỳnh Minh Sơn,son.huynh1998@email.com,UMXwqju1fpXsmKOcMdmo6eqPuygfGN7ctOcTCXIg23Q=,JAUwSQ8EvGzogCvRCl2Rjw==,REGULAR,2024-10-19
CUS-01999,Lê Anh Sơn,son.le1999@email.com,sUqnP6gZZT6a6WCReA2kXwbDc2wcIETpXwUYZvn9vsM=,SztXAaBP5EMBmjIPaa6kTg==,REGULAR,2025-10-26
CUS-02000,Vũ Thị Hùng,hung.vu2000@email.com,+gUrqZCmSjmsGueSPFUIyZN4eqPI0QZo0ZO+mdXt/BY=,jjbhoP5yFRUAf6JCBEHc1Q==,VIP,2025-03-11
CUS-02001,Nam,1234@gmail.com,xJCP4C7e6mqr8RVnMoF0Ek571SKt5j8CrY1LPVXv2Uk=,17PQUai8YhGo0qDKUGu/gg==,REGULAR,2026-07-13
CUS-02002,nam,nam@gmail.com,9hPxqS15j0o5UMMdpG0R3Lpst8ErBQ9mp8DuCjKU/W4=,uxX/0VChXDtBWfs0wHKzvA==,REGULAR,2026-07-13
CUS-02003,n,n@gmail.com,Wq0TpwHN8+vRgYV09X2xEowxTIIm0lwhO53IzEKj6pE=,pRTm2PiSNn7K/lysHkUEHw==,REGULAR,2026-07-13
CUS-02004,Nam,nam12@gmail.com,PuEBqYlwbz2eqQkNUWOoYsCRX376SOfS84Deu2U3WP0=,08EXp6uC/Mlbb/sbIOQ1gQ==,REGULAR,2026-07-13
CUS-02005,Nam,12nam@gmail.com,bJzH3DIQjHuACU/mJD0TlZ4WK85O2X9WEukLsv+KYCc=,SdbcFUKrhZ7r11V+YQUXfQ==,REGULAR,2026-07-13
CUS-02006,Nam,na2m@gmail.com,GaYeQnFjOtBUmSUK/D/dbjok0zHp5Kt4lCAK+ZJgKqU=,aYVQT1vDCSktE/WWOS3yjQ==,VIP,2026-07-13
